package,translatedsourcewords,fuzzysourcewords,untranslatedsourcewords,translated,fuzzy,untranslated,translatedtargetwords,totalsourcewordssum,progress,team
GConf2,4088,0,0,497,0,0,3544,4088,100.0,Lithuanian <komp_lt@konferencijos.lt>
LabPlot,0,0,6988,0,0,2084,0,6988,0.0,none
NetworkManager,2910,2797,15690,569,454,886,2554,21397,13.600037388418937,Lietuvių <gnome-lt@lists.akl.lt>
NetworkManager-fortisslvpn,314,0,0,56,0,0,287,314,100.0,Lietuvių <gnome-lt@lists.akl.lt>
NetworkManager-iodine,80,0,0,25,0,0,79,80,100.0,Lietuvių <gnome-lt@lists.akl.lt>
NetworkManager-l2tp,384,0,517,71,0,55,368,901,42.61931187569367,Lietuvių <gnome-lt@lists.akl.lt>
NetworkManager-libreswan,109,0,0,33,0,0,107,109,100.0,Lietuvių <gnome-lt@lists.akl.lt>
NetworkManager-openconnect,5406,0,0,947,0,0,5012,5406,100.0,Lietuvių <gnome-lt@lists.akl.lt>
NetworkManager-openvpn,1847,0,0,256,0,0,1713,1847,100.0,Lietuvių <gnome-lt@lists.akl.lt>
NetworkManager-pptp,509,0,0,84,0,0,475,509,100.0,Lietuvių <gnome-lt@lists.akl.lt>
NetworkManager-ssh,120,85,81,32,21,16,113,286,41.95804195804196,Lithuanian <gnome-lt@lists.akl.lt>
NetworkManager-sstp,415,0,0,77,0,0,382,415,100.0,Lithuanian <komp_lt@konferencijos.lt>
NetworkManager-vpnc,606,0,0,101,0,0,548,606,100.0,Lietuvių <gnome-lt@lists.akl.lt>
PackageKit,1014,0,264,264,0,56,874,1278,79.34272300469483,Lithuanian (http://www.transifex.com/freedesktop/packagekit/language/lt/)
Thunar,4201,0,0,739,0,0,3811,4201,100.0,Lithuanian (https://www.transifex.com/xfce/teams/16840/lt/)
abrt,3969,0,0,476,0,0,3442,3969,100.0,Lithuanian (http://www.transifex.com/projects/p/fedora-abrt/language/lt/)
accerciser,659,0,0,224,0,0,573,659,100.0,Lietuvių <gnome-lt@lists.akl.lt>
accountsservice,0,0,59,0,0,10,0,59,0.0,Lithuanian (http://www.transifex.com/projects/p/freedesktop/language/lt/)
agenda,43,0,0,13,0,0,37,43,100.0,Lithuanian <lt@li.org>
ailurus,0,0,8446,0,0,1107,0,8446,0.0,none
aisleriot,3075,0,0,679,0,0,2229,3075,100.0,Lietuvių <gnome-lt@lists.akl.lt>
akonadi-calendar-tools,72,0,770,37,0,136,72,842,8.551068883610451,Lithuanian <kde-i18n-lt@kde.org>
akonadi-import-wizard,243,65,83,59,15,9,225,391,62.14833759590793,lt <kde-i18n-lt@kde.org>
akregator,1695,63,16,415,10,6,1557,1774,95.54678692220969,Lithuanian <kde-i18n-lt@kde.org>
alacarte,45,0,0,20,0,0,39,45,100.0,Lietuvių <gnome-lt@lists.akl.lt>
amarok,10450,2234,3135,2195,323,262,9600,15819,66.05980150451988,Lithuanian <kde-i18n-lt@kde.org>
anaconda,7503,0,48,1249,0,6,6198,7551,99.36432260627731,Lithuanian (http://www.transifex.com/projects/p/anaconda/language/lt/)
analitza,115,39,834,58,15,148,97,988,11.639676113360323,Lithuanian <kde-i18n-lt@kde.org>
anjuta,8407,0,0,2062,0,0,7317,8407,100.0,Lietuvių <gnome-lt@lists.akl.lt>
appcenter,765,0,0,181,0,0,748,765,100.0,Lithuanian <https://weblate.elementary.io/projects/appcenter/appcenter/lt/>
appstream,891,0,0,195,0,0,821,891,100.0,Lithuanian <https://hosted.weblate.org/projects/appstream/translations/lt/>
arandr,172,0,1,37,0,1,151,173,99.42196531791907,LANGUAGE <LL@li.org>
arduino,91,0,3002,15,0,575,78,3093,2.942127384416424,Lithuanian (Lithuania) (http://www.transifex.com/mbanzi/arduino-ide-15/language/lt_LT/)
ark,872,447,531,225,54,56,801,1850,47.13513513513514,Lithuanian <kde-i18n-lt@kde.org>
artikulate,0,0,436,0,0,156,0,436,0.0,none
asunder,19,0,476,17,0,74,20,495,3.8383838383838382,http://littlesvr.ca/ostd/
at-spi2-core,10,0,0,2,0,0,9,10,100.0,Lithuanian <gnome-lt@lists.akl.lt>
atk,440,0,0,169,0,0,381,440,100.0,Lietuvių <gnome-lt@lists.akl.lt>
atomix,208,0,0,60,0,0,185,208,100.0,Lietuvių <gnome-lt@lists.akl.lt>
atril,2321,0,1510,456,0,179,2038,3831,60.58470373270687,Lithuanian (https://www.transifex.com/mate/teams/13566/lt/)
audacious,504,0,256,240,0,86,503,760,66.3157894736842,Lithuanian (http://www.transifex.com/audacious/audacious/language/lt/)
audacious-plugins,2521,0,1413,679,0,209,2358,3934,64.08235892221657,Lithuanian (http://www.transifex.com/audacious/audacious/language/lt/)
audacity,6959,2604,7074,1742,744,1311,6530,16637,41.828454649275706,Sharunas <Sharunas55387@hotmail.com>
audex,82,137,3128,40,74,298,82,3347,2.449955183746639,Lithuanian <kde-i18n-lt@kde.org>
audience,182,0,0,62,0,0,197,182,100.0,Lithuanian <lt@li.org>
backintime,229,0,1754,92,0,244,220,1983,11.548159354513365,Lithuanian <lt@li.org>
bakery,72,0,0,20,0,0,56,72,100.0,Lithuanian <gnome-lt@lists.akl.lt>
baloo-widgets,34,0,8,19,0,6,36,42,80.95238095238095,Lithuanian <kde-i18n-lt@kde.org>
balsa,845,1808,2695,288,564,435,789,5348,15.800299177262527,Lithuanian <komp_lt@konferencijos.lt>
banshee,6001,0,0,1545,0,0,5561,6001,100.0,Lietuvių <gnome-lt@lists.akl.lt>
baobab,247,0,0,65,0,0,237,247,100.0,Lietuvių <gnome-lt@lists.akl.lt>
bash,1512,1255,8589,326,81,174,1409,11356,13.314547375836563,Lithuanian <komp_lt@konferencijos.lt>
bibletime,2914,0,6806,421,0,223,2468,9720,29.979423868312754,Lithuanian (http://www.transifex.com/bibletime/bibletime/language/lt/)
bijiben,375,0,0,127,0,0,327,375,100.0,Lietuvių <gnome-lt@lists.akl.lt>
bison,52,0,0,9,0,0,50,52,100.0,Lithuanian <komp_lt@konferencijos.lt>
bleachbit,1028,0,84,235,0,13,924,1112,92.44604316546763,Lietuvių <>
blinken,133,0,0,47,0,0,137,133,100.0,Lithuanian <kde-i18n-lt@kde.org>
blogilo,471,29,892,201,10,126,452,1392,33.83620689655172,lt <kde-i18n-lt@kde.org>
blueberry,141,0,0,34,0,0,135,141,100.0,Lithuanian <lt@li.org>
bluedevil,466,75,32,156,22,13,423,573,81.32635253054102,lt <kde-i18n-lt@kde.org>
blueman,1340,0,44,335,0,7,1205,1384,96.82080924855492,Lithuanian (http://www.transifex.com/mate/MATE/language/lt/)
boinc-client,239,0,66,28,0,7,194,305,78.36065573770492,Lithuanian (http://www.transifex.com/boinc/boinc/language/lt/)
bomber,70,9,24,21,1,5,64,103,67.96116504854369,Lithuanian <kde-i18n-lt@kde.org>
boswars,910,4,49,340,2,3,810,963,94.4963655244029,Lithuanian
bovo,77,4,0,24,1,0,61,81,95.06172839506173,lt <kde-i18n-lt@kde.org>
brasero,5549,0,0,969,0,0,4473,5549,100.0,Lietuvių <gnome-lt@lists.akl.lt>
byobu,71,0,106,26,0,18,62,177,40.11299435028249,Lithuanian <lt@li.org>
bzflag,133,57,0,68,27,0,132,190,70.0,
cairo-dock,648,0,6816,179,0,648,600,7464,8.681672025723474,Lithuanian <lt@li.org>
cairo-dock-plug-ins,264,0,9939,104,0,1618,256,10203,2.587474272272861,Lithuanian <lt@li.org>
caja,9356,0,0,1517,0,0,8182,9356,100.0,Lithuanian (https://www.transifex.com/mate/teams/13566/lt/)
caja-actions,4776,0,0,419,0,0,3602,4776,100.0,Lietuvių <gnome-lt@lists.akl.lt>
caja-extensions,570,0,0,131,0,0,474,570,100.0,Lithuanian (https://www.transifex.com/mate/teams/13566/lt/)
calamares,443,0,0,84,0,0,418,443,100.0,Lithuanian (https://www.transifex.com/calamares/teams/20061/lt/)
calibre,6717,0,152043,2583,0,15651,6078,158760,4.230914588057446,Lithuanian (http://www.transifex.com/calibre/calibre/language/lt/)
calligra,4866,3828,27167,2811,1552,3391,4855,35861,13.56905830846881,Lithuanian <kde-i18n-lt@kde.org>
calligraplan,565,892,8173,389,359,1293,553,9630,5.867082035306334,Lithuanian <kde-i18n-lt@kde.org>
cantor,200,66,1944,130,20,362,202,2210,9.049773755656108,Lithuanian <kde-i18n-lt@kde.org>
capnet-assist,32,0,0,5,0,0,26,32,100.0,Lithuanian <lt@li.org>
caribou,169,0,0,57,0,0,151,169,100.0,Lietuvių <gnome-lt@lists.akl.lt>
catfish,677,0,0,111,0,0,620,677,100.0,Lithuanian <lt@li.org>
celestia,2168,6,0,996,1,0,2070,2174,99.72401103955842,
certmonger,1115,146,1570,190,18,265,955,2831,39.38537619215825,Lithuanian (http://www.transifex.com/projects/p/certmonger/language/lt/)
cervisia,314,10,1295,155,5,261,311,1619,19.394688079061147,Lithuanian <kde-i18n-lt@kde.org>
cheese,614,0,0,123,0,0,504,614,100.0,Lietuvių <gnome-lt@lists.akl.lt>
cherrytree,2745,0,0,676,0,0,2150,2745,100.0,Lithuanian
choqok,715,208,1334,291,61,217,709,2257,31.679220203810367,lt <kde-i18n-lt@kde.org>
cinnamon-control-center,521,88,704,521,69,166,521,1313,39.68012185833968,Lithuanian
cinnamon-desktop,234,0,0,32,0,0,194,234,100.0,Lithuanian <gnome-lt@lists.akl.lt>
cinnamon-translations,22473,0,0,5031,0,0,20461,22473,100.0,Lithuanian <lt@li.org>
clamtk,718,0,78,203,0,9,673,796,90.20100502512562,Lithuanian <lt@li.org>
clementine,5017,0,74,1329,0,23,4449,5091,98.54645452759773,Lithuanian (http://www.transifex.com/davidsansome/clementine/language/lt/)
clipit,210,0,8,70,0,4,199,218,96.3302752293578,Lithuanian (http://www.transifex.net/projects/p/clipit/language/lt/)
clutter,3057,0,0,675,0,0,2240,3057,100.0,Lietuvių <gnome-lt@lists.akl.lt>
cogl,393,0,0,80,0,0,345,393,100.0,Lithuanian <gnome-lt@lists.akl.lt>
colord,146,0,1840,53,0,199,133,1986,7.351460221550855,Lithuanian (http://www.transifex.com/freedesktop/colord/language/lt/)
colord-kde,273,52,44,101,9,10,234,369,73.98373983739837,Lithuanian <kde-i18n-lt@kde.org>
compat-gtkhtml314,485,0,0,309,0,0,491,485,100.0,Lithuanian <komp_lt@konferencijos.lt>
compat-tracker1,3764,0,0,602,0,0,3197,3764,100.0,Lietuvių <gnome-lt@lists.akl.lt>
console-setup,985,0,0,175,0,0,816,985,100.0,Lithuanian <komp_lt@konferencijos.lt>
corebird,586,0,0,211,0,0,591,586,100.0,Lithuanian (http://www.transifex.com/corebird/corebird/language/lt/)
coreutils,1639,1547,17714,367,242,1153,1518,20900,7.842105263157895,Lithuanian <komp_lt@konferencijos.lt>
cracklib,93,0,3,15,0,1,77,96,96.875,lt
dasher,1292,0,0,249,0,0,1172,1292,100.0,Lietuvių <gnome-lt@lists.akl.lt>
dconf-editor,2345,0,0,277,0,0,1983,2345,100.0,Lietuvių <gnome-lt@lists.akl.lt>
debconf,191,0,0,17,0,0,155,191,100.0,Lithuanian <komp_lt@konferencijos.lt>
deepin-daemon,1124,0,193,378,0,42,1097,1317,85.3454821564161,Lithuanian (http://www.transifex.com/linuxdeepin/deepin-desktop-environment/language/lt/)
deepin-metacity,2042,0,0,311,0,0,1831,2042,100.0,Lietuvių <gnome-lt@lists.akl.lt>
deepin-mutter,814,0,0,125,0,0,742,814,100.0,Lietuvių <gnome-lt@lists.akl.lt>
deepin-terminal,409,0,0,164,0,0,408,409,100.0,Lithuanian (https://www.transifex.com/linuxdeepin/teams/3976/lt/)
deepin-wm,156,0,576,22,0,67,128,732,21.311475409836063,Lithuanian <lt@li.org>
deja-dup,1328,0,2883,242,0,257,1232,4211,31.536452149133222,Lithuanian <lt@li.org>
deluge,2645,0,83,860,0,18,2436,2728,96.9574780058651,Lietuvių <>
devhelp,386,0,0,98,0,0,331,386,100.0,Lietuvių <gnome-lt@lists.akl.lt>
dia,4282,0,1421,1658,0,383,4086,5703,75.0832894967561,Lithuanian <komp_lt@konferencijos.lt>
dialog,25,0,0,23,0,0,24,25,100.0,Lithuanian <komp_lt@konferencijos.lt>
digikam,9736,8881,29048,3126,1696,2961,9073,47665,20.425889017098502,Lithuanian <kde-i18n-lt@kde.org>
dippi,397,0,0,53,0,0,365,397,100.0,
dnf,783,6,2366,243,2,411,725,3155,24.817749603803488,Lithuanian (http://www.transifex.com/projects/p/dnf/language/lt/)
dnf-plugins-extras,0,0,375,0,0,75,0,375,0.0,Lithuanian
dnfdragora,181,0,678,122,0,242,198,859,21.071012805587895,Lithuanian (https://www.transifex.com/MageiaLinux/teams/9361/lt/)
docker-anaconda-addon,0,0,27,0,0,4,0,27,0.0,Lithuanian
dolphin,1426,66,104,462,29,22,1358,1596,89.3483709273183,Lithuanian <kde-i18n-lt@kde.org>
dolphin-plugins,168,13,1034,65,1,273,164,1215,13.82716049382716,Lithuanian <kde-i18n-doc@kde.org>
dpkg,2113,3515,3115,296,450,359,1871,8743,24.16790575317397,Lithuanian <komp_lt@konferencijos.lt>
dragon,254,9,15,76,4,7,212,278,91.36690647482014,lt <kde-i18n-lt@kde.org>
easytag,1572,2292,1379,497,365,159,1503,5243,29.982834255197403,Lietuvių <gnome-lt@lists.akl.lt>
efl,67,0,227,42,0,84,68,294,22.789115646258505,Lithuanian <lt@li.org>
ekiga,4489,0,0,748,0,0,3638,4489,100.0,Lithuanian <gnome-lt@lists.akl.lt>
elementary-calculator,80,0,0,37,0,0,81,80,100.0,Lithuanian <https://weblate.elementary.io/projects/calculator/calculator/lt/>
elementary-calendar,449,0,0,180,0,0,451,449,100.0,Lithuanian <https://weblate.elementary.io/projects/calendar/calendar/lt/>
elementary-camera,62,0,0,16,0,0,65,62,100.0,Lithuanian <https://weblate.elementary.io/projects/camera/camera/lt/>
elementary-capnet-assist,81,0,0,13,0,0,72,81,100.0,Lithuanian <https://weblate.elementary.io/projects/desktop/capnet-assist/lt/>
elementary-screenshot-tool,132,0,0,43,0,0,131,132,100.0,Lithuanian <https://weblate.elementary.io/projects/screenshot-tool/screenshot-tool/lt/>
elementary-shortcut-overlay,82,0,0,37,0,0,83,82,100.0,Lithuanian <https://weblate.elementary.io/projects/desktop/shortcut-overlay/lt/>
elinks,351,1469,10425,166,469,990,340,12245,2.8664761126990608,Lithuanian <komp_lt@konferencijos.lt>
empathy,4255,0,0,955,0,0,3704,4255,100.0,Lietuvių <gnome-lt@lists.akl.lt>
engrampa,2420,0,5399,388,0,432,2060,7819,30.950249392505434,Lithuanian (https://www.transifex.com/mate/teams/13566/lt/)
enlightenment,2780,1507,4400,1053,118,1061,2711,8687,32.00184183262346,Lithuanian Translation team
entangle,0,0,953,0,0,229,0,953,0.0,Lithuanian
eog,1675,0,0,327,0,0,1435,1675,100.0,Lietuvių <gnome-lt@lists.akl.lt>
eog-plugins,428,0,0,111,0,0,366,428,100.0,Lietuvių <gnome-lt@lists.akl.lt>
eom,2174,0,2947,342,0,199,1841,5121,42.45264596758446,Lithuanian (https://www.transifex.com/mate/teams/13566/lt/)
epiphany,3770,0,0,708,0,0,3149,3770,100.0,Lietuvių <gnome-lt@lists.akl.lt>
evince,1560,0,0,392,0,0,1364,1560,100.0,Lietuvių <gnome-lt@lists.akl.lt>
evolution,26718,0,0,5411,0,0,22608,26718,100.0,Lietuvių <gnome-lt@lists.akl.lt>
evolution-data-server,6686,0,0,1264,0,0,5878,6686,100.0,Lietuvių <gnome-lt@lists.akl.lt>
evolution-ews,1191,0,0,246,0,0,1077,1191,100.0,Lietuvių <gnome-lt@lists.akl.lt>
evolution-mapi,974,0,0,217,0,0,860,974,100.0,Lietuvių <gnome-lt@lists.akl.lt>
evolution-rss,884,0,0,225,0,0,823,884,100.0,Lithuanian <gnome-lt@lists.akl.lt>
exaile,2689,315,1002,739,53,233,2460,4006,67.12431352970543,Lithuanian <https://hosted.weblate.org/projects/exaile/master/lt/>
exo,1454,0,0,299,0,0,1215,1454,100.0,Lithuanian (http://www.transifex.com/xfce/exo/language/lt/)
feedreader,799,0,0,221,0,0,755,799,100.0,Lithuanian <https://hosted.weblate.org/projects/feedreader/translations/lt/>
file-roller,1201,0,0,275,0,0,966,1201,100.0,Lietuvių <gnome-lt@lists.akl.lt>
filelight,365,29,13,82,6,4,338,407,89.68058968058969,lt <kde-i18n-lt@kde.org>
filezilla,8889,979,244,1536,175,31,7762,10112,87.9054588607595,Lietuvių <>
findutils,405,237,1926,54,31,154,378,2568,15.771028037383179,Lithuanian <komp_lt@konferencijos.lt>
five-or-more,286,0,0,69,0,0,263,286,100.0,Lietuvių <gnome-lt@lists.akl.lt>
focuswriter,129,0,0,7,0,0,110,129,100.0,Lithuanian (http://www.transifex.com/projects/p/focuswriter/language/lt/)
folks,1056,0,0,130,0,0,868,1056,100.0,Lietuvių <gnome-lt@lists.akl.lt>
fonts-tweak-tool,0,0,195,0,0,64,0,195,0.0,Lithuanian
four-in-a-row,257,0,0,74,0,0,235,257,100.0,Lietuvių <gnome-lt@lists.akl.lt>
fprintd,0,0,419,0,0,57,0,419,0.0,Lithuanian (http://www.transifex.com/freedesktop/fprintd/language/lt/)
freeciv,9834,17152,78666,2514,3305,3235,8905,105652,9.307916556241246,Lithuanian <komp_lt@konferencijos.lt>
frozen-bubble,567,82,49,130,9,9,485,698,81.23209169054442,LANGUAGE <LL@li.org>
fwbackups,257,0,3241,62,0,455,233,3498,7.347055460263007,Lithuanian (http://www.transifex.com/Magic/fwbackups/language/lt/)
gajim,3184,2308,5276,759,575,856,3033,10768,29.569093610698367,Lithuanian <>
gala,557,131,6,72,6,1,486,694,80.2593659942363,Lithuanian <lt@li.org>
galculator,935,0,0,275,0,0,819,935,100.0,Lithuanian (http://www.transifex.com/mate/MATE/language/lt/)
gambas3,1909,0,3345,623,0,932,1498,5254,36.33422154548916,LANGUAGE <LL@li.org>
garcon,109,0,0,34,0,0,103,109,100.0,Lithuanian (http://www.transifex.com/xfce/garcon/language/lt/)
gcab,162,0,0,34,0,0,148,162,100.0,Lietuvių <gnome-lt@lists.akl.lt>
gcal,225,55,4726,184,37,1227,221,5006,4.49460647223332,Lithuanian <komp_lt@konferencijos.lt>
gcompris,17464,0,0,1961,0,0,13157,17464,100.0,Lietuvių <gnome-lt@lists.akl.lt>
gconf-editor,336,0,0,98,0,0,316,336,100.0,Lithuanian <gnome-lt@lists.akl.lt>
gcr,704,0,0,255,0,0,617,704,100.0,Lietuvių <gnome-lt@lists.akl.lt>
gdesklets,407,0,1121,94,0,110,346,1528,26.63612565445026,Lithuanian <komp_lt@konferencijos.lt>
gdk-pixbuf2,1409,0,0,211,0,0,1233,1409,100.0,Lietuvių <gnome-lt@lists.akl.lt>
gdm,629,0,0,88,0,0,512,629,100.0,Lietuvių <gnome-lt@lists.akl.lt>
geany,6005,20,17,1300,9,2,5094,6042,99.38761999337967,Lietuvių <>
geary,1713,0,0,452,0,0,1590,1713,100.0,Lietuvių <gnome-lt@lists.akl.lt>
gedit,4267,0,0,721,0,0,3560,4267,100.0,Lietuvių <gnome-lt@lists.akl.lt>
gedit-plugins,1029,0,0,180,0,0,831,1029,100.0,Lietuvių <gnome-lt@lists.akl.lt>
gftp,1437,250,1688,397,70,167,1296,3375,42.577777777777776,Lithuanian <komp_lt@konferencijos.lt>
ggz-base-libs,74,0,0,17,0,0,62,74,100.0,Lithuanian <gnome-lt@lists.akl.lt>
ggz-gtk-client,773,0,0,244,0,0,640,773,100.0,Lithuanian <gnome-lt@lists.akl.lt>
ghex,979,0,0,235,0,0,828,979,100.0,Lietuvių <gnome-lt@lists.akl.lt>
gigolo,521,0,0,142,0,0,448,521,100.0,Lietuvių <>
gimp,29044,12,24,7377,2,2,25792,29080,99.87620357634113,Lietuvių <gnome-lt@lists.akl.lt>
gimp-gap,265,262,9252,162,105,1455,281,9779,2.70988853666019,Lithuanian <komp_lt@konferencijos.org>
gimp-help,103433,16042,122383,4923,753,9427,77834,241858,42.76600319195561,LANGUAGE <LL@li.org>
gitg,2034,0,0,365,0,0,1590,2034,100.0,Lietuvių <gnome-lt@lists.akl.lt>
glade,6946,0,0,1754,0,0,5886,6946,100.0,Lietuvių <gnome-lt@lists.akl.lt>
glade3,4279,0,0,1099,0,0,3636,4279,100.0,Lietuvių <gnome-lt@lists.akl.lt>
glib-networking,229,0,0,36,0,0,230,229,100.0,Lietuvių <gnome-lt@lists.akl.lt>
glib2,7056,0,0,1133,0,0,6087,7056,100.0,Lietuvių <gnome-lt@lists.akl.lt>
glibc,1767,1369,4098,439,291,596,1589,7234,24.42632015482444,Lithuanian <komp_lt@konferencijos.lt>
glibc-arm-linux-gnu,1767,1369,4098,439,291,596,1589,7234,24.42632015482444,Lithuanian <komp_lt@konferencijos.lt>
glpi,6706,0,6289,1862,0,1458,5909,12995,51.60446325509811,Lithuanian (Lithuania) (https://www.transifex.com/glpi/teams/1637/lt_LT/)
gmusicbrowser,3051,0,2297,1024,0,586,3075,5348,57.049364248317126,Lithuanian (http://www.transifex.com/squentin/gmusicbrowser/language/lt/)
gnome-2048,301,0,0,48,0,0,264,301,100.0,Lietuvių <gnome-lt@lists.akl.lt>
gnome-activity-journal,272,0,44,78,0,16,261,316,86.07594936708861,Lithuanian <lt@li.org>
gnome-backgrounds,31,0,0,16,0,0,30,31,100.0,Lietuvių <gnome-lt@lists.akl.lt>
gnome-bluetooth,373,0,0,111,0,0,329,373,100.0,Lietuvių <gnome-lt@lists.akl.lt>
gnome-boxes,1207,0,0,283,0,0,1114,1207,100.0,Lietuvių <gnome-lt@lists.akl.lt>
gnome-builder,4161,0,0,1055,0,0,3597,4161,100.0,Lietuvių <gnome-lt@lists.akl.lt>
gnome-calculator,1596,0,0,579,0,0,1452,1596,100.0,Lietuvių <gnome-lt@lists.akl.lt>
gnome-calendar,661,0,0,220,0,0,612,661,100.0,Lietuvių <gnome-lt@lists.akl.lt>
gnome-characters,186,0,0,58,0,0,175,186,100.0,Lietuvių <gnome-lt@lists.akl.lt>
gnome-chess,1390,0,0,237,0,0,1064,1390,100.0,Lietuvių <gnome-lt@lists.akl.lt>
gnome-clocks,283,0,0,100,0,0,245,283,100.0,Lietuvių <gnome-lt@lists.akl.lt>
gnome-color-manager,1796,0,0,345,0,0,1407,1796,100.0,Lietuvių <gnome-lt@lists.akl.lt>
gnome-commander,662,0,7910,422,0,1235,650,8572,7.722818478768081,
gnome-contacts,563,0,0,162,0,0,512,563,100.0,Lietuvių <gnome-lt@lists.akl.lt>
gnome-control-center,5841,88,704,2047,69,166,5243,6633,88.05970149253731,Lithuanian
gnome-desktop,349,0,0,53,0,0,307,349,100.0,Lithuanian <gnome-lt@lists.akl.lt>
gnome-desktop3,146,0,0,23,0,0,130,146,100.0,Lietuvių <gnome-lt@lists.akl.lt>
gnome-dictionary,664,0,0,141,0,0,537,664,100.0,Lietuvių <gnome-lt@lists.akl.lt>
gnome-directory-thumbnailer,85,0,0,12,0,0,73,85,100.0,Lietuvių <gnome-lt@lists.akl.lt>
gnome-disk-utility,3820,0,0,713,0,0,3315,3820,100.0,Lietuvių <gnome-lt@lists.akl.lt>
gnome-do,314,0,298,97,0,47,276,612,51.307189542483655,Lithuanian <lt@li.org>
gnome-doc-utils,251,0,0,101,0,0,255,251,100.0,Lithuanian <gnome-lt@lists.akl.lt>
gnome-documents,655,0,0,208,0,0,607,655,100.0,Lietuvių <gnome-lt@lists.akl.lt>
gnome-dvb-daemon,148,9,631,72,3,114,152,788,18.781725888324875,Lithuanian <lt@li.org>
gnome-font-viewer,472,0,0,184,0,0,474,472,100.0,Lietuvių <gnome-lt@lists.akl.lt>
gnome-getting-started-docs,2506,0,0,337,0,0,1872,2506,100.0,Lietuvių <gnome-lt@lists.akl.lt>
gnome-icon-theme,43,0,0,38,0,0,41,43,100.0,Lithuanian <gnome-lt@lists.akl.lt>
gnome-initial-setup,761,0,0,121,0,0,638,761,100.0,Lietuvių <gnome-lt@lists.akl.lt>
gnome-keyring,509,0,0,103,0,0,406,509,100.0,Lietuvių <gnome-lt@lists.akl.lt>
gnome-klotski,194,0,0,59,0,0,183,194,100.0,Lietuvių <gnome-lt@lists.akl.lt>
gnome-libs,988,40,57,381,4,10,871,1085,91.05990783410138,Lithuanian <komp_lt@konferencijos.lt>
gnome-logs,378,0,0,124,0,0,339,378,100.0,Lietuvių <gnome-lt@lists.akl.lt>
gnome-mahjongg,304,0,0,63,0,0,261,304,100.0,Lietuvių <gnome-lt@lists.akl.lt>
gnome-maps,1232,0,0,314,0,0,1059,1232,100.0,Lietuvių <gnome-lt@lists.akl.lt>
gnome-menus,70,0,0,27,0,0,66,70,100.0,Lietuvių <gnome-lt@lists.akl.lt>
gnome-mime-data,887,0,0,362,0,0,900,887,100.0,Lithuanian <komp_lt@konferencijos.lt>
gnome-mines,344,0,0,72,0,0,296,344,100.0,Lietuvių <gnome-lt@lists.akl.lt>
gnome-music,538,0,0,118,0,0,475,538,100.0,Lietuvių <gnome-lt@lists.akl.lt>
gnome-nettool,664,0,0,219,0,0,605,664,100.0,Lietuvių <gnome-lt@lists.akl.lt>
gnome-nibbles,447,0,0,110,0,0,379,447,100.0,Lietuvių <gnome-lt@lists.akl.lt>
gnome-online-accounts,1208,0,0,342,0,0,1064,1208,100.0,Lietuvių <gnome-lt@lists.akl.lt>
gnome-packagekit,3500,0,0,553,0,0,2933,3500,100.0,Lietuvių <gnome-lt@lists.akl.lt>
gnome-photos,535,0,0,216,0,0,520,535,100.0,Lietuvių <gnome-lt@lists.akl.lt>
gnome-power-manager,489,0,0,151,0,0,440,489,100.0,Lietuvių <gnome-lt@lists.akl.lt>
gnome-robots,597,0,0,97,0,0,511,597,100.0,Lietuvių <gnome-lt@lists.akl.lt>
gnome-screensaver,286,0,0,56,0,0,228,286,100.0,Lithuanian <komp_lt@konferencijos.lt>
gnome-screenshot,457,0,0,80,0,0,383,457,100.0,Lietuvių <gnome-lt@lists.akl.lt>
gnome-search-tool,1249,0,0,186,0,0,1013,1249,100.0,Lithuanian <gnome-lt@lists.akl.lt>
gnome-session,299,0,0,50,0,0,240,299,100.0,Lietuvių <gnome-lt@lists.akl.lt>
gnome-settings-daemon,2547,0,0,370,0,0,2055,2547,100.0,Lietuvių <gnome-lt@lists.akl.lt>
gnome-shell,1835,0,0,423,0,0,1738,1835,100.0,Lietuvių <gnome-lt@lists.akl.lt>
gnome-shell-extension-gsconnect,495,0,0,203,0,0,497,495,100.0,Lithuanian
gnome-shell-extension-media-player-indicator,4,17,65,4,4,14,4,86,4.651162790697675,Mantas Mikulėnas <grawity@gmail.com>
gnome-shell-extension-openweather,80,124,415,51,45,105,81,619,12.924071082390952,Lithuanian <lt@li.org>
gnome-shell-extension-pomodoro,336,0,0,112,0,0,339,336,100.0,Lithuanian <>
gnome-shell-extensions,388,0,0,70,0,0,338,388,100.0,Lietuvių <gnome-lt@lists.akl.lt>
gnome-software,3709,0,0,767,0,0,3262,3709,100.0,Lietuvių <gnome-lt@lists.akl.lt>
gnome-sound-recorder,292,0,0,73,0,0,274,292,100.0,Lietuvių <gnome-lt@lists.akl.lt>
gnome-sudoku,399,0,0,72,0,0,321,399,100.0,Lietuvių <gnome-lt@lists.akl.lt>
gnome-system-log,436,0,0,70,0,0,363,436,100.0,Lietuvių <gnome-lt@lists.akl.lt>
gnome-system-monitor,1439,0,0,304,0,0,1350,1439,100.0,Lietuvių <gnome-lt@lists.akl.lt>
gnome-taquin,232,0,0,49,0,0,184,232,100.0,Lietuvių <gnome-lt@lists.akl.lt>
gnome-terminal,2542,0,0,492,0,0,2136,2542,100.0,Lietuvių <gnome-lt@lists.akl.lt>
gnome-tetravex,220,0,0,45,0,0,181,220,100.0,Lietuvių <gnome-lt@lists.akl.lt>
gnome-themes,109,0,0,30,0,0,108,109,100.0,Lithuanian <gnome-lt@lists.akl.lt>
gnome-themes-extra,15,0,0,6,0,0,11,15,100.0,Lietuvių <gnome-lt@lists.akl.lt>
gnome-todo,684,0,0,149,0,0,583,684,100.0,Lietuvių <gnome-lt@lists.akl.lt>
gnome-tweaks,632,0,0,181,0,0,592,632,100.0,Lietuvių <gnome-lt@lists.akl.lt>
gnome-user-share,52,0,0,10,0,0,43,52,100.0,Lietuvių <gnome-lt@lists.akl.lt>
gnome-vfs2,1519,0,0,305,0,0,1316,1519,100.0,Lithuanian <komp_lt@konferencijos.lt>
gnome-video-effects,256,0,0,68,0,0,209,256,100.0,Lithuanian <gnome-lt@lists.akl.lt>
gnome-weather,192,0,0,42,0,0,145,192,100.0,Lietuvių <gnome-lt@lists.akl.lt>
gnomebaker,1147,0,39,288,0,3,978,1186,96.71163575042159,Lithuanian <komp_lt@konferencijos.lt>
gnote,7327,0,0,891,0,0,5837,7327,100.0,Lietuvių <gnome-lt@lists.akl.lt>
gnotime,114,335,1559,60,139,230,118,2008,5.677290836653386,Lithuanian <komp_lt@konferencijos.lt>
gnucash,24240,3211,6707,4278,512,404,20104,34158,70.96434217460038,komp_lt@konf.lt
gnue-common,148,398,1586,24,60,189,131,2132,6.941838649155723,Lithuania
gnumeric,22316,310,15110,4448,65,1400,19362,37736,59.1371634513462,Lietuvių <gnome-lt@lists.akl.lt>
godot,259,53,6718,113,21,1758,253,7030,3.684210526315789,Lithuanian <https://hosted.weblate.org/projects/godot-engine/godot/lt/>
goffice,6364,131,89,2046,52,15,5706,6584,96.65856622114217,Lietuvių <gnome-lt@lists.akl.lt>
goffice08,1470,220,2909,726,93,741,1447,4599,31.963470319634702,Lithuanian <komp_lt@konferencijos.lt>
gourmet,222,8,3709,98,4,790,229,3939,5.635948210205636,Lithuanian <lt@li.org>
gparted,3017,0,0,497,0,0,2596,3017,100.0,Lietuvių <gnome-lt@lists.akl.lt>
gpick,735,0,0,360,0,0,724,735,100.0,
gpicview,236,0,0,52,0,0,223,236,100.0,Lietuvių <>
gpredict,1886,0,4238,379,0,764,1485,6124,30.796864794252123,Lithuanian <lt@li.org>
gramps,33276,3415,857,5728,408,202,27955,37548,88.62256311920741,Lithuanian <komp_lt@konferencijos.lt>
granatier,104,4,134,42,1,24,89,242,42.97520661157025,lt <kde-i18n-lt@kde.org>
granite,156,0,0,57,0,0,156,156,100.0,Lithuanian <lt@li.org>
grantlee-editor,310,45,175,106,9,43,286,530,58.490566037735846,none
grep,89,272,520,16,27,64,86,881,10.102156640181612,Lithuanian <komp_lt@konferencijos.lt>
grilo,191,0,0,36,0,0,164,191,100.0,Lietuvių <gnome-lt@lists.akl.lt>
grilo-plugins,537,0,0,133,0,0,436,537,100.0,Lietuvių <gnome-lt@lists.akl.lt>
grub-customizer,1295,0,0,193,0,0,1149,1295,100.0,Lithuanian <lt@li.org>
grub2,5359,89,1671,1104,17,223,5109,7119,75.27742660486024,Lithuanian <komp_lt@konferencijos.lt>
gsettings-desktop-schemas,6378,0,0,572,0,0,5015,6378,100.0,Lietuvių <gnome-lt@lists.akl.lt>
gspell,78,0,0,32,0,0,72,78,100.0,Lietuvių <gnome-lt@lists.akl.lt>
gstreamer,1829,29,59,331,7,10,1547,1917,95.4094940010433,Lithuanian <komp_lt@konferencijos.lt>
gstreamer-plugins-bad-free,49,21,26,8,4,2,40,96,51.041666666666664,Lithuanian <komp_lt@konferencijos.lt>
gstreamer-plugins-base,567,73,268,120,12,46,483,908,62.44493392070485,Lithuanian <komp_lt@konferencijos.lt>
gstreamer-plugins-good,750,34,30,180,4,6,637,814,92.13759213759214,Lithuanian <komp_lt@konferencijos.lt>
gstreamer1,1671,168,239,307,26,42,1407,2078,80.4138594802695,Lithuanian <komp_lt@konferencijos.lt>
gstreamer1-plugins-bad-free,30,39,128,5,6,18,26,197,15.228426395939088,Lithuanian <komp_lt@konferencijos.lt>
gstreamer1-plugins-base,316,137,515,70,30,102,265,968,32.64462809917356,Lithuanian <komp_lt@konferencijos.lt>
gstreamer1-plugins-good,415,240,139,45,31,21,317,794,52.267002518891694,Lithuanian <komp_lt@konferencijos.lt>
gstreamer1-plugins-ugly-free,38,16,26,5,3,2,30,80,47.5,Lithuanian <komp_lt@konferencijos.lt>
gtg,400,0,3097,117,0,183,357,3497,11.43837575064341,Lithuanian <lt@li.org>
gthumb,3424,0,0,1133,0,0,2998,3424,100.0,Lietuvių <gnome-lt@lists.akl.lt>
gtimelog,346,0,0,96,0,0,343,346,100.0,<marius@gedmin.as>
gtk+,202,0,0,105,0,0,190,202,100.0,Lithuanian
gtk-vnc,8,0,0,3,0,0,8,8,100.0,Lietuvių <>
gtk2,13699,5,0,2783,1,0,11054,13704,99.96351430239346,Lithuanian <komp_lt@konferencijos.lt>
gtk2-engines,119,0,0,47,0,0,117,119,100.0,Lithuanian <gnome-lt@lists.akl.lt>
gtk3,16056,0,0,3601,0,0,13005,16056,100.0,Lietuvių <gnome-lt@lists.akl.lt>
gtk4,12757,0,0,3055,0,0,10364,12757,100.0,Lietuvių <gnome-lt@lists.akl.lt>
gtkhtml3,522,0,0,317,0,0,518,522,100.0,Lithuanian <komp_lt@konferencijos.lt>
gtksourceview2,1413,0,0,538,0,0,1281,1413,100.0,Lithuanian <gnome-lt@lists.akl.lt>
gtksourceview3,322,0,0,106,0,0,285,322,100.0,Lietuvių <gnome-lt@lists.akl.lt>
gtkspell,11,0,0,5,0,0,11,11,100.0,Lithuanian <komp_lt@konferencijos.lt>
gtkspell3,15,0,0,6,0,0,14,15,100.0,Lithuanian <komp_lt@konferencijos.lt>
gtranslator,1670,0,0,389,0,0,1453,1670,100.0,Lietuvių <gnome-lt@lists.akl.lt>
gucharmap,1328,0,0,445,0,0,1216,1328,100.0,Lietuvių <gnome-lt@lists.akl.lt>
gvfs,2148,0,0,412,0,0,1823,2148,100.0,Lietuvių <gnome-lt@lists.akl.lt>
gwenview,1084,85,293,334,29,19,1151,1462,74.14500683994528,lt <kde-i18n-lt@kde.org>
gwget,426,0,0,141,0,0,407,426,100.0,Lithuanian <komp_lt@konferencijos.lt>
hamster-time-tracker,696,1,0,171,1,0,634,697,99.85652797704448,Lithuanian <gnome-lt@lists.akl.lt>
harvey,0,0,57,0,0,12,0,57,0.0,none
heaptrack,0,0,1206,0,0,180,0,1206,0.0,none
hexalate,60,0,0,4,0,0,50,60,100.0,Lithuanian (http://www.transifex.com/gottcode/hexalate/language/lt/)
hexchat,3873,0,2098,1094,0,352,3482,5971,64.86350695025959,Lithuanian (http://www.transifex.com/hexchat/hexchat/language/lt/)
hitori,174,0,0,36,0,0,133,174,100.0,Lietuvių <gnome-lt@lists.akl.lt>
homebank,1821,0,615,638,0,140,1705,2436,74.75369458128078,Lithuanian <komp_lt@konferencijos.lt>
iagno,322,0,0,72,0,0,273,322,100.0,Lietuvių <gnome-lt@lists.akl.lt>
icewm,0,0,0,0,0,0,0,0,0.0,<komp_lt@konferencijos.lt>
im-chooser,0,0,239,0,0,56,0,239,0.0,LANGUAGE <LL@li.org>
imsettings,0,0,456,0,0,84,0,456,0.0,LANGUAGE <LL@li.org>
initial-setup,0,0,33,0,0,7,0,33,0.0,Lithuanian
initscripts,288,54,632,62,10,77,252,974,29.568788501026695,Lithuanian (http://www.transifex.com/projects/p/fedora/language/lt/)
inkscape,8073,11371,18770,1816,3718,2611,7166,38214,21.12576542628356,Lithuanian
iso-codes,6129,2143,14842,3875,1127,10218,6365,23114,26.516396988837933,Lithuanian <komp_lt@konferencijos.lt>
isomaster,674,0,0,107,0,0,550,674,100.0,Lithuanian <kde-i18n-doc@kde.org>
json-glib,303,0,0,44,0,0,246,303,100.0,Lietuvių <gnome-lt@lists.akl.lt>
juk,485,116,852,191,39,125,426,1453,33.37921541637991,Lithuanian <kde-i18n-doc@kde.org>
k3b,8250,895,11076,1705,106,709,7379,20221,40.79916918055487,Lithuanian <kde-i18n-lt@kde.org>
k4dirstat,547,0,0,165,0,0,529,547,100.0,Lithuanian (http://www.transifex.com/projects/p/k4dirstat/language/lt/)
kaccounts-integration,0,0,82,0,0,12,0,82,0.0,none
kaccounts-providers,0,0,60,0,0,20,0,60,0.0,none
kactivitymanagerd,9,0,0,4,0,0,9,9,100.0,Lithuanian <kde-i18n-lt@kde.org>
kaddressbook,429,47,274,130,10,28,349,750,57.199999999999996,lt <kde-i18n-lt@kde.org>
kajongg,49,46,2349,42,30,438,47,2444,2.0049099836333877,Lithuanian <kde-i18n-lt@kde.org>
kalarm,2126,1480,3663,521,187,312,1839,7269,29.24748933828587,lt <kde-i18n-lt@kde.org>
kalgebra,143,11,13,73,5,4,135,167,85.62874251497006,Lithuanian <kde-i18n-lt@kde.org>
kalzium,5506,1584,3347,996,100,434,4372,10437,52.75462297595095,Lithuanian <kde-i18n-lt@kde.org>
kamera,283,59,0,34,3,0,219,342,82.7485380116959,lt <kde-i18n-lt@kde.org>
kamoso,41,10,68,19,2,20,39,119,34.45378151260504,lt <kde-i18n-lt@kde.org>
kanagram,296,140,92,103,13,29,281,528,56.060606060606055,Lithuanian <kde-i18n-lt@kde.org>
kapman,108,0,6,34,0,2,97,114,94.73684210526315,lt <kde-i18n-lt@kde.org>
kapow,102,0,0,4,0,0,71,102,100.0,Lithuanian (http://www.transifex.com/gottcode/kapow/language/lt/)
kapptemplate,53,9,210,20,5,27,44,272,19.485294117647058,Lithuanian <kde-i18n-doc@kde.org>
kate,3348,322,1216,896,62,208,3029,4886,68.52230863692182,Lithuanian <kde-i18n-lt@kde.org>
katomic,131,6,48,51,1,7,129,185,70.8108108108108,Lithuanian <kde-i18n-lt@kde.org>
kaudiocreator,1136,0,0,273,0,0,973,1136,100.0,Lithuanian <kde-i18n-lt@kde.org>
kblackbox,109,0,1255,39,0,63,111,1364,7.991202346041056,Lithuanian <kde-i18n-lt@kde.org>
kblocks,48,1,110,20,1,17,42,159,30.18867924528302,lt <kde-i18n-lt@kde.org>
kbounce,150,0,4,41,0,1,137,154,97.40259740259741,lt <kde-i18n-lt@kde.org>
kbrickbuster,57,2,93,25,1,14,52,152,37.5,lt <kde-i18n-lt@kde.org>
kbruch,1084,256,5,177,16,2,847,1345,80.59479553903346,Lithuanian <kde-i18n-lt@kde.org>
kcachegrind,75,30,4265,63,22,477,76,4370,1.7162471395881007,Lithuanian <kde-i18n-lt@kde.org>
kcalc,730,19,227,307,2,17,649,976,74.79508196721312,lt <kde-i18n-lt@kde.org>
kcharselect,88,0,0,34,0,0,85,88,100.0,Lithuanian <kde-i18n-lt@kde.org>
kcm_wacomtablet,101,89,866,51,30,159,100,1056,9.56439393939394,none
kcolorchooser,14,10,5,6,2,2,14,29,48.275862068965516,Lithuanian <kde-i18n-lt@kde.org>
kcoloredit,134,54,90,50,18,27,124,278,48.201438848920866,Lithuanian <kde-i18n-lt@kde.org>
kcron,534,0,0,190,0,0,466,534,100.0,lt <kde-i18n-lt@kde.org>
kdb,0,0,1494,0,0,243,0,1494,0.0,none
kde-cli-tools,1981,51,65,200,6,10,1600,2097,94.46828803051979,Lithuanian <kde-i18n-lt@kde.org>
kde-connect,107,14,577,43,5,120,105,698,15.329512893982807,Lithuanian <kde-i18n-lt@kde.org>
kde-dev-utils,61,2,31,23,1,11,54,94,64.8936170212766,Lithuanian <kde-i18n-lt@kde.org>
kde-gtk-config,280,10,19,70,2,4,256,309,90.61488673139159,Lithuanian <kde-i18n-lt@kde.org>
kde-l10n,69869,6394,28893,16082,1143,3950,62565,105156,66.44318916657157,Lithuanian <kde-i18n-lt@kde.org>
kde-partitionmanager,1458,40,801,451,13,59,1360,2299,63.41887777294476,Lithuanian <kde-i18n-lt@kde.org>
kde-print-manager,918,36,6,262,9,1,832,960,95.625,Lithuanian <kde-i18n-lt@kde.org>
kdebugsettings,0,0,130,0,0,39,0,130,0.0,none
kdenetwork-filesharing,36,0,6,11,0,1,29,42,85.71428571428571,Lithuanian <kde-i18n-lt@kde.org>
kdepim-addons,1087,208,867,285,35,85,979,2162,50.27752081406105,Lithuanian <kde-i18n-lt@kde.org>
kdepim-apps-libs,59,0,0,34,0,0,61,59,100.0,Lithuanian <kde-i18n-lt@kde.org>
kdepim-runtime,4830,444,1067,759,73,175,4015,6341,76.17095095410818,lt <kde-i18n-lt@kde.org>
kdeplasma-addons,747,252,369,266,147,103,718,1368,54.60526315789473,lt <kde-i18n-lt@kde.org>
kdesdk-kioslaves,27,0,55,11,0,6,26,82,32.926829268292686,Lithuanian <kde-i18n-lt@kde.org>
kdesdk-thumbnailers,4,0,0,4,0,0,4,4,100.0,Lithuanian <kde-i18n-lt@kde.org>
kdesvn,886,567,3392,350,137,394,830,4845,18.28689370485036,Lietuvių <>
kdevelop,424,451,11924,209,193,2123,415,12799,3.3127588092819753,lt <kde-i18n-lt@kde.org>
kdevelop-php,0,0,511,0,0,69,0,511,0.0,Lithuanian <kde-i18n-lt@kde.org>
kdevelop-python,0,0,582,0,0,101,0,582,0.0,Lithuanian <kde-i18n-lt@kde.org>
kdf,180,0,1,68,0,1,169,181,99.4475138121547,Lithuanian <kde-i18n-lt@kde.org>
kdiagram,0,0,65,0,0,39,0,65,0.0,none
kdialog,235,53,59,53,7,10,225,347,67.72334293948127,Lithuanian <kde-i18n-lt@kde.org>
kdiamond,122,0,0,32,0,0,126,122,100.0,lt <kde-i18n-lt@kde.org>
kdiff3,285,30,3329,146,13,491,281,3644,7.821075740944019,Lithuanian <kde-i18n-lt@kde.org>
kdnssd,21,9,0,6,1,0,18,30,70.0,Lithuanian <kde-i18n-lt@kde.org>
keditbookmarks,418,48,0,127,5,0,385,466,89.69957081545064,Lithuanian <kde-i18n-lt@kde.org>
kexi,358,2003,4975,209,650,632,346,7336,4.880043620501636,Lithuanian <kde-i18n-lt@kde.org>
kf5-akonadi-calendar,922,37,918,212,11,65,952,1877,49.12093766648908,Lithuanian <kde-i18n-doc@kde.org>
kf5-akonadi-contacts,1282,99,33,247,36,12,1205,1414,90.66478076379066,Lithuanian <kde-i18n-doc@kde.org>
kf5-akonadi-mime,534,38,0,101,6,0,597,572,93.35664335664336,lt <kde-i18n-lt@kde.org>
kf5-akonadi-notes,2,0,0,1,0,0,2,2,100.0,Lithuanian <kde-i18n-doc@kde.org>
kf5-akonadi-search,7,0,41,3,0,8,8,48,14.583333333333334,Lithuanian <kde-i18n-lt@kde.org>
kf5-akonadi-server,745,97,1644,220,23,180,795,2486,29.967819790828642,Lithuanian <kde-i18n-lt@kde.org>
kf5-audiocd-kio,820,0,21,175,0,2,772,841,97.50297265160523,Lithuanian <kde-i18n-lt@kde.org>
kf5-baloo,89,13,540,35,3,116,78,642,13.862928348909657,Lithuanian <kde-i18n-lt@kde.org>
kf5-calendarsupport,1396,355,1225,265,63,89,1135,2976,46.90860215053764,lt <kde-i18n-lt@kde.org>
kf5-eventviews,1934,34,974,249,15,53,1589,2942,65.73759347382733,lt <kde-i18n-lt@kde.org>
kf5-grantleetheme,0,0,14,0,0,6,0,14,0.0,none
kf5-incidenceeditor,763,371,1230,214,72,150,652,2364,32.27580372250423,Lithuanian <kde-i18n-lt@kde.org>
kf5-kalarmcal,157,41,0,78,23,0,194,198,79.29292929292929,Lithuanian <kde-i18n-doc@kde.org>
kf5-kauth,39,34,0,5,3,0,29,73,53.42465753424658,Lithuanian <kde-i18n-lt@kde.org>
kf5-kblog,14,0,229,4,0,23,11,243,5.761316872427984,Lithuanian <kde-i18n-lt@kde.org>
kf5-kbookmarks,218,0,12,48,0,1,178,230,94.78260869565217,Lithuanian <kde-i18n-lt@kde.org>
kf5-kcalendarutils,523,499,608,236,107,84,620,1630,32.08588957055215,lt <kde-i18n-lt@kde.org>
kf5-kcmutils,561,1,1,70,1,1,466,563,99.64476021314387,lt <kde-i18n-lt@kde.org>
kf5-kcodecs,325,23,0,36,17,0,248,348,93.39080459770115,Lithuanian <kde-i18n-lt@kde.org>
kf5-kcompletion,18,0,0,11,0,0,18,18,100.0,Lithuanian <kde-i18n-lt@kde.org>
kf5-kconfig,236,4,21,95,3,2,239,261,90.42145593869732,Lithuanian <kde-i18n-lt@kde.org>
kf5-kconfigwidgets,319,2,0,115,2,0,322,321,99.37694704049844,Lithuanian <kde-i18n-lt@kde.org>
kf5-kcontacts,175,0,2,107,0,1,176,177,98.87005649717514,Lithuanian <kde-i18n-lt@kde.org>
kf5-kcoreaddons,195,65,73,70,9,46,182,333,58.55855855855856,Lithuanian <kde-i18n-lt@kde.org>
kf5-kdbusaddons,48,0,0,6,0,0,38,48,100.0,Lithuanian <kde-i18n-lt@kde.org>
kf5-kdeclarative,94,0,15,10,0,4,81,109,86.23853211009175,lt <kde-i18n-lt@kde.org>
kf5-kdelibs4support,2070,802,1941,1239,467,658,2025,4813,43.008518595470605,lt <kde-i18n-lt@kde.org>
kf5-kdesignerplugin,54,0,0,9,0,0,47,54,100.0,lt <kde-i18n-lt@kde.org>
kf5-kdesu,19,0,0,7,0,0,19,19,100.0,Lithuanian <kde-i18n-lt@kde.org>
kf5-kdnssd,3,0,0,3,0,0,3,3,100.0,Lithuanian <kde-i18n-lt@kde.org>
kf5-kdoctools,8,0,0,4,0,0,10,8,100.0,Lithuanian <kde-i18n-lt@kde.org>
kf5-kfilemetadata,119,5,41,64,4,19,122,165,72.12121212121212,Lithuanian <kde-i18n-lt@kde.org>
kf5-kglobalaccel,66,0,5,7,0,2,52,71,92.95774647887323,Lithuanian <kde-i18n-lt@kde.org>
kf5-kholidays,0,64,45,0,49,28,0,109,0.0,Lithuanian <kde-i18n-lt@kde.org>
kf5-khtml,1583,92,46,303,4,3,1386,1721,91.98140615920977,Lithuanian <kde-i18n-lt@kde.org>
kf5-ki18n,124,0,0,110,0,0,125,124,100.0,lt <kde-i18n-lt@kde.org>
kf5-kiconthemes,25,11,1,16,1,1,27,37,67.56756756756756,Lithuanian <kde-i18n-lt@kde.org>
kf5-kidentitymanagement,165,0,0,21,0,0,132,165,100.0,Lithuanian <kde-i18n-lt@kde.org>
kf5-kimap,96,1,13,45,1,3,89,110,87.27272727272727,Lithuanian <kde-i18n-lt@kde.org>
kf5-kinit,131,3,0,13,1,0,99,134,97.76119402985076,Lithuanian <kde-i18n-lt@kde.org>
kf5-kio,9525,1317,1344,1171,73,101,7784,12186,78.16346627277203,Lithuanian <kde-i18n-lt@kde.org>
kf5-kitemviews,6,1,0,3,1,0,6,7,85.71428571428571,Lithuanian <kde-i18n-lt@kde.org>
kf5-kjobwidgets,123,0,0,36,0,0,176,123,100.0,Lithuanian <kde-i18n-lt@kde.org>
kf5-kjsembed,172,0,76,36,0,8,156,248,69.35483870967742,Lithuanian <kde-i18n-lt@kde.org>
kf5-kldap,82,0,121,40,0,15,80,203,40.39408866995074,Lithuanian <kde-i18n-lt@kde.org>
kf5-kmailtransport,198,5,446,69,3,36,176,649,30.508474576271187,Lithuanian <kde-i18n-lt@kde.org>
kf5-kmime,159,0,0,10,0,0,115,159,100.0,Lithuanian <kde-i18n-lt@kde.org>
kf5-knewstuff,477,28,185,119,11,28,436,690,69.1304347826087,lt <kde-i18n-lt@kde.org>
kf5-knotifications,18,0,0,6,0,0,14,18,100.0,Lithuanian <kde-i18n-lt@kde.org>
kf5-knotifyconfig,86,43,0,16,1,0,65,129,66.66666666666666,Lithuanian <kde-i18n-lt@kde.org>
kf5-kontactinterface,4,0,0,2,0,0,6,4,100.0,Lithuanian <kde-i18n-lt@kde.org>
kf5-kpackage,0,0,495,0,0,97,0,495,0.0,none
kf5-kparts,104,0,0,26,0,0,100,104,100.0,Lithuanian <kde-i18n-lt@kde.org>
kf5-kpeople,17,4,0,7,4,0,16,21,80.95238095238095,Lithuanian <kde-i18n-lt@kde.org>
kf5-kpimtextedit,112,17,218,56,11,86,110,347,32.27665706051873,Lithuanian <kde-i18n-lt@kde.org>
kf5-kpty,15,0,0,4,0,0,16,15,100.0,Lithuanian <kde-i18n-lt@kde.org>
kf5-kross,82,18,0,29,6,0,86,100,82.0,Lithuanian <kde-i18n-lt@kde.org>
kf5-kservice,131,21,18,24,2,2,125,170,77.05882352941177,Lithuanian <kde-i18n-lt@kde.org>
kf5-ksmtp,57,0,24,7,0,4,45,81,70.37037037037037,Lithuanian <kde-i18n-doc@kde.org>
kf5-ktexteditor,6562,562,1204,1034,77,89,5636,8328,78.79442843419788,Lithuanian <kde-i18n-lt@kde.org>
kf5-ktextwidgets,459,0,3,121,0,1,445,462,99.35064935064936,Lithuanian <kde-i18n-lt@kde.org>
kf5-ktnef,75,0,280,44,0,99,77,355,21.12676056338028,Lithuanian <kde-i18n-lt@kde.org>
kf5-kunitconversion,3672,705,935,1618,302,346,5234,5312,69.12650602409639,Lithuanian <kde-i18n-lt@kde.org>
kf5-kwallet,548,313,763,61,7,63,469,1624,33.743842364532014,none
kf5-kwidgetsaddons,1084,133,102,397,34,27,996,1319,82.18347232752085,lt <kde-i18n-lt@kde.org>
kf5-kwindowsystem,2,0,0,1,0,0,2,2,100.0,Lithuanian <kde-i18n-lt@kde.org>
kf5-kxmlgui,1394,181,27,220,7,1,1284,1602,87.01622971285893,Lithuanian <kde-i18n-lt@kde.org>
kf5-kxmlrpcclient,13,0,0,2,0,0,12,13,100.0,Lithuanian <kde-i18n-lt@kde.org>
kf5-libkcddb,426,7,124,218,4,29,408,557,76.48114901256733,Lithuanian <kde-i18n-lt@kde.org>
kf5-libkcompactdisc,15,0,0,10,0,0,14,15,100.0,Lithuanian <kde-i18n-lt@kde.org>
kf5-libkdepim,161,111,193,73,18,36,159,465,34.623655913978496,Lithuanian <kde-i18n-lt@kde.org>
kf5-libkgeomap,110,0,29,41,0,5,95,139,79.13669064748201,lt <kde-i18n-lt@kde.org>
kf5-libkleo,297,58,848,95,30,183,296,1203,24.688279301745634,Lithuanian <kde-i18n-lt@kde.org>
kf5-libksane,272,0,0,83,0,0,276,272,100.0,lt <kde-i18n-lt@kde.org>
kf5-libksieve,193,47,3058,45,23,489,156,3298,5.8520315342631894,Lithuanian <kde-i18n-lt@kde.org>
kf5-libktorrent,449,22,0,104,2,0,424,471,95.32908704883228,Lithuanian <kde-i18n-doc@kde.org>
kf5-mailcommon,469,99,2258,210,39,220,418,2826,16.59589525831564,lt <kde-i18n-lt@kde.org>
kf5-mailimporter,898,425,85,80,22,25,806,1408,63.77840909090909,Lithuanian <kde-i18n-doc@kde.org>
kf5-messagelib,2452,407,4710,761,62,344,2297,7569,32.39529660457128,Lithuanian <kde-i18n-lt@kde.org>
kf5-pimcommon,340,86,587,159,27,58,324,1013,33.563672260612044,Lithuanian <kde-i18n-lt@kde.org>
kf5-plasma,473,4,26,131,2,14,399,503,94.03578528827038,lt <kde-i18n-lt@kde.org>
kf5-purpose,0,0,53,0,0,19,0,53,0.0,none
kf5-solid,677,2,3,220,1,1,592,682,99.26686217008798,lt <kde-i18n-lt@kde.org>
kf5-sonnet,639,6,22,67,1,5,532,667,95.80209895052474,Lithuanian <kde-i18n-lt@kde.org>
kf5-syntax-highlighting,0,353,159,0,258,58,0,512,0.0,lt <kde-i18n-lt@kde.org>
kfind,495,6,0,115,1,0,471,501,98.80239520958084,Lithuanian <kde-i18n-lt@kde.org>
kfloppy,108,105,428,33,17,50,96,641,16.848673946957877,Lithuanian <kde-i18n-lt@kde.org>
kfourinline,69,45,278,43,22,92,69,392,17.602040816326532,lt <kde-i18n-lt@kde.org>
kgamma,130,0,0,16,0,0,110,130,100.0,lt <kde-i18n-lt@kde.org>
kgeography,5652,2225,1821,4332,1523,1276,5536,9698,58.28005774386471,Lithuanian <kde-i18n-lt@kde.org>
kget,2798,145,10,771,19,4,2595,2953,94.75110057568574,Lithuanian <kde-i18n-lt@kde.org>
kgoldrunner,286,145,23126,139,58,711,296,23557,1.21407649530925,Lithuanian <kde-i18n-lt@kde.org>
kgpg,3882,416,984,581,55,62,3468,5282,73.49488829988641,Lithuanian <kde-i18n-lt@kde.org>
kgrab,91,0,279,38,0,15,88,370,24.594594594594597,Lithuanian <kde-i18n-lt@kde.org>
kgraphviewer,205,41,1014,83,10,150,188,1260,16.26984126984127,Lithuanian <kde-i18n-lt@kde.org>
khangman,285,37,151,75,12,32,274,473,60.25369978858352,lt <kde-i18n-lt@kde.org>
khelpcenter,234,0,22,86,0,1,222,256,91.40625,Lithuanian <kde-i18n-lt@kde.org>
khotkeys,432,4,0,127,2,0,380,436,99.08256880733946,Lithuanian <kde-i18n-lt@kde.org>
kicad,3651,5,17848,1495,4,3365,3366,21504,16.978236607142858,Lithuanian
kiconedit,548,135,43,127,18,10,459,726,75.48209366391184,Lithuanian <kde-i18n-lt@kde.org>
kig,6682,1052,141,1083,170,48,5523,7875,84.85079365079365,Lithuanian <kde-i18n-lt@kde.org>
kigo,57,20,423,27,11,91,57,500,11.4,Lithuanian <kde-i18n-lt@kde.org>
kile,2844,1297,7021,971,304,627,2559,11162,25.479304784088875,Lithuanian <kde-i18n-lt@kde.org>
killbots,89,6,546,40,1,87,76,641,13.884555382215288,Lithuanian <kde-i18n-lt@kde.org>
kinfocenter,2786,15,97,963,6,33,2686,2898,96.1352657004831,Lithuanian <kde-i18n-lt@kde.org>
kio-extras,847,19,49,119,4,5,701,915,92.56830601092896,Lithuanian <kde-i18n-lt@kde.org>
kio_gopher,17,0,0,5,0,0,16,17,100.0,Lithuanian <kde-i18n-lt@kde.org>
kiriki,52,0,92,32,0,18,51,144,36.11111111111111,Lithuanian <kde-i18n-lt@kde.org>
kiten,412,63,166,125,8,46,412,641,64.27457098283932,lt <kde-i18n-lt@kde.org>
kjots,335,9,55,94,4,8,301,399,83.95989974937343,lt <kde-i18n-lt@kde.org>
kjumpingcube,114,36,262,34,10,51,93,412,27.669902912621357,Lithuanian <kde-i18n-lt@kde.org>
kleopatra,519,1153,7141,163,290,901,487,8813,5.8890275729036645,Lithuanian <kde-i18n-doc@kde.org>
klettres,63,0,373,35,0,48,64,436,14.449541284403669,lt <kde-i18n-lt@kde.org>
klickety,60,2,116,30,1,31,58,178,33.70786516853933,lt <kde-i18n-lt@kde.org>
klines,69,5,25,23,1,4,55,99,69.6969696969697,Lithuanian <kde-i18n-lt@kde.org>
kmag,149,5,278,61,1,36,148,432,34.49074074074074,Lithuanian <kde-i18n-lt@kde.org>
kmahjongg,277,35,28,85,6,7,254,340,81.47058823529412,Lithuanian <kde-i18n-lt@kde.org>
kmail,6054,426,2194,1006,93,227,5455,8674,69.79478902467143,Lithuanian <kde-i18n-lt@kde.org>
kmail-account-wizard,324,61,414,61,16,51,245,799,40.550688360450565,lt <kde-i18n-lt@kde.org>
kmenuedit,277,0,0,61,0,0,242,277,100.0,Lithuanian <kde-i18n-lt@kde.org>
kmines,108,0,0,38,0,0,92,108,100.0,lt <kde-i18n-lt@kde.org>
kmix,774,51,82,190,11,18,704,907,85.33627342888643,Lithuanian <kde-i18n-lt@kde.org>
kmousetool,8,8,131,6,1,25,8,147,5.442176870748299,Lithuanian <kde-i18n-doc@kde.org>
kmouth,368,40,1113,134,8,65,327,1521,24.194608809993426,Lithuanian <kde-i18n-doc@kde.org>
kmplayer,1210,0,38,360,0,10,1101,1248,96.9551282051282,Lithuanian <kde-i18n-lt@kde.org>
kmplot,2312,152,3,441,31,1,1857,2467,93.71706526145115,Lithuanian <kde-i18n-lt@kde.org>
kmymoney,2600,4424,14354,920,1363,1279,2382,21378,12.162035737674245,lt <kde-i18n-lt@kde.org>
knavalbattle,260,56,83,83,4,15,252,399,65.16290726817043,Lithuanian <kde-i18n-lt@kde.org>
knemo,137,77,1022,91,36,225,139,1236,11.084142394822006,Lithuanian <kde-i18n-doc@kde.org>
knetwalk,87,0,143,30,0,24,80,230,37.826086956521735,lt <kde-i18n-lt@kde.org>
knights,565,28,164,165,12,42,489,757,74.63672391017172,Lithuanian <kde-i18n-doc@kde.org>
knotes,566,42,181,206,13,20,534,789,71.73637515842839,Lithuanian <kde-i18n-lt@kde.org>
koffice-kivio,435,114,7868,257,72,2032,422,8417,5.1681121539741,Lithuanian <kde-i18n-lt@kde.org>
kolf,71,4,321,46,1,100,73,396,17.929292929292927,Lithuanian <kde-i18n-lt@kde.org>
kollision,93,0,16,27,0,3,125,109,85.3211009174312,Lithuanian <kde-i18n-lt@kde.org>
kolourpaint,2459,142,22,437,8,7,2081,2623,93.74761723217689,Lithuanian <kde-i18n-lt@kde.org>
kompare,547,4,879,143,4,49,530,1430,38.25174825174825,Lithuanian <kde-i18n-lt@kde.org>
konqueror,8659,290,126,1345,34,24,7413,9075,95.4159779614325,Lithuanian <kde-i18n-lt@kde.org>
konquest,121,9,116,59,3,36,134,246,49.1869918699187,Lithuanian <kde-i18n-lt@kde.org>
konsole5,1935,369,499,456,57,49,1698,2803,69.03317873706743,Lithuanian <kde-i18n-lt@kde.org>
kontact,224,57,318,65,13,20,228,599,37.39565943238731,lt <kde-i18n-lt@kde.org>
konversation,8355,131,1808,1568,19,51,7428,10294,81.16378472896834,Lithuanian <kde-i18n-lt@kde.org>
korganizer,4300,631,1826,618,104,186,3526,6757,63.63770904247447,Lithuanian <kde-i18n-lt@kde.org>
kpat,109,84,243,50,25,57,120,436,25.0,lt <kde-i18n-lt@kde.org>
kphotoalbum,259,339,8966,155,157,707,271,9564,2.708071936428273,Lithuanian <kde-i18n-lt@kde.org>
kpilot,64,173,6919,41,92,728,63,7156,0.8943543879262158,Lithuanian <kde-i18n-lt@kde.org>
kpmcore,1147,939,1085,286,89,102,1132,3171,36.17155471460107,Lithuanian <kde-i18n-lt@kde.org>
kproperty,0,0,145,0,0,82,0,145,0.0,none
krdc,1077,136,81,254,19,22,975,1294,83.23029366306028,Lithuanian <kde-i18n-lt@kde.org>
kreport,0,289,225,0,167,67,0,514,0.0,Lithuanian <kde-i18n-lt@kde.org>
kreversi,91,55,282,39,9,93,85,428,21.261682242990652,Lithuanian <kde-i18n-lt@kde.org>
krfb,275,116,253,52,10,26,243,644,42.701863354037265,lt <kde-i18n-lt@kde.org>
krita,2359,9481,13714,1163,3720,1301,2269,25554,9.231431478437818,Lithuanian <kde-i18n-lt@kde.org>
kruler,130,41,13,38,3,6,111,184,70.65217391304348,Lithuanian <kde-i18n-lt@kde.org>
krusader,3976,2703,1259,1136,452,154,3836,7938,50.08818342151675,lt <kde-i18n-lt@kde.org>
kscreen,163,0,30,50,0,9,178,193,84.4559585492228,Lithuanian <kde-i18n-lt@kde.org>
kscreenlocker,127,62,63,23,2,10,108,252,50.39682539682539,Lithuanian <kde-i18n-lt@kde.org>
kshisen,57,4,507,33,1,36,54,568,10.035211267605634,Lithuanian <kde-i18n-lt@kde.org>
ksig,12,6,67,10,3,13,13,85,14.117647058823529,Lithuanian <kde-i18n-lt@kde.org>
ksirk,455,441,4867,206,80,476,414,5763,7.895193475620337,Lithuanian <kde-i18n-lt@kde.org>
ksnakeduel,13,6,212,7,3,43,17,231,5.627705627705628,Lithuanian <kde-i18n-lt@kde.org>
kspaceduel,95,0,70,54,0,27,91,165,57.57575757575758,Lithuanian <kde-i18n-lt@kde.org>
ksquares,61,0,196,34,0,42,60,257,23.73540856031128,Lithuanian <kde-i18n-lt@kde.org>
ksshaskpass,43,0,0,12,0,0,40,43,100.0,Lithuanian <kde-i18n-lt@kde.org>
kstars,13358,11949,31405,2659,4907,8367,11266,56712,23.554097898152065,Lithuanian <kde-i18n-lt@kde.org>
ksudoku,173,11,1475,45,4,109,224,1659,10.427968655816757,Lithuanian <kde-i18n-lt@kde.org>
ksysguard,1019,30,33,216,10,11,866,1082,94.17744916820703,lt <kde-i18n-lt@kde.org>
ksystemlog,2806,98,130,431,16,32,2296,3034,92.48516809492419,lt <kde-i18n-lt@kde.org>
kteatime,201,0,0,65,0,0,237,201,100.0,Lithuanian <kde-i18n-doc@kde.org>
ktimer,53,0,205,26,0,27,47,258,20.54263565891473,lt <kde-i18n-lt@kde.org>
ktorrent,4301,695,2542,1091,124,167,3779,7538,57.05757495356859,Lithuanian <kde-i18n-doc@kde.org>
ktouch,715,12,144,218,3,21,676,871,82.08955223880598,Lithuanian <kde-i18n-lt@kde.org>
ktp-accounts-kcm,786,108,206,266,16,27,775,1100,71.45454545454545,lt <kde-i18n-lt@kde.org>
ktp-approver,52,18,1,13,4,1,55,71,73.23943661971832,Lithuanian <kde-i18n-lt@kde.org>
ktp-auth-handler,62,0,21,21,0,3,59,83,74.69879518072288,Lithuanian <kde-i18n-lt@kde.org>
ktp-common-internals,157,36,796,52,14,140,141,989,15.874620829120323,Lithuanian <kde-i18n-lt@kde.org>
ktp-contact-list,328,42,310,90,16,21,307,680,48.23529411764706,lt <kde-i18n-lt@kde.org>
ktp-contact-runner,169,38,1,33,9,1,144,208,81.25,Lithuanian <kde-i18n-lt@kde.org>
ktp-desktop-applets,38,0,37,12,0,10,29,75,50.66666666666667,none
ktp-filetransfer-handler,137,0,4,37,0,2,141,141,97.16312056737588,Lithuanian <kde-i18n-lt@kde.org>
ktp-kded-integration-module,179,22,289,32,6,21,152,490,36.53061224489796,Lithuanian <kde-i18n-lt@kde.org>
ktp-send-file,55,4,1,16,1,1,52,60,91.66666666666666,Lithuanian <kde-i18n-lt@kde.org>
ktp-text-ui,443,24,974,103,6,212,387,1441,30.742539902845245,Lithuanian <kde-i18n-lt@kde.org>
ktuberling,104,3,51,34,1,3,95,158,65.82278481012658,Lithuanian <kde-i18n-lt@kde.org>
kturtle,1513,0,14,343,0,3,1386,1527,99.08316961362148,Lithuanian <kde-i18n-lt@kde.org>
kubrick,10,4,1189,7,1,157,10,1203,0.8312551953449709,Lithuanian <kde-i18n-lt@kde.org>
kwalletmanager5,665,53,84,144,8,14,542,802,82.91770573566085,Lithuanian <kde-i18n-lt@kde.org>
kwebkitpart,625,3,14,145,1,1,545,642,97.35202492211839,Lithuanian <kde-i18n-lt@kde.org>
kwin,4342,557,1320,948,43,221,3818,6219,69.81829876185883,Lithuanian <kde-i18n-lt@kde.org>
kwordquiz,1615,166,245,338,38,38,1467,2026,79.7137216189536,lt <kde-i18n-lt@kde.org>
kxstitch,0,0,1966,0,0,560,0,1966,0.0,none
l3afpad,113,0,17,61,0,3,114,130,86.92307692307692,Lithuanian <komp_lt@konferencijos.lt>
lasem,29,0,0,10,0,0,27,29,100.0,Lietuvių <gnome-lt@lists.akl.lt>
latexila,2373,0,0,603,0,0,1991,2373,100.0,Lietuvių <gnome-lt@lists.akl.lt>
lazarus,42165,46,51,10402,2,17,39153,42262,99.77047939046898,Lithuanian <kde-i18n-lt@kde.org>
ldm,0,0,55,0,0,19,0,55,0.0,Lithuanian <lt@li.org>
leafpad,125,0,0,68,0,0,123,125,100.0,Lithuanian <komp_lt@konferencijos.lt>
libappstream-glib,456,0,0,98,0,0,394,456,100.0,Lithuanian
libbonobo,543,0,0,107,0,0,492,543,100.0,Lithuanian <komp_lt@konferencijos.lt>
libbonoboui,368,0,0,115,0,0,318,368,100.0,Lithuanian <gnome-lt@lists.akl.lt>
libbytesize,0,0,17,0,0,17,0,17,0.0,Lithuanian
libcryptui,752,0,0,192,0,0,650,752,100.0,Lietuvių <gnome-lt@lists.akl.lt>
libfm,1575,0,0,394,0,0,1400,1575,100.0,Lietuvių <>
libgda,723,3478,6941,222,809,1023,674,11142,6.488960689283791,Lithuanian <komp_lt@konferencijos.lt>
libgdata,684,0,0,84,0,0,526,684,100.0,Lietuvių <gnome-lt@lists.akl.lt>
libgdl,659,0,0,96,0,0,529,659,100.0,Lietuvių <gnome-lt@lists.akl.lt>
libgnome,1773,0,0,273,0,0,1510,1773,100.0,Lithuanian <komp_lt@konferencijos.lt>
libgnome-games-support,43,0,0,14,0,0,42,43,100.0,Lietuvių <gnome-lt@lists.akl.lt>
libgnome-keyring,44,0,0,9,0,0,30,44,100.0,Lithuanian <gnome-lt@lists.akl.lt>
libgnomecanvas,378,0,0,95,0,0,331,378,100.0,Lithuanian <gnome-lt@lists.akl.lt>
libgnomekbd,188,0,0,40,0,0,157,188,100.0,Lietuvių <gnome-lt@lists.akl.lt>
libgnomeui,1226,0,0,320,0,0,985,1226,100.0,Lithuanian <komp_lt@konferencijos.lt>
libgovirt,102,0,0,23,0,0,90,102,100.0,Lietuvių <gnome-lt@lists.akl.lt>
libgsf,720,0,0,150,0,0,621,720,100.0,Lietuvių <gnome-lt@lists.akl.lt>
libgtop2,126,0,0,40,0,0,132,126,100.0,Lietuvių <gnome-lt@lists.akl.lt>
libgweather,6365,0,0,4674,0,0,6308,6365,100.0,Lietuvių <gnome-lt@lists.akl.lt>
libgxim,0,0,124,0,0,24,0,124,0.0,LANGUAGE <LL@li.org>
libkdegames,132,7,231,77,3,52,129,370,35.67567567567568,lt <kde-i18n-lt@kde.org>
libkeduvocdocument,146,19,6,76,4,1,155,171,85.38011695906432,Lithuanian <kde-i18n-lt@kde.org>
libkexif,4,7,14,3,5,6,4,25,16.0,none
libkfbapi,42,0,0,6,0,0,35,42,100.0,Lithuanian <kde-i18n-doc@kde.org>
libkgapi,0,25,307,0,6,68,0,332,0.0,Lithuanian <kde-i18n-doc@kde.org>
libkmahjongg,7,0,0,7,0,0,7,7,100.0,Lithuanian <kde-i18n-lt@kde.org>
libkomparediff2,38,0,105,12,0,7,34,143,26.573426573426573,Lithuanian <kde-i18n-lt@kde.org>
libksysguard,2640,115,411,276,15,105,2273,3166,83.3859759949463,Lithuanian <kde-i18n-lt@kde.org>
libktorrent,519,0,0,115,0,0,478,519,100.0,Lithuanian <kde-i18n-doc@kde.org>
libmatekbd,243,0,8,41,0,2,200,251,96.81274900398407,Lithuanian (https://www.transifex.com/mate/teams/13566/lt/)
libmatemixer,242,0,0,126,0,0,262,242,100.0,Lithuanian (https://www.transifex.com/mate/teams/13566/lt/)
libmateweather,6124,0,0,4557,0,0,6075,6124,100.0,Lithuanian (https://www.transifex.com/mate/teams/13566/lt/)
libosinfo,0,0,662,0,0,145,0,662,0.0,Lithuanian
libpeas,112,0,0,34,0,0,94,112,100.0,Lietuvių <gnome-lt@lists.akl.lt>
libreoffice,145352,1419,414090,34949,768,42058,126734,560861,25.915868637683847,LANGUAGE <LL@li.org>
libreport,0,0,3501,0,0,452,0,3501,0.0,Lithuanian (http://www.transifex.com/projects/p/libreport/language/lt/)
libsecret,59,0,0,9,0,0,45,59,100.0,Lietuvių <gnome-lt@lists.akl.lt>
libsoup,158,0,0,37,0,0,152,158,100.0,Lietuvių <gnome-lt@lists.akl.lt>
libvirt,922,3663,59306,217,660,9005,922,63891,1.4430827503091204,Lithuanian (http://www.transifex.com/projects/p/fedora/language/lt/)
libvirt-glib,0,0,145,0,0,29,0,145,0.0,Lithuanian (http://www.transifex.com/projects/p/libvirt-glib/language/lt/)
libvirt-sandbox,0,0,617,0,0,111,0,617,0.0,Lithuanian (http://www.transifex.com/projects/p/fedora/language/lt/)
libwnck,1124,0,0,241,0,0,913,1124,100.0,Lithuanian <gnome-lt@lists.akl.lt>
libwnck3,1086,0,0,231,0,0,940,1086,100.0,Lietuvių <gnome-lt@lists.akl.lt>
libxfce4ui,734,0,137,140,0,29,690,871,84.27095292766934,Lithuanian (http://www.transifex.com/projects/p/libxfce4ui/language/lt/)
libxfce4util,424,0,0,7,0,0,424,424,100.0,Lietuvių <>
libzypp,2100,7,318,821,2,135,1934,2425,86.5979381443299,Lithuanian <https://l10n.opensuse.org/projects/libzypp/master/lt/>
liferea,1209,188,816,331,57,107,1061,2213,54.63172164482602,Lithuanian <komp_lt@konferencijos.lt>
light-locker,260,0,0,37,0,0,229,260,100.0,Lithuanian (http://www.transifex.com/the_cavalry/light-locker/language/lt/)
lightdm,130,0,33,20,0,1,110,163,79.75460122699386,Lithuanian <lt@li.org>
lightdm-gtk,87,0,0,25,0,0,83,87,100.0,Lithuanian <lt@li.org>
lightdm-gtk-greeter-settings,519,0,0,171,0,0,495,519,100.0,Lithuanian <lt@li.org>
lightdm-settings,271,0,0,59,0,0,221,271,100.0,Lithuanian <lt@li.org>
lightsoff,97,0,0,19,0,0,100,97,100.0,Lietuvių <gnome-lt@lists.akl.lt>
lokalize,2084,5,1468,523,3,69,1896,3557,58.58869834129885,lt <kde-i18n-lt@kde.org>
lollypop,1279,0,0,461,0,0,1259,1279,100.0,Lithuanian <https://hosted.weblate.org/projects/gnumdk/lollypop/lt/>
lskat,58,0,196,33,0,50,62,254,22.83464566929134,Lithuanian <kde-i18n-lt@kde.org>
lxappearance,207,7,20,73,2,5,194,234,88.46153846153845,LANGUAGE <LL@li.org>
lxappearance-obconf,196,0,0,27,0,0,150,196,100.0,LANGUAGE <LL@li.org>
lxde-common,0,0,14,0,0,5,0,14,0.0,LANGUAGE <LL@li.org>
lxdm,47,0,0,25,0,0,45,47,100.0,Lietuvių <>
lxinput,72,0,11,24,0,2,64,83,86.74698795180723,LANGUAGE <LL@li.org>
lxlauncher,51,0,7,11,0,6,41,58,87.93103448275862,LANGUAGE <LL@li.org>
lxmenu-data,97,0,0,37,0,0,95,97,100.0,Lithuanian <gnome-lt@lists.akl.lt>
lxmusic,203,0,0,89,0,0,183,203,100.0,Lietuvių <>
lxpanel,1367,0,31,445,0,22,1327,1398,97.78254649499286,Lietuvių <>
lxrandr,167,0,0,41,0,0,159,167,100.0,LANGUAGE <LL@li.org>
lxsession,755,0,0,166,0,0,736,755,100.0,Lietuvių
lxshortcut,43,0,0,19,0,0,40,43,100.0,LANGUAGE <LL@li.org>
lxtask,130,0,0,51,0,0,135,130,100.0,Lietuvių <>
lxterminal,202,0,0,98,0,0,207,202,100.0,Lietuvių <>
mailman,1909,1613,20752,413,219,840,1507,24274,7.864381642910109,Lithuanian <info@akl.lt>
make,306,576,1384,94,112,226,286,2266,13.503971756398942,Lithuanian <komp_lt@konferencijos.lt>
marble,3429,3423,4563,1766,651,878,3275,11415,30.039421813403415,Lithuanian <kde-i18n-lt@kde.org>
marco,4148,0,0,413,0,0,3600,4148,100.0,Lithuanian (https://www.transifex.com/mate/teams/13566/lt/)
massif-visualizer,1,0,356,1,0,108,1,357,0.2801120448179272,lt <kde-i18n-lt@kde.org>
mate-applets,7420,0,8916,771,0,808,6005,16336,45.42115572967679,Lithuanian (https://www.transifex.com/mate/teams/13566/lt/)
mate-backgrounds,51,0,0,28,0,0,50,51,100.0,Lithuanian (https://www.transifex.com/mate/teams/13566/lt/)
mate-calc,1410,0,1585,456,0,202,1338,2995,47.07846410684474,Lithuanian (https://www.transifex.com/mate/teams/13566/lt/)
mate-control-center,3145,0,4770,682,0,315,2788,7915,39.734680985470625,Lithuanian (https://www.transifex.com/mate/teams/13566/lt/)
mate-desktop,2305,0,0,299,0,0,1890,2305,100.0,Lithuanian (https://www.transifex.com/mate/teams/13566/lt/)
mate-icon-theme,4,0,0,2,0,0,4,4,100.0,Lithuanian (https://www.transifex.com/mate/teams/13566/lt/)
mate-media,226,0,0,96,0,0,222,226,100.0,Lithuanian (https://www.transifex.com/mate/teams/13566/lt/)
mate-menu,316,0,0,118,0,0,314,316,100.0,Lithuanian (http://www.transifex.com/mate/MATE/language/lt/)
mate-menus,97,0,0,37,0,0,94,97,100.0,Lithuanian (https://www.transifex.com/mate/teams/13566/lt/)
mate-notification-daemon,139,0,0,37,0,0,119,139,100.0,Lithuanian (https://www.transifex.com/mate/teams/13566/lt/)
mate-panel,5250,0,1282,624,0,136,4248,6532,80.37354562155542,Lithuanian (https://www.transifex.com/mate/teams/13566/lt/)
mate-polkit,122,0,0,20,0,0,107,122,100.0,Lithuanian (https://www.transifex.com/mate/teams/13566/lt/)
mate-power-manager,3161,0,2085,458,0,123,2728,5246,60.25543271063668,Lithuanian (https://www.transifex.com/mate/teams/13566/lt/)
mate-screensaver,983,0,0,156,0,0,792,983,100.0,Lithuanian (https://www.transifex.com/mate/teams/13566/lt/)
mate-sensors-applet,737,0,1478,121,0,103,631,2215,33.27313769751693,Lithuanian (https://www.transifex.com/mate/teams/13566/lt/)
mate-session-manager,681,0,0,114,0,0,591,681,100.0,Lithuanian (https://www.transifex.com/mate/teams/13566/lt/)
mate-settings-daemon,1764,0,0,253,0,0,1483,1764,100.0,Lithuanian (https://www.transifex.com/mate/teams/13566/lt/)
mate-system-monitor,1798,0,2532,349,0,256,1648,4330,41.52424942263279,Lithuanian (https://www.transifex.com/mate/teams/13566/lt/)
mate-terminal,5116,0,3337,552,0,238,3848,8453,60.52289128120194,Lithuanian (https://www.transifex.com/mate/teams/13566/lt/)
mate-themes,60,0,0,12,0,0,56,60,100.0,Lithuanian (http://www.transifex.com/mate/MATE/language/lt/)
mate-user-guide,885,0,43796,188,0,3217,774,44681,1.9807076833553414,Lithuanian (https://www.transifex.com/mate/teams/13566/lt/)
mate-utils,5904,0,4198,817,0,269,4788,10102,58.443872500494955,Lithuanian (https://www.transifex.com/mate/teams/13566/lt/)
maya-calendar,427,0,0,172,0,0,450,427,100.0,Lithuanian <https://l10n.elementary.io/projects/calendar/calendar/lt/>
mbox-importer,33,7,0,11,2,0,27,40,82.5,Lithuanian <kde-i18n-lt@kde.org>
mc,1471,0,2682,558,0,660,1386,4153,35.42017818444498,Lithuanian (http://www.transifex.com/mc/mc/language/lt/)
menulibre,849,0,0,164,0,0,726,849,100.0,Lithuanian <lt@li.org>
metacity,1891,106,199,290,8,15,1736,2196,86.11111111111111,Lietuvių <gnome-lt@lists.akl.lt>
midori,2114,0,1427,534,0,262,1889,3541,59.700649534029935,Lietuvių <>
minetest,598,238,5570,229,98,697,588,6406,9.334998438963472,Lithuanian <https://hosted.weblate.org/projects/minetest/minetest/lt/>
mingw-GConf2,4088,0,0,497,0,0,3544,4088,100.0,Lithuanian <komp_lt@konferencijos.lt>
mingw-atk,440,0,0,169,0,0,381,440,100.0,Lietuvių <gnome-lt@lists.akl.lt>
mingw-colord,0,0,583,0,0,145,0,583,0.0,Lithuanian (http://www.transifex.com/projects/p/freedesktop/language/lt/)
mingw-gdk-pixbuf,1409,0,0,211,0,0,1229,1409,100.0,Lietuvių <gnome-lt@lists.akl.lt>
mingw-glib-networking,163,0,0,29,0,0,145,163,100.0,Lietuvių <gnome-lt@lists.akl.lt>
mingw-glib2,7036,0,0,1131,0,0,6072,7036,100.0,Lietuvių <gnome-lt@lists.akl.lt>
mingw-gstreamer,1829,29,59,331,7,10,1547,1917,95.4094940010433,Lithuanian <komp_lt@konferencijos.lt>
mingw-gstreamer-plugins-bad-free,49,21,26,8,4,2,40,96,51.041666666666664,Lithuanian <komp_lt@konferencijos.lt>
mingw-gstreamer-plugins-base,567,73,268,120,12,46,483,908,62.44493392070485,Lithuanian <komp_lt@konferencijos.lt>
mingw-gstreamer-plugins-good,750,34,30,180,4,6,637,814,92.13759213759214,Lithuanian <komp_lt@konferencijos.lt>
mingw-gstreamer1,1671,168,239,307,26,42,1407,2078,80.4138594802695,Lithuanian <komp_lt@konferencijos.lt>
mingw-gstreamer1-plugins-bad-free,30,39,128,5,6,18,26,197,15.228426395939088,Lithuanian <komp_lt@konferencijos.lt>
mingw-gstreamer1-plugins-base,316,137,515,70,30,102,265,968,32.64462809917356,Lithuanian <komp_lt@konferencijos.lt>
mingw-gstreamer1-plugins-good,415,240,139,45,31,21,317,794,52.267002518891694,Lithuanian <komp_lt@konferencijos.lt>
mingw-gtk-vnc,8,0,0,3,0,0,8,8,100.0,Lietuvių <>
mingw-gtk2,13699,5,0,2783,1,0,11054,13704,99.96351430239346,Lithuanian <komp_lt@konferencijos.lt>
mingw-gtk3,16056,0,0,3601,0,0,13005,16056,100.0,Lietuvių <gnome-lt@lists.akl.lt>
mingw-gtksourceview3,1156,0,0,630,0,0,1154,1156,100.0,Lietuvių <gnome-lt@lists.akl.lt>
mingw-gtkspell3,15,0,0,6,0,0,14,15,100.0,Lithuanian <komp_lt@konferencijos.lt>
mingw-json-glib,303,0,0,44,0,0,246,303,100.0,Lietuvių <gnome-lt@lists.akl.lt>
mingw-libgsf,720,0,0,150,0,0,621,720,100.0,Lietuvių <gnome-lt@lists.akl.lt>
mingw-libosinfo,0,0,2049,0,0,604,0,2049,0.0,Lithuanian
mingw-libsoup,155,0,0,36,0,0,148,155,100.0,Lietuvių <gnome-lt@lists.akl.lt>
mingw-libvirt,922,3663,59306,217,660,9005,922,63891,1.4430827503091204,Lithuanian (http://www.transifex.com/projects/p/fedora/language/lt/)
mingw-libvirt-glib,0,0,145,0,0,29,0,145,0.0,Lithuanian (http://www.transifex.com/projects/p/libvirt-glib/language/lt/)
mingw-p11-kit,0,0,476,0,0,81,0,476,0.0,Lithuanian (http://www.transifex.com/freedesktop/p11-kit/language/lt/)
mingw-qt5-qtwebkit,1052,649,930,254,140,178,955,2631,39.98479665526416,Lithuanian <komp_lt@konferencijos.lt>
mingw-webkitgtk,1052,641,930,254,138,178,955,2623,40.10674799847503,Lithuanian <komp_lt@konferencijos.lt>
mingw-webkitgtk3,1052,641,930,254,138,178,955,2623,40.10674799847503,Lithuanian <komp_lt@konferencijos.lt>
mkvtoolnix,1116,2757,18541,356,698,1694,1002,22414,4.9790309627911125,Lithuanian (http://www.transifex.com/moritz-bunkus/mkvtoolnix/language/lt/)
modem-manager-gui,27,0,1522,13,0,409,27,1549,1.7430600387346677,Lithuanian (http://www.transifex.com/ethereal/modem-manager-gui/language/lt/)
moin,4640,127,277,801,25,107,3946,5044,91.99048374306106,
moodle,52,0,0,14,0,0,53,52,100.0,Lithuanian <vilius@lnk.lt>
mousepad,1088,0,0,306,0,0,946,1088,100.0,Lithuanian (http://www.transifex.com/xfce/xfce-apps/language/lt/)
mousetweaks,114,0,0,30,0,0,97,114,100.0,Lithuanian <gnome-lt@lists.akl.lt>
mozo,42,0,0,16,0,0,37,42,100.0,Lithuanian (https://www.transifex.com/mate/teams/13566/lt/)
msitools,71,0,0,26,0,0,61,71,100.0,Lietuvių <gnome-lt@lists.akl.lt>
muffin,2511,0,0,361,0,0,2203,2511,100.0,Lithuanian <gnome-lt@lists.akl.lt>
mutt,2914,1733,1232,683,321,224,2537,5879,49.56625276407552,Lithuanian <komp_lt@konferencijos.lt>
mutter,1085,0,0,135,0,0,980,1085,100.0,Lietuvių <gnome-lt@lists.akl.lt>
nautilus,5620,0,0,1087,0,0,5063,5620,100.0,Lietuvių <gnome-lt@lists.akl.lt>
nautilus-sendto,56,0,0,10,0,0,49,56,100.0,Lietuvių <gnome-lt@lists.akl.lt>
nemiver,1341,0,0,340,0,0,1145,1341,100.0,Lietuvių <gnome-lt@lists.akl.lt>
nemo-extensions,258,0,0,49,0,0,222,258,100.0,Lithuanian <lt@li.org>
network-manager-applet,4700,0,0,966,0,0,4225,4700,100.0,Lietuvių <gnome-lt@lists.akl.lt>
newt,4,0,0,4,0,0,4,4,100.0,Lithuanian <komp_lt@konferencijos.lt>
nicotine+,5099,0,6,1091,0,6,4621,5105,99.8824681684623,Lithuanian <komp_lt@konferencijos.lt>
noise,1322,0,0,377,0,0,1269,1322,100.0,Lithuanian <https://l10n.elementary.io/projects/music/music/lt/>
notejot,17,0,31,13,0,7,19,48,35.41666666666667,
notification-daemon,33,0,0,11,0,0,32,33,100.0,Lietuvių <gnome-lt@lists.akl.lt>
novprog,71,0,0,5,0,0,55,71,100.0,Lithuanian (http://www.transifex.com/gottcode/novprog/language/lt/)
obconf,723,0,15,153,0,3,589,738,97.96747967479675,Lietuvių <>
oggconvert,130,0,2,43,0,1,124,132,98.48484848484848,Lithuanian <lt@li.org>
okteta,360,32,2121,222,15,366,367,2513,14.325507361719062,Lithuanian <kde-i18n-lt@kde.org>
okular,2582,250,1676,724,51,103,2371,4508,57.275953859804794,Lithuanian <kde-i18n-lt@kde.org>
onboard,540,0,1778,170,0,340,488,2318,23.295944779982744,Lithuanian <lt@li.org>
openbox,506,0,0,94,0,0,417,506,100.0,Lietuvių <>
openconnect,5010,0,209,867,0,32,4650,5219,95.99540141789615,Lithuanian (http://www.transifex.net/projects/p/meego/team/lt/)
openerp,15125,0,50649,4365,0,6719,12952,65774,22.995408520083924,
optimizer,0,0,111,0,0,54,0,111,0.0,none
orage,2389,0,542,846,0,184,2224,2931,81.5080177413852,Lithuanian (http://www.transifex.com/projects/p/xfce-apps/language/lt/)
orca,5556,0,0,1842,0,0,5359,5556,100.0,Lietuvių <gnome-lt@lists.akl.lt>
osinfo-db-tools,0,0,56,0,0,12,0,56,0.0,Lithuanian
osmo,1694,29,48,692,1,5,1667,1771,95.65217391304348,Lithuanian (http://www.transifex.com/pasp/osmo/language/lt/)
p11-kit,0,0,476,0,0,81,0,476,0.0,Lithuanian (http://www.transifex.com/freedesktop/p11-kit/language/lt/)
pacman,5398,0,0,896,0,0,4754,5398,100.0,Lithuanian (http://www.transifex.com/toofishes/archlinux-pacman/language/lt/)
palapeli,411,60,1041,92,8,80,359,1512,27.18253968253968,Lithuanian <kde-i18n-lt@kde.org>
pam,0,0,597,0,0,120,0,597,0.0,Lithuanian (http://www.transifex.com/projects/p/fedora/language/lt/)
pan,37,1567,1564,27,449,276,41,3168,1.167929292929293,Lithuanian <komp_lt@konferencijos.lt>
pantheon-agent-geoclue2,45,0,1,12,0,1,44,46,97.82608695652173,LANGUAGE <LL@li.org>
pantheon-agent-polkit,16,3,1,8,1,1,21,20,80.0,LANGUAGE <LL@li.org>
pantheon-calculator,78,0,0,36,0,0,90,78,100.0,LANGUAGE <LL@li.org>
pantheon-files,2676,0,0,523,0,0,2581,2676,100.0,Lithuanian <lt@li.org>
pantheon-greeter,29,0,0,10,0,0,31,29,100.0,Lithuanian <lt@li.org>
pantheon-photos,4114,0,0,873,0,0,4306,4114,100.0,Lithuanian <https://l10n.elementary.io/projects/photos/photos/lt/>
pantheon-terminal,224,0,0,58,0,0,209,224,100.0,Lithuanian <lt@li.org>
parley,2220,950,680,507,159,87,2066,3850,57.66233766233766,lt <kde-i18n-lt@kde.org>
parole,1099,0,0,299,0,0,1043,1099,100.0,Lithuanian (http://www.transifex.com/xfce/xfce-apps/language/lt/)
pdfmod,204,0,0,53,0,0,221,204,100.0,Lithuanian <gnome-lt@lists.akl.lt>
pgadmin3,1189,8918,6791,431,2389,1582,1044,16898,7.036335661024973,LANGUAGE <LL@li.org>
php-horde-Horde-Alarm,13,0,0,5,0,0,16,13,100.0,Lithuanian <vilius@lnk.lt>
php-horde-Horde-Argv,60,0,0,13,0,0,56,60,100.0,Lithuanian <vilius@lnk.lt>
php-horde-Horde-Browser,66,0,0,6,0,0,40,66,100.0,Lithuanian <vilius@lnk.lt>
php-horde-Horde-Cli,11,0,0,3,0,0,9,11,100.0,Lithuanian <vilius@lnk.lt>
php-horde-Horde-Compress,25,0,0,6,0,0,24,25,100.0,Lithuanian <vilius@lnk.lt>
php-horde-Horde-Core,837,0,0,226,0,0,719,837,100.0,Lithuanian <vilius@lnk.lt>
php-horde-Horde-Crypt,399,0,0,98,0,0,349,399,100.0,Lithuanian <vilius@lnk.lt>
php-horde-Horde-Data,7,0,0,2,0,0,5,7,100.0,Lithuanian <vilius@lnk.lt>
php-horde-Horde-Date,42,0,0,12,0,0,53,42,100.0,Lithuanian <vilius@lnk.lt>
php-horde-Horde-Exception,4,0,0,2,0,0,3,4,100.0,Lithuanian <vilius@lnk.lt>
php-horde-Horde-Form,553,0,0,146,0,0,493,553,100.0,Lithuanian <vilius@lnk.lt>
php-horde-Horde-Icalendar,3,0,0,1,0,0,2,3,100.0,Lithuanian <vilius@lnk.lt>
php-horde-Horde-Image,581,0,0,285,0,0,602,581,100.0,Lithuanian <vilius@lnk.lt>
php-horde-Horde-Imsp,3,0,0,1,0,0,2,3,100.0,Lithuanian <vilius@lnk.lt>
php-horde-Horde-Itip,56,0,0,10,0,0,36,56,100.0,Lithuanian <vilius@lnk.lt>
php-horde-Horde-Kolab-Storage,456,0,0,47,0,0,407,456,100.0,Lithuanian <vilius@lnk.lt>
php-horde-Horde-LoginTasks,6,0,0,5,0,0,9,6,100.0,Lithuanian <vilius@lnk.lt>
php-horde-Horde-Mime,48,0,0,12,0,0,50,48,100.0,Lithuanian <vilius@lnk.lt>
php-horde-Horde-Mime-Viewer,47,0,0,20,0,0,49,47,100.0,Lithuanian <vilius@lnk.lt>
php-horde-Horde-Nls,430,0,0,263,0,0,409,430,100.0,Lithuanian <vilius@lnk.lt>
php-horde-Horde-Perms,4,0,0,4,0,0,4,4,100.0,Lithuanian <vilius@lnk.lt>
php-horde-Horde-Prefs,23,0,0,8,0,0,20,23,100.0,Lithuanian <vilius@lnk.lt>
php-horde-Horde-Rpc,48,0,0,7,0,0,40,48,100.0,Lithuanian <vilius@lnk.lt>
php-horde-Horde-Share,8,0,0,1,0,0,5,8,100.0,Lithuanian <vilius@lnk.lt>
php-horde-Horde-SyncMl,3,0,0,1,0,0,3,3,100.0,Lithuanian <vilius@lnk.lt>
php-horde-Horde-Text-Filter,1,0,0,1,0,0,1,1,100.0,Lithuanian <vilius@lnk.lt>
php-horde-Horde-Token,39,0,0,3,0,0,35,39,100.0,Lithuanian <vilius@lnk.lt>
php-horde-Horde-Vfs,10,0,0,3,0,0,9,10,100.0,Lithuanian <vilius@lnk.lt>
php-horde-horde,3522,0,0,942,0,0,2957,3522,100.0,Lithuanian <vilius@lnk.lt>
php-horde-imp,6681,0,0,1344,0,0,5522,6681,100.0,Lithuanian <vilius@lnk.lt>
php-horde-ingo,909,0,0,239,0,0,783,909,100.0,Lithuanian <vilius@lnk.lt>
php-horde-kronolith,3581,0,0,779,0,0,2927,3581,100.0,Lithuanian <vilius@lnk.lt>
php-horde-mnemo,537,0,0,153,0,0,452,537,100.0,Lithuanian <vilius@lnk.lt>
php-horde-nag,1356,0,0,334,0,0,1177,1356,100.0,Lithuanian <vilius@lnk.lt>
php-horde-passwd,559,0,0,80,0,0,461,559,100.0,Lithuanian <vilius@lnk.lt>
php-horde-turba,1666,0,0,398,0,0,1404,1666,100.0,Lithuanian <vilius@lnk.lt>
php-phpmyadmin-sql-parser,0,92,135,0,19,25,0,227,0.0,Lithuanian <https://hosted.weblate.org/projects/phpmyadmin/master/lt/>
picard,68,0,2426,45,0,622,89,2494,2.72654370489174,Lithuanian (http://www.transifex.com/musicbrainz/musicbrainz/language/lt/)
picmi,72,0,125,51,0,63,72,197,36.54822335025381,Lithuanian <kde-i18n-lt@kde.org>
pidgin,15539,10,207,3412,1,20,14221,15756,98.62274689007361,Lithuanian (http://www.transifex.com/pidgin/pidgin/language/lt/)
pidgin-birthday-reminder,289,0,0,66,0,0,278,289,100.0,Lithuanian (http://www.transifex.com/kgraefe/pidgin-birthday-reminder/language/lt/)
pidgin-sipe,1119,0,0,273,0,0,1027,1119,100.0,Lithuanian (http://www.transifex.com/stefanb/pidgin-sipe/language/lt/)
pim-data-exporter,63,94,566,33,28,120,62,723,8.71369294605809,Lithuanian <kde-i18n-lt@kde.org>
pim-sieve-editor,0,0,435,0,0,117,0,435,0.0,none
pinta,371,0,1247,171,0,357,386,1618,22.92954264524104,Lithuanian <lt@li.org>
pitivi,2054,0,0,407,0,0,1795,2054,100.0,Lietuvių <gnome-lt@lists.akl.lt>
pix,3718,0,0,1202,0,0,3281,3718,100.0,Lietuvių <gnome-lt@lists.akl.lt>
plank,189,0,0,50,0,0,186,189,100.0,Lithuanian <lt@li.org>
planner,1796,0,0,526,0,0,1576,1796,100.0,Lithuanian <komp_lt@konferencijos.lt>
plasma-breeze,227,10,30,85,5,11,227,267,85.0187265917603,Lithuanian <kde-i18n-lt@kde.org>
plasma-desktop,9417,659,1430,1992,115,203,8421,11506,81.84425517121502,Lithuanian <kde-i18n-lt@kde.org>
plasma-discover,757,144,361,258,47,79,689,1262,59.98415213946118,Lithuanian <kde-i18n-lt@kde.org>
plasma-drkonqi,3954,61,0,374,3,0,3178,4015,98.48069738480697,Lithuanian <kde-i18n-lt@kde.org>
plasma-mediacenter,168,0,4,86,0,1,169,172,97.67441860465115,Lithuanian <kde-i18n-lt@kde.org>
plasma-milou,13,0,29,12,0,5,13,42,30.952380952380953,Lithuanian <kde-i18n-lt@kde.org>
plasma-nm,2024,220,2021,711,66,287,1943,4265,47.456037514654156,Lithuanian <kde-i18n-lt@kde.org>
plasma-oxygen,722,27,59,271,9,15,694,808,89.35643564356435,Lithuanian <kde-i18n-lt@kde.org>
plasma-pa,158,4,22,68,2,5,147,184,85.86956521739131,Lithuanian <kde-i18n-lt@kde.org>
plasma-pk-updates,2051,13,17,395,4,1,1611,2081,98.55838539163864,Lithuanian <kde-i18n-lt@kde.org>
plasma-sdk,430,65,241,131,8,77,402,736,58.42391304347826,none
plasma-systemsettings,216,1,7,52,1,2,199,224,96.42857142857143,Lithuanian <kde-i18n-lt@kde.org>
plasma-user-manager,286,0,9,47,0,2,313,295,96.94915254237289,Lithuanian <kde-i18n-lt@kde.org>
plasma-workspace,4209,323,2478,1506,42,686,4020,7010,60.04279600570614,Lithuanian <kde-i18n-lt@kde.org>
playonlinux,449,0,2279,121,0,328,367,2728,16.458944281524925,Lithuanian <lt@li.org>
pluma,5476,0,7264,1144,0,624,4933,12740,42.982731554160125,Lithuanian (https://www.transifex.com/mate/teams/13566/lt/)
poedit,2774,0,0,620,0,0,2475,2774,100.0,Lithuanian
polari,807,0,0,186,0,0,735,807,100.0,Lietuvių <gnome-lt@lists.akl.lt>
policycoreutils,0,0,15356,0,0,2156,0,15356,0.0,Lithuanian (Lithuania) (http://www.transifex.com/projects/p/fedora/language/lt_LT/)
polkit-gnome,94,0,0,16,0,0,79,94,100.0,Lietuvių <gnome-lt@lists.akl.lt>
polkit-kde,79,8,7,21,4,5,78,94,84.04255319148936,Lithuanian <kde-i18n-lt@kde.org>
powerdevil,583,0,90,114,0,6,525,673,86.62704309063894,Lithuanian <kde-i18n-lt@kde.org>
pragha,733,0,157,242,0,34,677,890,82.35955056179776,Lithuanian (http://www.transifex.com/p/Pragha/language/lt/)
pspp,8192,13,2175,1842,4,162,7772,10380,78.92100192678228,Lithuanian <komp_lt@konferencijos.lt>
pulseaudio,3588,0,0,538,0,0,3303,3588,100.0,
pychess,0,0,4455,0,0,879,0,4455,0.0,Lithuanian (http://www.transifex.com/gbtami/pychess/language/lt/)
pyroom,266,0,145,55,0,19,218,411,64.72019464720195,Lithuanian <lt@li.org>
python-blivet,0,0,522,0,0,74,0,522,0.0,Lithuanian (http://www.transifex.com/projects/p/blivet/language/lt/)
python-blivet1,3,0,693,2,0,129,3,696,0.43103448275862066,Lithuanian
python-caja,6,0,0,2,0,0,5,6,100.0,Lithuanian (https://www.transifex.com/mate/teams/13566/lt/)
python-django,3657,0,0,825,0,0,3432,3657,100.0,Lithuanian (http://www.transifex.com/django/django/language/lt/)
python-django-countries,442,0,0,267,0,0,377,442,100.0,Lithuanian (http://www.transifex.com/smileychris/django-countries/language/lt/)
python-django-formtools,32,0,0,11,0,0,28,32,100.0,Lithuanian (http://www.transifex.com/projects/p/django-formtools/language/lt/)
python-formencode,520,78,215,74,9,32,419,813,63.960639606396064,lt <LL@li.org>
python-lettuce,6485,5,77,1826,7,70,5571,6567,98.75133241967413,Django-i18n <django-i18n@googlegroups.com>
python-meh,0,0,109,0,0,23,0,109,0.0,Lithuanian
python-simpleline,0,0,42,0,0,16,0,42,0.0,Lithuanian
python-sphinx,389,0,868,151,0,126,369,1257,30.946698488464598,Lithuanian (http://www.transifex.com/sphinx-doc/sphinx-1/language/lt/)
python-wxpython4,301,72,7322,236,50,1567,296,7695,3.9116309291747893,KALBA <LL@li.org>
python2-django1.11,3613,0,0,819,0,0,3394,3613,100.0,Lithuanian (http://www.transifex.com/django/django/language/lt/)
qtwebkit,1074,0,0,259,0,0,972,1074,100.0,Lithuanian <komp_lt@konferencijos.lt>
quadrapassel,428,0,0,79,0,0,329,428,100.0,Lietuvių <gnome-lt@lists.akl.lt>
quassel,1847,0,3575,737,0,488,1778,5422,34.064920693471045,Lithuanian (http://www.transifex.com/ald/quassel/language/lt/)
quodlibet,1708,1080,2928,515,332,530,1634,5716,29.881035689293213,Lithuanian (http://www.transifex.net/projects/p/quodlibet/team/lt/)
radiotray,117,0,13,43,0,3,114,130,90.0,Lithuanian (http://www.transifex.com/projects/p/radiotray/language/lt/)
realmd,0,0,789,0,0,127,0,789,0.0,Lithuanian (http://www.transifex.com/freedesktop/realmd/language/lt/)
redhat-menus,221,6,34,73,2,11,213,261,84.67432950191571,Lithuanian <komp_lt@konferencijos.lt>
rednotebook,780,0,367,182,0,58,684,1147,68.00348735832607,Lithuanian <lt@li.org>
redshift,543,0,483,96,0,55,487,1026,52.92397660818714,Lithuanian <lt@li.org>
rekonq,1871,298,33,527,59,7,1732,2202,84.96821071752952,Lithuanian <kde-i18n-lt@kde.org>
remmina,758,0,1566,220,0,360,727,2324,32.61617900172117,Lithuanian <lt@li.org>
revelation,767,0,1178,169,0,233,583,1945,39.43444730077121,LANGUAGE <LL@li.org>
rhn-client-tools,0,0,4057,0,0,420,0,4057,0.0,Lithuanian (http://www.transifex.com/projects/p/spacewalk/language/lt/)
rhnsd,0,0,66,0,0,18,0,66,0.0,LANGUAGE <LL@li.org>
rhythmbox,3769,0,0,979,0,0,3446,3769,100.0,Lietuvių <gnome-lt@lists.akl.lt>
ristretto,761,0,0,198,0,0,698,761,100.0,Lithuanian (http://www.transifex.com/xfce/xfce-apps/language/lt/)
rkward,4470,389,11351,1263,41,914,4134,16210,27.57557063541024,Lithuanian <komp_lt@konferencijos.lt>
rocs,40,162,1193,22,53,211,40,1395,2.867383512544803,Lithuanian <kde-i18n-lt@kde.org>
rsibreak,11,0,1164,6,0,152,15,1175,0.9361702127659575,Lithuanian <kde-i18n-lt@kde.org>
rt,10324,0,1084,2399,0,179,9425,11408,90.49789621318372,Lithuanian <lt@li.org>
rygel,1624,0,0,303,0,0,1376,1624,100.0,Lietuvių <gnome-lt@lists.akl.lt>
scratch,1415,0,55,603,0,23,1376,1470,96.25850340136054,
scratch-text-editor,890,0,0,213,0,0,822,890,100.0,Lithuanian <lt@li.org>
screenshot-tool,146,0,0,44,0,0,146,146,100.0,Lithuanian <https://l10n.elementary.io/projects/screenshot-tool/screenshot-tool/lt/>
sddm-kcm,102,2,0,42,1,0,92,104,98.07692307692307,Lithuanian <kde-i18n-lt@kde.org>
seahorse,2494,0,0,572,0,0,2209,2494,100.0,Lietuvių <gnome-lt@lists.akl.lt>
seahorse-caja,487,0,0,121,0,0,480,487,100.0,Lietuvių <gnome-lt@lists.akl.lt>
seahorse-nautilus,487,0,0,121,0,0,480,487,100.0,Lietuvių <gnome-lt@lists.akl.lt>
sequeler,140,79,33,66,15,12,143,252,55.55555555555556,
setroubleshoot,0,0,660,0,0,181,0,660,0.0,Lithuanian (http://www.transifex.com/projects/p/fedora/language/lt/)
setroubleshoot-plugins,0,0,6208,0,0,221,0,6208,0.0,Lithuanian (http://www.transifex.com/projects/p/fedora/language/lt/)
setuptool,47,0,8,13,0,1,45,55,85.45454545454545,
sflphone,161,74,1871,119,40,317,170,2106,7.644824311490978,Lithuanian <kde-i18n-lt@kde.org>
shared-mime-info,1528,0,431,606,0,153,1650,1959,77.99897907095456,Lithuanian (http://www.transifex.com/freedesktop/shared-mime-info/language/lt/)
shotwell,4825,0,0,1006,0,0,4789,4825,100.0,Lietuvių <gnome-lt@lists.akl.lt>
shutter,3093,0,0,606,0,0,2648,3093,100.0,Lietuvių <>
simple-scan,847,0,0,192,0,0,752,847,100.0,Lietuvių <gnome-lt@lists.akl.lt>
simsu,81,0,0,4,0,0,69,81,100.0,Lithuanian (http://www.transifex.com/gottcode/simsu/language/lt/)
skanlite,148,27,8,52,8,3,127,183,80.87431693989072,Lithuanian <kde-i18n-lt@kde.org>
skrooge,5993,2495,3184,1565,473,392,5106,11672,51.345099383139136,lt <kde-i18n-lt@kde.org>
skychart,1702,0,0,361,0,0,1492,1702,100.0,Lithuanian <kde-i18n-lt@kde.org>
slick-greeter,211,0,0,47,0,0,177,211,100.0,Lithuanian <lt@li.org>
slingshot-launcher,217,0,0,68,0,0,206,217,100.0,Lithuanian <https://weblate.elementary.io/projects/wingpanel/applications-menu/lt/>
smb4k,146,37,6374,96,15,622,147,6557,2.226628031111789,none
smuxi,2841,0,0,600,0,0,2638,2841,100.0,Lithuanian (http://www.transifex.com/projects/p/smuxi/language/lt/)
snap-photobooth,25,0,0,5,0,0,32,25,100.0,Lithuanian <lt@li.org>
snapd,38,0,4269,12,0,469,37,4307,0.8822846528906432,Lithuanian <lt@li.org>
snapper,177,100,466,64,24,92,191,743,23.82234185733513,Lithuanian <https://l10n.opensuse.org/projects/snapper/master/lt/>
sos,0,0,122,0,0,30,0,122,0.0,none
sound-juicer,1254,0,0,228,0,0,1156,1254,100.0,Lietuvių <gnome-lt@lists.akl.lt>
soundconverter,377,0,0,117,0,0,365,377,100.0,Lithuanian <lt@li.org>
spacefm,1342,0,7653,468,0,1146,1261,8995,14.919399666481379,Lithuanian (http://www.transifex.com/ignorantguru/spacefm/language/lt/)
spectacle,398,86,32,74,8,12,329,516,77.13178294573643,Lithuanian <kde-i18n-lt@kde.org>
speedcrunch,93,0,0,10,0,0,93,93,100.0,Lithuanian (http://www.transifex.com/heldercorreia/speedcrunch/language/lt/)
squirrelmail,12784,0,3095,2649,0,117,11223,15879,80.50884816424208,Lithuanian <squirrelmail-i18n@lists.sourceforge.net>
stardict,2392,254,389,506,39,48,2045,3035,78.81383855024711,Lithuanian <kde-i18n-doc@kde.org>
steadyflow,387,0,83,82,0,11,328,470,82.34042553191489,Lithuanian <lt@li.org>
stellarium,5454,0,62742,1656,0,25073,4861,68196,7.997536512405419,Lithuanian (https://www.transifex.com/stellarium/teams/80998/lt/)
step,761,1136,21,222,450,7,719,1918,39.67674661105318,lt <kde-i18n-lt@kde.org>
subdownloader,968,0,0,272,0,0,860,968,100.0,Lithuanian <lt@li.org>
subtitleeditor,3515,0,0,883,0,0,3072,3515,100.0,Lietuvių <>
sudo,98,0,2040,15,0,320,79,2138,4.583723105706268,Lithuanian <komp_lt@konferencijos.lt>
sugar,854,3,1448,251,1,277,811,2305,37.049891540130155,LANGUAGE <LL@li.org>
sugar-abacus,28,0,0,23,0,0,27,28,100.0,LANGUAGE <LL@li.org>
sugar-browse,1,0,188,1,0,51,1,189,0.5291005291005291,LANGUAGE <LL@li.org>
sugar-clock,25,0,41,9,0,12,21,66,37.878787878787875,LANGUAGE <LL@li.org>
sugar-deducto,0,0,109,0,0,23,0,109,0.0,LANGUAGE <LL@li.org>
sugar-distance,0,0,99,0,0,26,0,99,0.0,LANGUAGE <LL@li.org>
sugar-finance,48,0,210,29,0,34,45,258,18.6046511627907,LANGUAGE <LL@li.org>
sugar-fototoon,19,0,102,9,0,37,18,121,15.702479338842975,LANGUAGE <LL@li.org>
sugar-fractionbounce,0,0,68,0,0,23,0,68,0.0,LANGUAGE <LL@li.org>
sugar-getiabooks,54,5,69,10,5,18,50,128,42.1875,LANGUAGE <LL@li.org>
sugar-implode,0,0,77,0,0,20,0,77,0.0,LANGUAGE <LL@li.org>
sugar-infoslicer,0,0,236,0,0,62,0,236,0.0,LANGUAGE <LL@li.org>
sugar-labyrinth,3,0,278,3,0,91,3,281,1.0676156583629894,LANGUAGE <LL@li.org>
sugar-maze,7,0,0,4,0,0,7,7,100.0,LANGUAGE <LL@li.org>
sugar-measure,0,0,155,0,0,73,0,155,0.0,LANGUAGE <LL@li.org>
sugar-memorize,78,0,64,29,0,45,72,142,54.929577464788736,LANGUAGE <LL@li.org>
sugar-moon,98,2,17,26,1,6,98,117,83.76068376068376,LANGUAGE <LL@li.org>
sugar-paint,106,0,0,61,0,0,104,106,100.0,LANGUAGE <LL@li.org>
sugar-physics,15,2,31,15,2,11,15,48,31.25,LANGUAGE <LL@li.org>
sugar-pippy,187,0,87,49,0,17,162,274,68.24817518248175,LANGUAGE <LL@li.org>
sugar-record,0,0,62,0,0,24,0,62,0.0,LANGUAGE <LL@li.org>
sugar-ruler,0,0,29,0,0,8,0,29,0.0,LANGUAGE <LL@li.org>
sugar-speak,26,0,201,11,0,63,27,227,11.45374449339207,LANGUAGE <LL@li.org>
sugar-stopwatch,5,0,0,5,0,0,7,5,100.0,LANGUAGE <LL@li.org>
sugar-terminal,121,0,0,26,0,0,102,121,100.0,LANGUAGE <LL@li.org>
sugar-toolkit-gtk3,159,0,0,111,0,0,173,159,100.0,LANGUAGE <LL@li.org>
sugar-typing-turtle,1,0,598,1,0,126,1,599,0.1669449081803005,LANGUAGE <LL@li.org>
sugar-visualmatch,0,0,158,0,0,78,0,158,0.0,LANGUAGE <LL@li.org>
sugar-words,3,0,0,3,0,0,3,3,100.0,LANGUAGE <LL@li.org>
sugar-write,121,0,0,55,0,0,118,121,100.0,LANGUAGE <LL@li.org>
supertux,548,0,2432,211,0,707,485,2980,18.389261744966444,Lithuanian (http://www.transifex.com/arctic-games/supertux/language/lt/)
supertuxkart,1494,0,1867,398,0,354,1374,3361,44.451056233263905,Lithuanian (http://www.transifex.com/supertuxkart/supertuxkart/language/lt/)
sushi,24,0,0,11,0,0,25,24,100.0,Lithuanian
svgpart,22,0,0,7,0,0,20,22,100.0,Lithuanian <kde-i18n-lt@kde.org>
sweeper,229,0,0,50,0,0,195,229,100.0,Lithuanian <kde-i18n-lt@kde.org>
swell-foop,266,0,0,55,0,0,236,266,100.0,Lietuvių <gnome-lt@lists.akl.lt>
switchboard,61,0,0,18,0,0,61,61,100.0,Lithuanian <lt@li.org>
switchboard-plug-a11y,182,0,0,65,0,0,177,182,100.0,Lithuanian <https://weblate.elementary.io/projects/switchboard/switchboard-plug-a11y/lt/>
switchboard-plug-about,117,0,0,37,0,0,112,117,100.0,Lithuanian <https://weblate.elementary.io/projects/switchboard/switchboard-plug-about/lt/>
switchboard-plug-applications,80,0,6,30,0,2,83,86,93.02325581395348,Lithuanian <https://weblate.elementary.io/projects/switchboard/switchboard-plug-applications/lt/>
switchboard-plug-bluetooth,70,0,4,26,0,2,62,74,94.5945945945946,Lithuanian <https://weblate.elementary.io/projects/switchboard/switchboard-plug-bluetooth/lt/>
switchboard-plug-display,116,0,10,47,0,2,122,126,92.06349206349206,Lithuanian <https://weblate.elementary.io/projects/switchboard/switchboard-plug-display/lt/>
switchboard-plug-keyboard,394,3,7,154,1,2,434,404,97.52475247524752,Lithuanian <https://weblate.elementary.io/projects/switchboard/switchboard-plug-keyboard/lt/>
switchboard-plug-mouse-touchpad,142,0,8,49,0,2,160,150,94.66666666666667,Lithuanian <https://weblate.elementary.io/projects/switchboard/switchboard-plug-mouse-touchpad/lt/>
switchboard-plug-networking,444,0,0,129,0,0,427,444,100.0,Lithuanian <https://weblate.elementary.io/projects/switchboard/switchboard-plug-networking/lt/>
switchboard-plug-notifications,131,0,8,18,0,2,104,139,94.24460431654677,Lithuanian <https://weblate.elementary.io/projects/switchboard/switchboard-plug-notifications/lt/>
switchboard-plug-onlineaccounts,161,0,0,49,0,0,171,161,100.0,Lithuanian <https://l10n.elementary.io/projects/switchboard/switchboard-plug-onlineaccounts/lt/>
switchboard-plug-pantheon-shell,144,0,9,57,0,2,152,153,94.11764705882352,Lithuanian <https://weblate.elementary.io/projects/switchboard/switchboard-plug-pantheon-shell/lt/>
switchboard-plug-printers,336,0,0,138,0,0,316,336,100.0,Lithuanian <https://weblate.elementary.io/projects/switchboard/switchboard-plug-printers/lt/>
switchboard-plug-sharing,130,0,0,28,0,0,120,130,100.0,Lithuanian <https://weblate.elementary.io/projects/switchboard/switchboard-plug-sharing/lt/>
switchboard-plug-sound,131,0,0,46,0,0,136,131,100.0,Lithuanian <https://weblate.elementary.io/projects/switchboard/switchboard-plug-sound/lt/>
switchdesk,137,0,0,19,0,0,102,137,100.0,Lithuanian
sylpheed,5672,890,652,1464,224,109,4819,7214,78.62489603548656,Lithuanian <komp_lt@konferencijos.lt>
synapse,7,0,849,7,0,227,8,856,0.8177570093457943,Lithuanian <lt@li.org>
synaptic,3116,98,17,646,12,4,2759,3231,96.44073042401733,Lithuanian <komp_lt@konferencijos.lt>
syncthing-gtk,1800,0,0,342,0,0,1681,1800,100.0,Lithuanian (http://www.transifex.com/syncthing-gtk/syncthing-gtk/language/lt/)
synfig,1905,8,2783,659,3,516,1536,4696,40.5664395229983,Lithuanian (http://www.transifex.com/morevnaproject/synfig/language/lt/)
synfigstudio,3076,0,3488,1029,0,538,2844,6564,46.86166971358928,Lithuanian (http://www.transifex.com/morevnaproject/synfig/language/lt/)
system-config-firewall,59,581,2174,15,69,247,55,2814,2.0966595593461266,Lithuanian
system-config-kdump,0,0,877,0,0,156,0,877,0.0,LANGUAGE <LL@li.org>
system-config-keyboard,70,15,102,11,14,56,58,187,37.4331550802139,Lithuanian
system-config-language,162,0,35,22,0,7,138,197,82.23350253807106,Lithuanian
system-config-printer,2463,2,985,616,1,282,2233,3450,71.3913043478261,Lithuanian (http://www.transifex.com/projects/p/system-config-printer/language/lt/)
system-config-rootpassword,15,26,75,3,5,11,11,116,12.931034482758621,Lithuanian
system-config-users-docs,0,0,1061,0,0,82,0,1061,0.0,LANGUAGE <LL@li.org>
tagtool,958,0,0,211,0,0,875,958,100.0,Lithuanian <komp_lt@konf.lt>
tali,421,0,0,97,0,0,374,421,100.0,Lietuvių <gnome-lt@lists.akl.lt>
tanglet,128,0,0,6,0,0,95,128,100.0,Lithuanian (http://www.transifex.com/gottcode/tanglet/language/lt/)
tellico,454,447,4725,244,268,674,430,5626,8.06967650195521,lt <kde-i18n-lt@kde.org>
terminator,266,0,1144,101,0,316,238,1410,18.865248226950353,Lithuanian <lt@li.org>
thunar-archive-plugin,86,0,0,13,0,0,82,86,100.0,Lietuvių <>
thunar-media-tags-plugin,156,0,0,58,0,0,145,156,100.0,Lietuvių <>
thunar-vcs-plugin,595,0,0,320,0,0,611,595,100.0,Lithuanian (http://www.transifex.com/xfce/thunar-plugins/language/lt/)
thunar-vfs,335,6,46,66,1,19,270,387,86.56330749354005,Lithuanian <komp_lt@konferencijos.lt>
thunar-volman,459,0,28,108,0,5,361,487,94.25051334702259,Lithuanian (http://www.transifex.com/projects/p/xfce/language/lt/)
tilda,528,44,174,142,11,47,457,746,70.77747989276139,Lithuanian <lt@li.org>
tilix,33,24,1964,14,11,570,33,2021,1.6328550222662048,Lithuanian <https://hosted.weblate.org/projects/terminix/translations/lt/>
timeshift,2910,18,123,570,6,18,2848,3051,95.37856440511308,Lithuanian <lt@li.org>
tomboy,7817,0,0,761,0,0,6192,7817,100.0,Lithuanian <gnome-lt@lists.akl.lt>
totem,1398,0,0,396,0,0,1249,1398,100.0,Lietuvių <gnome-lt@lists.akl.lt>
totem-pl-parser,29,0,0,8,0,0,21,29,100.0,Lietuvių <gnome-lt@lists.akl.lt>
tracker,2212,0,0,369,0,0,1861,2212,100.0,Lietuvių <gnome-lt@lists.akl.lt>
tracker-miners,828,0,0,118,0,0,695,828,100.0,Lietuvių <gnome-lt@lists.akl.lt>
transmageddon,316,0,0,68,0,0,285,316,100.0,Lietuvių <gnome-lt@lists.akl.lt>
transmission,1780,0,29,488,0,6,1887,1809,98.39690436705362,Lithuanian <komp_lt@konferencijos.lt>
transmission-remote-gtk,802,0,3,346,0,1,826,805,99.62732919254658,Lithuanian <lt@li.org>
trojita,0,0,4388,0,0,893,0,4388,0.0,none
tryton,1336,77,161,335,28,58,1250,1574,84.87928843710291,
trytond,0,0,2648,0,0,1207,0,2648,0.0,
trytond-account,0,0,2743,0,5,1215,0,2743,0.0,
trytond-account-invoice,0,0,1028,0,2,370,0,1028,0.0,
trytond-account-invoice-history,0,0,2,0,0,1,0,2,0.0,
trytond-account-invoice-line-standalone,0,0,10,0,0,4,0,10,0.0,
trytond-account-product,0,0,296,0,0,95,0,296,0.0,
trytond-account-statement,0,0,231,0,1,126,0,231,0.0,
trytond-account-stock-anglo-saxon,0,0,74,0,0,12,0,74,0.0,
trytond-account-stock-continental,0,0,325,0,0,69,0,325,0.0,
trytond-analytic-account,0,0,184,0,0,95,0,184,0.0,
trytond-analytic-invoice,0,0,13,0,0,3,0,13,0.0,
trytond-analytic-purchase,0,0,22,0,0,4,0,22,0.0,
trytond-analytic-sale,0,0,13,0,0,3,0,13,0.0,
trytond-calendar,0,0,621,0,0,283,0,621,0.0,
trytond-calendar-classification,0,0,2,0,0,2,0,2,0.0,
trytond-calendar-scheduling,0,0,100,0,0,50,0,100,0.0,
trytond-calendar-todo,0,0,489,0,0,217,0,489,0.0,
trytond-company,0,0,118,0,0,77,0,118,0.0,
trytond-company-work-time,0,0,18,0,0,5,0,18,0.0,
trytond-country,7252,14,273,5096,14,133,7767,7539,96.19312906220983,
trytond-currency,356,0,113,182,0,51,359,469,75.90618336886993,
trytond-dashboard,0,0,35,0,0,22,0,35,0.0,
trytond-google-maps,0,0,2,0,0,1,0,2,0.0,
trytond-ldap-authentication,0,0,10,0,0,1,0,10,0.0,
trytond-party,0,0,268,0,0,152,0,268,0.0,
trytond-party-siret,0,0,18,0,0,5,0,18,0.0,
trytond-party-vcarddav,0,0,14,0,0,5,0,14,0.0,
trytond-product,0,0,375,0,0,210,0,375,0.0,
trytond-product-cost-fifo,0,0,24,0,0,4,0,24,0.0,
trytond-product-cost-history,0,0,27,0,0,14,0,27,0.0,
trytond-product-price-list,0,0,74,0,0,32,0,74,0.0,
trytond-project,0,0,143,0,0,62,0,143,0.0,
trytond-project-plan,0,0,83,0,0,46,0,83,0.0,
trytond-project-revenue,0,0,12,0,0,8,0,12,0.0,
trytond-purchase,0,0,571,0,0,291,0,571,0.0,
trytond-purchase-invoice-line-standalone,0,0,51,0,0,22,0,51,0.0,
trytond-sale,0,0,536,0,0,266,0,536,0.0,
trytond-sale-opportunity,0,5,315,0,5,169,0,320,0.0,
trytond-sale-price-list,0,0,5,0,0,2,0,5,0.0,
trytond-stock,0,0,1203,0,9,554,0,1203,0.0,
trytond-stock-forecast,0,0,174,0,0,81,0,174,0.0,
trytond-stock-inventory-location,0,0,17,0,0,11,0,17,0.0,
trytond-stock-location-sequence,0,0,1,0,0,1,0,1,0.0,
trytond-stock-product-location,0,0,23,0,0,14,0,23,0.0,
trytond-stock-supply,0,0,147,0,0,58,0,147,0.0,
trytond-stock-supply-day,0,0,27,0,0,18,0,27,0.0,
trytond-timesheet,0,0,278,0,0,131,0,278,0.0,
tumbler,241,0,0,39,0,0,207,241,100.0,Lithuanian (http://www.transifex.com/xfce/tumbler/language/lt/)
tuxpaint-stamps,389,1013,1869,111,374,328,263,3271,11.892387649036992,
udisks2,1461,207,341,396,28,67,1296,2009,72.72274763563962,Lithuanian
ufw-kde,145,8,662,106,2,82,146,815,17.791411042944784,Lithuanian <kde-i18n-lt@kde.org>
uget,996,48,15,354,11,5,987,1059,94.05099150141642,Lithuanian (http://www.transifex.com/uget/uget/language/lt/)
umbrello,855,680,3535,469,241,710,817,5070,16.86390532544379,lt <kde-i18n-lt@kde.org>
unetbootin,2004,0,1155,141,0,37,1913,3159,63.43779677113011,Lithuanian <lt@li.org>
vdr,1322,0,0,522,0,0,1327,1322,100.0,Lithuanian <vdr@linuxtv.org>
vdr-epgsearch,2307,92,20,368,14,6,1972,2419,95.36998759818107,Lithuanian <vdr@linuxtv.org>
vdr-femon,313,0,0,124,0,0,287,313,100.0,Lithuanian <vdr@linuxtv.org>
vdr-live,800,10,104,283,3,25,767,914,87.527352297593,see developers in README
vdr-streamdev,71,0,35,28,0,13,72,106,66.98113207547169,Lithuanian <vdr@linuxtv.org>
vdr-vnsiserver,53,0,22,14,0,4,60,75,70.66666666666667,Lithuanian
viewnior,425,0,0,144,0,0,384,425,100.0,Lithuanian <lt@li.org>
viking,1400,0,2735,388,0,668,1393,4135,33.85731559854897,Lithuanian <lt@li.org>
vinagre,1510,0,0,277,0,0,1246,1510,100.0,Lietuvių <gnome-lt@lists.akl.lt>
vino,1228,0,0,134,0,0,999,1228,100.0,Lietuvių <gnome-lt@lists.akl.lt>
virt-viewer,0,0,784,0,0,169,0,784,0.0,Lithuanian
virtaal,1431,2,0,425,1,0,1342,1433,99.86043265875784,Lithuanian <komp_lt@konferencijos.lt>
virtualplanet,336,24,131,178,12,65,308,491,68.43177189409369,Français <kde-i18n-doc@kde.org>
vocal,834,0,0,172,0,0,757,834,100.0,Lithuanian (http://www.transifex.com/needle-and-thread/vocal/language/lt/)
vte,80,0,0,13,0,0,84,80,100.0,Lithuanian <komp_lt@konferencijos.lt>
vte291,31,0,0,5,0,0,36,31,100.0,Lietuvių <gnome-lt@lists.akl.lt>
vte3,80,0,0,13,0,0,84,80,100.0,Lithuanian <komp_lt@konferencijos.lt>
warzone2100,171,307,12821,50,93,2709,173,13299,1.285810963230318,Lithuanian <lt@li.org>
webkit2gtk3,1052,641,930,254,138,178,955,2623,40.10674799847503,Lithuanian <komp_lt@konferencijos.lt>
wesnoth,115647,14722,146236,10804,934,5691,89668,276605,41.809439453372136,Lithuanian <wesnoth-lt@googlegroups.com>
wget,777,1614,1605,165,247,232,741,3996,19.444444444444446,Lithuanian <komp_lt@konferencijos.lt>
wicd,851,0,287,180,0,74,776,1138,74.78031634446397,lt <LL@li.org>
wicd-kde,338,3,17,117,1,4,333,358,94.41340782122904,Lithuanian <kde-i18n-doc@kde.org>
widelands,210,0,40653,102,0,3668,186,40863,0.5139123412377946,Lithuanian (http://www.transifex.com/widelands/widelands/language/lt/)
wine,16444,0,0,3698,0,0,14244,16444,100.0,Lithuanian <komp_lt@konf.lt>
wingpanel,6,0,0,1,0,0,6,6,100.0,LANGUAGE <LL@li.org>
wingpanel-applications-menu,225,0,0,72,0,0,216,225,100.0,Lithuanian <https://weblate.elementary.io/projects/wingpanel/applications-menu/lt/>
wingpanel-indicator-bluetooth,15,0,0,9,0,0,12,15,100.0,Lithuanian <https://l10n.elementary.io/projects/wingpanel/wingpanel-indicator-bluetooth/lt/>
wingpanel-indicator-datetime,20,0,0,6,0,0,19,20,100.0,Lithuanian <https://l10n.elementary.io/projects/wingpanel/wingpanel-indicator-datetime/lt/>
wingpanel-indicator-keyboard,10,0,0,4,0,0,9,10,100.0,Lithuanian <https://weblate.elementary.io/projects/wingpanel/wingpanel-indicator-keyboard/lt/>
wingpanel-indicator-network,76,0,0,22,0,0,71,76,100.0,Lithuanian <https://weblate.elementary.io/projects/wingpanel/wingpanel-indicator-network/lt/>
wingpanel-indicator-nightlight,16,0,0,6,0,0,17,16,100.0,Lithuanian <https://weblate.elementary.io/projects/wingpanel/indicator-nightlight/lt/>
wingpanel-indicator-notifications,16,0,0,7,0,0,13,16,100.0,Lithuanian <https://l10n.elementary.io/projects/wingpanel/wingpanel-indicator-notifications/lt/>
wingpanel-indicator-power,93,0,0,27,0,0,157,93,100.0,Lithuanian <https://weblate.elementary.io/projects/wingpanel/wingpanel-indicator-power/lt/>
wingpanel-indicator-session,57,0,0,18,0,0,41,57,100.0,Lithuanian <https://weblate.elementary.io/projects/wingpanel/wingpanel-indicator-session/lt/>
wingpanel-indicator-sound,14,0,0,6,0,0,13,14,100.0,Lithuanian <https://l10n.elementary.io/projects/wingpanel/wingpanel-indicator-sound/lt/>
workrave,961,192,168,169,59,34,795,1321,72.74791824375473,Artūras Šlajus <x11@h2o.sky.lt>
wxGTK3,301,72,7322,236,50,1567,296,7695,3.9116309291747893,KALBA <LL@li.org>
wxPython,364,36,9739,294,20,2268,358,10139,3.5900976427655586,KALBA <LL@li.org>
xapps,42,0,0,25,0,0,37,42,100.0,Lithuanian <lt@li.org>
xdg-desktop-portal,88,0,0,12,0,0,70,88,100.0,Lithuanian <gnome-lt@lists.akl.lt>
xdg-desktop-portal-gtk,155,14,0,45,2,0,142,169,91.71597633136095,Lithuanian <gnome-lt@lists.akl.lt>
xdg-user-dirs,28,0,0,28,0,0,28,28,100.0,Lithuanian <komp_lt@konferencijos.lt>
xdg-user-dirs-gtk,81,0,0,11,0,0,57,81,100.0,Lithuanian <gnome-lt@lists.akl.lt>
xed,4613,0,0,993,0,0,4031,4613,100.0,Lithuanian (http://www.transifex.com/projects/p/MATE/language/lt/)
xfbib,342,0,0,75,0,0,262,342,100.0,Lietuvių <>
xfburn,1413,0,0,306,0,0,1169,1413,100.0,Lithuanian (http://www.transifex.com/xfce/xfce-apps/language/lt/)
xfce4-appfinder,312,0,7,66,0,3,250,319,97.80564263322884,Lithuanian (http://www.transifex.com/projects/p/xfce/language/lt/)
xfce4-battery-plugin,147,0,0,42,0,0,143,147,100.0,Lithuanian (http://www.transifex.com/xfce/xfce-panel-plugins/language/lt/)
xfce4-clipman-plugin,478,0,0,72,0,0,390,478,100.0,Lithuanian (http://www.transifex.com/xfce/xfce-panel-plugins/language/lt/)
xfce4-cpufreq-plugin,140,0,0,39,0,0,124,140,100.0,Lithuanian (http://www.transifex.com/projects/p/xfce-panel-plugins/language/lt/)
xfce4-cpugraph-plugin,74,0,0,36,0,0,78,74,100.0,Lietuvių <>
xfce4-datetime-plugin,52,0,0,19,0,0,43,52,100.0,Lithuanian (http://www.transifex.com/xfce/xfce-panel-plugins/language/lt/)
xfce4-dict,527,0,0,119,0,0,437,527,100.0,Lithuanian (http://www.transifex.com/xfce/xfce-apps/language/lt/)
xfce4-diskperf-plugin,181,0,0,37,0,0,163,181,100.0,Lithuanian (http://www.transifex.com/xfce/xfce-panel-plugins/language/lt/)
xfce4-embed-plugin,219,0,0,33,0,0,172,219,100.0,Lithuanian (http://www.transifex.com/projects/p/xfce-panel-plugins/language/lt/)
xfce4-eyes-plugin,15,0,0,4,0,0,13,15,100.0,Lithuanian (http://www.transifex.com/projects/p/xfce-panel-plugins/language/lt/)
xfce4-fsguard-plugin,71,0,0,19,0,0,65,71,100.0,Lithuanian (http://www.transifex.com/xfce/xfce-panel-plugins/language/lt/)
xfce4-genmon-plugin,56,0,0,14,0,0,50,56,100.0,Lithuanian (http://www.transifex.com/xfce/xfce-panel-plugins/language/lt/)
xfce4-mailwatch-plugin,657,0,0,110,0,0,573,657,100.0,Lietuvių <>
xfce4-mixer,94,29,58,12,11,13,74,181,51.93370165745856,Lietuvių <>
xfce4-mount-plugin,374,0,0,56,0,0,306,374,100.0,Lithuanian (http://www.transifex.com/xfce/xfce-panel-plugins/language/lt/)
xfce4-mpc-plugin,76,0,0,24,0,0,74,76,100.0,Lithuanian (http://www.transifex.com/xfce/xfce-panel-plugins/language/lt/)
xfce4-netload-plugin,90,0,0,34,0,0,88,90,100.0,Lithuanian (http://www.transifex.com/xfce/xfce-panel-plugins/language/lt/)
xfce4-notes-plugin,163,0,0,57,0,0,135,163,100.0,Lietuvių <>
xfce4-notifyd,259,0,0,74,0,0,224,259,100.0,Lithuanian (http://www.transifex.com/xfce/xfce-apps/language/lt/)
xfce4-panel,1710,0,0,396,0,0,1468,1710,100.0,Lithuanian (https://www.transifex.com/xfce/teams/16840/lt/)
xfce4-places-plugin,140,3,14,38,1,5,108,157,89.171974522293,Lietuvių <>
xfce4-power-manager,1033,0,0,207,0,0,930,1033,100.0,Lithuanian (http://www.transifex.com/xfce/xfce4-power-manager/language/lt/)
xfce4-pulseaudio-plugin,148,0,0,35,0,0,139,148,100.0,Lithuanian (http://www.transifex.com/xfce/xfce-panel-plugins/language/lt/)
xfce4-screenshooter,431,0,0,64,0,0,334,431,100.0,Lithuanian (http://www.transifex.com/xfce/xfce-apps/language/lt/)
xfce4-sensors-plugin,361,0,0,75,0,0,337,361,100.0,Lithuanian (http://www.transifex.com/xfce/xfce-panel-plugins/language/lt/)
xfce4-session,1025,0,0,203,0,0,813,1025,100.0,Lithuanian (http://www.transifex.com/projects/p/xfce4-session/language/lt/)
xfce4-settings,1664,0,0,374,0,0,1396,1664,100.0,Lithuanian (http://www.transifex.com/xfce/xfce4-settings/language/lt/)
xfce4-smartbookmark-plugin,22,0,0,9,0,0,23,22,100.0,Lithuanian (http://www.transifex.com/xfce/xfce-panel-plugins/language/lt/)
xfce4-statusnotifier-plugin,129,0,0,25,0,0,105,129,100.0,Lithuanian (https://www.transifex.com/xfce/teams/16840/lt/)
xfce4-systemload-plugin,73,0,0,22,0,0,88,73,100.0,Lithuanian (http://www.transifex.com/xfce/xfce-panel-plugins/language/lt/)
xfce4-taskmanager,257,0,0,85,0,0,230,257,100.0,Lithuanian (http://www.transifex.com/xfce/xfce-apps/language/lt/)
xfce4-terminal,1647,0,0,390,0,0,1515,1647,100.0,Lithuanian (http://www.transifex.com/xfce/xfce-apps/language/lt/)
xfce4-time-out-plugin,89,0,0,32,0,0,90,89,100.0,Lietuvių <>
xfce4-timer-plugin,138,0,0,49,0,0,124,138,100.0,Lithuanian (http://www.transifex.com/xfce/xfce-panel-plugins/language/lt/)
xfce4-verve-plugin,108,0,0,28,0,0,101,108,100.0,Lithuanian (http://www.transifex.com/xfce/xfce-panel-plugins/language/lt/)
xfce4-wavelan-plugin,67,0,0,18,0,0,60,67,100.0,Lithuanian (http://www.transifex.com/xfce/xfce-panel-plugins/language/lt/)
xfce4-weather-plugin,3668,0,0,330,0,0,3197,3668,100.0,Lithuanian (http://www.transifex.com/xfce/xfce-panel-plugins/language/lt/)
xfce4-whiskermenu-plugin,349,0,0,118,0,0,311,349,100.0,Lithuanian (http://www.transifex.com/gottcode/xfce4-whiskermenu-plugin/language/lt/)
xfce4-xkb-plugin,57,0,0,22,0,0,51,57,100.0,Lithuanian (http://www.transifex.com/xfce/xfce-panel-plugins/language/lt/)
xfconf,452,0,0,67,0,0,350,452,100.0,Lithuanian (http://www.transifex.com/xfce/xfconf/language/lt/)
xfdashboard,1399,0,4515,273,0,531,1270,5914,23.65573216097396,Lithuanian (http://www.transifex.com/xfdashboard/xfdashboard/language/lt/)
xfdesktop,979,0,0,222,0,0,854,979,100.0,Lithuanian (http://www.transifex.com/projects/p/xfdesktop/language/lt/)
xfpanel-switch,62,0,39,24,0,2,65,101,61.386138613861384,Lithuanian <lt@li.org>
xfwm4,548,0,101,149,0,21,502,649,84.43759630200309,Lithuanian (http://www.transifex.com/projects/p/xfce/language/lt/)
xiphos,4334,218,283,989,57,79,3945,4835,89.63805584281282,Lithuanian <>
xkeyboard-config,3524,0,0,1048,0,0,3751,3524,100.0,Lithuanian <komp_lt@konferencijos.lt>
xmms,2177,651,615,796,129,120,2079,3443,63.22974150450189,Lithuanian <komp_lt@konferencijos.lt>
xmoto,3446,0,393,727,0,95,2957,3839,89.76295910393331,Lithuanian <tadzikaz@gmail.com>
xpad,191,0,222,50,0,77,178,413,46.246973365617436,Lithuanian <lt@li.org>
xplayer,1952,0,0,493,0,0,1678,1952,100.0,Lietuvių <gnome-lt@lists.akl.lt>
xplayer-plparser,29,0,0,8,0,0,21,29,100.0,Lithuanian <gnome-lt@lists.akl.lt>
xreader,1641,0,0,372,0,0,1419,1641,100.0,Lithuanian (http://www.transifex.com/mate/MATE/language/lt/)
xviewer,1677,0,0,324,0,0,1385,1677,100.0,Lietuvių <gnome-lt@lists.akl.lt>
xviewer-plugins,342,0,0,89,0,0,291,342,100.0,Lietuvių <gnome-lt@lists.akl.lt>
yakuake,961,27,585,190,5,26,811,1573,61.09345200254291,Lithuanian <kde-i18n-lt@kde.org>
yelp,348,0,0,73,0,0,274,348,100.0,Lietuvių <gnome-lt@lists.akl.lt>
yelp-xsl,81,0,0,59,0,0,74,81,100.0,Lietuvių <gnome-lt@lists.akl.lt>
yum,3063,0,6,657,0,3,2644,3069,99.80449657869013,Lithuanian (Lithuania) (http://www.transifex.net/projects/p/yum/team/lt_LT/)
yum-rhn-plugin,0,0,147,0,0,17,0,147,0.0,Lithuanian (http://www.transifex.net/projects/p/fedora/team/lt/)
zabbix,459,10,14652,155,2,3043,587,15121,3.035513524237815,none
zanshin,0,0,893,0,0,245,0,893,0.0,none
zathura,370,0,338,103,0,55,320,708,52.259887005649716,Lithuanian (http://www.transifex.com/pwmt/zathura/language/lt/)
zenity,896,0,0,199,0,0,790,896,100.0,Lietuvių <gnome-lt@lists.akl.lt>
zypper,6273,170,2630,908,18,302,6071,9073,69.1392042323377,Lithuanian <https://l10n.opensuse.org/projects/zypper/master/lt/>
