package,translatedsourcewords,fuzzysourcewords,untranslatedsourcewords,translated,fuzzy,untranslated,translatedtargetwords,totalsourcewordssum,progress,team
0ad,212,0,0,44,0,0,202,212,100.0,Slovak (http://www.transifex.com/wildfire-games/0ad/language/sk/)
GConf2,3957,0,47,461,0,16,3742,4004,98.82617382617383,Slovak <sk-i18n@lists.linux.sk>
LabPlot,742,1321,4925,485,482,1117,731,6988,10.61820263308529,Slovak <kde-sk@linux.sk>
NetworkManager,584,983,19830,123,250,1536,611,21397,2.729354582418096,Slovak <sk-i18n@lists.linux.sk>
NetworkManager-openvpn,14,60,975,5,26,138,14,1049,1.334604385128694,Slovak <sk-i18n@lists.linux.sk>
NetworkManager-ssh,2,21,263,1,11,57,2,286,0.6993006993006993,Slovak <sk-i18n@lists.linux.sk>
NetworkManager-vpnc,143,4,9,37,1,3,154,156,91.66666666666666,Slovak <gnome-sk-list@gnome.org>
ORBit,8,0,0,2,0,0,8,8,100.0,Slovak <sk-i18n@rak.isternet.sk>
PackageKit,1249,0,29,315,0,5,1249,1278,97.73082942097027,Slovak (http://www.transifex.com/freedesktop/packagekit/language/sk/)
Thunar,4201,0,0,739,0,0,3970,4201,100.0,Slovak (https://www.transifex.com/xfce/teams/16840/sk/)
WindowMaker,4991,0,25,958,0,21,4491,5016,99.50159489633174,Slovak <sk@li.org>
Zim,1125,0,1690,389,0,301,1096,2815,39.96447602131439,Slovak <sk-i18n@lists.linux.sk>
abrt,2295,0,1674,301,0,175,2229,3969,57.82312925170068,Slovak (http://www.transifex.com/projects/p/fedora-abrt/language/sk/)
accerciser,642,0,17,223,0,1,636,659,97.42033383915023,Slovak <gnome-sk-list@gnome.org>
accountsservice,59,0,0,10,0,0,61,59,100.0,Slovak (http://www.transifex.com/projects/p/freedesktop/language/sk/)
ailurus,5340,0,2559,854,0,337,4932,7899,67.60349411317888,none
aisleriot,3075,0,0,679,0,0,2444,3075,100.0,slovenčina <>
akonadi-calendar-tools,813,15,14,169,2,2,795,842,96.55581947743468,Slovak <kde-sk@linux.sk>
akonadi-import-wizard,362,29,0,77,6,0,326,391,92.58312020460357,Slovak <kde-sk@linux.sk>
akregator,1702,63,9,416,10,5,1610,1774,95.94137542277339,Slovak <kde-sk@linux.sk>
alacarte,45,0,0,20,0,0,41,45,100.0,Slovak <sk-i18n@lists.linux.sk>
alexandria,1149,14,18,294,7,5,1066,1181,97.2904318374259,Slovak <sk@li.org>
alleyoop,351,0,0,92,0,0,335,351,100.0,Slovak <gnome-sk-list@gnome.org>
amarok,15696,41,82,2777,1,2,15510,15819,99.22245401099943,Slovak <kde-sk@linux.sk>
anaconda,7551,0,0,1255,0,0,7090,7551,100.0,Slovak (http://www.transifex.com/projects/p/anaconda/language/sk/)
analitza,988,0,0,221,0,0,862,988,100.0,Slovak <kde-sk@linux.sk>
anjuta,8401,0,0,2061,0,0,8295,8401,100.0,slovenčina <>
appcenter,765,0,0,181,0,0,759,765,100.0,Slovak <https://weblate.elementary.io/projects/appcenter/appcenter/sk/>
appstream,853,0,38,191,0,4,842,891,95.7351290684624,Slovak <https://hosted.weblate.org/projects/appstream/translations/sk/>
arandr,172,0,1,37,0,1,157,173,99.42196531791907,Slovak <nomail>
arduino,3093,0,0,590,0,0,2986,3093,100.0,Slovak (http://www.transifex.com/mbanzi/arduino-ide-15/language/sk/)
aria2,125,0,7361,18,0,381,117,7486,1.6697835960459526,Slovak <sk@li.org>
ark,1812,23,15,330,4,1,1625,1850,97.94594594594595,Slovak <kde-sk@linux.sk>
arm-none-eabi-binutils-cs,7582,0,0,1106,0,0,7268,7582,100.0,Slovak <sk-i18n@lists.linux.sk>
artikulate,436,0,0,156,0,0,407,436,100.0,Slovak <kde-sk@linux.sk>
aspell,1726,0,0,293,0,0,1517,1726,100.0,Slovak <sk-i18n@lists.linux.sk>
asunder,429,27,39,78,3,10,427,495,86.66666666666667,slovenčina <slovenska-lokalizacia-xfce@googlegroups.com>
at-spi2-core,10,0,0,2,0,0,11,10,100.0,Slovak <gnome-sk-list@gnome.org>
atk,440,0,0,169,0,0,415,440,100.0,Slovak <gnome-sk-list@gnome.org>
atomix,156,0,0,50,0,0,157,156,100.0,Slovak <sk-i18n@lists.linux.sk>
atril,2759,0,1072,526,0,109,2529,3831,72.0177499347429,Slovak (https://www.transifex.com/mate/teams/13566/sk/)
audacious,565,0,195,262,0,64,566,760,74.3421052631579,Slovak (http://www.transifex.com/audacious/audacious/language/sk/)
audacious-plugins,1965,0,1969,537,0,351,1983,3934,49.94916115912557,Slovak (http://www.transifex.com/audacious/audacious/language/sk/)
audacity,6345,5654,4638,1458,1559,780,6188,16637,38.13788543607621,
audex,342,577,2428,167,143,102,348,3347,10.218105766357933,Slovak <kde-sk@linux.sk>
audience,144,0,38,47,0,15,151,182,79.12087912087912,Slovak <sk@li.org>
authconfig,879,16,34,130,2,5,800,929,94.6178686759957,Slovak (http://www.transifex.com/projects/p/authconfig/language/sk/)
avahi,865,2,1,165,2,1,870,868,99.65437788018433,Slovak (http://www.transifex.com/lennart/avahi/language/sk/)
avogadro,2047,0,4560,935,0,1437,2149,6607,30.9822915090056,Slovak <sk@li.org>
avogadro2,129,67,266,78,25,46,197,462,27.92207792207792,Slovak <sk@li.org>
avogadro2-libs,199,396,2054,178,161,489,282,2649,7.512268780671952,Slovak <sk@li.org>
avr-binutils,7582,0,0,1106,0,0,7268,7582,100.0,Slovak <sk-i18n@lists.linux.sk>
backintime,625,0,1358,139,0,197,578,1983,31.51790216843167,Tomáš Vadina <kyberdev@gmail.com>
bakery,72,0,0,20,0,0,62,72,100.0,Slovak <sk-i18n@lists.linux.sk>
baloo-widgets,42,0,0,25,0,0,44,42,100.0,Slovak <kde-i18n-doc@kde.org>
balsa,6047,0,0,1472,0,0,6013,6047,100.0,Slovak <sk-i18n@lists.linux.sk>
banshee,3173,75,2623,1013,15,507,3308,5871,54.0453074433657,
banshee-community-extensions,164,0,1156,86,0,224,184,1320,12.424242424242424,LANGUAGE <LL@li.org>
baobab,247,0,0,65,0,0,245,247,100.0,slovenčina <gnome-sk-list@gnome.org>
bareftp,385,0,63,149,0,11,344,448,85.9375,Slovak <None>
bash,5891,5334,131,493,67,21,5531,11356,51.87566044381825,Slovak <sk-i18n@lists.linux.sk>
bibletime,11,0,9709,8,0,636,12,9720,0.11316872427983539,Slovak (http://www.transifex.com/bibletime/bibletime/language/sk/)
bijiben,369,0,0,124,0,0,373,369,100.0,Slovak <gnome-sk-list@gnome.org>
binutils,7582,0,0,1106,0,0,7268,7582,100.0,Slovak <sk-i18n@lists.linux.sk>
bleachbit,1151,0,0,254,0,0,1077,1151,100.0,Slovak <sk@li.org>
blinken,133,0,0,47,0,0,134,133,100.0,Slovak <kde-sk@linux.sk>
blivet-gui,811,0,4,222,0,1,796,815,99.50920245398774,Slovak
blogilo,1392,0,0,337,0,0,1281,1392,100.0,Slovak <kde-sk@linux.sk>
blueberry,141,0,0,34,0,0,147,141,100.0,Slovak <sk@li.org>
bluedevil,572,0,1,190,0,1,537,573,99.82547993019197,Slovak <kde-i18n-doc@kde.org>
bluefish,985,1599,2321,441,659,439,971,4905,20.081549439347604,Slovak <sk-i18n@lists.linux.sk>
blueman,1340,0,44,335,0,7,1326,1384,96.82080924855492,Slovak (http://www.transifex.com/mate/MATE/language/sk/)
boinc-client,17794,0,2537,3160,0,239,15892,20331,87.52151886282033,Slovak (http://www.transifex.com/boinc/boinc/language/sk/)
bomber,103,0,0,27,0,0,90,103,100.0,Slovak <kde-sk@linux.sk>
bovo,81,0,0,25,0,0,72,81,100.0,Slovak <kde-sk@linux.sk>
brasero,5549,0,0,969,0,0,5121,5549,100.0,Slovak <gnome-sk-list@gnome.org>
bzr,0,0,33249,0,0,2353,0,33249,0.0,Slovak <sk@li.org>
cairo-dock,5177,0,2287,719,0,108,4279,7464,69.35959271168275,Slovak <sk@li.org>
cairo-dock-plug-ins,8265,0,1938,1596,0,126,7212,10203,81.00558659217877,Slovak <sk@li.org>
caja,8489,0,867,1440,0,77,7595,9356,90.73321932449765,Slovak (https://www.transifex.com/mate/teams/13566/sk/)
caja-extensions,570,0,0,131,0,0,529,570,100.0,Slovak (https://www.transifex.com/mate/teams/13566/sk/)
calamares,119,0,324,24,0,60,145,443,26.86230248306998,Slovak (https://www.transifex.com/calamares/teams/20061/sk/)
calibre,29753,0,129007,4644,0,13590,25997,158760,18.74086671705719,Slovak (http://www.transifex.com/calibre/calibre/language/sk/)
calligra,35862,0,0,7755,0,0,31587,35862,100.0,Slovak <kde-sk@linux.sk>
calligraplan,6901,499,2230,1655,96,290,6317,9630,71.66147455867082,Slovak <kde-sk@linux.sk>
cantor,2046,30,134,461,15,36,1978,2210,92.57918552036199,Slovak <kde-sk@linux.sk>
capnet-assist,27,0,5,3,0,2,21,32,84.375,Slovak <sk@li.org>
caribou,169,0,0,57,0,0,170,169,100.0,Slovak <gnome-sk-list@gnome.org>
catfish,517,0,160,105,0,6,488,677,76.36632200886262,Slovak <sk@li.org>
ccsm,549,5,25,135,3,13,528,579,94.81865284974094,Slovak <sk.cfteam@gmail.com>
celestia,2270,6,0,1085,1,0,2383,2276,99.73637961335676,Slovak <acelists@atlas.sk>
certmonger,0,0,2831,0,0,473,0,2831,0.0,Slovak (http://www.transifex.com/projects/p/certmonger/language/sk/)
cervisia,1619,0,0,421,0,0,1458,1619,100.0,Slovak <kde-sk@linux.sk>
cheese,614,0,0,123,0,0,565,614,100.0,slovenčina <>
childsplay,1226,0,0,212,0,0,890,1226,100.0,René <watag@centrum.sk>
chkconfig,524,0,31,96,0,7,519,555,94.41441441441441,Slovak (http://www.transifex.com/projects/p/fedora/language/sk/)
choqok,342,847,1068,213,232,124,354,2257,15.152857775808595,Slovak <kde-sk@linux.sk>
chrome-gnome-shell,329,0,0,47,0,0,354,329,100.0,Slovak <gnome-sk-list@gnome.org>
cinnamon-control-center,1313,0,0,756,0,0,1307,1313,100.0,Slovak <fedora-trans-sk@redhat.com>
cinnamon-desktop,226,5,3,27,3,2,204,234,96.58119658119658,Slovak <gnome-sk-list@gnome.org>
cinnamon-translations,21724,0,749,4927,0,104,20895,22473,96.66711164508521,Slovak <sk@li.org>
clamtk,470,0,0,146,0,0,419,470,100.0,Tomáš Vadina <kyberdev@gmail.com>
claws-mail,20224,0,0,3960,0,0,18928,20224,100.0,slovenčina <linux@slavino.sk>
clementine,5091,0,0,1352,0,0,4863,5091,100.0,Slovak (http://www.transifex.com/davidsansome/clementine/language/sk/)
clutter,3057,0,0,675,0,0,2724,3057,100.0,slovenčina <>
cogl,393,0,0,80,0,0,436,393,100.0,Slovak <gnome-sk-list@gnome.org>
colord,324,0,1662,87,0,165,310,1986,16.314199395770395,Slovak (http://www.transifex.com/freedesktop/colord/language/sk/)
colord-kde,369,0,0,120,0,0,330,369,100.0,Slovak <kde-sk@linux.sk>
compat-gtkhtml314,923,0,0,415,0,0,913,923,100.0,Slovak <sk-i18n@lists.linux.sk>
compat-tracker1,3764,0,0,602,0,0,3776,3764,100.0,Slovak <sk-i18n@lists.linux.sk>
compiz,2543,1413,429,608,197,74,2541,4385,57.993158494868865,Slovak <sk-i18n@lists.linux.sk>
console-setup,985,0,0,175,0,0,832,985,100.0,x
coreutils,3803,5237,11860,679,476,607,3918,20900,18.196172248803826,Slovak <sk-i18n@lists.linux.sk>
cracklib,93,0,3,15,0,1,80,96,96.875,Slovak <sk-i18n@linux.sk>
cross-binutils,7582,0,0,1106,0,0,7268,7582,100.0,Slovak <sk-i18n@lists.linux.sk>
cups-pk-helper,149,0,0,22,0,0,127,149,100.0,Slovak (http://www.transifex.com/freedesktop/cups-pk-helper/language/sk/)
cycle,126,0,0,61,0,0,118,126,100.0,
dasher,311,0,0,113,0,0,309,311,100.0,Slovak <sk-i18n@lists.linux.sk>
dayplanner,224,434,438,80,57,49,216,1096,20.437956204379564,Slovak <sk-i18n@linux.sk>
dconf-editor,1551,0,34,197,0,2,1521,1585,97.85488958990535,Slovak <gnome-sk-list@gnome.org>
debconf,762,38,60,86,4,4,711,860,88.60465116279069,Slovak <sk-i18n@lists.linux.sk>
deepin-daemon,1317,0,0,420,0,0,1290,1317,100.0,Slovak (http://www.transifex.com/linuxdeepin/deepin-desktop-environment/language/sk/)
deepin-metacity,3798,0,0,404,0,0,3516,3798,100.0,Slovak <gnome-sk-list@gnome.org>
deepin-mutter,814,0,0,125,0,0,790,814,100.0,Slovak <gnome-sk-list@gnome.org>
deepin-qml-widgets,18,0,0,13,0,0,17,18,100.0,Slovak (http://www.transifex.com/projects/p/deepin-qml-widgets/language/sk/)
deepin-terminal,409,0,0,164,0,0,419,409,100.0,Slovak (https://www.transifex.com/linuxdeepin/teams/3976/sk/)
deepin-wm,620,0,112,65,0,24,530,732,84.69945355191257,Slovak <sk@li.org>
deja-dup,2874,0,1337,340,0,159,2667,4211,68.24982189503682,Slovak <sk@li.org>
deluge,2301,0,427,840,0,38,2152,2728,84.3475073313783,Slovak <sk@li.org>
devhelp,393,0,0,117,0,0,379,393,100.0,slovenčina <>
dia,6412,0,194,2300,0,62,6405,6606,97.06327580986982,Slovenský <sk@li.org>
dialog,25,0,0,23,0,0,25,25,100.0,Slovak <sk-i18n@lists.linux.sk>
digikam,16244,12036,19385,4346,2140,1297,15011,47665,34.07951326969474,Slovak <kde-sk@linux.sk>
dippi,0,0,397,0,0,53,0,397,0.0,none
dnf,689,27,2406,195,6,450,729,3122,22.069186418962204,Slovak
dnf-plugins-extras,0,0,375,0,0,75,0,375,0.0,Slovak
dnfdragora,856,0,3,363,0,1,869,859,99.65075669383003,Slovak (https://www.transifex.com/MageiaLinux/teams/9361/sk/)
docker-anaconda-addon,0,0,27,0,0,4,0,27,0.0,Slovak
dolphin,1596,0,0,513,0,0,1544,1596,100.0,Slovak <kde-i18n-doc@kde.org>
dolphin-plugins,1202,11,2,331,6,2,1142,1215,98.93004115226337,Slovak <kde-sk@linux.sk>
dpkg,9167,1822,143,1196,159,25,9214,11132,82.34818541142653,Slovak <debian-l10n-slovak@lists.debian.org>
dragon,275,3,0,86,1,0,263,278,98.92086330935251,Slovak <kde-sk@linux.sk>
dvdbackup,1024,0,0,112,0,0,1031,1024,100.0,Slovak <sk@li.org>
e16,522,0,2274,101,0,413,473,2796,18.669527896995707,Slovak <sk@li.org>
edgar,2245,0,9229,267,0,1268,1894,11474,19.56597524838766,Slovak <sk@li.org>
ejabberd,1581,104,551,371,30,107,1419,2236,70.70661896243293,
ekiga,3945,220,111,677,23,15,3565,4276,92.25912067352667,Slovak <gnome-sk-list@gnome.org>
electrum,700,0,5984,197,0,1002,622,6684,10.47277079593058,Slovak
elementary-calculator,80,0,0,37,0,0,77,80,100.0,Slovak <https://weblate.elementary.io/projects/calculator/calculator/sk/>
elementary-calendar,401,25,23,159,12,9,400,449,89.30957683741649,Slovak <sk@li.org>
elementary-camera,0,0,62,0,0,16,0,62,0.0,Slovak <sk@li.org>
elementary-capnet-assist,27,0,54,3,0,10,21,81,33.33333333333333,Slovak <sk@li.org>
elementary-screenshot-tool,84,1,47,32,1,10,90,132,63.63636363636363,Slovak <>
elementary-shortcut-overlay,0,0,82,0,0,37,0,82,0.0,none
elinks,2832,3871,5542,795,433,397,2802,12245,23.127807268272765,Slovak <sk-i18n@lists.linux.sk>
elisa-player,242,0,0,90,0,0,242,242,100.0,Slovak <kde-i18n-doc@kde.org>
emerald,645,38,10,208,5,6,628,693,93.07359307359307,Slovak <sk-i18n@lists.linux.sk>
empathy,4255,0,0,955,0,0,4177,4255,100.0,Slovak <gnome-sk-list@gnome.org>
engrampa,2489,0,5330,395,0,425,2252,7819,31.832715180969434,Slovak (https://www.transifex.com/mate/teams/13566/sk/)
enigma,8927,90,14,960,5,4,7389,9031,98.848411028679,Slovak (http://www.transifex.com/projects/p/enigma/language/sk/)
enlightenment,2079,4248,2360,802,1058,372,2021,8687,23.932312651087834,Slovakian
entangle,0,0,953,0,0,229,0,953,0.0,Slovak
eog,1675,0,0,327,0,0,1570,1675,100.0,slovenčina <>
eog-plugins,428,0,0,111,0,0,418,428,100.0,Slovak <gnome-sk-list@gnome.org>
eom,2250,0,2871,348,0,193,2014,5121,43.936731107205624,Slovak (https://www.transifex.com/mate/teams/13566/sk/)
epiphany,2652,122,996,613,21,74,2594,3770,70.34482758620689,slovenčina <>
evince,1560,0,0,392,0,0,1494,1560,100.0,Slovak <gnome-sk-list@gnome.org>
evolution,26102,147,468,5348,26,36,24810,26717,97.69809484597822,slovenčina <>
evolution-data-server,6321,33,80,1238,4,10,6617,6434,98.24370531551135,Slovak <gnome-sk-list@gnome.org>
evolution-ews,129,89,950,30,26,184,109,1168,11.044520547945206,Slovak <gnome-sk-list@gnome.org>
evolution-mapi,974,0,0,217,0,0,1026,974,100.0,Slovak <gnome-sk-list@gnome.org>
evolution-rss,686,110,85,186,7,31,772,881,77.86606129398412,Slovak <gnome-sk-list@gnome.org>
exaile,2484,290,1232,709,54,262,2388,4006,62.00698951572641,Slovak <https://hosted.weblate.org/projects/exaile/master/sk/>
exif,296,0,0,68,0,0,283,296,100.0,Slovak <sk-i18n@lists.linux.sk>
exiv2,9069,7381,21562,2003,2335,1748,8406,38012,23.85825528780385,Slovak <sk-i18n@lists.linux.sk>
exo,1451,0,0,298,0,0,1375,1451,100.0,Slovak (http://www.transifex.com/xfce/exo/language/sk/)
falkon,3768,27,514,1236,10,124,3685,4309,87.44488280343468,Slovak <kde-i18n-doc@kde.org>
feedreader,0,0,799,0,0,221,0,799,0.0,
fetchmail,1374,1552,1456,270,206,216,1410,4382,31.3555454130534,Slovak <sk-i18n@lists.linux.sk>
file-roller,1201,0,0,275,0,0,1122,1201,100.0,Slovak <gnome-sk-list@gnome.org>
filelight,407,0,0,92,0,0,397,407,100.0,Slovak <kde-sk@linux.sk>
filezilla,9254,0,0,1569,0,0,9034,9254,100.0,Slovak <sk-i18n@lists.linux.sk>
findutils,508,689,1371,49,61,129,510,2568,19.781931464174455,Slovak <sk-i18n@lists.linux.sk>
firewalld,2217,0,0,415,0,0,2029,2217,100.0,Slovak (http://www.transifex.com/projects/p/firewalld/language/sk/)
five-or-more,282,0,0,65,0,0,269,282,100.0,Slovak <gnome-sk-list@gnome.org>
flare-engine,224,124,250,71,37,118,220,598,37.45819397993311,Slovak <LL@li.org>
flatpak,570,877,2623,154,196,479,603,4070,14.004914004914005,Slovak <gnome-sk-list@gnome.org>
focuswriter,0,0,129,0,0,7,0,129,0.0,Slovak (http://www.transifex.com/projects/p/focuswriter/language/sk/)
folks,1056,0,0,130,0,0,1093,1056,100.0,Slovak <gnome-sk-list@gnome.org>
fonts-tweak-tool,0,0,195,0,0,64,0,195,0.0,Slovak
four-in-a-row,256,0,0,73,0,0,256,256,100.0,slovenčina <>
foxtrotgps,259,144,592,119,59,122,248,995,26.030150753768844,Slovenský <>
fpc,273,0,0,52,0,0,242,273,100.0,<dusan.halicky@gmail.com>
fprintd,419,0,0,57,0,0,337,419,100.0,Slovak (http://www.transifex.com/freedesktop/fprintd/language/sk/)
freedink,5,78,0,2,13,0,5,83,6.024096385542169,Slovak <sk-i18n@rak.isternet.sk>
freeipa,2781,0,52475,785,0,3776,2628,55256,5.032937599536702,Slovak
frozen-bubble,698,0,0,148,0,0,698,698,100.0,Slovak <sk-i18n@lists.linux.sk>
fuse-encfs,390,16,883,68,2,67,373,1289,30.256012412723045,Slovak <sk@li.org>
fwupd,390,0,0,92,0,0,393,390,100.0,Slovak (http://www.transifex.com/freedesktop/fwupd/language/sk/)
gajim,4867,3012,2889,1193,643,354,4531,10768,45.198736998514114,Slovak <sk-i18n@lists.linux.sk>
gala,520,131,43,66,6,7,452,694,74.92795389048992,Slovak <>
galculator,935,0,0,275,0,0,933,935,100.0,Slovak (http://www.transifex.com/mate/MATE/language/sk/)
gammu,3398,295,304,1006,58,47,3336,3997,85.01376032024018,none
ganyremote,494,0,23,146,0,3,473,517,95.55125725338492,Slovak
garcon,109,0,0,34,0,0,105,109,100.0,Slovak (http://www.transifex.com/projects/p/garcon/language/sk/)
gbrainy,8151,276,142,1082,30,25,7869,8569,95.1219512195122,Slovak <gnome-sk-list@gnome.org>
gcompris,16478,179,0,1775,3,0,14385,16657,98.92537671849672,Slovak <gnome-sk-list@gnome.org>
gcompris-qt,11824,991,10498,1494,77,385,9981,23313,50.718483249689015,Slovak <kde-sk@linux.sk>
gconf-editor,336,0,0,98,0,0,328,336,100.0,Slovak <gnome-sk-list@gnome.org>
gcr,700,0,0,254,0,0,675,700,100.0,Slovak <gnome-sk-list@gnome.org>
gdk-pixbuf2,1409,0,0,211,0,0,1409,1409,100.0,Slovak <gnome-sk-list@gnome.org>
gdm,629,0,0,88,0,0,609,629,100.0,Slovak <gnome-sk-list@gnome.org>
geany,6028,0,14,1310,0,1,5645,6042,99.76828864614366,Slovak
geary,2338,15,262,572,2,33,2356,2615,89.40726577437859,Slovak (http://www.transifex.com/projects/p/geary/language/sk/)
gedit,4267,0,0,721,0,0,4036,4267,100.0,slovenčina <gnome-sk-list@gnome.org>
gedit-plugins,1015,0,0,178,0,0,979,1015,100.0,Slovak <gnome-sk-list@gnome.org>
geeqie,1813,1183,1352,737,423,290,1821,4348,41.69733210671573,Peter Tuhársky <tuharsky@misbb.sk>
gegl03,151,0,7018,68,0,1416,159,7169,2.106290975031385,Slovak <gnome-sk-list@gnome.org>
gegl04,151,0,7018,68,0,1416,159,7169,2.106290975031385,Slovak <gnome-sk-list@gnome.org>
gettext,7794,0,0,829,0,0,7409,7794,100.0,Slovak <sk-i18n@lists.linux.sk>
gftp,898,338,2139,225,95,314,855,3375,26.607407407407408,Slovak <sk-i18n@lists.linux.sk>
ggz-gtk-client,5,0,0,5,0,0,5,5,100.0,Slovak <sk-i18n@lists.linux.sk>
ghex,794,0,0,224,0,0,713,794,100.0,Slovak <sk-i18n@linux.sk>
gigolo,521,0,0,142,0,0,498,521,100.0,Slovak (http://www.transifex.com/projects/p/xfce/language/sk/)
gimp,26134,3,1279,6880,2,158,24823,27416,95.32389845345783,Slovak <gnome-sk-list@gnome.org>
gimp-gap,4677,4,110,846,3,19,4545,4791,97.6205385097057,Slovak <sk-i18n@lists.linux.sk>
gimp-save-for-web,2,3,77,2,2,36,2,82,2.4390243902439024,Slovak <sk-i18n@lists.linux.sk>
gip,108,0,0,32,0,0,103,108,100.0,Slovak <sk-i18n@lists.linux.sk>
gitg,2034,0,0,365,0,0,1848,2034,100.0,slovenčina <>
glabels,631,1,1866,279,1,513,629,2498,25.260208166533225,Slovak <gnome-sk-list@gnome.org>
glade,6838,4,23,1766,2,6,6544,6865,99.6067006554989,slovenčina <>
glade2,5050,461,329,1150,93,57,4200,5840,86.47260273972603,Slovak <sk-i18n@linux.sk>
glade3,30,102,1319,15,55,338,29,1451,2.067539627842867,Slovak <sk-i18n@lists.linux.sk>
glib-networking,229,0,0,36,0,0,294,229,100.0,Slovak <gnome-sk-list@gnome.org>
glib2,6984,29,23,1123,5,3,6944,7036,99.2609437180216,Slovak <gnome-sk-list@gnome.org>
glibc,6326,0,0,1256,0,0,6538,6326,100.0,Slovak <sk-i18n@lists.linux.sk>
glibc-arm-linux-gnu,6326,0,0,1256,0,0,6538,6326,100.0,Slovak <sk-i18n@lists.linux.sk>
gliv,671,163,200,175,47,38,652,1034,64.8936170212766,Slovak <sk-i18n@lists.linux.sk>
glpi,9447,0,3548,2540,0,780,8503,12995,72.69719122739515,Slovak (Slovakia) (https://www.transifex.com/glpi/teams/1637/sk_SK/)
gnome-2048,290,0,0,46,0,0,266,290,100.0,Slovak <gnome-sk-list@gnome.org>
gnome-abrt,397,0,0,73,0,0,405,397,100.0,Slovak (http://www.transifex.com/projects/p/gnome-abrt/language/sk/)
gnome-backgrounds,31,0,0,16,0,0,35,31,100.0,Slovak <gnome-sk-list@gnome.org>
gnome-bluetooth,373,0,0,111,0,0,389,373,100.0,Slovak <gnome-sk-list@gnome.org>
gnome-boxes,1207,0,0,283,0,0,1291,1207,100.0,slovenčina <>
gnome-builder,2702,300,680,743,89,145,2612,3682,73.38403041825094,slovenčina <>
gnome-calculator,1596,0,0,579,0,0,1576,1596,100.0,Slovak <gnome-sk-list@gnome.org>
gnome-calendar,661,0,0,220,0,0,660,661,100.0,Slovak <gnome-sk-list@gnome.org>
gnome-characters,186,0,0,58,0,0,191,186,100.0,Slovak <gnome-sk-list@gnome.org>
gnome-chess,1390,0,0,237,0,0,1298,1390,100.0,slovenčina <>
gnome-clocks,283,0,0,100,0,0,277,283,100.0,Slovak <gnome-sk-list@gnome.org>
gnome-color-manager,1796,0,0,345,0,0,1599,1796,100.0,Slovak <gnome-sk-list@gnome.org>
gnome-commander,8501,0,71,1655,0,2,7760,8572,99.17172188520766,Slovak <sk-i18n@lists.linux.sk>
gnome-contacts,563,0,0,162,0,0,532,563,100.0,Slovak <gnome-sk-list@gnome.org>
gnome-control-center,6633,0,0,2282,0,0,6523,6633,100.0,Slovak <fedora-trans-sk@redhat.com>
gnome-desktop,438,0,0,61,0,0,414,438,100.0,Slovak <gnome-sk-list@gnome.org>
gnome-desktop3,146,0,0,23,0,0,125,146,100.0,Slovak <gnome-sk-list@gnome.org>
gnome-dictionary,664,0,0,141,0,0,640,664,100.0,Slovak <gnome-sk-list@gnome.org>
gnome-directory-thumbnailer,85,0,0,12,0,0,84,85,100.0,Slovak <gnome-sk-list@gnome.org>
gnome-disk-utility,3820,0,0,713,0,0,3762,3820,100.0,slovenčina <>
gnome-do,612,0,0,144,0,0,613,612,100.0,Slovak <sk-i18n@lists.linux.sk>
gnome-doc-utils,46,0,155,30,0,45,48,201,22.885572139303484,Slovak <sk-i18n@lists.linux.sk>
gnome-documents,655,0,0,208,0,0,669,655,100.0,Slovak <gnome-sk-list@gnome.org>
gnome-dvb-daemon,790,0,0,190,0,0,756,790,100.0,Slovak <gnome-sk-list@gnome.org>
gnome-font-viewer,113,0,0,29,0,0,112,113,100.0,Slovak <gnome-sk-list@gnome.org>
gnome-getting-started-docs,2499,2,0,336,1,0,2115,2501,99.92003198720512,Slovak <gnome-sk-list@gnome.org>
gnome-hearts,264,0,145,64,0,42,156,409,64.54767726161369,Slovak <sk@li.org>
gnome-icon-theme,43,0,0,38,0,0,45,43,100.0,Slovak <sk-i18n@lists.linux.sk>
gnome-initial-setup,761,0,0,121,0,0,695,761,100.0,Slovak <gnome-sk-list@gnome.org>
gnome-keyring,509,0,0,103,0,0,479,509,100.0,Slovak <gnome-sk-list@gnome.org>
gnome-klotski,194,0,0,59,0,0,186,194,100.0,Slovak <gnome-sk-list@gnome.org>
gnome-libs,1085,0,0,395,0,0,1025,1085,100.0,Slovak <sk-i18n@lists.linux.sk>
gnome-logs,378,0,0,124,0,0,369,378,100.0,slovenčina <>
gnome-mahjongg,304,0,0,63,0,0,286,304,100.0,Slovak <gnome-sk-list@gnome.org>
gnome-maps,1232,0,0,314,0,0,1246,1232,100.0,Slovak <kde-i18n-doc@kde.org>
gnome-menus,70,0,0,27,0,0,70,70,100.0,Slovak <gnome-sk-list@gnome.org>
gnome-mime-data,887,0,0,362,0,0,901,887,100.0,Slovak <sk-i18n@linux.sk>
gnome-mines,344,0,0,72,0,0,341,344,100.0,slovenčina <>
gnome-multi-writer,390,0,0,61,0,0,364,390,100.0,Slovak (http://www.transifex.com/projects/p/gnome-multi-writer/language/sk/)
gnome-music,538,0,0,118,0,0,580,538,100.0,Slovak <gnome-sk-list@gnome.org>
gnome-nettool,644,0,0,219,0,0,668,644,100.0,Slovak <gnome-sk-list@gnome.org>
gnome-nibbles,447,0,0,110,0,0,406,447,100.0,Slovak <gnome-sk-list@gnome.org>
gnome-online-accounts,1208,0,0,342,0,0,1278,1208,100.0,Slovak <gnome-sk-list@gnome.org>
gnome-packagekit,3500,0,0,553,0,0,3294,3500,100.0,Slovak <gnome-sk-list@gnome.org>
gnome-phone-manager,508,0,0,89,0,0,458,508,100.0,Slovak <sk-i18n@lists.linux.sk>
gnome-photos,535,0,0,216,0,0,569,535,100.0,Slovak <gnome-sk-list@gnome.org>
gnome-power-manager,450,0,36,148,0,2,472,486,92.5925925925926,Slovak <gnome-sk-list@gnome.org>
gnome-robots,597,0,0,97,0,0,588,597,100.0,Slovak <gnome-sk-list@gnome.org>
gnome-screensaver,989,0,0,157,0,0,889,989,100.0,Slovak <gnome-sk-list@gnome.org>
gnome-screenshot,457,0,0,80,0,0,433,457,100.0,Slovak <gnome-sk-list@gnome.org>
gnome-search-tool,1359,0,0,200,0,0,1156,1359,100.0,Slovak <gnome-sk-list@gnome.org>
gnome-session,299,0,0,50,0,0,295,299,100.0,Slovak <gnome-sk-list@gnome.org>
gnome-settings-daemon,2281,28,350,349,3,32,2116,2659,85.78412937194435,Slovak <gnome-sk-list@gnome.org>
gnome-shell,1835,0,0,423,0,0,1880,1835,100.0,Slovak <gnome-sk-list@gnome.org>
gnome-shell-extension-dash-to-dock,297,53,73,71,12,13,269,423,70.2127659574468,
gnome-shell-extension-gsconnect,439,0,0,188,0,0,481,439,100.0,
gnome-shell-extension-media-player-indicator,86,0,0,22,0,0,82,86,100.0,Slovak
gnome-shell-extension-openweather,476,93,50,181,13,7,480,619,76.89822294022616,
gnome-shell-extension-system-monitor-applet,59,11,87,48,5,41,64,157,37.57961783439491,
gnome-shell-extensions,388,0,0,70,0,0,376,388,100.0,Slovak <gnome-sk-list@gnome.org>
gnome-software,3133,223,320,692,31,39,3270,3676,85.22850924918389,slovenčina <>
gnome-sound-recorder,292,0,0,73,0,0,292,292,100.0,Slovak <kde-i18n-doc@kde.org>
gnome-sudoku,398,0,0,71,0,0,387,398,100.0,slovenčina <gnome-sk-list@gnome.org>
gnome-system-log,436,0,0,70,0,0,399,436,100.0,Slovak <gnome-sk-list@gnome.org>
gnome-system-monitor,1439,0,0,304,0,0,1339,1439,100.0,slovenčina <>
gnome-taquin,232,0,0,49,0,0,230,232,100.0,Slovak <gnome-sk-list@gnome.org>
gnome-terminal,2346,98,98,453,25,14,2188,2542,92.28953579858378,Slovak <gnome-sk-list@gnome.org>
gnome-tetravex,220,0,0,45,0,0,201,220,100.0,Slovak <gnome-sk-list@gnome.org>
gnome-themes,109,0,0,30,0,0,112,109,100.0,Slovak <gnome-sk-list@gnome.org>
gnome-themes-extra,15,0,0,6,0,0,15,15,100.0,Slovak <gnome-sk-list@gnome.org>
gnome-todo,684,0,0,149,0,0,710,684,100.0,slovenčina <>
gnome-tweaks,577,4,51,178,2,1,641,632,91.29746835443038,Slovak <gnome-sk-list@gnome.org>
gnome-usage,202,0,0,57,0,0,183,202,100.0,Slovak <gnome-sk-list@gnome.org>
gnome-user-share,52,0,0,10,0,0,51,52,100.0,Slovak <gnome-sk-list@gnome.org>
gnome-vfs2,1519,0,0,305,0,0,1415,1519,100.0,Slovak <gnome-sk-list@gnome.org>
gnome-video-effects,256,0,0,68,0,0,221,256,100.0,Slovak <gnome-sk-list@gnome.org>
gnome-weather,192,0,0,42,0,0,185,192,100.0,Slovak <gnome-sk-list@gnome.org>
gnomebaker,1154,13,19,289,1,1,1088,1186,97.3018549747049,Slovak <sk@li.org>
gnomint,469,0,3943,59,0,642,423,4412,10.630099728014505,Slovak <sk@li.org>
gnote,1429,649,1159,269,90,167,1371,3237,44.1458140253321,Slovak <gnome-sk-list@gnome.org>
gnotime,1087,341,580,268,72,89,954,2008,54.133466135458164,Slovak <sk-i18n@lists.linux.sk>
gnucash,9446,7431,17786,2816,1426,1140,8625,34663,27.250959236073047,Slovak <sk-i18n@lists.linux.sk>
gnumeric,6391,5295,23360,1715,1286,2641,5886,35046,18.2360326428123,Slovak <sk-i18n@linux.sk>
gnupg,4435,2925,1280,635,475,187,4213,8640,51.331018518518526,Slovak <sk-i18n@lists.linux.sk>
gnupg2,2519,6456,4454,423,1134,636,2463,13429,18.757911981532505,Slovak <sk-i18n@lists.linux.sk>
godot,191,224,6615,54,95,1743,170,7030,2.716927453769559,Slovak <https://hosted.weblate.org/projects/godot-engine/godot/sk/>
goffice,1588,1659,2954,660,633,708,1576,6201,25.6087727785841,Slovak <sk-i18n@linux.sk>
goffice08,1798,1004,1797,729,388,443,1780,4599,39.095455533811695,Slovak <sk-i18n@linux.sk>
gourmet,2579,122,1238,614,13,265,2441,3939,65.47347042396548,Slovak <sk@li.org>
gparted,2510,111,270,444,9,23,2385,2891,86.82116914562435,Slovak <gnome-sk-list@gnome.org>
gphoto2,800,442,501,179,66,92,735,1743,45.897877223178426,Slovak <sk-i18n@lists.linux.sk>
gpicview,234,0,2,51,0,1,221,236,99.15254237288136,Slovak <sk-i18n@lists.linux.sk>
gpsdrive,1387,0,0,301,0,0,1406,1387,100.0,Slovak <sk-i18n@lists.linux.sk>
gradio,309,0,0,101,0,0,317,309,100.0,Slovak <https://hosted.weblate.org/projects/gradio/translations/sk/>
gramps,37220,129,232,6265,11,64,31891,37581,99.03940821159628,<sk-i18n@linux.sk>
granatier,242,0,0,67,0,0,203,242,100.0,Slovak <kde-sk@linux.sk>
granite,156,0,0,57,0,0,173,156,100.0,Slovak <>
grantlee-editor,518,12,0,155,3,0,463,530,97.73584905660377,Slovak <kde-sk@linux.sk>
grep,541,298,42,84,17,6,549,881,61.407491486946654,Slovak <sk-i18n@lists.linux.sk>
grilo,191,0,0,36,0,0,209,191,100.0,Slovak <gnome-sk-list@gnome.org>
grilo-plugins,536,0,0,133,0,0,494,536,100.0,Slovak <gnome-sk-list@gnome.org>
grub-customizer,1180,0,115,192,0,1,1073,1295,91.11969111969111,Slovak <sk@li.org>
gscan2pdf,2004,0,47,502,0,5,2038,2051,97.7084349098001,slovenčina <>
gsettings-desktop-schemas,6311,0,0,566,0,0,6038,6311,100.0,Slovak <gnome-sk-list@gnome.org>
gspell,78,0,0,32,0,0,80,78,100.0,slovenčina <gnome-sk-list@gnome.org>
gstreamer,1875,5,37,340,2,6,1900,1917,97.80907668231612,Slovak <sk-i18n@lists.linux.sk>
gstreamer-plugins-bad-free,72,4,20,12,1,1,67,96,75.0,Slovak <sk-i18n@lists.linux.sk>
gstreamer-plugins-base,869,11,28,168,2,8,800,908,95.70484581497797,Slovak <sk-i18n@lists.linux.sk>
gstreamer-plugins-good,787,23,4,186,2,2,780,814,96.68304668304668,Slovak <sk-i18n@lists.linux.sk>
gstreamer1,2012,32,34,366,3,6,1991,2078,96.82386910490857,Slovak <sk-i18n@lists.linux.sk>
gstreamer1-plugins-bad-free,152,42,3,21,7,1,140,197,77.15736040609137,Slovak <sk-i18n@lists.linux.sk>
gstreamer1-plugins-base,887,28,53,186,4,12,804,968,91.63223140495867,Slovak <sk-i18n@lists.linux.sk>
gstreamer1-plugins-good,696,39,59,84,6,7,655,794,87.6574307304786,Slovak <sk-i18n@lists.linux.sk>
gstreamer1-plugins-ugly-free,80,0,0,10,0,0,73,80,100.0,Slovak <sk-i18n@lists.linux.sk>
gtg,2055,0,1442,294,0,6,1834,3497,58.76465541893051,slovenčina <debian-l10n-slovak@lists.debian.org>
gthumb,3477,0,2,964,0,1,3311,3479,99.94251221615407,Slovak <sk-i18n@lists.linux.sk>
gtick,169,165,4,90,3,3,173,338,50.0,Slovak
gtk+,202,0,0,105,0,0,197,202,100.0,Slovak <sk@li.org>
gtk-vnc,8,0,0,3,0,0,8,8,100.0,Slovak <gnome-sk-list@gnome.org>
gtk2,12587,803,314,2602,136,46,11078,13704,91.84909515469936,Slovak <gnome-sk-list@gnome.org>
gtk3,16056,0,0,3601,0,0,14932,16056,100.0,slovenčina <>
gtk4,12426,0,0,2973,0,0,11636,12426,100.0,slovenčina <>
gtkhtml3,522,0,0,317,0,0,525,522,100.0,Slovak <sk-i18n@lists.linux.sk>
gtksourceview2,765,0,0,312,0,0,786,765,100.0,Slovak <sk-i18n@lists.linux.sk>
gtksourceview3,320,2,0,105,1,0,327,322,99.37888198757764,slovenčina <>
gtkspell,11,0,0,5,0,0,11,11,100.0,Slovak <sk-i18n@lists.linux.sk>
gtkspell3,11,0,0,5,0,0,11,11,100.0,Slovak <sk-i18n@lists.linux.sk>
gtranslator,1672,0,0,390,0,0,1645,1672,100.0,Slovak <gnome-sk-list@gnome.org>
guayadeque,3326,0,0,1019,0,0,2866,3326,100.0,Slovak (Slovakia) (http://www.transifex.com/projects/p/guayadeque/language/sk_SK/)
gucharmap,1248,0,0,420,0,0,1212,1248,100.0,slovenčina <>
gupnp-tools,327,0,0,118,0,0,342,327,100.0,Slovak <gnome-sk-list@gnome.org>
gutenprint,10215,4541,1006,3108,1288,304,10002,15762,64.80776551199087,Slovak <sk-i18n@lists.linux.sk>
gvfs,2148,0,0,412,0,0,2151,2148,100.0,Slovak <gnome-sk-list@gnome.org>
gwenview,1236,74,152,343,24,15,1252,1462,84.54172366621067,Slovak <kde-sk@linux.sk>
gwget,512,0,0,169,0,0,508,512,100.0,Slovak <sk-i18n@lists.linux.sk>
gxmessage,177,66,0,11,1,0,168,243,72.8395061728395,slovak <matis@hq.sk>
harvey,0,0,57,0,0,12,0,57,0.0,none
heaptrack,1150,56,0,177,3,0,992,1206,95.35655058043118,Slovak <kde-sk@linux.sk>
hexchat,2332,0,3639,728,0,718,2140,5971,39.05543460056941,Slovak (http://www.transifex.com/hexchat/hexchat/language/sk/)
hitori,174,0,0,36,0,0,155,174,100.0,Slovak <gnome-sk-list@gnome.org>
homebank,637,0,1799,305,0,473,595,2436,26.14942528735632,Slovak <sk@li.org>
homerun,504,0,0,135,0,0,466,504,100.0,Slovak <kde-sk@linux.sk>
hugin,8859,0,0,1591,0,0,8237,8859,100.0,Slovak <kornel@lyx.org>
iagno,321,0,0,71,0,0,321,321,100.0,Slovak <gnome-sk-list@gnome.org>
icewm,0,0,0,0,0,0,0,0,0.0,slovak <sk-i18n@lists.linux.sk>
im-chooser,52,0,187,13,0,43,44,239,21.75732217573222,LANGUAGE <LL@li.org>
imsettings,0,0,456,0,0,84,0,456,0.0,LANGUAGE <LL@li.org>
indent,258,14,0,52,3,0,262,272,94.85294117647058,Slovak <sk-i18n@lists.linux.sk>
initial-setup,33,0,0,7,0,0,22,33,100.0,Slovak
initscripts,866,0,108,133,0,16,856,974,88.91170431211499,Slovak (http://www.transifex.com/projects/p/fedora/language/sk/)
inkscape,36824,725,665,7879,63,203,35016,38214,96.36258962683833,x
iso-codes,2968,3747,16399,1682,2968,10570,2729,23114,12.840702604482132,Slovak
isoimagewriter,49,0,350,18,0,61,43,399,12.280701754385964,Slovak <kde-sk@linux.sk>
isomaster,674,0,0,107,0,0,610,674,100.0,Slovak <sk@li.org>
json-glib,303,0,0,44,0,0,297,303,100.0,Slovak <gnome-sk-list@gnome.org>
juk,1453,0,0,355,0,0,1360,1453,100.0,Slovak <kde-sk@linux.sk>
k3b,20134,60,27,2508,9,3,18700,20221,99.56975421591416,Slovak <kde-sk@linux.sk>
k3guitune,212,0,0,92,0,0,208,212,100.0,Slovak <sk@li.org>
kBuild,204,136,165,38,29,14,231,505,40.396039603960396,Slovak <sk-i18n@lists.linux.sk>
kaccounts-integration,59,0,23,10,0,2,47,82,71.95121951219512,Slovak <kde-sk@linux.sk>
kaccounts-providers,60,0,0,20,0,0,58,60,100.0,Slovak <kde-sk@linux.sk>
kactivitymanagerd,9,0,0,4,0,0,9,9,100.0,Slovak <kde-sk@linux.sk>
kaddressbook,735,10,5,164,3,1,628,750,98.0,Slovak <kde-sk@linux.sk>
kajongg,2444,0,0,510,0,0,2317,2444,100.0,Slovak <kde-sk@linux.sk>
kalarm,7256,13,0,1017,3,0,6531,7269,99.82115834365112,Slovak <kde-sk@linux.sk>
kalgebra,203,0,80,102,0,8,192,283,71.73144876325088,Slovak <kde-sk@linux.sk>
kalzium,10428,9,0,1528,2,0,8937,10437,99.9137683242311,Slovak <kde-sk@linux.sk>
kamera,342,0,0,37,0,0,296,342,100.0,Slovak <kde-sk@linux.sk>
kamoso,119,0,0,41,0,0,122,119,100.0,Slovak <kde-sk@linux.sk>
kanagram,525,3,0,144,1,0,480,528,99.43181818181817,Slovak <kde-sk@linux.sk>
kanyremote,419,64,1,131,12,1,405,484,86.57024793388429,Slovak
kapman,114,0,0,36,0,0,109,114,100.0,Slovak <kde-sk@linux.sk>
kapptemplate,272,0,0,52,0,0,226,272,100.0,Slovak <kde-sk@linux.sk>
kate,4985,0,0,1192,0,0,4626,4985,100.0,Slovak <kde-sk@linux.sk>
katomic,185,0,0,59,0,0,186,185,100.0,Slovak <kde-sk@linux.sk>
kaudiocreator,589,168,379,161,43,69,563,1136,51.848591549295776,Slovak <kde-sk@linux.sk>
kbackup,443,107,100,94,15,14,384,650,68.15384615384616,Slovak
kblackbox,1360,0,4,101,0,1,1175,1364,99.70674486803519,Slovak <kde-sk@linux.sk>
kblocks,159,0,0,38,0,0,166,159,100.0,Slovak <kde-sk@linux.sk>
kbounce,154,0,0,42,0,0,147,154,100.0,Slovak <kde-sk@linux.sk>
kbrickbuster,152,0,0,40,0,0,125,152,100.0,Slovak <kde-sk@linux.sk>
kbruch,1345,0,0,195,0,0,1089,1345,100.0,Slovak <kde-sk@linux.sk>
kcachegrind,4370,0,0,562,0,0,3815,4370,100.0,Slovak <kde-sk@linux.sk>
kcalc,976,0,0,326,0,0,918,976,100.0,Slovak <kde-sk@linux.sk>
kcharselect,88,0,0,34,0,0,96,88,100.0,Slovak <kde-sk@linux.sk>
kchildlock,806,0,0,122,0,0,656,806,100.0,French <kde-i18n-de@kde.org>
kcm_systemd,68,11,1306,47,6,115,68,1385,4.909747292418772,Slovak <kde-sk@linux.sk>
kcm_wacomtablet,936,60,60,215,13,12,880,1056,88.63636363636364,Slovak <kde-sk@linux.sk>
kcolorchooser,29,0,0,10,0,0,31,29,100.0,Slovak <kde-sk@linux.sk>
kcoloredit,8,92,178,5,29,61,10,278,2.877697841726619,Slovak <kde-sk@linux.sk>
kcron,534,0,0,190,0,0,500,534,100.0,Slovak <kde-sk@linux.sk>
kdb,1454,24,16,240,2,1,1404,1494,97.32262382864792,Slovak <kde-sk@linux.sk>
kdbg,77,44,734,37,21,140,74,855,9.005847953216374,Slovak <bednar@isternet.sk>
kde-cli-tools,2188,0,0,228,0,0,1907,2188,100.0,Slovak <kde-sk@linux.sk>
kde-connect,525,111,96,134,9,34,488,732,71.72131147540983,Slovak <kde-sk@linux.sk>
kde-dev-utils,94,0,0,35,0,0,92,94,100.0,Slovak <kde-sk@linux.sk>
kde-gtk-config,309,0,0,76,0,0,289,309,100.0,Slovak <kde-sk@linux.sk>
kde-l10n,105160,0,0,21176,0,0,95745,105160,100.0,Slovak <kde-sk@linux.sk>
kde-partitionmanager,1965,228,106,440,43,40,1815,2299,85.47194432361897,Slovak <kde-sk@linux.sk>
kde-print-manager,956,4,0,271,1,0,866,960,99.58333333333333,Slovak <kde-sk@linux.sk>
kdebugsettings,107,23,0,35,4,0,102,130,82.3076923076923,Slovak <kde-sk@linux.sk>
kdecoration,27,0,0,15,0,0,25,27,100.0,Slovak <kde-sk@linux.sk>
kdenetwork-filesharing,42,0,0,12,0,0,38,42,100.0,Slovak <kde-sk@linux.sk>
kdepim-addons,3990,32,137,784,7,28,3462,4159,95.93652320269295,Slovak <kde-sk@linux.sk>
kdepim-apps-libs,238,0,142,69,0,12,213,380,62.63157894736842,Slovak <kde-sk@linux.sk>
kdepim-runtime,6597,49,888,1093,10,115,5827,7534,87.56304751791876,Slovak <kde-sk@linux.sk>
kdeplasma-addons,1139,463,44,365,221,21,1233,1646,69.19805589307411,Slovak <kde-i18n-doc@kde.org>
kdesdk-kioslaves,82,0,0,17,0,0,76,82,100.0,Slovak <kde-sk@linux.sk>
kdesdk-thumbnailers,4,0,0,4,0,0,4,4,100.0,Slovak <kde-sk@linux.sk>
kdesvn,4839,3,3,878,1,2,4683,4845,99.87616099071207,Slovak <kde-sk@linux.sk>
kdevelop,13877,63,599,2787,4,74,12633,14539,95.4467294862095,Slovak <kde-i18n-doc@kde.org>
kdevelop-php,486,0,25,67,0,2,444,511,95.10763209393346,Slovak <kde-i18n-doc@kde.org>
kdevelop-python,582,0,0,101,0,0,520,582,100.0,Slovak <kde-sk@linux.sk>
kdf,181,0,0,69,0,0,180,181,100.0,Slovak <kde-sk@linux.sk>
kdiagram,65,0,0,39,0,0,59,65,100.0,Slovak <kde-sk@linux.sk>
kdialog,347,0,0,70,0,0,342,347,100.0,Slovak <kde-sk@linux.sk>
kdiamond,122,0,0,32,0,0,125,122,100.0,Slovak <kde-sk@linux.sk>
kdiff3,0,0,3770,0,0,663,0,3770,0.0,Slovak <kde-sk@linux.sk>
kdissert,0,0,2027,0,0,282,0,2027,0.0,Slovak <sk@li.org>
kdnssd,30,0,0,7,0,0,24,30,100.0,Slovak <kde-sk@linux.sk>
keditbookmarks,466,0,0,132,0,0,445,466,100.0,Slovak <kde-sk@linux.sk>
kexec-tools,0,0,83,0,0,12,0,83,0.0,LANGUAGE <LL@li.org>
kexi,4807,2310,234,1258,209,26,4484,7351,65.39246361039315,Slovak <kde-sk@linux.sk>
kf5-akonadi-calendar,1862,2,13,286,1,1,1632,1877,99.20085242408098,Slovak <kde-sk@linux.sk>
kf5-akonadi-contacts,1414,0,0,295,0,0,1243,1414,100.0,Slovak <kde-sk@linux.sk>
kf5-akonadi-mime,572,0,0,107,0,0,556,572,100.0,Slovak <kde-sk@linux.sk>
kf5-akonadi-notes,2,0,0,1,0,0,2,2,100.0,Slovak <kde-sk@linux.sk>
kf5-akonadi-search,48,0,0,11,0,0,47,48,100.0,Slovak <kde-sk@linux.sk>
kf5-akonadi-server,2421,6,59,419,2,2,2256,2486,97.38535800482703,Slovak <kde-sk@linux.sk>
kf5-audiocd-kio,844,0,0,178,0,0,807,844,100.0,Slovak <kde-sk@linux.sk>
kf5-baloo,702,5,132,176,1,15,614,839,83.67103694874851,Slovak <kde-i18n-doc@kde.org>
kf5-calendarsupport,2938,34,4,407,6,4,2555,2976,98.72311827956989,Slovak <kde-sk@linux.sk>
kf5-eventviews,2889,20,33,305,8,4,2526,2942,98.19850441876274,Slovak <kde-sk@linux.sk>
kf5-grantleetheme,14,0,0,6,0,0,14,14,100.0,Slovak <kde-sk@linux.sk>
kf5-incidenceeditor,2194,160,10,406,27,3,1868,2364,92.8087986463621,Slovak <kde-sk@linux.sk>
kf5-kalarmcal,198,0,0,101,0,0,225,198,100.0,Slovak <kde-sk@linux.sk>
kf5-kauth,61,12,0,7,1,0,51,73,83.56164383561644,Slovak <kde-sk@linux.sk>
kf5-kblog,243,0,0,27,0,0,183,243,100.0,Slovak <kde-sk@linux.sk>
kf5-kbookmarks,230,0,0,49,0,0,199,230,100.0,Slovak <kde-sk@linux.sk>
kf5-kcalendarutils,1630,0,0,427,0,0,1654,1630,100.0,Slovak <kde-sk@linux.sk>
kf5-kcmutils,563,0,0,72,0,0,489,563,100.0,Slovak <kde-sk@linux.sk>
kf5-kcodecs,348,0,0,53,0,0,287,348,100.0,Slovak <kde-sk@linux.sk>
kf5-kcompletion,18,0,0,11,0,0,18,18,100.0,Slovak <kde-sk@linux.sk>
kf5-kconfig,261,0,0,100,0,0,255,261,100.0,Slovak <kde-sk@linux.sk>
kf5-kconfigwidgets,321,0,0,117,0,0,313,321,100.0,Slovak <kde-sk@linux.sk>
kf5-kcontacts,177,0,0,108,0,0,180,177,100.0,Slovak <kde-sk@linux.sk>
kf5-kcoreaddons,333,0,0,125,0,0,325,333,100.0,Slovak <kde-sk@linux.sk>
kf5-kdav,171,14,0,19,1,0,119,185,92.43243243243244,Slovak <kde-sk@linux.sk>
kf5-kdbusaddons,48,0,0,6,0,0,40,48,100.0,Slovak <kde-sk@linux.sk>
kf5-kdeclarative,109,0,0,14,0,0,102,109,100.0,Slovak <kde-sk@linux.sk>
kf5-kdelibs4support,4813,0,0,2364,0,0,4678,4813,100.0,Slovak <kde-sk@linux.sk>
kf5-kdesignerplugin,54,0,0,9,0,0,57,54,100.0,Slovak <kde-sk@linux.sk>
kf5-kdesu,19,0,0,7,0,0,19,19,100.0,Slovak <kde-sk@linux.sk>
kf5-kdnssd,3,0,0,3,0,0,3,3,100.0,Slovak <kde-sk@linux.sk>
kf5-kdoctools,8,0,0,4,0,0,8,8,100.0,Slovak <kde-sk@linux.sk>
kf5-kfilemetadata,131,6,28,69,4,14,139,165,79.39393939393939,Slovak <kde-sk@linux.sk>
kf5-kglobalaccel,71,0,0,9,0,0,59,71,100.0,Slovak <kde-sk@linux.sk>
kf5-kholidays,109,0,0,77,0,0,103,109,100.0,Slovak <kde-sk@linux.sk>
kf5-khtml,1629,92,0,306,4,0,1430,1721,94.6542707728065,Slovak <kde-sk@linux.sk>
kf5-ki18n,124,0,0,110,0,0,124,124,100.0,Slovak <kde-sk@linux.sk>
kf5-kiconthemes,37,0,0,18,0,0,38,37,100.0,Slovak <kde-sk@linux.sk>
kf5-kidentitymanagement,165,0,0,21,0,0,144,165,100.0,Slovak <kde-sk@linux.sk>
kf5-kimap,99,0,11,48,0,1,94,110,90.0,Slovak <kde-sk@linux.sk>
kf5-kinit,134,0,0,14,0,0,107,134,100.0,Slovak <kde-sk@linux.sk>
kf5-kio,11277,722,187,1327,10,8,9586,12186,92.54062038404727,Slovak <kde-sk@linux.sk>
kf5-kirigami,2,0,0,2,0,0,2,2,100.0,Slovak <kde-sk@linux.sk>
kf5-kirigami2,23,1,0,14,1,0,22,24,95.83333333333334,Slovak <kde-sk@linux.sk>
kf5-kitemviews,6,1,0,3,1,0,6,7,85.71428571428571,Slovak <kde-sk@linux.sk>
kf5-kitinerary,14,0,51,4,0,12,14,65,21.53846153846154,Slovak <kde-sk@linux.sk>
kf5-kjobwidgets,123,0,0,36,0,0,147,123,100.0,Slovak <kde-sk@linux.sk>
kf5-kjsembed,248,0,0,44,0,0,237,248,100.0,Slovak <kde-sk@linux.sk>
kf5-kldap,179,6,18,51,1,3,195,203,88.17733990147784,Slovak <kde-sk@linux.sk>
kf5-kmailtransport,626,2,21,104,2,2,534,649,96.45608628659477,Slovak <kde-sk@linux.sk>
kf5-kmime,159,0,0,10,0,0,129,159,100.0,Slovak <kde-sk@linux.sk>
kf5-knewstuff,690,0,0,158,0,0,664,690,100.0,Slovak <kde-sk@linux.sk>
kf5-knotifications,18,0,0,6,0,0,14,18,100.0,Slovak <kde-sk@linux.sk>
kf5-knotifyconfig,129,0,0,17,0,0,104,129,100.0,Slovak <kde-sk@linux.sk>
kf5-kontactinterface,4,0,0,2,0,0,4,4,100.0,Slovak <kde-sk@linux.sk>
kf5-kpackage,477,18,0,96,1,0,427,495,96.36363636363636,Slovak <kde-sk@linux.sk>
kf5-kparts,104,0,0,26,0,0,94,104,100.0,Slovak <kde-sk@linux.sk>
kf5-kpeople,21,0,0,11,0,0,20,21,100.0,Slovak <kde-sk@linux.sk>
kf5-kpimtextedit,345,0,2,152,0,1,341,347,99.42363112391931,Slovak <kde-sk@linux.sk>
kf5-kpty,15,0,0,4,0,0,18,15,100.0,Slovak <kde-sk@linux.sk>
kf5-kross,100,0,0,35,0,0,96,100,100.0,Slovak <kde-sk@linux.sk>
kf5-kservice,170,0,0,28,0,0,165,170,100.0,Slovak <kde-sk@linux.sk>
kf5-ksmtp,68,0,13,9,0,2,56,81,83.9506172839506,Slovak <kde-sk@linux.sk>
kf5-ktexteditor,7766,478,84,1144,43,13,6742,8328,93.25168107588857,Slovak <kde-sk@linux.sk>
kf5-ktextwidgets,462,0,0,122,0,0,445,462,100.0,Slovak <kde-sk@linux.sk>
kf5-ktnef,355,0,0,143,0,0,373,355,100.0,Slovak <kde-sk@linux.sk>
kf5-kunitconversion,5121,82,109,2236,11,19,6172,5312,96.40436746987952,Slovak <kde-sk@linux.sk>
kf5-kwallet,1624,0,0,131,0,0,1406,1624,100.0,Slovak <kde-sk@linux.sk>
kf5-kwidgetsaddons,1234,69,16,426,26,6,1151,1319,93.5557240333586,Slovak <kde-sk@linux.sk>
kf5-kwindowsystem,2,0,0,1,0,0,2,2,100.0,Slovak <kde-sk@linux.sk>
kf5-kxmlgui,1511,91,0,227,1,0,1334,1602,94.31960049937578,Slovak <kde-sk@linux.sk>
kf5-kxmlrpcclient,13,0,0,2,0,0,12,13,100.0,Slovak <kde-sk@linux.sk>
kf5-libgravatar,22,0,8,10,0,1,23,30,73.33333333333333,Slovak <kde-sk@linux.sk>
kf5-libkcddb,557,0,0,251,0,0,558,557,100.0,Slovak <kde-sk@linux.sk>
kf5-libkcompactdisc,15,0,0,10,0,0,14,15,100.0,Slovak <kde-sk@linux.sk>
kf5-libkdepim,465,0,0,127,0,0,426,465,100.0,Slovak <kde-sk@linux.sk>
kf5-libkgeomap,139,0,0,46,0,0,126,139,100.0,Slovak <kde-sk@linux.sk>
kf5-libkleo,908,48,247,249,18,41,871,1203,75.47797173732336,Slovak <kde-sk@linux.sk>
kf5-libksane,272,0,0,83,0,0,265,272,100.0,Slovak <kde-sk@linux.sk>
kf5-libksieve,3268,19,11,548,6,3,2826,3298,99.09035779260158,Slovak <kde-sk@linux.sk>
kf5-libktorrent,471,0,0,106,0,0,500,471,100.0,Slovak <kde-sk@linux.sk>
kf5-mailcommon,2639,41,146,450,5,14,2378,2826,93.38287331917905,Slovak <kde-sk@linux.sk>
kf5-mailimporter,1400,8,0,123,4,0,1277,1408,99.43181818181817,Slovak <kde-sk@linux.sk>
kf5-messagelib,7413,152,38,1160,17,6,7149,7603,97.50098645271603,Slovak <kde-sk@linux.sk>
kf5-pimcommon,984,23,6,239,4,1,897,1013,97.13721618953603,Slovak <kde-sk@linux.sk>
kf5-plasma,503,0,0,147,0,0,472,503,100.0,Slovak <kde-sk@linux.sk>
kf5-purpose,217,41,0,64,5,0,197,258,84.10852713178295,Slovak <kde-sk@linux.sk>
kf5-solid,682,0,0,222,0,0,594,682,100.0,Slovak <kde-i18n-doc@kde.org>
kf5-sonnet,667,0,0,73,0,0,535,667,100.0,Slovak <kde-sk@linux.sk>
kf5-syntax-highlighting,511,0,1,315,0,1,512,512,99.8046875,Slovak <kde-sk@linux.sk>
kfind,501,0,0,116,0,0,486,501,100.0,Slovak <kde-i18n-doc@kde.org>
kfloppy,641,0,0,100,0,0,604,641,100.0,Slovak <kde-sk@linux.sk>
kfourinline,392,0,0,157,0,0,390,392,100.0,Slovak <kde-sk@linux.sk>
kgamma,130,0,0,16,0,0,117,130,100.0,Slovak <kde-sk@linux.sk>
kgeography,9687,10,1,7125,5,1,9688,9698,99.8865745514539,Slovak <kde-sk@linux.sk>
kget,2914,37,2,784,8,2,2775,2953,98.67930917710802,Slovak <kde-sk@linux.sk>
kgoldrunner,23557,0,0,908,0,0,19428,23557,100.0,Slovak <kde-sk@linux.sk>
kgpg,5282,0,0,698,0,0,4757,5282,100.0,Slovak <kde-sk@linux.sk>
kgrab,0,0,370,0,0,53,0,370,0.0,Slovak <kde-sk@linux.sk>
kgraphviewer,963,283,14,220,17,6,886,1260,76.42857142857142,Slovak <kde-sk@linux.sk>
khangman,473,0,0,119,0,0,459,473,100.0,Slovak <kde-sk@linux.sk>
khelpcenter,256,0,0,87,0,0,270,256,100.0,Slovak <kde-sk@linux.sk>
khotkeys,436,0,0,129,0,0,405,436,100.0,Slovak <kde-sk@linux.sk>
kicad,14575,1717,5325,3790,404,706,13587,21617,67.42378683443586,slovenčina <linux@slavino.sk>
kiconedit,726,0,0,155,0,0,645,726,100.0,Slovak <kde-sk@linux.sk>
kig,7715,160,0,1281,20,0,6288,7875,97.96825396825398,Slovak <kde-sk@linux.sk>
kigo,500,0,0,129,0,0,456,500,100.0,Slovak <kde-sk@linux.sk>
kile,685,2804,7673,449,893,560,680,11162,6.136893029922954,Slovak <kde-sk@linux.sk>
killbots,641,0,0,128,0,0,581,641,100.0,Slovak <kde-sk@linux.sk>
kinfocenter,2922,3,0,1013,1,0,2817,2925,99.8974358974359,Slovak <kde-sk@linux.sk>
kio-extras,915,0,0,128,0,0,832,915,100.0,Slovak <kde-sk@linux.sk>
kio-gdrive,30,0,0,5,0,0,27,30,100.0,Slovak <kde-sk@linux.sk>
kio_gopher,0,0,17,0,0,5,0,17,0.0,Slovak <kde-sk@linux.sk>
kio_mtp,17,0,0,2,0,0,14,17,100.0,Slovak <kde-sk@linux.sk>
kiriki,144,0,0,50,0,0,137,144,100.0,Slovak <kde-sk@linux.sk>
kiten,641,0,0,179,0,0,637,641,100.0,Slovak <kde-sk@linux.sk>
kjots,399,0,0,106,0,0,363,399,100.0,Slovak <kde-sk@linux.sk>
kjumpingcube,412,0,0,95,0,0,365,412,100.0,Slovak <kde-sk@linux.sk>
kleopatra,8384,295,134,1276,60,18,7684,8813,95.13219108135709,Slovak <kde-sk@linux.sk>
klettres,435,0,1,82,0,1,388,436,99.77064220183486,Slovak <kde-sk@linux.sk>
klickety,178,0,0,62,0,0,167,178,100.0,Slovak <kde-sk@linux.sk>
klines,99,0,0,28,0,0,83,99,100.0,Slovak <kde-sk@linux.sk>
kmag,432,0,0,98,0,0,368,432,100.0,Slovak <kde-sk@linux.sk>
kmahjongg,340,0,0,98,0,0,328,340,100.0,Slovak <kde-sk@linux.sk>
kmail,8483,158,33,1290,33,3,7505,8674,97.79801706248558,Slovak <kde-sk@linux.sk>
kmail-account-wizard,799,0,0,128,0,0,697,799,100.0,Slovak <kde-i18n-doc@kde.org>
kmenuedit,277,0,0,61,0,0,248,277,100.0,Slovak <kde-sk@linux.sk>
kmines,108,0,0,38,0,0,100,108,100.0,Slovak <kde-sk@linux.sk>
kmix,857,36,14,213,4,2,820,907,94.48732083792723,Slovak <kde-sk@linux.sk>
kmousetool,147,0,0,32,0,0,128,147,100.0,Slovak <kde-sk@linux.sk>
kmouth,1521,0,0,207,0,0,1222,1521,100.0,Slovak <kde-sk@linux.sk>
kmplayer,0,0,1249,0,0,371,0,1249,0.0,Slovak <kde-sk@linux.sk>
kmplot,2436,28,3,465,7,1,2145,2467,98.74341305229024,Slovak <kde-sk@linux.sk>
kmymoney,18501,1854,1023,3088,345,129,16671,21378,86.54223968565815,Slovak <kde-sk@linux.sk>
knavalbattle,399,0,0,102,0,0,392,399,100.0,Slovak <kde-sk@linux.sk>
knemo,522,174,540,265,57,30,526,1236,42.23300970873786,Slovak <kde-sk@linux.sk>
knetwalk,230,0,0,54,0,0,215,230,100.0,Slovak <kde-sk@linux.sk>
knotes,749,40,0,227,12,0,696,789,94.93029150823827,Slovak <kde-sk@linux.sk>
koffice-kivio,8417,0,0,2361,0,0,7861,8417,100.0,Slovak <kde-sk@linux.sk>
kolf,392,4,0,146,1,0,398,396,98.98989898989899,Slovak <kde-sk@linux.sk>
kollision,109,0,0,30,0,0,122,109,100.0,Slovak <kde-sk@linux.sk>
kolourpaint,2623,0,0,452,0,0,2269,2623,100.0,Slovak <kde-sk@linux.sk>
kompare,1430,0,0,196,0,0,1287,1430,100.0,Slovak <kde-sk@linux.sk>
konqueror,9075,0,0,1403,0,0,7920,9075,100.0,Slovak <kde-sk@linux.sk>
konquest,246,0,0,98,0,0,255,246,100.0,Slovak <kde-sk@linux.sk>
konsole5,2803,0,0,562,0,0,2496,2803,100.0,Slovak <kde-i18n-doc@kde.org>
kontact,580,19,0,96,2,0,556,599,96.8280467445743,Slovak <kde-sk@linux.sk>
konversation,10294,0,0,1638,0,0,8975,10294,100.0,Slovak <kde-sk@linux.sk>
korganizer,6535,96,126,879,12,17,5764,6757,96.71451827734202,Slovak <kde-sk@linux.sk>
kpat,436,0,0,132,0,0,436,436,100.0,Slovak <kde-sk@linux.sk>
kphotoalbum,9314,162,88,995,16,8,8133,9564,97.38603094939356,Slovak <kde-sk@linux.sk>
kpilot,5393,859,904,605,152,104,4544,7156,75.36333147009503,Slovak <kde-sk@linux.sk>
kpmcore,2699,199,273,411,30,36,2543,3171,85.11510564490698,Slovak <kde-sk@linux.sk>
kproperty,145,0,0,82,0,0,144,145,100.0,Slovak <kde-sk@linux.sk>
krdc,1256,14,24,284,4,7,1181,1294,97.06336939721793,Slovak <kde-sk@linux.sk>
krecipes,3646,0,0,765,0,0,3420,3646,100.0,Slovak <kde-sk@linux.sk>
kreport,465,17,32,200,14,20,457,514,90.46692607003891,Slovak <kde-sk@linux.sk>
kreversi,428,0,0,141,0,0,407,428,100.0,Slovak <kde-sk@linux.sk>
krfb,644,0,0,88,0,0,607,644,100.0,Slovak <kde-sk@linux.sk>
krita,13468,5185,6901,4134,1570,480,12600,25554,52.7040776395085,Slovak <kde-i18n-doc@kde.org>
kruler,184,0,0,47,0,0,160,184,100.0,Slovak <kde-sk@linux.sk>
krusader,7377,298,263,1635,77,30,7028,7938,92.93272864701436,Slovak <kde-sk@linux.sk>
kscreen,193,0,0,59,0,0,195,193,100.0,Slovak <kde-sk@linux.sk>
kscreenlocker,187,62,3,31,2,2,172,252,74.20634920634922,Slovak <kde-sk@linux.sk>
kshisen,522,0,46,66,0,4,469,568,91.90140845070422,Slovak <kde-sk@linux.sk>
ksig,71,2,12,17,1,8,60,85,83.52941176470588,Slovak <kde-i18n-doc@kde.org>
ksirk,5763,0,0,762,0,0,5190,5763,100.0,Slovak <kde-sk@linux.sk>
ksnakeduel,231,0,0,53,0,0,231,231,100.0,Slovak <kde-sk@linux.sk>
kspaceduel,165,0,0,81,0,0,176,165,100.0,Slovak <kde-sk@linux.sk>
ksquares,257,0,0,76,0,0,207,257,100.0,Slovak <kde-sk@linux.sk>
ksshaskpass,43,0,0,12,0,0,41,43,100.0,Slovak <kde-sk@linux.sk>
kstars,29935,6214,20563,9002,1384,5547,27744,56712,52.78424319368035,Slovak <kde-sk@linux.sk>
ksudoku,1659,0,0,158,0,0,1489,1659,100.0,Slovak <kde-sk@linux.sk>
ksysguard,1044,15,23,227,6,4,902,1082,96.48798521256931,Slovak <kde-sk@linux.sk>
ksystemlog,3034,0,0,479,0,0,2574,3034,100.0,Slovak <kde-sk@linux.sk>
kteatime,201,0,0,65,0,0,227,201,100.0,Slovak <kde-sk@linux.sk>
ktimer,241,15,2,51,1,1,179,258,93.4108527131783,Slovak <kde-sk@linux.sk>
ktorrent,7533,5,0,1381,1,0,6560,7538,99.93366940833113,Slovak <kde-sk@linux.sk>
ktouch,871,0,0,242,0,0,811,871,100.0,Slovak <kde-sk@linux.sk>
ktp-accounts-kcm,1100,0,0,309,0,0,1031,1100,100.0,Slovak <kde-sk@linux.sk>
ktp-approver,71,0,0,18,0,0,68,71,100.0,Slovak <kde-sk@linux.sk>
ktp-auth-handler,83,0,0,24,0,0,74,83,100.0,Slovak <kde-sk@linux.sk>
ktp-common-internals,989,0,0,206,0,0,887,989,100.0,Slovak <kde-sk@linux.sk>
ktp-contact-list,387,10,283,106,3,18,360,680,56.91176470588235,Slovak <kde-sk@linux.sk>
ktp-contact-runner,169,38,1,33,9,1,162,208,81.25,Slovak <kde-sk@linux.sk>
ktp-desktop-applets,75,0,0,22,0,0,64,75,100.0,Slovak <kde-sk@linux.sk>
ktp-filetransfer-handler,141,0,0,39,0,0,139,141,100.0,Slovak <kde-sk@linux.sk>
ktp-kded-integration-module,217,0,273,42,0,17,193,490,44.285714285714285,Slovak <kde-sk@linux.sk>
ktp-send-file,60,0,0,18,0,0,55,60,100.0,Slovak <kde-sk@linux.sk>
ktp-text-ui,1441,0,0,321,0,0,1283,1441,100.0,Slovak <kde-sk@linux.sk>
ktuberling,151,3,4,35,1,2,150,158,95.56962025316456,Slovak <kde-sk@linux.sk>
kturtle,1527,0,0,346,0,0,1373,1527,100.0,Slovak <kde-sk@linux.sk>
kubrick,1203,0,0,165,0,0,1195,1203,100.0,Slovak <kde-sk@linux.sk>
kwalletmanager5,802,0,0,166,0,0,718,802,100.0,Slovak <kde-sk@linux.sk>
kwebkitpart,642,0,0,147,0,0,559,642,100.0,Slovak <kde-sk@linux.sk>
kwin,6202,12,25,1203,5,11,5633,6239,99.40695624298766,Slovak <kde-i18n-doc@kde.org>
kwordquiz,2021,5,0,411,3,0,1801,2026,99.75320829220138,Slovak <kde-sk@linux.sk>
kxstitch,1966,0,0,560,0,0,1776,1966,100.0,Slovak <kde-sk@linux.sk>
l3afpad,113,0,17,61,0,3,129,130,86.92307692307692,Slovak <sk-i18n@linux.sk>
lazarus,8204,4646,14260,2460,685,2944,7709,27110,30.261895979343418,Slovenský <sk@li.org>
ldm,126,0,0,32,0,0,103,126,100.0,Slovak <nomail>
leafpad,121,2,2,66,1,1,135,125,96.8,Slovak <sk-i18n@linux.sk>
libappstream-glib,392,0,0,85,0,0,375,392,100.0,Slovak (http://www.transifex.com/freedesktop/appstream-glib/language/sk/)
libbonobo,543,0,0,107,0,0,516,543,100.0,Slovak <sk-i18n@lists.linux.sk>
libbonoboui,368,0,0,115,0,0,338,368,100.0,Slovak <sk-l18n@lists.linux.sk>
libbytesize,17,0,0,17,0,0,17,17,100.0,Slovak
libcryptui,3012,0,0,654,0,0,2729,3012,100.0,Slovak <gnome-sk-list@gnome.org>
libexif,6977,0,0,1177,0,0,6232,6977,100.0,Slovak <sk-i18n@lists.linux.sk>
libfm,1112,196,267,296,60,38,1056,1575,70.60317460317461,Slovak <sk-i18n@lists.linux.sk>
libgda,78,2850,8214,37,684,1333,81,11142,0.7000538502961766,Slovak <sk-i18n@linux.sk>
libgdata,684,0,0,84,0,0,642,684,100.0,Slovak <gnome-sk-list@gnome.org>
libgdl,223,1,461,89,1,51,201,685,32.55474452554745,Slovak <sk-i18n@lists.linux.sk>
libgnome,1773,0,0,273,0,0,1626,1773,100.0,Slovak <gnome-sk-list@gnome.org>
libgnome-games-support,43,0,0,14,0,0,43,43,100.0,Slovak <gnome-sk-list@gnome.org>
libgnome-keyring,44,0,0,9,0,0,38,44,100.0,Slovak <gnome-sk-list@gnome.org>
libgnomecanvas,378,0,0,95,0,0,355,378,100.0,Slovak <sk-i18n@lists.linux.sk>
libgnomekbd,188,0,0,40,0,0,170,188,100.0,Slovak <gnome-sk-list@gnome.org>
libgnomeui,1309,0,0,334,0,0,1190,1309,100.0,Slovak <sk-i18n@lists.linux.sk>
libgphoto2,405,50,7,69,5,2,386,462,87.66233766233766,Slovak <sk-i18n@lists.linux.sk>
libgsasl,495,32,50,59,2,8,482,577,85.78856152512998,Slovak <sk-i18n@lists.linux.sk>
libgsf,720,0,0,150,0,0,721,720,100.0,Slovak <gnome-sk-list@gnome.org>
libgtop2,126,0,0,40,0,0,138,126,100.0,Slovak <sk-i18n@lists.linux.sk>
libgweather,6365,0,0,4676,0,0,6316,6365,100.0,slovenčina <>
libgxim,0,0,124,0,0,24,0,124,0.0,LANGUAGE <LL@li.org>
libkdegames,370,0,0,132,0,0,330,370,100.0,Slovak <kde-sk@linux.sk>
libkeduvocdocument,171,0,0,81,0,0,179,171,100.0,Slovak <kde-sk@linux.sk>
libkexif,0,0,25,0,0,14,0,25,0.0,Slovak <sk@li.org>
libkfbapi,42,0,0,6,0,0,37,42,100.0,Slovak <kde-sk@linux.sk>
libkgapi,300,5,27,67,1,6,290,332,90.36144578313254,Slovak <kde-sk@linux.sk>
libkmahjongg,7,0,0,7,0,0,7,7,100.0,Slovak <kde-sk@linux.sk>
libkomparediff2,143,0,0,19,0,0,124,143,100.0,Slovak <kde-sk@linux.sk>
libksysguard,3166,0,0,396,0,0,2781,3166,100.0,Slovak <kde-sk@linux.sk>
libktorrent,519,0,0,115,0,0,540,519,100.0,Slovak <kde-sk@linux.sk>
libmatekbd,243,0,8,41,0,2,230,251,96.81274900398407,Slovak (https://www.transifex.com/mate/teams/13566/sk/)
libmatemixer,242,0,0,126,0,0,242,242,100.0,Slovak (https://www.transifex.com/mate/teams/13566/sk/)
libmateweather,625,520,9129,283,379,6008,604,10274,6.08331711115437,Slovak (https://www.transifex.com/mate/teams/13566/sk/)
libmx,34,0,6,13,0,3,28,40,85.0,slovak <sk-i18n@lists.linux.sk>
libmypaint,1398,0,139,103,0,3,1265,1537,90.95640858815875,Slovak <https://hosted.weblate.org/projects/mypaint/mypaint/sk/>
libosinfo,0,0,662,0,0,145,0,662,0.0,Slovak
libpaper,73,0,0,46,0,0,70,73,100.0,Slovak <sk-i18n@lists.linux.sk>
libpeas,112,0,0,34,0,0,117,112,100.0,slovenčina <>
libpwquality,343,0,0,53,0,0,292,343,100.0,Slovak (http://www.transifex.com/projects/p/libpwquality/language/sk/)
libreoffice,340887,586,219388,62347,211,15218,292908,560861,60.77923050452786,LANGUAGE <LL@li.org>
libreport,2375,0,2612,388,0,219,2241,4987,47.62382193703629,Slovak (http://www.transifex.com/projects/p/libreport/language/sk/)
libsecret,59,0,0,9,0,0,51,59,100.0,Slovak <gnome-sk-list@gnome.org>
libsoup,158,0,0,37,0,0,181,158,100.0,Slovak <gnome-sk-list@gnome.org>
libuser,979,49,409,211,8,82,994,1437,68.12804453723034,Slovak (http://www.transifex.com/projects/p/fedora/language/sk/)
libvirt,922,3663,59306,217,660,9005,922,63891,1.4430827503091204,Slovak (http://www.transifex.com/projects/p/fedora/language/sk/)
libvirt-glib,0,0,145,0,0,29,0,145,0.0,Slovak (http://www.transifex.com/projects/p/libvirt-glib/language/sk/)
libvirt-sandbox,0,0,617,0,0,111,0,617,0.0,Slovak (http://www.transifex.com/projects/p/fedora/language/sk/)
libwnck,1124,0,0,241,0,0,1054,1124,100.0,Slovak <sk-i18n@linux.sk>
libwnck3,1086,0,0,231,0,0,1016,1086,100.0,Slovak <sk-i18n@linux.sk>
libxfce4ui,871,0,0,169,0,0,828,871,100.0,Slovak (http://www.transifex.com/projects/p/libxfce4ui/language/sk/)
libxfce4util,424,0,0,7,0,0,376,424,100.0,slovak <sk-i18n@lists.linux.sk>
libzypp,2425,0,0,958,0,0,2442,2425,100.0,Slovak <https://l10n.opensuse.org/projects/libzypp/master/sk/>
liferea,1537,303,373,368,75,52,1431,2213,69.45323090826932,Slovak <sk-i18n@lists.linux.sk>
light-locker,260,0,0,37,0,0,257,260,100.0,Slovak (http://www.transifex.com/the_cavalry/light-locker/language/sk/)
lightdm,163,0,0,21,0,0,150,163,100.0,Slovak <sk@li.org>
lightdm-gtk,68,0,19,22,0,3,63,87,78.16091954022988,Slovak <sk@li.org>
lightdm-settings,271,0,0,59,0,0,236,271,100.0,Slovak <sk@li.org>
lightsoff,96,0,0,18,0,0,101,96,100.0,Slovak <gnome-sk-list@gnome.org>
lilyterm,1648,0,0,295,0,0,1445,1648,100.0,slovenčina <debian-l10n-slovak@lists.debian.org>
lokalize,3557,0,0,595,0,0,3136,3557,100.0,Slovak <kde-sk@linux.sk>
lollypop,710,8,561,324,2,135,737,1279,55.51211884284597,Slovak <https://hosted.weblate.org/projects/gnumdk/lollypop/sk/>
lskat,254,0,0,83,0,0,245,254,100.0,Slovak <kde-sk@linux.sk>
lxdm,11,1,35,10,1,14,10,47,23.404255319148938,LANGUAGE <LL@li.org>
lxinput,70,2,11,23,1,2,65,83,84.33734939759037,Slovak <sk-i18n@lists.linux.sk>
lxlauncher,51,0,7,11,0,6,49,58,87.93103448275862,Slovak <sk-i18n@lists.linux.sk>
lxmenu-data,97,0,0,37,0,0,99,97,100.0,Slovak <sk-i18n@lists.linux.sk>
lxmusic,202,1,0,88,1,0,214,203,99.50738916256158,Slovak <sk-i18n@lists.linux.sk>
lxpanel,1102,85,211,377,26,64,1118,1398,78.826895565093,Slovak <sk-i18n@lists.linux.sk>
lxrandr,154,1,12,36,1,4,153,167,92.21556886227546,Slovak <sk-i18n@lists.linux.sk>
lxsession,713,0,42,159,0,7,695,755,94.43708609271523,Slovak <sk-i18n@lists.linux.sk>
lxshortcut,43,0,0,19,0,0,43,43,100.0,Slovak <sk-i18n@lists.linux.sk>
lxtask,129,0,1,50,0,1,134,130,99.23076923076923,Slovak <sk-i18n@lists.linux.sk>
lxterminal,85,45,72,45,19,34,89,202,42.07920792079208,Slovak <sk-i18n@lists.linux.sk>
lyx,25460,0,0,7256,0,0,24121,25460,100.0,Slovak <kornel@lyx.org>
mailman,15537,1339,7398,1208,67,197,13207,24274,64.00675620004944,Slovak
man-db,5,130,100,2,27,25,5,235,2.127659574468085,Slovak <sk-i18n@rak.isternet.sk>
manaplus,130,0,4254,58,0,1348,118,4384,2.9653284671532845,Slovak (http://www.transifex.com/projects/p/manaplus/language/sk/)
marble,11306,83,53,3291,14,9,10683,11442,98.81139660898445,Slovak <kde-sk@linux.sk>
marco,4148,0,0,413,0,0,3832,4148,100.0,Slovak (https://www.transifex.com/mate/teams/13566/sk/)
massif-visualizer,357,0,0,109,0,0,334,357,100.0,Slovak <kde-sk@linux.sk>
mate-applets,8856,0,7480,906,0,673,7605,16336,54.21155729676788,Slovak (https://www.transifex.com/mate/teams/13566/sk/)
mate-backgrounds,51,0,0,28,0,0,49,51,100.0,Slovak (https://www.transifex.com/mate/teams/13566/sk/)
mate-calc,1410,0,1585,456,0,202,1390,2995,47.07846410684474,Slovak (https://www.transifex.com/mate/teams/13566/sk/)
mate-control-center,3176,0,4739,677,0,320,2968,7915,40.126342387871134,Slovak (https://www.transifex.com/mate/teams/13566/sk/)
mate-desktop,2305,0,0,299,0,0,2140,2305,100.0,Slovak (https://www.transifex.com/mate/teams/13566/sk/)
mate-icon-theme,4,0,0,2,0,0,4,4,100.0,Slovak (https://www.transifex.com/mate/teams/13566/sk/)
mate-media,226,0,0,96,0,0,225,226,100.0,Slovak (https://www.transifex.com/mate/teams/13566/sk/)
mate-menu,316,0,0,118,0,0,327,316,100.0,Slovak (http://www.transifex.com/mate/MATE/language/sk/)
mate-menus,97,0,0,37,0,0,100,97,100.0,Slovak (https://www.transifex.com/mate/teams/13566/sk/)
mate-notification-daemon,139,0,0,37,0,0,134,139,100.0,Slovak (https://www.transifex.com/mate/teams/13566/sk/)
mate-panel,5434,0,1098,640,0,120,4739,6532,83.19044703000613,Slovak (https://www.transifex.com/mate/teams/13566/sk/)
mate-polkit,122,0,0,20,0,0,118,122,100.0,Slovak (https://www.transifex.com/mate/teams/13566/sk/)
mate-power-manager,3158,0,2088,438,0,143,3003,5246,60.198246282882195,Slovak (https://www.transifex.com/mate/teams/13566/sk/)
mate-screensaver,983,0,0,156,0,0,880,983,100.0,Slovak (https://www.transifex.com/mate/teams/13566/sk/)
mate-sensors-applet,800,0,1415,122,0,102,708,2215,36.11738148984199,Slovak (https://www.transifex.com/mate/teams/13566/sk/)
mate-session-manager,681,0,0,114,0,0,659,681,100.0,Slovak (https://www.transifex.com/mate/teams/13566/sk/)
mate-settings-daemon,1764,0,0,253,0,0,1612,1764,100.0,Slovak (https://www.transifex.com/mate/teams/13566/sk/)
mate-system-monitor,1874,0,2456,354,0,251,1658,4330,43.27944572748268,Slovak (https://www.transifex.com/mate/teams/13566/sk/)
mate-terminal,4902,0,3551,539,0,251,4171,8453,57.99124571158168,Slovak (https://www.transifex.com/mate/teams/13566/sk/)
mate-themes,60,0,0,12,0,0,57,60,100.0,Slovak (http://www.transifex.com/mate/MATE/language/sk/)
mate-user-guide,672,0,44009,111,0,3294,579,44681,1.5039949866833777,Slovak (https://www.transifex.com/mate/teams/13566/sk/)
mate-utils,5738,0,4364,753,0,333,4926,10102,56.80063353791328,Slovak (https://www.transifex.com/mate/teams/13566/sk/)
maya-calendar,401,0,26,169,0,3,434,427,93.91100702576112,Slovak <sk@li.org>
mbox-importer,36,4,0,12,1,0,31,40,90.0,Slovak <kde-sk@linux.sk>
mc,4004,13,136,1190,1,27,4054,4153,96.41223212135806,Slovak (http://www.transifex.com/mc/mc/language/sk/)
meld,2128,0,0,427,0,0,2040,2128,100.0,Slovak <gnome-sk-list@gnome.org>
menulibre,673,0,176,138,0,26,622,849,79.26972909305064,Slovak <sk@li.org>
metacity,3798,0,0,404,0,0,3516,3798,100.0,Slovak <gnome-sk-list@gnome.org>
midori,3277,0,264,761,0,35,3129,3541,92.54447896074555,slovenčina <slovenska-lokalizacia-xfce@googlegroups.com>
mingw-GConf2,3957,0,47,461,0,16,3742,4004,98.82617382617383,Slovak <sk-i18n@lists.linux.sk>
mingw-atk,440,0,0,169,0,0,415,440,100.0,Slovak <gnome-sk-list@gnome.org>
mingw-binutils,7582,0,0,1106,0,0,7268,7582,100.0,Slovak <sk-i18n@lists.linux.sk>
mingw-colord,303,0,1582,75,0,128,290,1885,16.074270557029177,Slovak (http://www.transifex.com/projects/p/colord/language/sk/)
mingw-exiv2,9069,7381,21562,2003,2335,1748,8406,38012,23.85825528780385,Slovak <sk-i18n@lists.linux.sk>
mingw-gdk-pixbuf,1409,0,0,211,0,0,1410,1409,100.0,Slovak <gnome-sk-list@gnome.org>
mingw-gettext,7783,0,0,827,0,0,7398,7783,100.0,Slovak <sk-i18n@lists.linux.sk>
mingw-glib-networking,163,0,0,29,0,0,191,163,100.0,Slovak <gnome-sk-list@gnome.org>
mingw-glib2,6984,29,23,1123,5,3,6944,7036,99.2609437180216,Slovak <gnome-sk-list@gnome.org>
mingw-gstreamer,1875,5,37,340,2,6,1900,1917,97.80907668231612,Slovak <sk-i18n@lists.linux.sk>
mingw-gstreamer-plugins-bad-free,72,4,20,12,1,1,67,96,75.0,Slovak <sk-i18n@lists.linux.sk>
mingw-gstreamer-plugins-base,869,11,28,168,2,8,800,908,95.70484581497797,Slovak <sk-i18n@lists.linux.sk>
mingw-gstreamer-plugins-good,787,23,4,186,2,2,780,814,96.68304668304668,Slovak <sk-i18n@lists.linux.sk>
mingw-gstreamer1,2012,32,34,366,3,6,1991,2078,96.82386910490857,Slovak <sk-i18n@lists.linux.sk>
mingw-gstreamer1-plugins-bad-free,152,42,3,21,7,1,140,197,77.15736040609137,Slovak <sk-i18n@lists.linux.sk>
mingw-gstreamer1-plugins-base,887,28,53,186,4,12,804,968,91.63223140495867,Slovak <sk-i18n@lists.linux.sk>
mingw-gstreamer1-plugins-good,696,39,59,84,6,7,655,794,87.6574307304786,Slovak <sk-i18n@lists.linux.sk>
mingw-gtk-vnc,8,0,0,3,0,0,8,8,100.0,Slovak <gnome-sk-list@gnome.org>
mingw-gtk2,12587,803,314,2602,136,46,11078,13704,91.84909515469936,Slovak <gnome-sk-list@gnome.org>
mingw-gtk3,16056,0,0,3601,0,0,14932,16056,100.0,slovenčina <>
mingw-gtksourceview3,1156,0,0,630,0,0,1223,1156,100.0,slovenčina <>
mingw-gtkspell3,11,0,0,5,0,0,11,11,100.0,Slovak <sk-i18n@lists.linux.sk>
mingw-json-glib,303,0,0,44,0,0,297,303,100.0,Slovak <gnome-sk-list@gnome.org>
mingw-libcharset,303,33,0,45,1,0,326,336,90.17857142857143,Slovak <sk-i18n@lists.linux.sk>
mingw-libgsf,720,0,0,150,0,0,721,720,100.0,Slovak <gnome-sk-list@gnome.org>
mingw-libosinfo,0,0,2049,0,0,604,0,2049,0.0,Slovak
mingw-libsoup,155,0,0,36,0,0,177,155,100.0,Slovak <gnome-sk-list@gnome.org>
mingw-libvirt,922,3663,59306,217,660,9005,922,63891,1.4430827503091204,Slovak (http://www.transifex.com/projects/p/fedora/language/sk/)
mingw-libvirt-glib,0,0,145,0,0,29,0,145,0.0,Slovak (http://www.transifex.com/projects/p/libvirt-glib/language/sk/)
mingw-p11-kit,476,0,0,81,0,0,409,476,100.0,Slovak (http://www.transifex.com/freedesktop/p11-kit/language/sk/)
mingw-wxWidgets,4749,86,1556,1137,22,316,4638,6391,74.30762009075262,Slovak <sk-i18n@lists.linux.sk>
modem-manager-gui,408,0,1141,218,0,204,411,1549,26.3395739186572,Slovak (Slovakia) (http://www.transifex.com/ethereal/modem-manager-gui/language/sk_SK/)
moin,3793,155,1096,739,30,164,3600,5044,75.19825535289453,
moodle,46,0,0,13,0,0,41,46,100.0,i18n@lists.horde.org
mousepad,1088,0,0,306,0,0,979,1088,100.0,Slovak (http://www.transifex.com/xfce/xfce-apps/language/sk/)
mousetweaks,114,0,0,30,0,0,110,114,100.0,Slovak <gnome-sk-list@gnome.org>
mozo,42,0,0,16,0,0,39,42,100.0,Slovak (https://www.transifex.com/mate/teams/13566/sk/)
mtpaint,2364,0,767,631,0,241,2214,3131,75.50303417438518,Slovak <sk@li.org>
muffin,3798,0,0,404,0,0,3516,3798,100.0,Slovak <gnome-sk-list@gnome.org>
multimedia-menus,56,0,0,22,0,0,61,56,100.0,Slovak <fedora-trans-sk@redhat.com>
mutt,2174,2076,1629,523,398,307,2017,5879,36.97907807450246,Slovak <sk@li.org>
mutter,822,0,263,130,0,5,800,1085,75.76036866359446,Slovak <gnome-sk-list@gnome.org>
mypaint,5832,0,1025,1121,0,65,5496,6857,85.05177191191483,Slovak <https://hosted.weblate.org/projects/mypaint/mypaint/sk/>
nacl-arm-binutils,7582,0,0,1106,0,0,7268,7582,100.0,Slovak <sk-i18n@lists.linux.sk>
nacl-binutils,7582,0,0,1106,0,0,7268,7582,100.0,Slovak <sk-i18n@lists.linux.sk>
nautilus,5620,0,0,1087,0,0,5769,5620,100.0,slovenčina <>
nautilus-pastebin,0,11,56,0,2,8,0,67,0.0,Slovak <sk@li.org>
nautilus-sendto,56,0,0,10,0,0,63,56,100.0,Slovak <gnome-sk-list@gnome.org>
ncmpc,617,70,90,228,21,27,624,777,79.40797940797941,sk <sk@li.org>
nemiver,1341,0,0,340,0,0,1301,1341,100.0,Slovak <gnome-sk-list@gnome.org>
nemo-extensions,32,0,0,13,0,0,34,32,100.0,Slovak <sk@li.org>
neovim,11364,1362,930,2358,240,144,11860,13656,83.21616871704745,Slovak <sk-i18n@lists.linux.sk>
net6,141,0,163,40,0,28,134,304,46.381578947368425,Slovak <sk@li.org>
network-manager-applet,3319,483,601,816,50,62,3385,4403,75.38042243924596,Slovak <gnome-sk-list@gnome.org>
newsboat,1327,64,29,329,8,4,1333,1420,93.45070422535211,František Hájik <ferko.hajik@gmail.com>
newt,4,0,0,4,0,0,4,4,100.0,Slovak <sk-i18n@lists.linux.sk>
nicotine+,4140,0,0,946,0,0,4147,4140,100.0,Jozef Riha <jose1711@gmail.com>
noise,1294,0,28,371,0,6,1270,1322,97.88199697428139,Slovak <>
nomacs,9139,6509,20035,2021,2056,1572,8473,35683,25.61163579295463,Slovak <sk-i18n@lists.linux.sk>
notification-daemon,33,0,0,11,0,0,32,33,100.0,Slovak <gnome-sk-list@gnome.org>
nuntius,47,0,0,4,0,0,45,47,100.0,
oggconvert,132,0,0,44,0,0,140,132,100.0,Slovak <sk@li.org>
okteta,2513,0,0,603,0,0,2212,2513,100.0,Slovak <kde-sk@linux.sk>
okular,4046,75,406,837,17,30,3630,4527,89.37486193947427,Slovak <kde-sk@linux.sk>
olpc-switch-desktop,158,0,0,14,0,0,123,158,100.0,LANGUAGE <LL@li.org>
onboard,934,0,1384,214,0,296,973,2318,40.29335634167386,Slovak <sk@li.org>
openbox,378,0,128,85,0,9,339,506,74.70355731225297,Slovak <sk@sk.org>
openconnect,19,0,5200,4,0,895,19,5219,0.3640544165548956,Slovak (http://www.transifex.net/projects/p/meego/language/sk/)
openerp,6850,0,35001,2151,0,3542,6194,41851,16.36758978280089,Slovak <sk@li.org>
openteacher,129,0,262,63,0,71,133,391,32.992327365728904,Slovak <sk@li.org>
optimizer,0,0,111,0,0,54,0,111,0.0,none
orage,2931,0,0,1030,0,0,2851,2931,100.0,Slovak (http://www.transifex.com/projects/p/xfce-apps/language/sk/)
orca,5361,4,102,1688,2,89,5339,5467,98.06109383574172,Slovak <gnome-sk-list@gnome.org>
osinfo-db-tools,0,0,56,0,0,12,0,56,0.0,Slovak
p11-kit,476,0,0,81,0,0,409,476,100.0,Slovak (http://www.transifex.com/freedesktop/p11-kit/language/sk/)
pacman,5382,0,16,893,0,3,5228,5398,99.70359392367544,Slovak (http://www.transifex.com/toofishes/archlinux-pacman/language/sk/)
palapeli,1474,32,6,176,2,2,1273,1512,97.4867724867725,Slovak <kde-sk@linux.sk>
pam,575,22,0,117,3,0,566,597,96.31490787269682,Slovak (http://www.transifex.com/projects/p/linux-pam/language/sk/)
pam_krb5,7,0,0,4,0,0,7,7,100.0,Slovak (http://www.transifex.com/projects/p/pam_krb5/language/sk/)
pan,235,1682,1251,82,451,219,253,3168,7.417929292929292,Slovak <sk-i18n@lists.linux.sk>
pantheon-agent-geoclue2,0,0,46,0,0,13,0,46,0.0,LANGUAGE <LL@li.org>
pantheon-agent-polkit,16,3,1,8,1,1,16,20,80.0,Slovak <>
pantheon-calculator,52,0,26,32,0,4,71,78,66.66666666666666,Slovak <https://l10n.elementary.io/projects/calculator/calculator/sk/>
pantheon-files,2591,0,85,507,0,16,2766,2676,96.8236173393124,Slovak <>
pantheon-greeter,29,0,0,10,0,0,25,29,100.0,Slovak <>
pantheon-photos,4109,0,5,872,0,1,4439,4114,99.87846378220709,Slovak (http://www.transifex.com/projects/p/shotwell/language/sk/)
pantheon-terminal,180,0,8,50,0,1,181,188,95.74468085106383,Slovak <sk@li.org>
paprefs,131,0,0,23,0,0,122,131,100.0,Slovak <fedora-trans-sk@redhat.com>
parley,3840,2,8,750,2,1,3535,3850,99.74025974025975,Slovak <kde-sk@linux.sk>
parole,985,0,114,296,0,3,1061,1099,89.62693357597816,Slovak (http://www.transifex.com/xfce/xfce-apps/language/sk/)
parted,4291,93,32,536,10,4,3966,4416,97.16938405797102,Slovak <sk-i18n@lists.linux.sk>
passwd,329,0,7,56,0,1,314,336,97.91666666666666,Slovak (http://www.transifex.com/projects/p/fedora/language/sk/)
pastebinit,125,0,70,17,0,12,113,195,64.1025641025641,Slovak <sk@li.org>
pavucontrol,219,1,17,85,1,1,229,237,92.40506329113924,Slovak <fedora-trans-sk@redhat.com>
pbuilder,96,0,0,9,0,0,88,96,100.0,slovenčina <debian-l10n-slovak@lists.debian.org>
perl-SVK,3437,0,10147,531,0,1185,1413,13584,25.301825677267374,LANGUAGE <LL@li.org>
pgadmin3,2947,9514,4437,995,2551,856,2689,16898,17.43993371996686,Slovak <sk-i18n@linux.sk>
phatch,2167,0,386,747,0,77,2065,2553,84.88053270661966,Slovak <sk@li.org>
php-horde-Horde-Alarm,13,0,0,5,0,0,15,13,100.0,i18n@lists.horde.org
php-horde-Horde-Argv,60,0,0,13,0,0,55,60,100.0,i18n@lists.horde.org
php-horde-Horde-Browser,66,0,0,6,0,0,52,66,100.0,i18n@lists.horde.org
php-horde-Horde-Cli,16,0,0,5,0,0,15,16,100.0,i18n@lists.horde.org
php-horde-Horde-Compress,25,0,0,6,0,0,25,25,100.0,i18n@lists.horde.org
php-horde-Horde-Core,1036,0,0,260,0,0,960,1036,100.0,i18n@lists.horde.org
php-horde-Horde-Crypt,352,0,0,82,0,0,340,352,100.0,i18n@lists.horde.org
php-horde-Horde-Data,53,0,0,8,0,0,46,53,100.0,i18n@lists.horde.org
php-horde-Horde-Date,42,0,0,12,0,0,54,42,100.0,i18n@lists.horde.org
php-horde-Horde-Exception,4,0,0,2,0,0,3,4,100.0,i18n@lists.horde.org
php-horde-Horde-Form,560,0,0,148,0,0,533,560,100.0,i18n@lists.horde.org
php-horde-Horde-Icalendar,3,0,0,1,0,0,2,3,100.0,i18n@lists.horde.org
php-horde-Horde-Image,582,0,0,285,0,0,592,582,100.0,i18n@lists.horde.org
php-horde-Horde-Imsp,3,0,0,1,0,0,4,3,100.0,i18n@lists.horde.org
php-horde-Horde-Itip,56,0,0,10,0,0,38,56,100.0,i18n@lists.horde.org
php-horde-Horde-Kolab-Storage,68,15,37,5,2,2,53,120,56.666666666666664,i18n@lists.horde.org
php-horde-Horde-LoginTasks,6,0,0,5,0,0,7,6,100.0,i18n@lists.horde.org
php-horde-Horde-Mime,42,0,0,11,0,0,38,42,100.0,i18n@lists.horde.org
php-horde-Horde-Mime-Viewer,47,0,0,20,0,0,56,47,100.0,i18n@lists.horde.org
php-horde-Horde-Nls,430,0,0,263,0,0,394,430,100.0,i18n@lists.horde.org
php-horde-Horde-Perms,17,0,0,5,0,0,17,17,100.0,i18n@lists.horde.org
php-horde-Horde-Prefs,30,0,0,9,0,0,28,30,100.0,i18n@lists.horde.org
php-horde-Horde-Rpc,59,0,0,8,0,0,65,59,100.0,i18n@lists.horde.org
php-horde-Horde-Share,8,0,0,1,0,0,4,8,100.0,i18n@lists.horde.org
php-horde-Horde-SyncMl,3,0,0,1,0,0,5,3,100.0,i18n@lists.horde.org
php-horde-Horde-Text-Filter,1,0,0,1,0,0,1,1,100.0,i18n@lists.horde.org
php-horde-Horde-Token,64,0,0,4,0,0,57,64,100.0,i18n@lists.horde.org
php-horde-Horde-Vfs,10,0,0,3,0,0,9,10,100.0,i18n@lists.horde.org
php-horde-horde,3324,60,86,831,12,12,3127,3470,95.79250720461096,Slovak <vix@vazka.sk>
php-horde-imp,6749,27,57,1386,4,2,6277,6833,98.77067174008488,Slovak <vix@vazka.sk>
php-horde-ingo,954,30,23,252,4,5,942,1007,94.73684210526315,i18n@lists.horde.org
php-horde-kronolith,3581,0,0,779,0,0,3275,3581,100.0,Slovak <vix@vazka.sk>
php-horde-mnemo,505,0,0,141,0,0,480,505,100.0,Slovak <vix@vazka.sk>
php-horde-nag,1356,0,0,334,0,0,1300,1356,100.0,Slovak <vix@vazka.sk>
php-horde-passwd,326,0,0,65,0,0,322,326,100.0,Slovak <vix@vazka.sk>
php-horde-turba,1789,54,15,427,9,2,1635,1858,96.28632938643703,Slovak <vix@vazka.sk>
php-horde-wicked,620,46,5,166,7,2,582,671,92.39940387481371,<i18n@lists.horde.org>
php-phpmyadmin-sql-parser,227,0,0,44,0,0,200,227,100.0,Slovak <https://hosted.weblate.org/projects/phpmyadmin/sql-parser/sk/>
picard,1255,0,5188,606,0,1700,1269,6443,19.478503802576437,Slovak (http://www.transifex.com/musicbrainz/musicbrainz/language/sk/)
picmi,197,0,0,114,0,0,190,197,100.0,Slovak <kde-sk@linux.sk>
pidgin,15055,10,691,3301,1,131,14296,15756,95.55090124397056,Slovak (http://www.transifex.com/pidgin/pidgin/language/sk/)
pidgin-birthday-reminder,204,0,85,57,0,9,189,289,70.58823529411765,Slovak (http://www.transifex.com/kgraefe/pidgin-birthday-reminder/language/sk/)
pidgin-guifications,415,58,32,171,15,6,374,505,82.17821782178217,Slovak
pidgin-musictracker,175,0,158,51,0,9,170,333,52.552552552552555,Slovak <sk@li.org>
pidgin-otr,755,0,3,119,0,1,693,758,99.6042216358839,Slovak <sk-i18n@lists.linux.sk>
pim-data-exporter,664,49,10,173,7,1,605,723,91.83955739972338,Slovak <kde-sk@linux.sk>
pim-sieve-editor,404,30,1,111,5,1,373,435,92.87356321839081,Slovak <kde-sk@linux.sk>
pinta,1358,0,260,479,0,49,1316,1618,83.93077873918418,Slovak <sk@li.org>
pitivi,2054,0,0,407,0,0,2017,2054,100.0,Slovak <gnome-sk-list@gnome.org>
pix,945,0,2773,375,0,827,943,3718,25.416890801506188,Slovak <sk-i18n@lists.linux.sk>
plank,170,0,19,45,0,5,177,189,89.94708994708994,Slovak <sk@li.org>
planner,1744,0,0,511,0,0,1620,1744,100.0,Slovak <sk-i18n@lists.linux.sk>
plasma-breeze,267,0,0,101,0,0,272,267,100.0,Slovak <kde-i18n-doc@kde.org>
plasma-browser-integration,11,0,0,3,0,0,12,11,100.0,Slovak <kde-sk@linux.sk>
plasma-desktop,11854,48,129,2346,18,25,10716,12031,98.528800598454,Slovak <kde-sk@linux.sk>
plasma-discover,989,99,174,305,35,44,911,1262,78.3676703645008,Slovak <kde-sk@linux.sk>
plasma-drkonqi,4010,5,0,376,1,0,3477,4015,99.87546699875467,Slovak <kde-i18n-doc@kde.org>
plasma-integration,58,0,0,21,0,0,54,58,100.0,Slovak <kde-sk@linux.sk>
plasma-mediacenter,172,0,0,87,0,0,178,172,100.0,Slovak <kde-sk@linux.sk>
plasma-milou,42,0,0,17,0,0,40,42,100.0,Slovak <kde-sk@linux.sk>
plasma-nm,4367,1,4,1100,1,4,4064,4372,99.88563586459286,Slovak <kde-sk@linux.sk>
plasma-oxygen,801,0,7,294,0,1,793,808,99.13366336633663,Slovak <kde-sk@linux.sk>
plasma-pa,169,2,13,71,1,3,171,184,91.84782608695652,Slovak <kde-sk@linux.sk>
plasma-pk-updates,2081,0,0,400,0,0,1916,2081,100.0,Slovak <kde-sk@linux.sk>
plasma-sdk,851,1,0,249,1,0,810,852,99.88262910798123,Slovak <kde-sk@linux.sk>
plasma-systemsettings,224,0,0,55,0,0,214,224,100.0,Slovak <kde-sk@linux.sk>
plasma-user-manager,295,0,0,49,0,0,305,295,100.0,Slovak <kde-i18n-doc@kde.org>
plasma-vault,444,68,123,46,13,14,360,635,69.92125984251969,Slovak <kde-sk@linux.sk>
plasma-workspace,6754,276,43,2205,29,18,6441,7073,95.48989113530327,Slovak <kde-sk@linux.sk>
playonlinux,1727,0,1001,353,0,96,1512,2728,63.306451612903224,sk_SK.UTF-8 <LL@li.org>
pluma,5570,0,7170,1158,0,610,5349,12740,43.720565149136576,Slovak (https://www.transifex.com/mate/teams/13566/sk/)
plymouth-kcm,122,0,0,24,0,0,105,122,100.0,Slovak <kde-sk@linux.sk>
pmount,723,0,0,63,0,0,644,723,100.0,Slovak <sk@li.org>
poedit,2774,0,0,620,0,0,2726,2774,100.0,Slovak
pogo,1,0,575,1,0,100,6,576,0.1736111111111111,Slovak <sk@li.org>
polari,807,0,0,186,0,0,923,807,100.0,Slovak <gnome-sk-list@gnome.org>
policycoreutils,1052,46,6580,171,12,895,945,7678,13.701484761656681,Slovak (http://www.transifex.com/projects/p/fedora/language/sk/)
polkit,228,0,0,26,0,0,245,228,100.0,Slovak <gnome-sk-list@gnome.org>
polkit-gnome,94,0,0,16,0,0,84,94,100.0,Slovak <gnome-sk-list@gnome.org>
polkit-kde,90,2,2,27,1,2,92,94,95.74468085106383,Slovak <kde-sk@linux.sk>
popt,8,5,71,2,1,28,8,84,9.523809523809524,Slovak <sk-i18n@rak.isternet.sk>
powerdevil,673,0,0,120,0,0,577,673,100.0,Slovak <kde-sk@linux.sk>
publican,523,0,4854,39,0,575,460,5377,9.726613353170913,Slovak <sk-i18n@lists.linux.sk>
publican-fedora,6,0,101,1,0,7,6,107,5.607476635514018,Slovak <sk-i18n@lists.linux.sk>
pulseaudio,1253,0,2286,367,0,163,1199,3539,35.40548177451257,Slovak <gnome-sk-list@gnome.org>
pybliographer,613,0,0,194,0,0,624,613,100.0,Slovak <sk-i18n@lists.linux.sk>
pychess,698,0,3757,235,0,644,652,4455,15.667789001122333,Slovak (http://www.transifex.com/gbtami/pychess/language/sk/)
pykickstart,1430,5,86,160,1,9,1305,1521,94.01709401709401,Slovak (http://www.transifex.com/projects/p/pykickstart/language/sk/)
pyqtrailer,196,0,5713,64,0,6,192,5909,3.3169741072939583,
pyroom,266,0,145,55,0,19,305,411,64.72019464720195,Slovak <sk@li.org>
python-blivet,518,0,4,72,0,2,519,522,99.23371647509579,Slovak (http://www.transifex.com/projects/p/blivet/language/sk/)
python-blivet1,696,11,0,131,1,0,685,707,98.44413012729845,Slovak
python-caja,6,0,0,2,0,0,6,6,100.0,Slovak (https://www.transifex.com/mate/teams/13566/sk/)
python-django,3657,0,0,825,0,0,3592,3657,100.0,Slovak (http://www.transifex.com/django/django/language/sk/)
python-django-countries,406,0,36,254,0,13,357,442,91.8552036199095,Slovak (http://www.transifex.com/smileychris/django-countries/language/sk/)
python-django-debug-toolbar,355,0,2,136,0,1,392,357,99.43977591036415,Slovak (http://www.transifex.com/projects/p/django-debug-toolbar/language/sk/)
python-django-filter,85,0,0,41,0,0,80,85,100.0,LANGUAGE <LL@li.org>
python-django-formtools,5,0,27,3,0,8,5,32,15.625,Slovak (http://www.transifex.com/projects/p/django-formtools/language/sk/)
python-django-rest-framework,489,0,93,73,0,28,501,582,84.02061855670104,Slovak (http://www.transifex.com/django-rest-framework-1/django-rest-framework/language/sk/)
python-django-reversion,117,0,0,21,0,0,108,117,100.0,Slovak <LL@li.org>
python-django-robots,32,0,180,13,0,5,30,212,15.09433962264151,Slovak (http://www.transifex.com/projects/p/django-robots/language/sk/)
python-django-simple-captcha,11,0,0,3,0,0,11,11,100.0,SK
python-fedora,0,0,214,0,0,29,0,214,0.0,Slovak
python-flask-admin,360,0,7,108,0,4,366,367,98.09264305177112,Slovak
python-formencode,532,70,211,76,8,31,422,813,65.43665436654366,sk <LL@li.org>
python-lettuce,7690,0,0,2452,0,0,7364,7690,100.0,Slovak <>
python-meh,101,8,0,22,1,0,87,109,92.66055045871559,Slovak
python-simpleline,42,0,0,16,0,0,39,42,100.0,Slovak
python-sphinx,1224,0,33,274,0,3,1154,1257,97.3747016706444,Slovak (http://www.transifex.com/sphinx-doc/sphinx-1/language/sk/)
python-wtforms,178,0,10,33,0,2,183,188,94.68085106382979,sk <LL@li.org>
python-wxpython4,4071,1328,2296,979,386,488,3954,7695,52.90448343079922,Slovak <sk-i18n@lists.linux.sk>
python2-django1.11,2355,0,1089,624,0,173,2356,3444,68.37979094076655,Slovak (http://www.transifex.com/django/django/language/sk/)
quadrapassel,428,0,0,79,0,0,387,428,100.0,Slovak <gnome-sk-list@gnome.org>
quodlibet,1026,1026,3664,347,354,676,998,5716,17.949615115465363,Slovak <sk@li.org>
qutim,3892,0,3067,1981,0,613,3806,6959,55.92757580112085,Slovak <sk@li.org>
rabbitvcs,672,0,852,249,0,223,622,1524,44.09448818897638,Slovak <sk@li.org>
radiotray,117,0,13,43,0,3,115,130,90.0,Slovak (http://www.transifex.com/projects/p/radiotray/language/sk/)
rapid-photo-downloader,307,0,1402,165,0,230,315,1709,17.963721474546517,Slovak <sk@li.org>
realmd,0,0,789,0,0,127,0,789,0.0,Slovak (http://www.transifex.com/freedesktop/realmd/language/sk/)
redhat-menus,261,0,0,86,0,0,256,261,100.0,Slovak <sk-i18n@lists.linux.sk>
rednotebook,478,0,669,116,0,124,431,1147,41.67393199651264,Slovak <sk@li.org>
rekonq,2202,0,0,593,0,0,2088,2202,100.0,Slovak <kde-sk@linux.sk>
remmina,439,0,1885,120,0,460,468,2324,18.889845094664373,Slovak <sk@li.org>
renameutils,9,179,77,7,31,16,8,265,3.3962264150943398,Slovak <sk-i18n@rak.isternet.sk>
resapplet,6,0,100,2,0,20,5,106,5.660377358490567,<LL@li.org>
retrace-server,0,0,381,0,0,51,0,381,0.0,Slovak
rhn-client-tools,891,58,3108,171,5,244,789,4057,21.962040916933695,Slovak (http://www.transifex.com/projects/p/spacewalk/language/sk/)
rhnsd,0,0,33,0,0,9,0,33,0.0,Slovak (http://www.transifex.com/projects/p/fedora/language/sk/)
rhythmbox,3751,0,0,970,0,0,3863,3751,100.0,slovenčina <>
ristretto,761,0,0,198,0,0,742,761,100.0,Slovak (http://www.transifex.com/xfce/xfce-apps/language/sk/)
rkward,906,196,33302,631,129,3131,910,34404,2.6334147192186954,Slovak <kde-sk@linux.sk>
rocs,1376,4,15,283,2,1,1181,1395,98.63799283154123,Slovak <kde-sk@linux.sk>
rpm,3195,60,1195,634,14,216,3189,4450,71.79775280898878,Slovak (http://www.transifex.com/rpm-team/rpm/language/sk/)
rsibreak,137,170,868,53,50,55,126,1175,11.659574468085106,Slovak <kde-sk@linux.sk>
rt,3022,0,8386,941,0,1637,2872,11408,26.49018232819074,Slovak <sk@li.org>
rygel,1624,0,0,303,0,0,1749,1624,100.0,Slovak <gnome-sk-list@gnome.org>
sagator,147,0,0,52,0,0,141,147,100.0,Slovak <sk-i18n@linux.sk>
sawfish,2370,1501,2572,539,249,194,2131,6443,36.78410678255471,Slovak <sk-i18n@linux.sk>
scratch,834,4,632,336,2,288,839,1470,56.734693877551024,LANGUAGE <LL@li.org>
scratch-text-editor,890,0,0,213,0,0,862,890,100.0,Slovak <sk@li.org>
screenshot-tool,95,0,51,35,0,9,119,146,65.06849315068493,Slovak <>
sdcv,43,59,12,9,9,5,43,114,37.719298245614034,Slovak <sk-i18n@lists.linux.sk>
sddm-kcm,104,0,0,43,0,0,100,104,100.0,Slovak <kde-sk@linux.sk>
seahorse,2494,0,0,572,0,0,2342,2494,100.0,Slovak <gnome-sk-list@gnome.org>
seahorse-caja,421,0,0,110,0,0,440,421,100.0,Slovak <gnome-sk-list@gnome.org>
seahorse-nautilus,421,0,0,110,0,0,440,421,100.0,Slovak <gnome-sk-list@gnome.org>
sed,788,0,0,137,0,0,824,788,100.0,Slovak <sk-i18n@lists.linux.sk>
sequeler,0,0,252,0,0,93,0,252,0.0,
setroubleshoot,577,0,56,158,0,10,536,633,91.15323854660348,Slovak (http://www.transifex.com/projects/p/fedora/language/sk/)
setroubleshoot-plugins,0,0,6208,0,0,221,0,6208,0.0,Slovak (http://www.transifex.com/projects/p/fedora/language/sk/)
setuptool,55,0,0,14,0,0,55,55,100.0,Slovak <fedora-trans-sk@redhat.com>
sflphone,779,77,1250,338,22,116,757,2106,36.98955365622032,Slovak <kde-sk@linux.sk>
shadow-utils,2403,755,935,386,99,114,2424,4093,58.7099926704129,Slovak <sk-i18n@lists.linux.sk>
shared-mime-info,1956,0,3,758,0,1,2079,1959,99.8468606431853,Slovak (http://www.transifex.com/freedesktop/shared-mime-info/language/sk/)
shotwell,4550,406,1837,1021,48,183,5070,6793,66.98071544236714,slovenčina <gnome-sk-list@gnome.org>
shutter,3093,0,0,606,0,0,2990,3093,100.0,Slovak <sk-i18n@lists.linux.sk>
simon,3428,2731,5657,1375,675,401,3131,11816,29.011509817197023,Slovak <kde-sk@linux.sk>
simple-ccsm,75,9,11,20,1,2,72,95,78.94736842105263,Slovak <sk@li.org>
simple-scan,1182,0,1021,259,0,45,1165,2203,53.654108034498414,slovenčina <>
skanlite,183,0,0,63,0,0,166,183,100.0,Slovak <kde-sk@linux.sk>
skrooge,1063,3944,6665,686,1109,635,1061,11672,9.10726525017135,Slovak <kde-sk@linux.sk>
skychart,889,68,5408,304,7,1515,796,6365,13.96700706991359,Slovenský <sk@li.org>
sleuthkit,5494,1198,269,1020,132,22,4924,6961,78.92544174687545,Slovak <sk-i18n@lists.linux.sk>
slick-greeter,211,0,0,47,0,0,191,211,100.0,Slovak <sk@li.org>
slingshot-launcher,172,0,45,57,0,11,160,217,79.26267281105991,Slovak <>
smb4k,6539,11,7,725,5,3,5739,6557,99.72548421534239,Slovak <kde-sk@linux.sk>
smuxi,1706,0,152,408,0,27,1650,1858,91.81916038751345,Slovak (http://www.transifex.net/projects/p/smuxi/team/sk/)
snap-photobooth,1,0,24,1,0,4,17,25,4.0,Slovak <sk@li.org>
snapper,743,0,0,180,0,0,737,743,100.0,Slovak <http://10n.opensuse.org/projects/snapper/master/sk/>
sos,54,33,35,11,7,12,56,122,44.26229508196721,Slovak <fedora-trans-sk@redhat.com>
sound-juicer,1256,0,0,228,0,0,1327,1256,100.0,slovenčina <>
soundconverter,370,0,7,116,0,1,353,377,98.14323607427056,Slovak <sk@li.org>
soundtracker,1560,20,68,450,9,10,1508,1648,94.66019417475728,Slovak <sk-i18n@lists.linux.sk>
spacefm,453,8,8261,171,3,1394,418,8722,5.193762898417794,Slovak (http://www.transifex.com/projects/p/spacefm/language/sk/)
sparkleshare,159,0,243,47,0,40,143,402,39.55223880597015,
spectacle,412,80,24,77,9,8,365,516,79.84496124031007,Slovak <kde-sk@linux.sk>
speedcrunch,0,0,93,0,0,10,0,93,0.0,Slovak (http://www.transifex.com/heldercorreia/speedcrunch/language/sk/)
squirrelmail,4123,1634,1121,1004,194,153,3971,6878,59.94475138121547,Slovak <sk-i18n@lists.linux.sk>
sscg,8,5,81,2,1,31,8,94,8.51063829787234,Slovak <sk-i18n@rak.isternet.sk>
stardict,2193,363,479,434,68,91,2035,3035,72.25700164744646,<sk-i18n@lists.linux.sk>
steadyflow,423,0,47,88,0,5,414,470,90.0,Slovak <sk@li.org>
stellarium,42129,0,26067,11646,0,15083,38728,68196,61.77635051909203,Slovak (https://www.transifex.com/stellarium/teams/80998/sk/)
step,1902,3,13,674,1,4,2247,1918,99.16579770594369,Slovak <kde-sk@linux.sk>
subdownloader,968,0,0,272,0,0,930,968,100.0,LANGUAGE <LL@li.org>
sudo,1160,0,2351,179,0,348,1211,3511,33.039020222158925,Slovak <sk-i18n@lists.linux.sk>
sugar,505,49,1751,173,3,353,458,2305,21.908893709327547,LANGUAGE <LL@li.org>
sugar-abacus,28,0,0,23,0,0,29,28,100.0,LANGUAGE <LL@li.org>
sugar-browse,26,25,138,18,6,28,23,189,13.756613756613756,LANGUAGE <LL@li.org>
sugar-calculator,0,1,870,0,1,163,0,871,0.0,LANGUAGE <LL@li.org>
sugar-calendario,0,0,43,0,0,27,0,43,0.0,LANGUAGE <LL@li.org>
sugar-chat,24,6,107,10,2,69,22,137,17.51824817518248,LANGUAGE <LL@li.org>
sugar-clock,0,0,66,0,0,21,0,66,0.0,LANGUAGE <LL@li.org>
sugar-deducto,0,0,109,0,0,23,0,109,0.0,LANGUAGE <LL@li.org>
sugar-distance,1,0,98,1,0,25,1,99,1.0101010101010102,LANGUAGE <LL@li.org>
sugar-finance,246,0,12,58,0,5,230,258,95.34883720930233,LANGUAGE <LL@li.org>
sugar-fototoon,3,0,118,3,0,43,3,121,2.479338842975207,LANGUAGE <LL@li.org>
sugar-fractionbounce,0,0,68,0,0,23,0,68,0.0,LANGUAGE <LL@li.org>
sugar-getiabooks,1,0,127,1,0,32,1,128,0.78125,LANGUAGE <LL@li.org>
sugar-imageviewer,0,0,58,0,0,16,0,58,0.0,LANGUAGE <LL@li.org>
sugar-implode,3,0,74,3,0,17,3,77,3.896103896103896,LANGUAGE <LL@li.org>
sugar-infoslicer,2,0,234,2,0,60,2,236,0.847457627118644,LANGUAGE <LL@li.org>
sugar-jukebox,0,0,69,0,0,22,0,69,0.0,LANGUAGE <LL@li.org>
sugar-labyrinth,14,0,267,12,0,82,12,281,4.98220640569395,LANGUAGE <LL@li.org>
sugar-log,41,4,53,13,1,7,36,98,41.83673469387755,LANGUAGE <LL@li.org>
sugar-maze,7,0,0,4,0,0,7,7,100.0,LANGUAGE <LL@li.org>
sugar-measure,6,0,149,4,0,69,4,155,3.870967741935484,LANGUAGE <LL@li.org>
sugar-memorize,142,0,0,74,0,0,142,142,100.0,LANGUAGE <LL@li.org>
sugar-moon,1,0,116,1,0,32,1,117,0.8547008547008548,LANGUAGE <LL@li.org>
sugar-paint,80,1,25,41,1,19,83,106,75.47169811320755,LANGUAGE <LL@li.org>
sugar-physics,3,0,45,3,0,25,3,48,6.25,LANGUAGE <LL@li.org>
sugar-pippy,16,35,223,9,4,53,16,274,5.839416058394161,LANGUAGE <LL@li.org>
sugar-playgo,0,0,85,0,0,30,0,85,0.0,LANGUAGE <LL@li.org>
sugar-read,137,0,0,50,0,0,125,137,100.0,LANGUAGE <LL@li.org>
sugar-record,3,0,59,3,0,21,3,62,4.838709677419355,LANGUAGE <LL@li.org>
sugar-ruler,0,0,29,0,0,8,0,29,0.0,LANGUAGE <LL@li.org>
sugar-speak,227,0,0,74,0,0,201,227,100.0,LANGUAGE <LL@li.org>
sugar-stopwatch,5,0,0,5,0,0,5,5,100.0,LANGUAGE <LL@li.org>
sugar-terminal,22,0,99,8,0,18,17,121,18.181818181818183,LANGUAGE <LL@li.org>
sugar-toolkit,55,4,14,26,3,8,66,73,75.34246575342466,LANGUAGE <LL@li.org>
sugar-toolkit-gtk3,159,0,0,111,0,0,181,159,100.0,LANGUAGE <LL@li.org>
sugar-turtleart,4,0,1455,2,0,433,3,1459,0.2741603838245374,LANGUAGE <walter@sugarlabs.org>
sugar-typing-turtle,0,0,599,0,0,127,0,599,0.0,LANGUAGE <LL@li.org>
sugar-view-slides,0,0,7,0,0,5,0,7,0.0,LANGUAGE <LL@li.org>
sugar-visualmatch,0,0,158,0,0,78,0,158,0.0,LANGUAGE <LL@li.org>
sugar-words,3,0,0,3,0,0,3,3,100.0,LANGUAGE <LL@li.org>
sugar-write,121,0,0,55,0,0,122,121,100.0,LANGUAGE <LL@li.org>
supertux,1875,0,1105,462,0,456,1734,2980,62.91946308724832,Slovak (http://www.transifex.com/arctic-games/supertux/language/sk/)
supertuxkart,2864,0,497,665,0,87,2819,3361,85.2127343052663,Slovak (http://www.transifex.com/supertuxkart/supertuxkart/language/sk/)
sushi,24,0,0,11,0,0,26,24,100.0,Slovak <gnome-sk-list@gnome.org>
svgpart,22,0,0,7,0,0,26,22,100.0,Slovak <kde-sk@linux.sk>
sweeper,229,0,0,50,0,0,205,229,100.0,Slovak <kde-sk@linux.sk>
swell-foop,264,0,0,53,0,0,267,264,100.0,Slovak <gnome-sk-list@gnome.org>
switchboard,16,0,45,8,0,10,18,61,26.229508196721312,Slovak <sk@li.org>
switchboard-plug-a11y,140,23,19,46,8,11,137,182,76.92307692307693,LANGUAGE <LL@li.org>
switchboard-plug-about,25,39,53,12,6,19,25,117,21.367521367521366,Slovak <sk@li.org>
switchboard-plug-applications,39,15,32,17,8,7,40,86,45.348837209302324,LANGUAGE <LL@li.org>
switchboard-plug-bluetooth,0,0,74,0,0,28,0,74,0.0,Slovak <sk@li.org>
switchboard-plug-display,25,18,83,12,9,28,29,126,19.841269841269842,Slovak <sk@li.org>
switchboard-plug-keyboard,207,59,138,90,20,47,231,404,51.23762376237624,Slovak <sk@li.org>
switchboard-plug-mouse-touchpad,26,14,110,12,6,33,23,150,17.333333333333336,Slovak <https://weblate.elementary.io/projects/switchboard/switchboard-plug-mouse-touchpad/sk/>
switchboard-plug-networking,385,58,1,113,15,1,363,444,86.71171171171171,Slovak <>
switchboard-plug-notifications,129,2,8,17,1,2,106,139,92.80575539568345,Slovak <https://weblate.elementary.io/projects/switchboard/switchboard-plug-notifications/sk/>
switchboard-plug-onlineaccounts,113,0,48,30,0,19,113,161,70.1863354037267,Slovak <sk@li.org>
switchboard-plug-pantheon-shell,62,3,88,25,2,32,61,153,40.52287581699346,Slovak <sk@li.org>
switchboard-plug-printers,143,51,142,75,16,47,143,336,42.55952380952381,Slovak <https://weblate.elementary.io/projects/switchboard/switchboard-plug-printers/sk/>
switchboard-plug-sharing,71,0,59,23,0,5,68,130,54.61538461538461,Slovak <sk@li.org>
switchboard-plug-sound,78,13,40,31,8,7,70,131,59.541984732824424,Slovak <https://weblate.elementary.io/projects/switchboard/switchboard-plug-sound/sk/>
switchdesk,139,0,0,20,0,0,134,139,100.0,Slovak <sk-i18n@lists.linux.sk>
sylpheed,3899,2020,1295,1077,539,181,3805,7214,54.04768505683394,Slovak <sk-i18n@lists.linux.sk>
synapse,746,0,110,208,0,26,754,856,87.14953271028037,Slovak <sk@li.org>
syncevolution,327,0,792,55,0,105,296,1119,29.2225201072386,slovak <sk-i18n@lists.linux.sk>
syncthing-gtk,1801,0,0,342,0,0,1722,1801,100.0,Slovak (http://www.transifex.com/syncthing-gtk/syncthing-gtk/language/sk/)
synfig,193,0,9199,109,0,2247,179,9392,2.0549403747870527,Slovak (Slovakia) (http://www.transifex.com/morevnaproject/synfig/language/sk_SK/)
synfigstudio,3565,0,9563,1150,0,1984,3507,13128,27.15569774527727,Slovak (Slovakia) (http://www.transifex.com/morevnaproject/synfig/language/sk_SK/)
sysprof,347,0,49,103,0,6,361,396,87.62626262626263,Slovak <gnome-sk-list@gnome.org>
sysstat,736,0,0,80,0,0,744,736,100.0,Slovak <sk-i18n@lists.linux.sk>
system-config-bind,9250,120,49,1049,8,7,7894,9419,98.2057543263616,Slovak <sk-i18n@lists.linux.sk>
system-config-firewall,2807,0,7,330,0,1,2427,2814,99.75124378109453,Slovak <fedora-trans-sk@redhat.com>
system-config-httpd,877,0,0,227,0,0,814,877,100.0,Slovak <fedora-trans-sk@redhat.com>
system-config-kdump,185,0,692,10,0,146,143,877,21.094640820980615,Slovak (http://www.transifex.com/projects/p/fedora/language/sk/)
system-config-keyboard,187,0,0,81,0,0,180,187,100.0,Slovak <fedora-trans-sk@redhat.com>
system-config-kickstart,1128,0,0,249,0,0,1054,1128,100.0,Slovak (http://www.transifex.com/projects/p/system-config-kickstart/language/sk/)
system-config-language,197,0,0,29,0,0,196,197,100.0,Slovak <fedora-trans-sk@redhat.com>
system-config-printer,3328,48,74,846,15,38,3146,3450,96.46376811594203,Slovak (http://www.transifex.com/projects/p/system-config-printer/language/sk/)
system-config-rootpassword,116,0,0,19,0,0,96,116,100.0,Slovak <sk-i18n@lists.linux.sk>
system-config-users,1436,0,85,172,0,8,1229,1521,94.41157133464826,Slovak (http://www.transifex.com/projects/p/fedora/language/sk/)
system-config-users-docs,0,0,1061,0,0,82,0,1061,0.0,LANGUAGE <LL@li.org>
system-switch-java,81,0,0,11,0,0,71,81,100.0,Slovak <fedora-trans-sk@redhat.com>
system-switch-mail,158,0,0,24,0,0,163,158,100.0,Slovak <fedora-trans-sk@redhat.com>
systemd,371,0,614,46,0,69,353,985,37.66497461928934,Slovak <gnome-sk-list@gnome.org>
tali,421,0,0,97,0,0,415,421,100.0,Slovak <gnome-sk-list@gnome.org>
tar,567,792,2280,117,111,363,620,3639,15.581203627370158,Slovak <sk-i18n@lists.linux.sk>
tellico,5564,37,25,1172,10,4,4912,5626,98.89797369356559,Slovak <kde-sk@linux.sk>
terminator,1343,0,67,395,0,22,1239,1410,95.2482269503546,Slovak <sk@li.org>
texlive,1226,0,3,304,0,2,1221,1229,99.75589910496339,<tex-live@tug.org>
thunar-archive-plugin,86,0,0,13,0,0,92,86,100.0,Slovak <sk-i18n@lists.linux.sk>
thunar-media-tags-plugin,156,0,0,58,0,0,149,156,100.0,Slovak <sk-i18n@lists.linux.sk>
thunar-vcs-plugin,595,0,0,320,0,0,746,595,100.0,Slovak (http://www.transifex.com/projects/p/thunar-plugins/language/sk/)
thunar-vfs,341,0,46,67,0,19,310,387,88.11369509043928,Slovak <sk-i18n@lists.linux.sk>
thunar-volman,487,0,0,113,0,0,468,487,100.0,Slovak (http://www.transifex.com/projects/p/thunar-volman/language/sk/)
tigervnc,82,62,656,33,13,109,90,800,10.25,Slovak <sk@li.org>
tilda,165,40,541,55,11,134,153,746,22.117962466487935,Slovak <sk@li.org>
timeshift,0,0,3051,0,0,594,0,3051,0.0,Slovak <sk@li.org>
tomboy,3278,0,0,471,0,0,3216,3278,100.0,Slovak <gnome-sk-list@gnome.org>
totem,1398,0,0,396,0,0,1411,1398,100.0,Slovak <gnome-sk-list@gnome.org>
totem-pl-parser,29,0,0,8,0,0,25,29,100.0,Slovak <gnome-sk-list@gnome.org>
trackballs,913,17,24,258,3,8,876,954,95.70230607966457,Slovak <LL@li.org>
tracker,2211,0,0,369,0,0,2236,2211,100.0,Slovak <sk-i18n@lists.linux.sk>
tracker-miners,827,0,0,118,0,0,825,827,100.0,Slovak <sk-i18n@lists.linux.sk>
transmageddon,327,0,0,70,0,0,339,327,100.0,slovenčina <gnome-sk-list@gnome.org>
transmission,1809,0,0,494,0,0,2034,1809,100.0,Slovak <sk-i18n@lists.linux.sk>
trojita,3899,111,378,792,30,71,3792,4388,88.8559708295351,Slovak <kde-sk@linux.sk>
tumbler,241,0,0,39,0,0,256,241,100.0,Slovak (http://www.transifex.com/xfce/tumbler/language/sk/)
tuxpaint-stamps,2879,93,299,738,34,41,2066,3271,88.01589727911954,LANGUAGE <LL@li.org>
udisks2,2009,0,0,491,0,0,1888,2009,100.0,Slovak
ufw,758,0,121,175,0,6,798,879,86.23435722411831,Slovak <sk-i18n@lists.linux.sk>
ufw-kde,815,0,0,190,0,0,758,815,100.0,Slovak <kde-sk@linux.sk>
uget,930,42,87,336,9,25,935,1059,87.81869688385268,Slovak (Slovakia) (http://www.transifex.com/uget/uget/language/sk_SK/)
umbrello,5390,9,0,1474,3,0,5069,5399,99.83330246341914,Slovak <kde-sk@linux.sk>
unetbootin,3159,0,0,178,0,0,2898,3159,100.0,Slovak <sk@li.org>
unixcw,85,0,0,6,0,0,75,85,100.0,Slovak <debian-l10n-slovak@lists.debian.org>
urjtag,1164,1501,2149,157,211,313,1137,4814,24.179476526796844,Slovak <sk-i18n@lists.linux.sk>
usermode,573,0,0,96,0,0,548,573,100.0,Slovak (http://www.transifex.com/projects/p/fedora/language/sk/)
vdr,1322,0,0,522,0,0,1298,1322,100.0,Slovak <vdr@linuxtv.org>
vdr-epgsearch,2240,114,65,356,21,11,1961,2419,92.60024803637867,Slovak <hrala.milan@gmail.com>
vdr-femon,313,0,0,124,0,0,307,313,100.0,Slovak <vdr@linuxtv.org>
vdr-live,904,0,10,307,0,4,926,914,98.90590809628009,Slovak <hrala.milan@gmail.com>
vdr-osdteletext,44,0,21,20,0,12,45,65,67.6923076923077,Slovak <hrala.milan@gmail.com>
vdr-skinnopacity,660,0,122,166,0,49,661,782,84.39897698209718,
vdr-streamdev,99,0,7,39,0,2,118,106,93.39622641509435,Slovak <hrala.milan@gmail.com>
vdr-tvguide,584,0,370,187,0,122,568,954,61.21593291404612,
viewnior,279,0,146,98,0,46,258,425,65.64705882352942,Slovak <sk@li.org>
viking,235,0,3900,85,0,971,240,4135,5.683192261185006,Slovak <sk@li.org>
vim,7870,0,0,1628,0,0,8187,7870,100.0,Slovak <sk-i18n@lists.linux.sk>
vinagre,1510,0,0,277,0,0,1442,1510,100.0,Slovak <gnome-sk-list@gnome.org>
vino,1228,0,0,134,0,0,1206,1228,100.0,Slovak <gnome-sk-list@gnome.org>
virt-manager,3804,77,4463,961,24,761,3758,8344,45.58964525407478,Slovak (http://www.transifex.com/projects/p/virt-manager/language/sk/)
virt-viewer,87,0,697,36,0,133,92,784,11.096938775510203,Slovak (http://www.transifex.com/projects/p/virt-viewer/language/sk/)
virtualplanet,337,24,130,179,12,64,312,491,68.63543788187373,
visualboyadvance-m,0,0,4506,0,0,1650,0,4506,0.0,Slovak (Slovakia) (http://www.transifex.com/bgk/vba-m/language/sk_SK/)
vocal,0,0,377,0,0,79,0,377,0.0,LANGUAGE <LL@li.org>
volume_key,34,0,729,12,0,142,34,763,4.456094364351245,Slovak (http://www.transifex.com/projects/p/fedora/language/sk/)
vorbis-tools,1170,1045,1894,220,137,144,1199,4109,28.47408128498418,Slovak <sk-i18n@lists.linux.sk>
vte,80,0,0,13,0,0,83,80,100.0,Slovak <gnome-sk-list@gnome.org>
vte291,31,0,0,5,0,0,35,31,100.0,Slovak <gnome-sk-list@gnome.org>
vte3,80,0,0,13,0,0,83,80,100.0,Slovak <gnome-sk-list@gnome.org>
wammu,4946,206,138,894,17,12,4862,5290,93.49716446124764,none
warmux,1621,386,737,289,76,107,1752,2744,59.07434402332361,zrebec <zrebec@zrebec.sk>
wdiff,103,764,126,16,106,28,99,993,10.372608257804632,Slovak <sk-i18n@rak.isternet.sk>
wesnoth,249394,16742,10469,16085,648,696,218343,276605,90.1625061007574,none
wget,3955,10,31,639,1,4,4071,3996,98.97397397397397,Slovak <sk-i18n@lists.linux.sk>
wicd,1009,0,129,217,0,37,918,1138,88.66432337434095,sk <LL@li.org>
widelands,40863,0,0,3770,0,0,34742,40863,100.0,Slovak (http://www.transifex.com/widelands/widelands/language/sk/)
wine,2013,1025,13406,866,321,2511,1920,16444,12.241547068839699,Slovak
wingpanel,6,0,0,1,0,0,6,6,100.0,LANGUAGE <LL@li.org>
wingpanel-applications-menu,172,0,53,57,0,15,160,225,76.44444444444444,Slovak <>
wingpanel-indicator-bluetooth,7,0,8,4,0,5,6,15,46.666666666666664,LANGUAGE <LL@li.org>
wingpanel-indicator-datetime,20,0,0,6,0,0,17,20,100.0,LANGUAGE <LL@li.org>
wingpanel-indicator-keyboard,7,3,0,3,1,0,6,10,70.0,LANGUAGE <LL@li.org>
wingpanel-indicator-network,30,34,12,10,6,6,30,76,39.473684210526315,LANGUAGE <LL@li.org>
wingpanel-indicator-nightlight,0,0,16,0,0,6,0,16,0.0,
wingpanel-indicator-notifications,16,0,0,7,0,0,13,16,100.0,LANGUAGE <LL@li.org>
wingpanel-indicator-power,89,0,4,24,0,3,124,93,95.6989247311828,LANGUAGE <LL@li.org>
wingpanel-indicator-session,52,2,3,16,1,1,35,57,91.22807017543859,LANGUAGE <LL@li.org>
wingpanel-indicator-sound,14,0,0,6,0,0,12,14,100.0,LANGUAGE <LL@li.org>
wireshark,79,0,179,4,0,12,64,258,30.620155038759687,Slovak (https://www.transifex.com/wireshark/teams/36457/sk/)
workrave,948,205,168,171,57,34,805,1321,71.76381529144588,Slovak
wxGTK,4749,86,1556,1137,22,316,4638,6391,74.30762009075262,Slovak <sk-i18n@lists.linux.sk>
wxGTK3,4071,1328,2296,979,386,488,3954,7695,52.90448343079922,Slovak <sk-i18n@lists.linux.sk>
wxPython,6233,1322,2584,1656,368,558,5972,10139,61.4754906795542,Slovak <sk-i18n@lists.linux.sk>
xapps,38,0,4,23,0,2,34,42,90.47619047619048,Slovak <sk@li.org>
xca,3139,0,0,788,0,0,2762,3139,100.0,slovenčina <linux@slavino.sk>
xcdroast,4191,362,3491,555,61,232,3838,8044,52.100944803580305,Slovak
xchm,139,31,64,58,13,25,138,234,59.401709401709404,Slovak <vvasil@post.sk>
xdg-desktop-portal,88,0,0,12,0,0,76,88,100.0,Slovak <gnome-sk-list@gnome.org>
xdg-desktop-portal-gtk,103,22,44,27,5,15,101,169,60.946745562130175,Slovak <gnome-sk-list@gnome.org>
xdg-desktop-portal-kde,60,0,0,23,0,0,59,60,100.0,Slovak <kde-i18n-doc@kde.org>
xdg-user-dirs,28,0,0,28,0,0,28,28,100.0,Slovak <sk-i18n@lists.linux.sk>
xdg-user-dirs-gtk,81,0,0,11,0,0,71,81,100.0,Slovak <gnome-sk-list@gnome.org>
xed,4595,0,18,985,0,8,4281,4613,99.60979839583784,Slovak (http://www.transifex.com/projects/p/MATE/language/sk/)
xfbib,342,0,0,75,0,0,317,342,100.0,Slovak <sk-i18n@lists.linux.sk>
xfburn,1413,0,0,306,0,0,1332,1413,100.0,Slovak (http://www.transifex.com/xfce/xfce-apps/language/sk/)
xfce4-appfinder,322,0,0,70,0,0,280,322,100.0,Slovak (http://www.transifex.com/projects/p/xfce4-appfinder/language/sk/)
xfce4-battery-plugin,147,0,0,42,0,0,177,147,100.0,Slovak (http://www.transifex.com/xfce/xfce-panel-plugins/language/sk/)
xfce4-clipman-plugin,478,0,0,72,0,0,398,478,100.0,Slovak (http://www.transifex.com/xfce/xfce-panel-plugins/language/sk/)
xfce4-cpufreq-plugin,140,0,0,39,0,0,134,140,100.0,Slovak (http://www.transifex.com/projects/p/xfce-panel-plugins/language/sk/)
xfce4-cpugraph-plugin,74,0,0,36,0,0,78,74,100.0,slovenčina <slovenska-lokalizacia-xfce@googlegroups.com>
xfce4-datetime-plugin,52,0,0,19,0,0,55,52,100.0,Slovak (http://www.transifex.com/xfce/xfce-panel-plugins/language/sk/)
xfce4-dict,527,0,0,119,0,0,483,527,100.0,Slovak (http://www.transifex.com/xfce/xfce-apps/language/sk/)
xfce4-diskperf-plugin,183,0,0,38,0,0,179,183,100.0,slovenčina <slovenska-lokalizacia-xfce@googlegroups.com>
xfce4-embed-plugin,219,0,0,33,0,0,192,219,100.0,Slovak (http://www.transifex.com/projects/p/xfce-panel-plugins/language/sk/)
xfce4-eyes-plugin,15,0,0,4,0,0,13,15,100.0,Slovak (http://www.transifex.com/projects/p/xfce-panel-plugins/language/sk/)
xfce4-fsguard-plugin,71,0,0,19,0,0,80,71,100.0,Slovak <sk-i18n@lists.linux.sk>
xfce4-genmon-plugin,56,0,0,14,0,0,58,56,100.0,Slovak (http://www.transifex.com/xfce/xfce-panel-plugins/language/sk/)
xfce4-mailwatch-plugin,657,0,0,110,0,0,683,657,100.0,Slovak <xfce-i18n@xfce.org>
xfce4-mixer,94,29,58,12,11,13,80,181,51.93370165745856,slovak <sk-i18n@lists.linux.sk>
xfce4-mpc-plugin,76,0,0,24,0,0,83,76,100.0,Slovak (http://www.transifex.com/xfce/xfce-panel-plugins/language/sk/)
xfce4-netload-plugin,92,0,0,35,0,0,89,92,100.0,Slovak (http://www.transifex.com/projects/p/xfce-panel-plugins/language/sk/)
xfce4-notes-plugin,163,0,0,57,0,0,155,163,100.0,Slovak <sk-i18n@lists.linux.sk>
xfce4-notifyd,259,0,0,74,0,0,248,259,100.0,Slovak (http://www.transifex.com/xfce/xfce-apps/language/sk/)
xfce4-panel,1710,0,0,396,0,0,1565,1710,100.0,Slovak (https://www.transifex.com/xfce/teams/16840/sk/)
xfce4-places-plugin,160,0,0,45,0,0,145,160,100.0,Slovak (http://www.transifex.com/projects/p/xfce-panel-plugins/language/sk/)
xfce4-power-manager,1033,0,0,207,0,0,978,1033,100.0,Slovak (http://www.transifex.com/xfce/xfce4-power-manager/language/sk/)
xfce4-pulseaudio-plugin,129,0,0,29,0,0,134,129,100.0,Slovak (http://www.transifex.com/xfce/xfce-panel-plugins/language/sk/)
xfce4-screenshooter,548,0,0,81,0,0,465,548,100.0,Slovak (http://www.transifex.com/xfce/xfce-apps/language/sk/)
xfce4-sensors-plugin,361,0,0,75,0,0,361,361,100.0,Slovak (http://www.transifex.com/xfce/xfce-panel-plugins/language/sk/)
xfce4-session,1025,0,0,203,0,0,972,1025,100.0,Slovak (http://www.transifex.com/projects/p/xfce4-session/language/sk/)
xfce4-settings,1662,0,0,359,0,0,1498,1662,100.0,Slovak (https://www.transifex.com/xfce/teams/16840/sk/)
xfce4-smartbookmark-plugin,22,0,0,9,0,0,25,22,100.0,Slovak (http://www.transifex.com/projects/p/xfce-panel-plugins/language/sk/)
xfce4-statusnotifier-plugin,129,0,0,25,0,0,112,129,100.0,Slovak (https://www.transifex.com/xfce/teams/16840/sk/)
xfce4-systemload-plugin,75,0,0,24,0,0,94,75,100.0,Slovak (http://www.transifex.com/xfce/xfce-panel-plugins/language/sk/)
xfce4-taskmanager,257,0,0,85,0,0,239,257,100.0,Slovak (http://www.transifex.com/xfce/xfce-apps/language/sk/)
xfce4-terminal,1371,0,82,350,0,11,1297,1453,94.35650378527185,Slovak (http://www.transifex.com/xfce/xfce-apps/language/sk/)
xfce4-time-out-plugin,89,0,0,32,0,0,94,89,100.0,slovenčina <slovenska-lokalizacia-xfce@googlegroups.com>
xfce4-timer-plugin,134,0,0,42,0,0,123,134,100.0,Slovak (http://www.transifex.com/xfce/xfce-panel-plugins/language/sk/)
xfce4-verve-plugin,108,0,0,28,0,0,114,108,100.0,Slovak (http://www.transifex.com/xfce/xfce-panel-plugins/language/sk/)
xfce4-wavelan-plugin,67,0,0,18,0,0,63,67,100.0,Slovak (http://www.transifex.com/xfce/xfce-panel-plugins/language/sk/)
xfce4-weather-plugin,690,0,2978,251,0,79,712,3668,18.8113413304253,Slovak (http://www.transifex.com/xfce/xfce-panel-plugins/language/sk/)
xfce4-whiskermenu-plugin,349,0,0,118,0,0,296,349,100.0,Slovak (http://www.transifex.com/gottcode/xfce4-whiskermenu-plugin/language/sk/)
xfce4-xkb-plugin,48,0,0,21,0,0,48,48,100.0,Slovak (http://www.transifex.com/xfce/xfce-panel-plugins/language/sk/)
xfconf,452,0,0,67,0,0,418,452,100.0,Slovak (http://www.transifex.com/xfce/xfconf/language/sk/)
xfdesktop,979,0,0,222,0,0,896,979,100.0,Slovak (http://www.transifex.com/projects/p/xfdesktop/language/sk/)
xfmpc,146,2,19,62,1,7,161,167,87.42514970059881,Slovak <sk-i18n@lists.linux.sk>
xfwm4,673,0,0,173,0,0,652,673,100.0,Slovak (http://www.transifex.com/projects/p/xfwm4/language/sk/)
xiphos,3115,120,1600,990,21,114,3072,4835,64.42605997931747,
xkeyboard-config,929,1331,1413,281,428,408,903,3673,25.292676286414373,Slovak <sk-i18n@lists.linux.sk>
xlog,1358,64,40,323,3,7,1268,1462,92.88645690834473,slovak <sk-i18n@lists.linux.sk>
xmlcopyeditor,982,301,403,322,84,84,949,1686,58.244365361803084,Viliam Búr <viliam@bur.sk>
xmms,2930,230,283,938,53,54,2830,3443,85.10020331106594,Slovak <pcernak@naex.sk>
xmoto,3794,0,45,813,0,9,3523,3839,98.82781974472519,<sk@li.org>
xpad,170,0,243,45,0,82,177,413,41.162227602905574,Slovak <sk-i18n@lists.linux.sk>
xplayer,1952,0,0,493,0,0,1938,1952,100.0,Slovak <gnome-sk-list@gnome.org>
xplayer-plparser,28,0,0,7,0,0,24,28,100.0,Slovak <gnome-sk-list@gnome.org>
xreader,1639,0,2,371,0,1,1549,1641,99.87812309567336,Slovak (http://www.transifex.com/mate/MATE/language/sk/)
xsane,3147,20,57,709,1,18,3085,3224,97.61166253101737,Slovak <sk-i18n@lists.linux.sk>
xscreensaver,784,587,9819,356,284,1194,750,11190,7.006255585344057,Slovak <sk-i18n@lists.linux.sk>
xviewer,1677,0,0,324,0,0,1518,1677,100.0,Slovak <gnome-sk-list@gnome.org>
xviewer-plugins,342,0,0,89,0,0,334,342,100.0,Slovak <gnome-sk-list@gnome.org>
yad,1231,81,17,283,12,4,1170,1329,92.6260346124906,slovenčina <debian-l10n-slovak@lists.debian.org>
yakuake,1527,46,0,219,2,0,1270,1573,97.07565162110616,Slovak <kde-sk@linux.sk>
yelp,284,0,0,67,0,0,257,284,100.0,Slovak <gnome-sk-list@gnome.org>
yelp-xsl,81,0,0,59,0,0,82,81,100.0,Slovak <gnome-sk-list@gnome.org>
yum-rhn-plugin,0,0,147,0,0,17,0,147,0.0,Slovak (http://www.transifex.com/projects/p/fedora/language/sk/)
zabbix,14615,0,506,3144,0,56,14925,15121,96.65366047219099,Zabbix translation team
zanshin,184,444,265,73,114,58,174,893,20.6047032474804,Slovak <kde-sk@linux.sk>
zenity,896,0,0,199,0,0,920,896,100.0,slovenčina <>
zypper,9073,0,0,1228,0,0,8730,9073,100.0,Slovak <https://l10n.opensuse.org/projects/zypper/master/sk/>
