package,translatedsourcewords,fuzzysourcewords,untranslatedsourcewords,translated,fuzzy,untranslated,translatedtargetwords,totalsourcewordssum,progress,team
0ad,300,0,0,56,0,0,354,300,100.0,French (http://www.transifex.com/wildfire-games/0ad/language/fr/)
3Depict,2064,104,4500,615,9,791,2331,6668,30.95380923815237,French (http://www.transifex.com/mycae/3depict/language/fr/)
4Pane,1355,0,24013,377,0,3393,1489,25368,5.341374960580259,French (http://www.transifex.com/davidgh/4Pane/language/fr/)
7kaa,2367,14896,104,675,559,16,2639,17367,13.629296942477112,French
DivFix++,549,0,0,102,0,0,719,549,100.0,FRENCH <LL@li.org>
GConf2,4088,0,0,497,0,0,5075,4088,100.0,GNOME French Team <gnomefr@traduc.org>
GMT,78,0,0,26,0,0,92,78,100.0,French (https://www.transifex.com/readthedocs/teams/101354/fr/)
LabPlot,3658,2832,4507,1349,877,782,4509,10997,33.263617350186415,French <kde-francophone@kde.org>
ModemManager,134,7,6,17,1,1,177,147,91.15646258503402,French <gnomefr@traduc.org>
NetworkManager,25487,1261,240,2170,25,5,28835,26988,94.43826886023417,French <trans-fr@lists.fedoraproject.org>
NetworkManager-fortisslvpn,315,0,8,59,0,1,386,323,97.52321981424149,GNOME French Team <gnomefr@traduc.org>
NetworkManager-l2tp,418,0,817,83,0,103,520,1235,33.84615384615385,français <gnomefr@traduc.org>
NetworkManager-libreswan,465,0,0,76,0,0,540,465,100.0,GNOME French Team <gnomefr@traduc.org>
NetworkManager-openconnect,213,44,2984,58,9,529,247,3241,6.572045664918235,GNOME French Team <gnomefr@traduc.org>
NetworkManager-openvpn,663,406,907,112,46,115,856,1976,33.55263157894737,français <gnomefr@traduc.org>
NetworkManager-pptp,415,0,0,77,0,0,511,415,100.0,GNOME French Team <gnomefr@traduc.org>
NetworkManager-ssh,115,87,84,29,22,18,143,286,40.20979020979021,GNOME French Team <gnomefr@traduc.org>
NetworkManager-sstp,415,0,0,77,0,0,511,415,100.0,GNOME French Team <gnomefr@traduc.org>
NetworkManager-vpnc,444,0,0,86,0,0,554,444,100.0,GNOME French Team <gnomefr@traduc.org>
PackageKit,1282,0,0,321,0,0,1706,1282,100.0,French (http://www.transifex.com/freedesktop/packagekit/language/fr/)
PySolFC,2972,33,2888,1012,5,1543,3103,5893,50.43271678262345,French
R,34559,1906,1354,5095,250,166,41636,37819,91.37999418281815,French <R-core@r-project.org>
R-expm,36,19,67,6,4,8,55,122,29.508196721311474,Vincent Goulet <vincent@vgoulet.act.ulaval.ca>
Thunar,4413,0,0,784,0,0,4754,4413,100.0,French (https://www.transifex.com/xfce/teams/16840/fr/)
WindowMaker,5157,0,366,1058,0,293,5936,5523,93.37316675719718,French <fr@li.org>
Zim,3295,0,0,738,0,0,3993,3295,100.0,French <https://hosted.weblate.org/projects/zim/master/fr/>
a2ps,1384,128,0,175,4,0,1472,1512,91.53439153439153,French <bug-a2ps@gnu.org>
abattis-cantarell-fonts,54,0,0,6,0,0,64,54,100.0,Tot En Òc
abook,722,34,42,189,9,12,870,798,90.47619047619048,french
abrt,3676,0,0,417,0,0,4509,3676,100.0,French <https://translate.fedoraproject.org/projects/abrt/abrt/fr/>
accerciser,4629,0,0,447,0,0,5232,4629,100.0,GNOME French Team <gnomefr@traduc.org>
accountsservice,59,0,0,10,0,0,78,59,100.0,French (http://www.transifex.com/freedesktop/accountsservice/language/fr/)
acl,370,136,0,48,4,0,424,506,73.12252964426878,french <debian-l10n-french@lists.debian.org>
agenda,10,7,0,4,2,0,10,17,58.82352941176471,French <fr@li.org>
aisleriot,22460,346,969,1565,8,36,24494,23775,94.46898002103049,GNOME French Team <gnomefr@traduc.org>
akonadi-calendar-tools,785,0,0,172,0,0,1011,785,100.0,French <kde-francophone@kde.org>
akonadi-import-wizard,394,0,0,84,0,0,500,394,100.0,FR
akregator,1807,0,0,439,0,0,2157,1807,100.0,FR
alacarte,45,0,0,20,0,0,49,45,100.0,GNOME French Team <gnomefr@traduc.org>
alexandria,955,82,175,266,18,40,1068,1212,78.79537953795379,Lígia Moreira <ligia.moreira@netvisao.pt>
alleyoop,351,0,0,92,0,0,437,351,100.0,GNOME French Team <gnomefr@traduc.org>
alligator,136,0,0,65,0,0,194,136,100.0,French <kde-francophone@kde.org>
almanah,805,0,0,143,0,0,1072,805,100.0,français <gnomefr@traduc.org>
alsa-utils,1716,109,52,305,9,17,2145,1877,91.42248268513585,French <fr@li.org>
amarok,15616,121,82,2770,8,2,18848,15819,98.71673304254378,French <kde-i18n-doc@kde.org>
amsynth,670,0,0,165,0,0,770,670,100.0,
amtk,11,0,0,3,0,0,11,11,100.0,français <gnomefr@traduc.org>
anaconda,7884,59,75,1350,5,3,9441,8018,98.32876028934896,French <https://translate.fedoraproject.org/projects/anaconda/master/fr/>
analitza,992,0,0,222,0,0,1104,992,100.0,FR
android-tools,15774,453,1810,2349,89,219,20051,18037,87.45356766646339,French <traduc@traduc.org>
anjuta,18898,0,0,2780,0,0,21955,18898,100.0,French <GNOME French Team <gnomefr@traduc.org>>
anope,19958,238,0,1731,4,0,21886,20196,98.82154882154882,French
apostrophe,367,19,59,141,3,8,446,445,82.47191011235955,
appeditor,256,80,244,70,17,31,281,580,44.13793103448276,Français
appstream,4445,0,59,498,0,3,5038,4504,98.69005328596802,French <https://hosted.weblate.org/projects/appstream/translations/fr/>
apt,35260,607,1784,1668,32,172,39175,37651,93.6495710605296,French <debian-l10n-french@lists.debian.org>
arandr,173,0,0,38,0,0,176,173,100.0,French <https://hosted.weblate.org/projects/arandr/translations/fr/>
ardour6,22149,56,794,4585,16,316,26417,22999,96.30418713857124,Italian
arduino,3204,0,0,607,0,0,3730,3204,100.0,French (http://www.transifex.com/mbanzi/arduino-ide-15/language/fr/)
aria2,2503,0,4983,262,0,137,2974,7486,33.43574672722415,Fran&ccedil;ais
ark,1923,0,0,343,0,0,2234,1923,100.0,FR
arm-none-eabi-binutils-cs,71632,0,0,11106,0,0,87701,71632,100.0,French <traduc@traduc.org>
arm-none-eabi-gcc-cs,113708,0,0,14211,0,0,140769,113708,100.0,French <traduc@traduc.org>
artikulate,338,0,0,149,0,0,412,338,100.0,FR
aspell,1797,0,0,303,0,0,1890,1797,100.0,French <traduc@traduc.org>
asterisk,130,4,0,58,1,0,128,134,97.01492537313433,
asunder,429,27,36,78,3,10,529,492,87.1951219512195,
at-spi2-core,10,0,0,2,0,0,9,10,100.0,français <gnomefr@traduc.org>
atk,440,0,0,169,0,0,536,440,100.0,GNOME French Team <gnomefr@traduc.org>
atomix,169,0,0,44,0,0,196,169,100.0,GNOME French Team <gnomefr@traduc.org>
atril,2016,0,5834,468,0,563,2568,7850,25.681528662420384,French (https://www.transifex.com/mate/teams/13566/fr/)
attr,127,225,2,21,8,1,143,354,35.87570621468927,French <debian-l10n-french@lists.debian.org>
audacious,859,0,0,359,0,0,1137,859,100.0,French (http://www.transifex.com/audacious/audacious/language/fr/)
audacious-plugins,4254,0,0,985,0,0,5199,4254,100.0,French (http://www.transifex.com/audacious/audacious/language/fr/)
audacity,17796,0,230,4094,0,117,21285,18026,98.72406523909908,French
audex,3288,29,30,397,8,7,4050,3347,98.23722736779206,French <kde-francophone@kde.org>
authselect,6201,0,0,643,0,0,6910,6201,100.0,French <https://translate.fedoraproject.org/projects/authselect/master-application/fr/>
avahi,865,2,1,165,2,1,989,868,99.65437788018433,French (http://www.transifex.com/lennart/avahi/language/fr/)
avogadro,6579,0,28,2360,0,12,8163,6607,99.57620705312547,LANGUAGE <LL@li.org>
avogadro2,464,0,0,152,0,0,730,464,100.0,French <https://hosted.weblate.org/projects/avogadro/avogadroapp/fr/>
avogadro2-libs,763,292,2921,397,117,680,1026,3976,19.19014084507042,French <https://hosted.weblate.org/projects/avogadro/avogadrolibs/fr/>
avr-binutils,71632,0,0,11106,0,0,87701,71632,100.0,French <traduc@traduc.org>
avr-gcc,113708,0,0,14211,0,0,140769,113708,100.0,French <traduc@traduc.org>
awf-gtk2,140,0,0,32,0,0,154,140,100.0,
awf-gtk3,140,0,0,32,0,0,154,140,100.0,
awf-gtk4,140,0,0,32,0,0,154,140,100.0,
b43-fwcutter,67,0,0,4,0,0,73,67,100.0,FRENCH <debian-l10n-french@lists.debian.org>
b43-tools,67,0,0,4,0,0,73,67,100.0,FRENCH <debian-l10n-french@lists.debian.org>
backintime,1918,0,54,341,0,8,2248,1972,97.26166328600405,
backup-manager,1080,60,20,168,6,4,1256,1160,93.10344827586206,Debian l10n French Team <debian-l10n-french@lists.debian.org>
bacula,60,401,312,15,55,47,68,773,7.761966364812419,French <bacula-devel-fr@lists.sourceforge.net>
badwolf,238,0,1,46,0,1,256,239,99.581589958159,French
ballz,79,0,0,6,0,0,86,79,100.0,French <traduc@traduc.org>
baloo-widgets,52,0,0,31,0,0,60,52,100.0,French <kde-francophone@kde.org>
balsa,19542,0,0,2278,0,0,23259,19542,100.0,GNOME French Team <gnomefr@traduc.org>
baobab,1402,0,0,149,0,0,1574,1402,100.0,GNOME French Team <gnomefr@traduc.org>
bareftp,448,0,0,160,0,0,552,448,100.0,French <>
bash,10289,1396,14,569,22,3,11938,11699,87.94768783656723,French <traduc@traduc.org>
bear-factory,4504,778,258,813,120,71,4645,5540,81.29963898916968,French
bibletime,9019,0,577,632,0,14,9611,9596,93.98707794914549,French (http://www.transifex.com/bibletime/bibletime/language/fr/)
bijiben,1277,0,0,246,0,0,1483,1277,100.0,GNOME French Team <gnomefr@traduc.org>
binutils,71632,0,0,11106,0,0,87701,71632,100.0,French <traduc@traduc.org>
bison,1694,82,0,304,1,0,1988,1776,95.38288288288288,French <traduc@traduc.org>
bleachbit,1843,0,0,355,0,0,2414,1843,100.0,French <LL@li.org>
blender,92703,0,0,19971,0,0,111145,92703,100.0,
blinken,133,0,0,47,0,0,164,133,100.0,FR
blivet-gui,1031,0,0,258,0,0,1320,1031,100.0,French <https://translate.fedoraproject.org/projects/blivet/blivet-gui/fr/>
blobwars,1167,0,0,352,0,0,1218,1167,100.0,none
blogilo,1392,0,0,337,0,0,1655,1392,100.0,French <kde-francophone@kde.org>
blueberry,166,0,0,37,0,0,200,166,100.0,French <fr@li.org>
bluedevil,517,0,0,187,0,0,637,517,100.0,French <kde-francophone@kde.org>
bluefish,5049,0,0,1575,0,0,6072,5049,100.0,
blueman,1637,120,100,503,34,42,1966,1857,88.15293484114163,French <https://hosted.weblate.org/projects/blueman/2-2/fr/>
boinc-client,26762,0,12,4121,0,4,30983,26774,99.95518039889446,French (http://www.transifex.com/boinc/boinc/language/fr/)
bomber,110,0,0,27,0,0,133,110,100.0,French <kde-francophone@kde.org>
bookworm,766,0,29,146,0,3,961,795,96.35220125786164,French <https://hosted.weblate.org/projects/bookworm/bookworm/fr/>
boswars,214,0,2,71,0,2,238,216,99.07407407407408,FRENCH
bottles,2086,0,0,486,0,0,2607,2086,100.0,French <https://hosted.weblate.org/projects/bottles/bottles/fr/>
bout++,71,20,923,14,4,122,82,1014,7.001972386587771,French
bovo,81,0,0,25,0,0,99,81,100.0,French <kde-francophone@kde.org>
bpython,229,0,375,40,0,33,270,604,37.913907284768214,bpython developers
brasero,7751,0,0,1113,0,0,8716,7751,100.0,GNOME French Team <gnomefr@traduc.org>
breezy,0,0,33704,0,0,2380,0,33704,0.0,
brltty,3002,0,0,886,0,0,3945,3002,100.0,Friends of BRLTTY <BRLTTY@brlttY.app>
bubblemail,454,0,12,134,0,1,560,466,97.42489270386267,French <>
butt,1917,0,0,400,0,0,2249,1917,100.0,French
byobu,177,0,0,44,0,0,203,177,100.0,LANGUAGE <LL@li.org>
byzanz,236,0,0,52,0,0,299,236,100.0,GNOME French Team <gnomefr@traduc.org>
bzflag,2037,0,0,357,0,0,2368,2037,100.0,
cacti,7771,22829,73,1910,2423,5,9273,30673,25.334985166107,French <http://translate.cacti.net/projects/cacti/core-v1-2-x/fr/>
cairo-clock,270,0,0,60,0,0,297,270,100.0,Mirco Müller <macslow@bangang.de>
cairo-dock,7464,0,0,827,0,0,8002,7464,100.0,Cairo-Dock <LL@li.org>
cairo-dock-plug-ins,10203,0,0,1722,0,0,11544,10203,100.0,Cairo-Dock <LL@li.org>
caja,9675,0,0,1604,0,0,10787,9675,100.0,French (https://www.transifex.com/mate/teams/13566/fr/)
caja-actions,529,0,18286,105,0,1411,651,18815,2.8115865001328726,French (https://www.transifex.com/mate/teams/13566/fr/)
caja-extensions,760,0,0,145,0,0,868,760,100.0,French (https://www.transifex.com/mate/teams/13566/fr/)
calamares,414,0,76,78,0,7,504,490,84.48979591836735,French (https://www.transifex.com/calamares/teams/20061/fr/)
calcurse,2186,267,420,421,44,79,2538,2873,76.08771319178558,French (http://www.transifex.com/lfleischer/calcurse/language/fr/)
calibre,161062,0,0,18484,0,0,178570,161062,100.0,French (http://www.transifex.com/calibre/calibre/language/fr/)
calligra,35579,279,94,7687,93,29,43425,35952,98.96250556297286,French <kde-francophone@kde.org>
calligraplan,9912,30,1,2153,11,1,12133,9943,99.68822287036106,FR
calls,104,0,0,40,0,0,116,104,100.0,French <gnomefr@traduc.org>
camorama,500,94,181,114,20,32,562,775,64.51612903225806,GNOME French Team <gnomefr@traduc.org>
cantor,3640,0,0,709,0,0,4535,3640,100.0,FR
caribou,169,0,0,57,0,0,194,169,100.0,GNOME French Team <gnomefr@traduc.org>
cataclysm-dda,106819,0,356674,13807,0,28514,113295,463493,23.04651850189755,French (https://www.transifex.com/cataclysm-dda-translators/teams/2217/fr/)
catfish,1047,0,0,154,0,0,1359,1047,100.0,French (https://www.transifex.com/xfce/teams/16840/fr/)
cawbird,989,88,156,276,20,41,1158,1233,80.21086780210868,French (https://www.transifex.com/cawbird/teams/107135/fr/)
cbrpager,186,15,7,78,3,3,242,208,89.42307692307693,LANGUAGE <LL@li.org>
ccdciel,6494,3,0,1415,1,0,7636,6497,99.95382484223487,French <fr@li.org>
ccrypt,740,0,0,68,0,0,855,740,100.0,French
ccsm,558,5,28,144,3,16,611,591,94.41624365482234,French <fr@li.org>
celestia,2218,236,186,1068,120,57,2815,2640,84.01515151515152,Français <fr@li.org>
centerim,2062,493,309,612,122,83,2236,2864,71.9972067039106,fr <fr@li.org>
certmonger,1366,146,1319,228,18,227,1679,2831,48.25150123631226,French (http://www.transifex.com/projects/p/certmonger/language/fr/)
cervisia,1619,0,0,421,0,0,1975,1619,100.0,FR
cflow,297,280,269,76,43,52,350,846,35.1063829787234,French <traduc@traduc.org>
cgit,35776,0,13,5667,0,1,42143,35789,99.96367598982928,French
cheese,2170,0,0,242,0,0,2463,2170,100.0,GNOME French Team <gnomefr@traduc.org>
chemical-mime-data,96,100,124,28,29,31,130,320,30.0,french <fr@li.org>
chemtool,1148,0,36,242,0,19,1344,1184,96.95945945945947,Francais <fr@li.org>
chkconfig,554,19,0,102,5,0,628,573,96.68411867364746,French <https://translate.fedoraproject.org/projects/fedora-sysv/chkconfig/fr/>
choqok,2265,82,3,567,17,3,2900,2350,96.38297872340425,French <kde-francophone@kde.org>
chrome-gnome-shell,331,0,0,46,0,0,436,331,100.0,French <gnomefr@traduc.org>
chromium,13283,0,0,3420,0,0,15776,13283,100.0,GNOME French Team <gnomefr@traduc.org>
chromium-bsu,1035,37,20,178,6,6,1147,1092,94.78021978021978,French (https://www.transifex.com/projects/p/chromium-bsu/language/fr/)
cinnamon-control-center,1307,0,6,755,0,1,1447,1313,99.54303122619955,French <fedora-trans-fr@fedoraproject.org>
cinnamon-desktop,234,0,0,32,0,0,271,234,100.0,GNOME French Team <gnomefr@traduc.org>
cinnamon-translations,23274,0,0,5221,0,0,26920,23274,100.0,French <fr@li.org>
clamtk,551,0,0,137,0,0,662,551,100.0,français <LL@li.org>
clapper,0,0,272,0,0,108,0,272,0.0,French
claws-mail,21143,0,0,4125,0,0,25602,21143,100.0,Claws Mail translators <translators@lists.claws-mail.org>
clawsker,1537,0,0,278,0,0,1978,1537,100.0,Tristan Chabredier (wwp) <subscript@free.fr>
clementine,5157,0,94,1375,0,16,6379,5251,98.2098647876595,French (http://www.transifex.com/davidsansome/clementine/language/fr/)
clisp,6167,4816,2798,856,536,257,7082,13781,44.750018140918655,French <traduc@traduc.org>
clutter,3057,0,0,675,0,0,3443,3057,100.0,français <gnomefr@traduc.org>
cmake-fedora,263,0,14,59,0,5,328,277,94.94584837545126,French
cockpit,6890,90,71,1848,26,12,8379,7051,97.7166359381648,French <https://translate.fedoraproject.org/projects/cockpit/main/fr/>
cockpit-composer,1701,237,114,297,16,15,1965,2052,82.89473684210526,French <https://translate.fedoraproject.org/projects/cockpit-composer/main/fr/>
cockpit-machines,2215,31,69,513,9,11,2704,2315,95.68034557235421,French <https://translate.fedoraproject.org/projects/cockpit-machines/main/fr/>
cockpit-ostree,137,20,14,54,8,5,164,171,80.11695906432749,French <https://translate.fedoraproject.org/projects/cockpit-ostree/master/fr/>
cockpit-podman,543,103,106,179,31,20,663,752,72.20744680851064,French <https://translate.fedoraproject.org/projects/cockpit-podman/main/fr/>
cogl,393,0,0,80,0,0,531,393,100.0,français <gnomefr@traduc.org>
coin,252,0,0,50,0,0,256,252,100.0,Français
colobot,39426,9,16076,3545,1,979,37156,55511,71.0237610563672,
colord,732,0,1258,148,0,105,832,1990,36.78391959798995,French (http://www.transifex.com/freedesktop/colord/language/fr/)
colord-kde,358,8,3,117,2,1,449,369,97.01897018970189,French <kde-francophone@kde.org>
common-lisp-controller,57,0,0,7,0,0,71,57,100.0,French <debian-l10n-french@lists.debian.org>
compat-gdbm,779,0,0,214,0,0,1026,779,100.0,French <traduc@traduc.org>
compiz,3683,556,313,783,80,43,4633,4552,80.90949033391915,French <fr@li.org>
compiz-plugins-experimental,1486,1190,1797,334,335,223,1846,4473,33.22155153141069,French <fr@li.org>
compiz-plugins-extra,3266,471,341,667,94,45,3977,4078,80.08827856792546,French <fr@li.org>
compiz-plugins-main,4683,134,52,842,32,7,5700,4869,96.17991373998768,French <fr@li.org>
condor,771,0,0,35,0,0,858,771,100.0,French <debian-l10n-french@lists.debian..org>
console-setup,984,0,0,179,0,0,1125,984,100.0,French <debian-l10n-french@lists.debian.org>
coolreader,226,13,456,109,7,153,299,695,32.51798561151079,LANGUAGE <LL@li.org>
coreutils,21194,0,0,1798,0,0,24933,21194,100.0,French <traduc@traduc.org>
cozy,1443,0,1363,241,0,125,1674,2806,51.42551674982181,French (https://www.transifex.com/geigi/teams/78138/fr/)
cpio,1872,30,7,310,3,1,2265,1909,98.06181246726034,French <traduc@traduc.org>
cppi,596,0,0,61,0,0,671,596,100.0,French <traduc@traduc.org>
cpu-x,1148,0,46,273,0,2,1500,1194,96.14740368509213,French <https://hosted.weblate.org/projects/cpu-x/translations/fr/>
cracklib,93,0,3,15,0,1,87,96,96.875,Novell Language <language@novell.com>
crash,9740,0,0,1546,0,0,11617,9740,100.0,French <traduc@traduc.org>
cross-binutils,0,0,0,0,0,0,0,0,0.0,
cross-gcc,118476,0,0,14639,0,0,146612,118476,100.0,French <traduc@traduc.org>
crossfire,55,0,0,2,0,0,59,55,100.0,French <debian-l10n-french@lists.debian.org>
cryptsetup,5930,31,27,855,5,1,7973,5988,99.03139612558451,French <traduc@traduc.org>
csound,19301,0,0,3456,0,0,23987,19301,100.0,French
ctpl,391,9,0,73,2,0,456,400,97.75,LANGUAGE <LL@li.org>
cups,1999,0,10914,691,0,3304,2421,12913,15.48052350344614,French <LL@li.org>
cups-filters,203,0,0,79,0,0,250,203,100.0,
cups-pk-helper,149,0,0,22,0,0,168,149,100.0,French <traduc@traduc.org>
cura,21985,0,0,2563,0,0,25431,21985,100.0,"French <info@lionbridge.com>, French <info@bothof.nl>"
cura-lulzbot,15562,0,0,1860,0,0,17729,15562,100.0,French
d-feet,111,0,0,36,0,0,137,111,100.0,GNOME French Team <gnomefr@traduc.org>
dar,13727,0,0,1563,0,0,15950,13727,100.0,French <traduc@traduc.org>
darktable,26167,0,2,4637,0,1,29388,26169,99.99235736940655,
dasher,7144,0,0,470,0,0,7960,7144,100.0,GNOME French Team <gnomefr@traduc.org>
datamash,876,0,0,133,0,0,1047,876,100.0,French <traduc@traduc.org>
davix,0,243,443,0,43,92,0,686,0.0,fr
dconf-editor,2955,0,0,394,0,0,3391,2955,100.0,GNOME French Team <gnomefr@traduc.org>
dcraw,552,0,0,111,0,0,683,552,100.0,
ddccontrol,1547,0,0,238,0,0,1940,1547,100.0,French <traduc@traduc.org>
ddccontrol-db,380,0,0,198,0,0,470,380,100.0,French <traduc@traduc.org>
debconf,15864,12,0,788,1,0,16934,15876,99.9244142101285,French <debian-l10n-french@lists.debian.org>
debhelper,23520,596,991,1279,26,42,25739,25107,93.67905365037639,French <debian-l10n-french@lists.debian.org>
deepin-daemon,1152,0,0,254,0,0,1472,1152,100.0,French (https://www.transifex.com/linuxdeepin/teams/3617/fr/)
deepin-editor,303,33,0,45,1,0,353,336,90.17857142857143,French <traduc@traduc.org>
deja-dup,3199,0,287,403,0,28,3815,3486,91.76706827309236,French <fr@li.org>
deluge,68,0,4263,28,0,1302,74,4331,1.570076194874163,French <fr@li.org>
denemo,19330,6728,10626,2801,1011,1075,21462,36684,52.693272271289935,French <traduc@traduc.org>
desktopfolder,533,0,201,171,0,59,582,734,72.6158038147139,French (France) (https://www.transifex.com/ubuntu-budgie/teams/72251/fr_FR/)
devhelp,563,0,0,116,0,0,705,563,100.0,GNOME French Team <gnomefr@traduc.org>
devilspie2,161,0,0,35,0,0,215,161,100.0,French
devscripts,52060,0,0,3542,0,0,56462,52060,100.0,French <debian-l10n-french@lists.debian.org>
dia,5749,280,174,2150,95,38,6961,6203,92.68096082540707,GNOME French Team <gnomefr@traduc.org>
dialect,366,0,0,187,0,0,402,366,100.0,French <https://hosted.weblate.org/projects/dialect/dialect/fr/>
dialog,25,0,0,23,0,0,25,25,100.0,French <traduc@traduc.org>
diffutils,1886,0,0,266,0,0,2289,1886,100.0,French <traduc@traduc.org>
digikam,53191,1729,0,8711,55,0,63595,54920,96.85178441369264,French <kde-francophone@kde.org>
dino,979,0,0,242,0,0,1172,979,100.0,French <https://hosted.weblate.org/projects/dino/translations/fr/>
dippi,385,12,0,51,2,0,443,397,96.97732997481108,none
dnf,4588,33,0,873,3,0,5812,4621,99.2858688595542,French <https://translate.fedoraproject.org/projects/dnf/dnf-master/fr/>
dnf-plugins-core,1644,4,7,252,1,1,1992,1655,99.33534743202416,French <https://translate.fedoraproject.org/projects/dnf/dnf-plugins-core-l10n-master/fr/>
dnf-plugins-extras,377,0,10,57,0,1,486,387,97.41602067183463,French <https://translate.fedoraproject.org/projects/dnf/dnf-plugins-extras/fr/>
dnfdragora,1771,0,0,474,0,0,2315,1771,100.0,French (https://www.transifex.com/MageiaLinux/teams/9361/fr/)
dnsmasq,2234,454,732,392,77,112,2964,3420,65.32163742690058,
dolphin,4746,0,0,712,0,0,5535,4746,100.0,French <kde-francophone@kde.org>
dolphin-emu,13018,0,18,2284,0,3,15497,13036,99.86192083461184,French (http://www.transifex.com/delroth/dolphin-emu/language/fr/)
dolphin-plugins,1407,0,0,401,0,0,2117,1407,100.0,French <kde-francophone@kde.org>
dos2unix,5170,0,0,417,0,0,5818,5170,100.0,French <traduc@traduc.org>
doublecmd,12159,1,75,3441,1,19,14720,12235,99.37883122190438,Zebulon Tourneboulle <zebulon.tourneboulle@gmail.com>
dpkg,58024,12735,3501,4271,742,295,65901,74260,78.13627794236466,French <debian-l10n-french@lists.debian.org>
dragon,281,0,0,89,0,0,342,281,100.0,French <kde-francophone@kde.org>
drawing,1727,0,105,497,0,3,1926,1832,94.26855895196506,French <aaaa@bbbb.com>
drgeo,1968,17,0,460,1,0,2178,1985,99.14357682619648,GNOME French Team <gnomefr@traduc.org>
duplicity,1852,0,363,267,0,52,2333,2215,83.61173814898419,French <fr@li.org>
dvdbackup,1024,0,0,112,0,0,1182,1024,100.0,French <fr@li.org>
dynamic-wallpaper-editor,633,0,63,126,0,3,715,696,90.94827586206897,français
e16,2805,0,0,515,0,0,3376,2805,100.0,French
e2fsprogs,10359,0,0,1579,0,0,13497,10359,100.0,French <traduc@traduc.org>
easystroke,455,0,15,134,0,3,524,470,96.80851063829788,French <fr@li.org>
easytag,7780,0,0,1188,0,0,9270,7780,100.0,French <gnomefr@traduc.org>
edgar,11474,0,0,1535,0,0,12105,11474,100.0,French <fr@li.org>
efl,156,0,0,59,0,0,187,156,100.0,French>
eiciel,158,16,18,48,3,5,185,192,82.29166666666666,French <https://l10n.opensuse.org/projects/eiciel/master/fr/>
eiskaltdcpp,3626,0,0,1153,0,0,4186,3626,100.0,French (https://www.transifex.com/tehnick/teams/11818/fr/)
ejabberd,1861,172,152,424,42,31,2208,2185,85.1716247139588,
electrum,6569,0,2431,1197,0,446,7622,9000,72.9888888888889,French
elementary-calculator,235,0,0,75,0,0,309,235,100.0,French <https://l10n.elementary.io/projects/calculator/calculator/fr/>
elementary-calendar,861,0,0,255,0,0,1056,861,100.0,French <https://l10n.elementary.io/projects/calendar/calendar/fr/>
elementary-camera,159,0,0,39,0,0,203,159,100.0,French <https://l10n.elementary.io/projects/camera/camera/fr/>
elementary-capnet-assist,78,0,3,13,0,1,97,81,96.29629629629629,French <https://l10n.elementary.io/projects/desktop/capnet-assist/fr/>
elementary-code,1608,0,0,307,0,0,2049,1608,100.0,French <https://l10n.elementary.io/projects/code/code/fr/>
elementary-files,3513,0,0,649,0,0,4501,3513,100.0,French <https://l10n.elementary.io/projects/files/files/fr/>
elementary-greeter,200,0,0,45,0,0,253,200,100.0,French <https://l10n.elementary.io/projects/desktop/greeter/fr/>
elementary-icon-theme,240,0,23,49,0,23,359,263,91.25475285171103,French <https://l10n.elementary.io/projects/desktop/icons-extra/fr/>
elementary-mail,658,0,0,153,0,0,810,658,100.0,French <https://l10n.elementary.io/projects/mail/mail/fr/>
elementary-music,1191,4,10,350,2,2,1491,1205,98.83817427385893,French <https://l10n.elementary.io/projects/music/music/fr/>
elementary-notifications,36,0,0,10,0,0,42,36,100.0,French <https://l10n.elementary.io/projects/desktop/notifications-extra/fr/>
elementary-photos,4011,0,0,818,0,0,4872,4011,100.0,French <https://l10n.elementary.io/projects/photos/photos/fr/>
elementary-screenshot-tool,248,0,0,60,0,0,328,248,100.0,French <https://l10n.elementary.io/projects/screenshot-tool/screenshot-tool/fr/>
elementary-settings-daemon,26,0,0,4,0,0,39,26,100.0,French <https://l10n.elementary.io/projects/desktop/settings-daemon/fr/>
elementary-shortcut-overlay,130,0,0,45,0,0,174,130,100.0,French <https://l10n.elementary.io/projects/desktop/shortcut-overlay/fr/>
elementary-sideload,319,0,0,61,0,0,398,319,100.0,French <https://l10n.elementary.io/projects/desktop/sideload/fr/>
elementary-tasks,364,0,0,77,0,0,461,364,100.0,French <https://l10n.elementary.io/projects/tasks/tasks/fr/>
elementary-terminal,643,0,0,117,0,0,837,643,100.0,French <https://l10n.elementary.io/projects/terminal/terminal/fr/>
elementary-theme,63,0,0,10,0,0,85,63,100.0,French <https://l10n.elementary.io/projects/desktop/stylesheet-extra/fr/>
elementary-videos,391,0,0,96,0,0,551,391,100.0,French <https://l10n.elementary.io/projects/videos/videos/fr/>
elinks,12041,193,11,1622,2,1,13222,12245,98.33401388321764,
elisa-player,572,0,0,221,0,0,777,572,100.0,French <kde-francophone@kde.org>
emelfm2,6207,13,20,1571,6,3,7569,6240,99.47115384615385,français <fr@li.org>
emerald,656,39,1,215,4,1,827,696,94.25287356321839,French <fr@li.org>
engrampa,2844,0,4994,528,0,365,3284,7838,36.28476652207196,French (https://www.transifex.com/mate/teams/13566/fr/)
enigma,7478,90,1463,889,5,75,7619,9031,82.80367622633152,French (http://www.transifex.com/projects/p/enigma/language/fr/)
enlightenment,9053,0,0,2384,0,0,11137,9053,100.0,French
enscript,1385,440,8,191,15,2,1813,1833,75.55919258046919,French <traduc@traduc.org>
entangle,702,0,251,159,0,70,837,953,73.66211962224554,French (http://www.transifex.com/projects/p/entangle/language/fr/)
eog,6211,0,0,662,0,0,6977,6211,100.0,GNOME French Team <gnomefr@traduc.org>
eog-plugins,428,0,0,111,0,0,551,428,100.0,GNOME French Team <gnomefr@traduc.org>
eom,2928,0,2033,430,0,112,3399,4961,59.02035879862931,French (https://www.transifex.com/mate/teams/13566/fr/)
ephemeral,1923,0,0,221,0,0,2345,1923,100.0,Français
epiphany,7079,0,0,1009,0,0,8346,7079,100.0,GNOME French Team <gnomefr@traduc.org>
etherape,97,265,785,23,73,167,111,1147,8.456843940714908,None
evince,8461,0,0,997,0,0,9711,8461,100.0,GNOME French Team <gnomefr@traduc.org>
evolution,52970,0,0,7625,0,0,60571,52970,100.0,GNOME French Team <gnomefr@traduc.org>
evolution-data-server,7860,0,0,1461,0,0,9596,7860,100.0,GNOME French Team <gnomefr@traduc.org>
evolution-ews,496,0,0,101,0,0,599,496,100.0,GNOME French Team <gnomefr@traduc.org>
evolution-mapi,1034,0,0,231,0,0,1349,1034,100.0,GNOME French Team <gnomefr@traduc.org>
evolution-rss,715,0,0,161,0,0,945,715,100.0,GNOME French Team <gnomefr@traduc.org>
exaile,4037,30,0,1062,3,0,5200,4067,99.2623555446275,French <https://hosted.weblate.org/projects/exaile/master/fr/>
exif,296,0,0,68,0,0,333,296,100.0,French <traduc@traduc.org>
exiv2,4976,8431,24605,1414,2708,1964,5716,38012,13.090602967483953,français <kde-francophone@kde.org>
exo,738,0,0,145,0,0,862,738,100.0,French (http://www.transifex.com/xfce/exo/language/fr/)
extra-cmake-modules,0,0,6,0,0,6,0,6,0.0,
fakeroot,1469,71,3,94,2,1,1599,1543,95.20414776409592,French <debian-l10n-french@lists.debian.org>
falkon,4388,0,0,1393,0,0,5350,4388,100.0,French <kde-francophone@kde.org>
fantasdic,492,0,0,153,0,0,603,492,100.0,GNOME French Team <gnomefr@traduc.org>
fbpanel,73,0,4,44,0,4,76,77,94.8051948051948,none
fcitx,32,0,3271,1,0,726,39,3303,0.9688162276718135,French (http://www.transifex.com/fcitx/fcitx/language/fr/)
fcitx-qt5,0,0,99,0,0,33,0,99,0.0,French (http://www.transifex.com/fcitx/fcitx/language/fr/)
fcitx5,0,0,2033,0,0,552,0,2033,0.0,French (https://www.transifex.com/fcitx/teams/12005/fr/)
fcitx5-qt,0,0,145,0,0,45,0,145,0.0,French (http://www.transifex.com/fcitx/fcitx/language/fr/)
feedreader,740,95,539,217,18,82,859,1374,53.85735080058224,French <https://hosted.weblate.org/projects/feedreader/translations/fr/>
fetchmail,4940,0,0,748,0,0,6211,4940,100.0,French <traduc@traduc.org>
fgrun,972,0,23,378,0,23,1155,995,97.68844221105527,French
file-roller,3021,0,0,483,0,0,3491,3021,100.0,GNOME French Team <gnomefr@traduc.org>
filelight,434,0,0,97,0,0,535,434,100.0,FR
filezilla,10757,0,0,1863,0,0,13090,10757,100.0,"ρgαsε™〖♘〗, William GATHOYE <pgase.filezilla@gmail.com, william@gathoye.be>"
findutils,2146,387,116,209,28,11,2440,2649,81.01170252925633,French <traduc@traduc.org>
firewalld,2217,0,0,415,0,0,2567,2217,100.0,French <https://translate.fedoraproject.org/projects/firewalld/master/fr/>
fish,56463,0,41571,8990,0,4839,67874,98034,57.5953240712406,français <david.guyot@europecamions-interactive.com>
five-or-more,1540,0,0,206,0,0,1790,1540,100.0,français <gnomefr@traduc.org>
flare,8042,3,546,1494,2,237,9498,8591,93.60959143289489,French (https://www.transifex.com/flareorg/teams/84925/fr/)
flare-engine,607,0,748,214,0,243,698,1355,44.7970479704797,French (https://www.transifex.com/flareorg/teams/84925/fr/)
flaw,84,0,0,53,0,0,90,84,100.0,LANGUAGE <LL@li.org>
fldigi,1137,971,6082,397,397,1482,1295,8190,13.882783882783883,French
flex,791,329,11,164,2,3,976,1131,69.93810786914236,French <traduc@traduc.org>
florence,5892,154,9,589,12,1,6737,6055,97.30800990916599,French <f.agrech@gmail.com>
fmit,222,0,0,28,0,0,292,222,100.0,French <https://hosted.weblate.org/projects/fmit/appdata/fr/>
focuswriter,129,0,0,7,0,0,142,129,100.0,French (http://www.transifex.com/gottcode/focuswriter/language/fr/)
foliate,2449,142,625,828,23,130,3092,3216,76.15049751243781,français <gnomefr@traduc.org>
folks,1056,0,0,130,0,0,1341,1056,100.0,français <gnomefr@traduc.org>
fondo,307,79,451,70,9,92,337,837,36.67861409796894,none
fontforge,39975,0,2657,6540,0,1128,45149,42632,93.76759241884031,French
fonts-tweak-tool,0,0,196,0,0,65,0,196,0.0,French
four-in-a-row,1283,0,0,196,0,0,1486,1283,100.0,GNOME French Team <gnomefr@traduc.org>
foxtrotgps,995,0,0,300,0,0,1162,995,100.0,French <debian-l10n-french@lists.debian.org>
fpc,201,0,0,10,0,0,205,201,100.0,
fpm2,698,45,63,188,8,17,920,806,86.60049627791562,French
fprintd,419,0,0,57,0,0,435,419,100.0,French (http://www.transifex.com/freedesktop/fprintd/language/fr/)
fragments,2005,0,1,525,0,1,2849,2006,99.95014955134596,French (https://www.transifex.com/transmissionbt/teams/33778/fr/)
freeciv,106587,0,0,9144,0,0,119505,106587,100.0,French <freeciv-l10n-fr@yahoogroupes.fr>
freedink,263,0,0,56,0,0,293,263,100.0,French <traduc@traduc.org>
freedink-data,13770,0,0,2221,0,0,14507,13770,100.0,French <traduc@traduc.org>
freedink-dfarc,773,0,0,134,0,0,913,773,100.0,French <traduc@traduc.org>
freedroidrpg,77113,0,0,7715,0,0,83890,77113,100.0,French (https://www.transifex.com/arctic-games/teams/9511/fr/)
freeipa,27707,0,30317,3549,0,1128,31915,58024,47.75093064938646,French
frescobaldi,14052,746,6366,2025,195,371,15443,21164,66.3957663957664,French <kde-i18n-doc@kde.org>
frogr,1500,30,12,289,8,3,1811,1542,97.27626459143968,GNOME French Team <gnomefr@traduc.org>
frozen-bubble,698,0,0,148,0,0,797,698,100.0,
fuse-encfs,1943,48,587,225,6,43,2376,2578,75.36850271528317,French (France) <fr_FR@li.org>
fvwm,859,0,0,200,0,0,966,859,100.0,French
fwupd,930,0,0,255,0,0,1256,930,100.0,French (http://www.transifex.com/freedesktop/fwupd/language/fr/)
gajim,9627,0,0,2219,0,0,11170,9627,100.0,French <https://translate.gajim.org/projects/gajim/1-3/fr/>
gala,314,31,13,66,4,3,459,358,87.70949720670392,French <https://l10n.elementary.io/projects/desktop/gala/fr/>
galculator,935,0,0,275,0,0,1114,935,100.0,French (http://www.transifex.com/mate/MATE/language/fr/)
gambas3,9146,90,975,2869,38,318,10664,10211,89.57007149152875,
gamehub,1115,0,0,365,0,0,1410,1115,100.0,French <https://hosted.weblate.org/projects/gamehub/translations/fr/>
gammastep,571,282,92,80,53,16,681,945,60.423280423280424,French <fr@li.org>
gammu,4017,0,0,1113,0,0,4859,4017,100.0,French <https://hosted.weblate.org/projects/gammu/gammu-docs/fr/>
ganglia,59,0,0,4,0,0,60,59,100.0,French <debian-l10n-french@lists.debian.org>
ganyremote,485,0,22,146,0,2,560,507,95.66074950690336,French
garcon,122,0,0,36,0,0,138,122,100.0,French (http://www.transifex.com/xfce/garcon/language/fr/)
gaupol,2029,0,39,600,0,12,2489,2068,98.11411992263056,French (https://www.transifex.com/otsaloma/teams/64879/fr/)
gawk,4907,0,0,748,0,0,5693,4907,100.0,French <traduc@traduc.org>
gbrainy,10222,0,0,1302,0,0,10854,10222,100.0,GNOME French Team <gnomefr@traduc.org>
gcab,127,0,0,30,0,0,161,127,100.0,GNOME French Team <gnomefr@traduc.org>
gcal,4998,8,0,1445,3,0,6103,5006,99.84019176987616,French <traduc@traduc.org>
gcc,120025,0,0,14881,0,0,148567,120025,100.0,French <traduc@traduc.org>
gcl,177,0,0,8,0,0,193,177,100.0,French <debian-l10n-french@lists.debian.org>
gcolor3,614,0,5,85,0,2,681,619,99.19224555735056,français <>
gcompris-qt,29269,0,0,2992,0,0,31826,29269,100.0,French <kde-francophone@kde.org>
gconf-editor,2834,0,0,238,0,0,3109,2834,100.0,GNOME French Team <gnomefr@traduc.org>
gcr,754,0,0,269,0,0,891,754,100.0,GNOME French Team <gnomefr@traduc.org>
gdb,15214,0,0,2290,0,0,18310,15214,100.0,French <traduc@traduc.org>
gdbm,800,16,56,220,4,11,1062,872,91.74311926605505,French <traduc@traduc.org>
gdk-pixbuf2,1325,0,0,198,0,0,1675,1325,100.0,GNOME French Team <gnomefr@traduc.org>
gdm,10097,0,0,454,0,0,11087,10097,100.0,French <gnomefr@traduc.org>
geany,6133,7,16,1320,6,3,7355,6156,99.62638076673164,French <geany-i18n@uvena.de>
geany-plugins,7543,641,667,1528,112,183,8897,8851,85.22200881256356,French <geany-i18n@uvena.de>
geary,4685,0,0,825,0,0,5543,4685,100.0,français <GNOME French Team <gnomefr@traduc.org>>
gedit,10040,0,0,1150,0,0,11250,10040,100.0,GNOME French Team <gnomefr@traduc.org>
gedit-latex,934,0,0,451,0,0,1157,934,100.0,GNOME French Team <gnomefr@traduc.org>
gedit-plugins,8707,0,0,790,0,0,9596,8707,100.0,GNOME French Team <gnomefr@traduc.org>
geeqie,3460,434,454,1225,132,93,4131,4348,79.57681692732291,french <geeqie-devel@lists.sourceforge.net>
gegl04,9549,0,0,1945,0,0,11054,9549,100.0,French <gnomefr@traduc.org>
genius,8553,0,0,1118,0,0,9979,8553,100.0,français <GNOME French Team <gnomefr@traduc.org>>
gentoo,1055,319,879,408,81,109,1335,2253,46.826453617399025,Français <fr@li.org>
geomorph,1500,8,0,509,2,0,1704,1508,99.46949602122017,...
gettext,7584,333,204,821,27,16,9055,8121,93.38751385297377,French <traduc@traduc.org>
gfm,257,0,0,87,0,0,277,257,100.0,Français <tilp-users@lists.sf.net>
gftp,3375,0,0,634,0,0,3896,3375,100.0,GNOME French Team <gnomefr@traduc.org>
ggz-base-libs,74,0,0,17,0,0,87,74,100.0,GNOME French Team <gnomefr@traduc.org>
ghdl,113785,0,0,14224,0,0,140863,113785,100.0,French <traduc@traduc.org>
ghex,3301,0,0,421,0,0,3655,3301,100.0,GNOME French Team <gnomefr@traduc.org>
giac,7806,79,354,2189,30,108,9058,8239,94.74450782861997,LANGUAGE <LL@li.org>
gigolo,467,0,0,127,0,0,568,467,100.0,French (http://www.transifex.com/xfce/xfce-apps/language/fr/)
gimagereader,1489,72,0,424,2,0,1791,1561,95.38757206918642,French <https://hosted.weblate.org/projects/gimagereader/translations/fr/>
gimp,39486,0,0,9516,0,0,48453,39486,100.0,GNOME French Team <gnomefr@traduc.org>
gimp-help,229654,11,1,14844,1,1,225477,229666,99.99477502111762,French <GNOME French Team <gnomefr@traduc.org>
gimp-lqr-plugin,760,20,148,102,1,28,794,928,81.89655172413794,Français <fr@li.org>
gimp-resynthesizer,472,0,0,82,0,0,547,472,100.0,
gimp-save-for-web,72,0,10,32,0,8,84,82,87.8048780487805,<fr@li.org>
gip,103,0,0,31,0,0,115,103,100.0,French <traduc@traduc.org>
girara,191,0,20,47,0,4,259,211,90.52132701421802,French (http://www.transifex.com/pwmt/girara/language/fr/)
git,38932,0,13,6078,0,1,45749,38945,99.96661959173193,French
git-cinnabar,38932,0,13,6078,0,1,45749,38945,99.96661959173193,French
git-cola,2042,0,943,575,0,201,2483,2985,68.40871021775544,français <>
gitg,2159,0,0,383,0,0,2482,2159,100.0,français <gnomefr@traduc.org>
gitweb-caching,3406,23,13,832,4,1,4242,3442,98.9540964555491,French
gjots2,793,153,7,241,16,3,906,953,83.2109129066107,French
gkrellm,3809,0,0,558,0,0,4432,3809,100.0,French <jerome.uzel@wanadoo.fr>
glabels,8866,0,0,1261,0,0,10063,8866,100.0,GNOME French Team <gnomefr@traduc.org>
glade,8637,0,0,1923,0,0,10118,8637,100.0,GNOME French Team <gnomefr@traduc.org>
glade2,5910,0,0,1311,0,0,6974,5910,100.0,GNOME French Team <gnomefr@traduc.org>
glib-networking,402,0,0,58,0,0,533,402,100.0,French <gnomefr@traduc.org>
glib2,7630,0,0,1200,0,0,9617,7630,100.0,GNOME French Team <gnomefr@traduc.org>
glibc,7747,0,0,1412,0,0,10008,7747,100.0,
gliv,1034,0,0,260,0,0,1185,1034,100.0,None
glom,8822,0,60,1036,0,15,9809,8882,99.32447646926367,GNOME French Team <gnomefr@traduc.org>
gnokii,3613,319,1785,1057,44,116,4274,5717,63.197481196431696,French
gnome-2048,382,0,0,69,0,0,439,382,100.0,French - France <gnomefr@traduc.org>
gnome-abrt,221,0,0,55,0,0,263,221,100.0,French <https://translate.fedoraproject.org/projects/abrt/gnome-abrt/fr/>
gnome-activity-journal,316,0,0,94,0,0,331,316,100.0,
gnome-applets,17479,3,4,1899,1,2,19412,17486,99.95996797437951,GNOME French Team <gnomefr@traduc.org>
gnome-bluetooth,373,0,0,110,0,0,423,373,100.0,français <gnomefr@traduc.org>
gnome-books,421,0,0,143,0,0,551,421,100.0,français <gnomefr@traduc.org>
gnome-boxes,5370,0,0,748,0,0,6083,5370,100.0,GNOME French Team <gnomefr@traduc.org>
gnome-break-timer,461,75,60,72,4,7,502,596,77.3489932885906,French <kde-i18n-doc@kde.org>
gnome-builder,5252,0,0,1357,0,0,6614,5252,100.0,GNOME French Team <gnomefr@traduc.org>
gnome-calculator,3728,0,0,918,0,0,4252,3728,100.0,GNOME French Team <gnomefr@traduc.org>
gnome-calendar,795,0,0,223,0,0,902,795,100.0,GNOME French Team <gnomefr@traduc.org>
gnome-characters,181,0,0,58,0,0,215,181,100.0,GNOME French Team <gnomefr@traduc.org>
gnome-chemistry-utils,4544,10,0,1250,3,0,5348,4554,99.78041282389108,French <fr@li.org>
gnome-chess,2542,0,0,350,0,0,3026,2542,100.0,GNOME French Team <gnomefr@traduc.org>
gnome-clocks,1328,0,0,228,0,0,1490,1328,100.0,GNOME French Team <gnomefr@traduc.org>
gnome-color-manager,2330,0,0,371,0,0,2652,2330,100.0,French <gnomefr@traduc.org>
gnome-commander,30155,0,1461,4681,0,153,34444,31616,95.37892206477733,GNOME French Team <gnomefr@traduc.org>
gnome-connections,184,0,0,58,0,0,222,184,100.0,GNOME French Team <gnomefr@traduc.org>
gnome-contacts,585,0,0,171,0,0,675,585,100.0,GNOME French Team <gnomefr@traduc.org>
gnome-control-center,8452,0,6,2624,0,1,9850,8458,99.92906124379286,French <fedora-trans-fr@fedoraproject.org>
gnome-desktop,10014,0,0,303,0,0,11170,10014,100.0,GNOME French Team <gnomefr@traduc.org>
gnome-desktop3,9744,0,0,274,0,0,10831,9744,100.0,GNOME French Team <gnomefr@traduc.org>
gnome-devel-docs,51455,6898,60179,2354,690,789,55452,118532,43.41021833766409,GNOME French Team <gnomefr@traduc.org>
gnome-dictionary,2161,0,0,323,0,0,2490,2161,100.0,français <gnomefr@traduc.org>
gnome-directory-thumbnailer,85,0,0,12,0,0,114,85,100.0,French <gnomefr@traduc.org>
gnome-disk-utility,3980,0,0,748,0,0,4819,3980,100.0,GNOME French Team <gnomefr@traduc.org>
gnome-do,612,0,0,144,0,0,722,612,100.0,
gnome-doc-utils,251,0,0,101,0,0,149,251,100.0,GNOME French Team <gnomefr@traduc.org>
gnome-extensions-app,2767,0,0,596,0,0,3289,2767,100.0,GNOME French Team <gnomefr@traduc.org>
gnome-feeds,754,0,62,174,0,9,899,816,92.40196078431373,French <traduc@traduc.fr>
gnome-font-viewer,536,0,0,203,0,0,634,536,100.0,GNOME French Team <gnomefr@traduc.org>
gnome-games,857,0,0,247,0,0,975,857,100.0,French <gnomefr@traduc.org>
gnome-gmail,180,5,2,29,1,1,196,187,96.2566844919786,
gnome-icon-theme,43,0,0,38,0,0,48,43,100.0,GNOME French Team <gnomefr@traduc.org>
gnome-initial-setup,842,0,0,125,0,0,963,842,100.0,GNOME French Team <gnomefr@traduc.org>
gnome-keyring,469,0,0,98,0,0,596,469,100.0,GNOME French Team <gnomefr@traduc.org>
gnome-klotski,1408,0,0,139,0,0,1610,1408,100.0,French <gnomefr@traduc.org>
gnome-latex,3414,0,0,687,0,0,3892,3414,100.0,GNOME French Team <gnomefr@traduc.org>
gnome-logs,652,0,0,145,0,0,741,652,100.0,français <GNOME French Team <gnomefr@traduc.org>>
gnome-mahjongg,1641,0,0,197,0,0,1882,1641,100.0,GNOME French Team <gnomefr@traduc.org>
gnome-maps,1494,0,0,365,0,0,1790,1494,100.0,GNOME French Team <gnomefr@traduc.org>
gnome-menus,81,0,0,38,0,0,90,81,100.0,GNOME French team <gnomefr@traduc.org>
gnome-mime-data,887,0,0,362,0,0,999,887,100.0,GNOME French Team <gnomefr@traduc.org>
gnome-mines,1444,0,0,169,0,0,1709,1444,100.0,GNOME French Team <gnomefr@traduc.org>
gnome-multi-writer,390,0,0,61,0,0,444,390,100.0,GNOME French Team <gnomefr@traduc.org>
gnome-music,1178,0,0,201,0,0,1411,1178,100.0,français <gnomefr@traduc.org>
gnome-nettool,1160,0,0,241,0,0,1311,1160,100.0,GNOME French Team <gnomefr@traduc.org>
gnome-network-displays,195,0,0,26,0,0,230,195,100.0,French - France <gnomefr@traduc.org>
gnome-nibbles,1758,0,0,227,0,0,2014,1758,100.0,GNOME French Team <gnomefr@traduc.org>
gnome-online-accounts,669,0,0,148,0,0,851,669,100.0,français <gnomefr@traduc.org>
gnome-packagekit,3454,25,0,540,4,0,4302,3479,99.28140270192584,GNOME French Team <gnomefr@traduc.org>
gnome-panel,5465,0,0,664,0,0,6272,5465,100.0,GNOME French Team <gnomefr@traduc.org>
gnome-passwordsafe,1027,0,0,288,0,0,1408,1027,100.0,GNOME French Team <gnomefr@traduc.org>
gnome-phone-manager,563,0,0,98,0,0,667,563,100.0,GNOME French Team <gnomefr@traduc.org>
gnome-photos,1029,0,0,266,0,0,1144,1029,100.0,GNOME French Team <gnomefr@traduc.org>
gnome-power-manager,486,0,0,150,0,0,594,486,100.0,GNOME French Team <gnomefr@traduc.org>
gnome-radio,1236,0,0,314,0,0,1473,1236,100.0,français <gnomefr@traduc.org>
gnome-robots,1715,0,0,256,0,0,2105,1715,100.0,GNOME French Team <gnomefr@traduc.org>
gnome-screenshot,417,0,0,64,0,0,594,417,100.0,French <gnomefr@traduc.org>
gnome-search-tool,3172,0,0,331,0,0,3570,3172,100.0,français <GNOME French Team<gnomefr@traduc.org>>
gnome-session,432,0,0,67,0,0,496,432,100.0,GNOME French Team <gnomefr@traduc.org>
gnome-settings-daemon,3417,0,0,489,0,0,4006,3417,100.0,GNOME French Team <gnomefr@traduc.org>
gnome-shell,2769,0,0,596,0,0,3289,2769,100.0,GNOME French Team <gnomefr@traduc.org>
gnome-shell-extension-appindicator,32,4,59,9,1,18,35,95,33.68421052631579,Jimmy Scionti <jimmy.scionti@gmail.com>
gnome-shell-extension-bubblemail,882,0,0,243,0,0,868,882,100.0,French - France <razerraz@free.fr>
gnome-shell-extension-caffeine,17,50,115,3,10,23,23,182,9.340659340659341,French
gnome-shell-extension-dash-to-dock,467,0,0,116,0,0,550,467,100.0,Jean-Baptiste Le Cz <jb.lecoz@gmail.com>
gnome-shell-extension-disconnect-wifi,2,0,0,2,0,0,4,2,100.0,French
gnome-shell-extension-emoji-selector,208,3,147,51,1,32,217,358,58.10055865921788,French <none>
gnome-shell-extension-freon,94,0,0,27,0,0,103,94,100.0,
gnome-shell-extension-gamemode,73,0,0,13,0,0,75,73,100.0,
gnome-shell-extension-gsconnect,651,0,0,242,0,0,797,651,100.0,French
gnome-shell-extension-just-perfection,462,0,0,112,0,0,643,462,100.0,French
gnome-shell-extension-netspeed,21,6,29,13,3,20,27,56,37.5,French
gnome-shell-extension-openweather,521,53,27,189,12,8,576,601,86.68885191347754,French <franckgaga2@gmail.com>
gnome-shell-extension-pomodoro,339,0,0,93,0,0,405,339,100.0,
gnome-shell-extension-system-monitor-applet,191,0,0,106,0,0,229,191,100.0,French <fr@li.org>
gnome-shell-extension-topicons-plus,41,0,0,11,0,0,47,41,100.0,Jimmy Scionti <jimmy.scionti@gmail.com>
gnome-shell-extensions,262,0,0,51,0,0,331,262,100.0,GNOME French Team <gnomefr@traduc.org>
gnome-shell-frippery,22,0,0,8,0,0,35,22,100.0,GNOME French Team <gnomefr@traduc.org>
gnome-software,3524,0,0,695,0,0,4364,3524,100.0,GNOME French Team <gnomefr@traduc.org>
gnome-sound-recorder,271,0,0,78,0,0,349,271,100.0,GNOME French Team <gnomefr@traduc.org>
gnome-subtitles,3442,0,0,557,0,0,3977,3442,100.0,GNOME French Team <gnomefr@traduc.org>
gnome-sudoku,1897,0,0,207,0,0,2188,1897,100.0,GNOME French Team <gnomefr@traduc.org>
gnome-system-log,1203,0,0,133,0,0,1354,1203,100.0,GNOME French Team <gnomefr@traduc.org>
gnome-system-monitor,5681,0,0,572,0,0,6530,5681,100.0,français <gnomefr@traduc.org>
gnome-taquin,1364,0,0,213,0,0,1539,1364,100.0,GNOME French Team <gnomefr@traduc.org>
gnome-terminal,8022,0,0,1039,0,0,9270,8022,100.0,GNOME French Team <gnomefr@traduc.org>
gnome-tetravex,1718,0,0,231,0,0,2056,1718,100.0,GNOME French Team <gnomefr@traduc.org>
gnome-themes-extra,15,0,0,6,0,0,20,15,100.0,français <l10n.gnome.org>
gnome-todo,654,0,0,148,0,0,831,654,100.0,français <gnomefr@traduc.org>
gnome-tour,112,0,0,25,0,0,143,112,100.0,GNOME French Team <gnomefr@traduc.org>
gnome-translate,795,0,0,151,0,0,991,795,100.0,Jean-Yves Lefort <jylefort@brutele.be>
gnome-tweaks,657,0,0,177,0,0,856,657,100.0,GNOME French Team <gnomefr@traduc.org>
gnome-usage,165,0,0,37,0,0,199,165,100.0,GNOME French Team <gnomefr@traduc.org>
gnome-user-docs,53349,3790,1283,2974,224,99,57047,58422,91.31662729793571,GNOME French Team <gnomefr@traduc.org>
gnome-user-share,49,0,0,10,0,0,66,49,100.0,GNOME French Team <gnomefr@traduc.org>
gnome-vfs2,1519,0,0,305,0,0,1711,1519,100.0,GNOME French Team <gnomefr@traduc.org>
gnome-video-arcade,3185,460,37,335,19,10,3574,3682,86.50190114068441,français <GNOME French Team<gnomefr@traduc.org>>
gnome-video-effects,256,0,0,68,0,0,293,256,100.0,français <gnomefr@traduc.org>
gnome-weather,247,0,0,52,0,0,327,247,100.0,GNOME French Team <gnomefr@traduc.org>
gnote,6659,0,20,826,0,3,7644,6679,99.70055397514598,GNOME French Team <gnomefr@traduc.org>
gnubg,6156,687,6333,1572,98,994,7398,13176,46.72131147540984,<fr@li.org>
gnubik,266,13,0,82,1,0,273,279,95.3405017921147,French <traduc@traduc.org>
gnucash,25359,6186,5572,4230,941,400,28940,37117,68.32179324837675,French <https://hosted.weblate.org/projects/gnucash/gnucash/fr/>
gnuchess,1057,64,14,142,4,1,1185,1135,93.12775330396475,French <traduc@traduc.org>
gnucobol,8513,39,8,1390,4,1,10049,8560,99.45093457943925,French <traduc@traduc.org>
gnulib,0,0,0,2,0,0,2,0,0.0,
gnumeric,36354,43,125,5864,1,30,43342,36522,99.54000328569082,GNOME French Team <gnomefr@traduc.org>
gnupg1,8595,29,16,1291,4,2,10044,8640,99.47916666666666,French <traduc@traduc.org>
gnupg2,11253,1353,813,1903,189,92,13725,13419,83.85870780236976,French <traduc@traduc.org>
gnusim8085,558,0,5,140,0,1,679,563,99.11190053285968,French <fr@li.org>
gnutls,1784,58,9,384,17,2,2049,1851,96.38033495407888,French <traduc@traduc.org>
goaccess,955,17,30,211,6,8,1079,1002,95.30938123752495,français
godot,13205,11,0,2904,6,0,16163,13216,99.91676755447942,French <https://hosted.weblate.org/projects/godot-engine/godot/fr/>
goffice,4287,969,945,1469,309,223,5086,6201,69.13401064344461,GNOME French Team <gnomefr@traduc.org>
golang-k8s-kubectl,43,0,0,7,0,0,45,43,100.0,
golang-k8s-kubernetes,43,0,0,7,0,0,45,43,100.0,
goodvibes,313,6,19,109,4,6,394,338,92.60355029585799,French <https://hosted.weblate.org/projects/goodvibes/translations/fr/>
gparted,9704,0,0,1000,0,0,11096,9704,100.0,GNOME French Team <gnomefr@traduc.org>
gpaste,1227,2,7,200,1,1,1329,1236,99.27184466019418,French <https://hosted.weblate.org/projects/gpaste/gpaste/fr/>
gphoto2,1674,87,0,335,5,0,1911,1761,95.05962521294718,French <traduc@traduc.org>
gphotoframe,247,16,1056,45,3,219,292,1319,18.72630780894617,LANGUAGE <LL@li.org>
gpicview,236,0,0,52,0,0,294,236,100.0,GNOME French Team <gnomefr@traduc.org>
gpodder,2168,19,34,563,6,8,2715,2221,97.61368752814047,French (http://www.transifex.com/projects/p/gpodder/language/fr/)
gpredict,2581,0,3543,690,0,453,3014,6124,42.14565643370346,French <debian-l10n-french@lists.debian.org>
gpscorrelate,936,0,0,141,0,0,1021,936,100.0,français
gpx-viewer,24,0,84,21,0,37,24,108,22.22222222222222,French <fr@li.org>
gradio,309,0,0,101,0,0,369,309,100.0,French <https://hosted.weblate.org/projects/gradio/translations/fr/>
gramps,39824,17,76,6818,2,28,43810,39917,99.76701655936068,French <traduc@traduc.org>
granatier,247,0,0,68,0,0,286,247,100.0,French <kde-francophone@kde.org>
granite,498,0,0,118,0,0,615,498,100.0,French <https://l10n.elementary.io/projects/desktop/granite/fr/>
grantlee,19,0,8,12,0,5,19,27,70.37037037037037,American English <kde-i18n-doc@kde.org>
grantlee-editor,530,0,0,158,0,0,675,530,100.0,FR
grantlee-qt5,19,0,8,12,0,5,19,27,70.37037037037037,American English <kde-i18n-doc@kde.org>
grass,56351,7447,60668,9274,1269,8469,68265,124466,45.274211431234235,French <grass-translations@lists.osgeo.org>
grep,747,115,0,93,10,0,846,862,86.65893271461717,French <traduc@traduc.org>
gretl,17122,0,30,4293,0,12,20418,17152,99.82509328358209,French <artur.bala.tn@gmail.com>
grilo,191,0,0,36,0,0,247,191,100.0,français <gnomefr@traduc.org>
grilo-plugins,540,0,0,132,0,0,638,540,100.0,GNOME French Team <gnomefr@traduc.org>
grip,1097,0,0,279,0,0,1335,1097,100.0,French <traduc@traduc.org>
grisbi,14496,0,0,2548,0,0,15494,14496,100.0,français <>
group-service,24,0,0,4,0,0,22,24,100.0,
grsync,1071,56,33,150,9,3,1208,1160,92.32758620689656,"French <ersplus@free.fr, ianare@gmail.com>"
grub-customizer,888,0,407,189,0,4,1057,1295,68.57142857142857,French <fr@li.org>
grub2,7404,8,0,1377,2,0,9238,7412,99.89206691851052,French <traduc@traduc.org>
gscan2pdf,1546,0,1084,472,0,147,1916,2630,58.78326996197719,French <fr@li.org>
gsequencer,564,34,69,328,16,32,618,667,84.55772113943029,français <jkraehemann@gmail.com>
gsettings-desktop-schemas,6937,0,0,615,0,0,8467,6937,100.0,GNOME French Team <gnomefr@traduc.org>
gshutdown,489,0,3,98,0,3,521,492,99.39024390243902,GShutdown Team <gshutdown@gmail.com>
gspell,76,0,0,31,0,0,87,76,100.0,français <gnomefr@traduc.org>
gstreamer1,2074,5,31,373,2,3,2445,2110,98.29383886255924,French <traduc@traduc.org>
gstreamer1-plugins-bad-free,194,0,3,28,0,1,238,197,98.47715736040608,French <traduc@traduc.org>
gstreamer1-plugins-base,939,5,32,196,1,7,1154,976,96.20901639344262,French <traduc@traduc.org>
gstreamer1-plugins-good,716,43,43,88,6,4,866,802,89.27680798004988,French <traduc@traduc.org>
gstreamer1-plugins-ugly-free,80,0,0,10,0,0,89,80,100.0,French <traduc@traduc.org>
gthumb,8735,0,0,1557,0,0,9797,8735,100.0,GNOME French Team <gnomefr@traduc.org>
gtk+,404,0,0,210,0,0,460,404,100.0,GNOME French Team <gnomefr@gnomefr.traduc.org>
gtk-doc,9787,1045,1055,446,30,49,10627,11887,82.33364179355598,Español <gnome-es-list@gnome.org>
gtk-gnutella,16758,195,342,2735,27,49,19683,17295,96.89505637467477,French (http://www.transifex.com/gtk-gnutella/gtk-gnutella/language/fr/)
gtk-murrine-engine,134,0,0,46,0,0,214,134,100.0,GNOME French Team <gnomefr@traduc.org>
gtk-vnc,81,0,0,22,0,0,111,81,100.0,GNOME French Team <gnomefr@traduc.org>
gtk2,12381,0,0,2582,0,0,14502,12381,100.0,GNOME French Team <gnomefr@traduc.org>
gtk2-engines,119,0,0,47,0,0,182,119,100.0,GNOME French Team <gnomefr@traduc.org>
gtk3,16731,0,0,3937,0,0,19993,16731,100.0,GNOME French Team <gnomefr@traduc.org>
gtk4,13391,0,0,3442,0,0,15916,13391,100.0,GNOME French Team <gnomefr@traduc.org>
gtkhash,213,0,0,63,0,0,305,213,100.0,French <https://hosted.weblate.org/projects/gtkhash/translations/fr/>
gtkhtml3,522,0,0,317,0,0,603,522,100.0,GNOME French Team <gnomefr@traduc.org>
gtkpod,6300,423,797,1102,107,153,7377,7520,83.77659574468085,French (http://www.transifex.net/projects/p/gtkpod/team/fr/)
gtksourceview2,1413,0,0,538,0,0,1782,1413,100.0,GNOME French Team <gnomefr@traduc.org>
gtksourceview3,322,0,0,106,0,0,403,322,100.0,français <gnomefr@traduc.org>
gtksourceview4,322,0,0,106,0,0,403,322,100.0,français <gnomefr@traduc.org>
gtkspell,11,0,0,5,0,0,12,11,100.0,French <traduc@traduc.org>
gtkspell3,16,0,0,7,0,0,20,16,100.0,French <traduc@traduc.org>
gtkterm,632,0,35,143,0,5,741,667,94.75262368815592,French <traduc@traduc.org>
gtranslator,3929,0,45,517,0,13,4484,3974,98.86763965777554,français <>
gtypist,419,99,38,75,9,7,464,556,75.35971223021582,French <traduc@traduc.org>
guake,1195,6,4,260,1,1,1348,1205,99.1701244813278,French <https://hosted.weblate.org/projects/guake/guake/fr/>
guayadeque,3326,0,0,1019,0,0,3950,3326,100.0,French (France) (http://www.transifex.com/projects/p/guayadeque/language/fr_FR/)
gucharmap,2995,0,0,550,0,0,3378,2995,100.0,français <gnomefr@traduc.org>
guestfs-tools,24494,133,173361,3296,27,14473,25398,197988,12.371456855971068,French (http://www.transifex.com/projects/p/libguestfs/language/fr/)
guitarix,2947,0,10,934,0,7,3409,2957,99.66181941156577,français <>
gummi,603,71,84,234,18,9,748,758,79.55145118733509,French
gutenprint,16241,64,21,4804,17,3,16947,16326,99.47935807913757,French <traduc@traduc.org>
gvfs,2102,0,0,405,0,0,2842,2102,100.0,GNOME French Team <gnomefr@traduc.org>
gweled,151,0,5,43,0,1,177,156,96.7948717948718,French <fr@li.org>
gwenview,1620,0,0,418,0,0,1929,1620,100.0,French <kde-francophone@kde.org>
harvey,46,0,136,7,0,26,56,182,25.274725274725274,none
hddtemp,207,169,27,24,1,1,232,403,51.36476426799007,FRANCAIS <fr@li.org>
heaptrack,157,480,533,46,69,70,187,1170,13.418803418803419,French <kde-francophone@kde.org>
hello,165,21,0,27,3,0,177,186,88.70967741935483,French <traduc@traduc.org>
help2man,2676,0,0,219,0,0,3022,2676,100.0,French <traduc@traduc.org>
hexchat,5920,0,51,1436,0,10,7041,5971,99.14587171328085,French (http://www.transifex.com/hexchat/hexchat/language/fr/)
hitori,929,0,0,106,0,0,1098,929,100.0,GNOME French Team <gnomefr@traduc.org>
hivex,262,8,0,21,1,0,310,270,97.03703703703704,French <https://translate.fedoraproject.org/projects/hivex/master/fr/>
homebank,2815,0,0,872,0,0,3081,2815,100.0,fr <fr@li.org>
hugin,9324,10,169,1687,2,8,11863,9503,98.11638429969484,French <debian-l10n-french@lists.debian.org>
iagno,4668,0,0,405,0,0,5173,4668,100.0,GNOME French Team <gnomefr@traduc.org>
ibus,2292,0,0,555,0,0,2604,2292,100.0,French <https://translate.fedoraproject.org/projects/ibus/ibus/fr/>
ibus-anthy,705,0,0,194,0,0,891,705,100.0,French <https://translate.fedoraproject.org/projects/ibus/ibus-anthy/fr/>
ibus-chewing,359,0,0,70,0,0,499,359,100.0,French
ibus-input-pad,0,0,90,0,0,27,0,90,0.0,French
ibus-libpinyin,332,25,65,136,4,16,358,422,78.67298578199052,French <https://translate.fedoraproject.org/projects/ibus-libpinyin/master/fr/>
ibus-m17n,57,0,0,24,0,0,68,57,100.0,French <https://translate.stg.fedoraproject.org/projects/ibus-m17n/app/fr/>
ibus-pinyin,170,0,0,74,0,0,196,170,100.0,French
ibus-table,906,88,23,142,2,2,1033,1017,89.08554572271386,French <https://translate.fedoraproject.org/projects/ibus-table/app/fr/>
ibus-typing-booster,1908,3,23,214,1,1,2154,1934,98.65563598759049,French <https://translate.fedoraproject.org/projects/ibus-typing-booster/app/fr/>
icewm,2243,0,0,517,0,0,2800,2243,100.0,French <https://l10n.opensuse.org/projects/icewm/icewm-1-4-branch/fr/>
ikiwiki,12598,540,291,1012,40,34,13206,13429,93.81189962022488,French <debian-l10n-french@lists.debian.org>
ikona,27,8,121,11,2,37,35,156,17.307692307692307,French <kde-francophone@kde.org>
im-chooser,239,0,15,56,0,2,279,254,94.09448818897637,French (http://www.transifex.net/projects/p/im-chooser/team/fr/)
imsettings,440,5,40,80,1,7,527,485,90.72164948453609,French <trans-fr@lists.fedoraproject.org>
indent,261,0,0,52,0,0,350,261,100.0,French <traduc@traduc.org>
initial-setup,106,0,0,20,0,0,117,106,100.0,French <https://translate.fedoraproject.org/projects/initial-setup/master/fr/>
initscripts,1118,0,0,158,0,0,1354,1118,100.0,French <https://translate.fedoraproject.org/projects/fedora-sysv/initscripts/fr/>
inkscape,37327,4119,2159,8206,705,246,44613,43605,85.60256851278523,français <>
input-pad,862,0,977,375,0,310,992,1839,46.87330070690593,French <trans-fr@lists.fedoraproject.org>
insight,14884,0,0,2255,0,0,17927,14884,100.0,French <traduc@traduc.org>
intltool,80,0,0,14,0,0,75,80,100.0,NONE <kenneth@gnu.org>
iputils,677,0,560,154,0,126,779,1237,54.729183508488276,French <https://translate.fedoraproject.org/projects/iputils/iputils/fr/>
islamic-menus,5,0,0,2,0,0,6,5,100.0,French <fr@li.org>
iso-codes,23489,3,0,15384,1,0,24210,23492,99.98722969521539,French <https://hosted.weblate.org/projects/iso-codes/iso-15924/fr/>
isoimagewriter,266,38,86,48,5,18,311,390,68.2051282051282,French <kde-francophone@kde.org>
isomaster,674,0,0,107,0,0,711,674,100.0,Bruno Bord <bruno@jehaisleprintemps.net>
jmol,2830,95,241,943,31,47,3333,3166,89.38723941882502,French <Jmol-developers@lists.sf.net>
joe,1021,347,659,226,86,166,1294,2027,50.370004933399116,French <fr@li.org>
jpilot,2515,7,552,680,1,82,2742,3074,81.81522446324007,French <traduc@traduc.org>
json-glib,307,0,0,47,0,0,355,307,100.0,français <gnomefr@traduc.org>
juk,1484,0,0,358,0,0,1817,1484,100.0,FR
jumpnbump,67,0,0,28,0,0,77,67,100.0,French
jwhois,401,11,28,65,2,4,460,440,91.13636363636364,French <traduc@traduc.org>
jwm,352,5,0,95,1,0,406,357,98.59943977591037,FR_PUPPY_LINUX <fr_puppy_linux@tradux.org>
k3b,20180,0,0,2518,0,0,23895,20180,100.0,FR
k3guitune,192,0,16,80,0,8,210,208,92.3076923076923,Nederlands <nl@li.org>
k4dirstat,412,0,135,134,0,31,481,547,75.3199268738574,French (http://www.transifex.com/projects/p/k4dirstat/language/fr/)
kBuild,502,0,3,80,0,1,579,505,99.4059405940594,French <traduc@traduc.org>
kaccounts-integration,164,0,0,34,0,0,179,164,100.0,French <kde-francophone@kde.org>
kaccounts-providers,101,0,0,38,0,0,115,101,100.0,French <kde-francophone@kde.org>
kactivitymanagerd,11,0,0,5,0,0,12,11,100.0,French <kde-francophone@kde.org>
kaddressbook,1140,0,0,234,0,0,1277,1140,100.0,FR
kajongg,2444,0,0,510,0,0,2867,2444,100.0,French <kde-francophone@kde.org>
kalarm,8080,0,0,1126,0,0,9602,8080,100.0,FR
kalgebra,240,0,0,114,0,0,280,240,100.0,French <kde-francophone@kde.org>
kalzium,10484,0,0,1560,0,0,11551,10484,100.0,FR
kamera,347,0,0,38,0,0,411,347,100.0,French <kde-i18n-doc@kde.org>
kamoso,142,0,0,41,0,0,171,142,100.0,FR
kanagram,528,0,0,145,0,0,648,528,100.0,French <kde-francophone@kde.org>
kanatest,401,17,10,210,7,3,445,428,93.69158878504673,French
kanyremote,402,73,22,132,11,2,455,497,80.88531187122736,French
kapman,114,0,0,36,0,0,121,114,100.0,French <kde-francophone@kde.org>
kapptemplate,272,0,0,52,0,0,336,272,100.0,French <kde-francophone@kde.org>
kate,6863,0,0,1642,0,0,8428,6863,100.0,French <kde-francophone@kde.org>
katomic,184,0,0,59,0,0,212,184,100.0,French <kde-francophone@kde.org>
kaudiocreator,1091,40,5,267,4,2,1280,1136,96.0387323943662,French <kde-francophone@kde.org>
kbackup,689,0,0,135,0,0,754,689,100.0,French <kde-francophone@kde.org>
kbd,1946,0,446,274,0,62,2479,2392,81.35451505016722,French <traduc@traduc.org>
kbibtex,2457,24,0,727,2,0,2864,2481,99.03264812575574,French <kde-francophone@kde.org>
kbilliards,203,0,5,62,0,2,235,208,97.59615384615384,french <fr@li.org>
kblackbox,1364,0,0,102,0,0,1456,1364,100.0,French <kde-francophone@kde.org>
kblocks,147,0,0,36,0,0,189,147,100.0,French <kde-francophone@kde.org>
kbounce,153,0,0,42,0,0,188,153,100.0,French <kde-francophone@kde.org>
kbrickbuster,152,0,0,40,0,0,181,152,100.0,French <kde-francophone@kde.org>
kbruch,1347,0,0,198,0,0,1456,1347,100.0,FR
kcachegrind,4367,0,0,562,0,0,5219,4367,100.0,FR
kcalc,1026,0,0,337,0,0,1204,1026,100.0,FR
kcharselect,88,0,0,34,0,0,124,88,100.0,French <kde-i18n-doc@kde.org>
kchmviewer,329,158,485,78,59,70,416,972,33.8477366255144,Fr_fr <kde-francophone@kde.org>
kclock,34,0,0,13,0,0,42,34,100.0,French <kde-francophone@kde.org>
kcm_systemd,337,63,985,79,15,74,374,1385,24.332129963898915,French <rthomsen6@gmail.com>
kcm_wacomtablet,933,76,55,218,17,8,1295,1064,87.68796992481202,French <kde-francophone@kde.org>
kcolorchooser,29,0,0,10,0,0,39,29,100.0,French <kde-i18n-doc@kde.org>
kcoloredit,278,0,0,95,0,0,335,278,100.0,French <kde-francophone@kde.org>
kcron,534,0,0,190,0,0,661,534,100.0,FR
kdb,1502,0,0,244,0,0,1959,1502,100.0,French <kde-francophone@kde.org>
kdbg,321,102,440,105,41,43,340,863,37.195828505214365,none
kde-cli-tools,2250,0,0,239,0,0,2593,2250,100.0,French <kde-francophone@kde.org>
kde-connect,1262,0,0,341,0,0,1525,1262,100.0,French <kde-francophone@kde.org>
kde-dev-utils,96,0,0,35,0,0,140,96,100.0,French <kde-francophone@kde.org>
kde-l10n,105160,0,0,21176,0,0,122741,105160,100.0,French <kde-i18n-doc@kde.org>
kde-partitionmanager,2214,0,0,523,0,0,2884,2214,100.0,French <kde-francophone@kde.org>
kde-print-manager,969,0,0,275,0,0,1143,969,100.0,French <kde-francophone@kde.org>
kde-style-breeze,266,0,0,101,0,0,399,266,100.0,French <kde-francophone@kde.org>
kdebugsettings,206,0,0,56,0,0,247,206,100.0,FR
kdecoration,39,0,0,15,0,0,52,39,100.0,French <kde-francophone@kde.org>
kdenetwork-filesharing,445,0,0,49,0,0,527,445,100.0,French <kde-francophone@kde.org>
kdepim-addons,4413,0,0,917,0,0,4931,4413,100.0,French <kde-i18n-doc@kde.org>
kdepim-apps-libs,334,0,0,56,0,0,360,334,100.0,French <kde-francophone@kde.org>
kdepim-runtime,8046,0,0,1232,0,0,9759,8046,100.0,French <kde-francophone@kde.org>
kdeplasma-addons,1658,0,0,612,0,0,2036,1658,100.0,French <kde-francophone@kde.org>
kdesdk-kioslaves,82,0,0,17,0,0,110,82,100.0,French <kde-i18n-doc@kde.org>
kdesdk-thumbnailers,4,0,0,4,0,0,8,4,100.0,French <kde-francophone@kde.org>
kdesvn,4929,8,0,913,1,0,6114,4937,99.83795827425563,French <kde-francophone@kde.org>
kdevelop,15296,0,0,3024,0,0,18511,15296,100.0,FR
kdevelop-php,529,0,0,72,0,0,623,529,100.0,French <kde-francophone@kde.org>
kdevelop-python,582,0,0,101,0,0,752,582,100.0,FR
kdf,181,0,0,69,0,0,237,181,100.0,French <kde-francophone@kde.org>
kdiagram,66,0,0,40,0,0,72,66,100.0,French <kde-francophone@kde.org>
kdialog,382,0,0,75,0,0,560,382,100.0,French <kde-francophone@kde.org>
kdiamond,122,0,0,32,0,0,141,122,100.0,French <kde-i18n-doc@kde.org>
kdiff3,3617,0,0,626,0,0,4544,3617,100.0,French <kde-francophone@kde.org>
kdissert,1981,18,28,273,6,3,2136,2027,97.73063640848545,<fr@li.org>
kdnssd,30,0,0,7,0,0,32,30,100.0,French <kde-francophone@kde.org>
kdump-anaconda-addon,83,0,0,12,0,0,86,83,100.0,French <French fedora-trans-fr@fedoraproject.org>
keditbookmarks,466,0,0,132,0,0,563,466,100.0,French <kde-francophone@kde.org>
kernel,394,211,544,39,21,96,432,1149,34.29068755439513,NONE
kernel-tools,394,211,544,39,21,96,432,1149,34.29068755439513,NONE
kexi,4446,2756,178,1174,299,23,5622,7380,60.24390243902439,French <kde-francophone@kde.org>
keysmith,225,0,0,56,0,0,279,225,100.0,French <kde-francophone@kde.org>
kf5-akonadi-calendar,1867,0,0,288,0,0,2232,1867,100.0,French <kde-francophone@kde.org>
kf5-akonadi-contacts,1597,0,0,322,0,0,1840,1597,100.0,French <kde-francophone@kde.org>
kf5-akonadi-mime,567,0,0,110,0,0,641,567,100.0,French <kde-francophone@kde.org>
kf5-akonadi-notes,2,0,0,1,0,0,2,2,100.0,French <kde-francophone@kde.orh>
kf5-akonadi-search,48,0,0,11,0,0,58,48,100.0,French <kde-francophone@kde.org>
kf5-akonadi-server,2540,0,0,435,0,0,3113,2540,100.0,French <kde-i18n-doc@kde.org>
kf5-audiocd-kio,1000,0,0,210,0,0,1173,1000,100.0,FR
kf5-baloo,836,0,0,171,0,0,977,836,100.0,French <kde-francophone@kde.org>
kf5-calendarsupport,2986,0,0,432,0,0,3273,2986,100.0,FR
kf5-eventviews,2954,0,0,317,0,0,3415,2954,100.0,FR
kf5-grantleetheme,14,0,0,6,0,0,21,14,100.0,French <kde-francophone@kde.org>
kf5-incidenceeditor,2536,0,0,460,0,0,2827,2536,100.0,FR
kf5-kalarmcal,204,0,0,104,0,0,264,204,100.0,FR
kf5-kauth,73,0,0,8,0,0,73,73,100.0,French <kde-francophone@kde.org>
kf5-kblog,243,0,0,27,0,0,324,243,100.0,French <kde-francophone@kde.org>
kf5-kbookmarks,230,0,0,49,0,0,258,230,100.0,French <kde-francophone@kde.org>
kf5-kcalendarutils,1475,0,0,417,0,0,1865,1475,100.0,FR
kf5-kcmutils,247,0,0,27,0,0,330,247,100.0,French <kde-francophone@kde.org>
kf5-kcodecs,372,0,0,54,0,0,448,372,100.0,French <kde-francophone@kde.org>
kf5-kcompletion,18,0,0,11,0,0,20,18,100.0,French <kde-francophone@kde.org>
kf5-kconfig,287,0,0,104,0,0,397,287,100.0,French <kde-francophone@kde.org>
kf5-kconfigwidgets,340,0,0,125,0,0,460,340,100.0,French <kde-francophone@kde.org>
kf5-kcontacts,177,0,0,108,0,0,210,177,100.0,French <kde-francophone@kde.org>
kf5-kcoreaddons,531,0,0,189,0,0,660,531,100.0,French <kde-francophone@kde.org>
kf5-kdav,185,0,0,20,0,0,223,185,100.0,French <kde-francophone@kde.org>
kf5-kdbusaddons,48,0,0,6,0,0,57,48,100.0,French <kde-i18n-doc@kde.org>
kf5-kdeclarative,151,0,0,22,0,0,178,151,100.0,French <kde-francophone@kde.org>
kf5-kdelibs4support,5353,0,0,2544,0,0,6896,5353,100.0,French <kde-francophone@kde.org>
kf5-kdesignerplugin,54,0,0,9,0,0,74,54,100.0,French <kde-francophone@kde.org>
kf5-kdesu,19,0,0,7,0,0,28,19,100.0,French <kde-i18n-doc@kde.org>
kf5-kdnssd,3,0,0,3,0,0,3,3,100.0,French <kde-francophone@kde.org>
kf5-kdoctools,8,0,0,4,0,0,18,8,100.0,French <kde-i18n-doc@kde.org>
kf5-kfilemetadata,302,0,0,134,0,0,361,302,100.0,French <kde-francophone@kde.org>
kf5-kglobalaccel,71,0,0,9,0,0,74,71,100.0,French <kde-i18n-doc@kde.org>
kf5-kholidays,139,0,0,90,0,0,147,139,100.0,French <kde-francophone@kde.org>
kf5-khtml,1721,0,0,310,0,0,1975,1721,100.0,French <kde-francophone@kde.org>
kf5-ki18n,131,0,2,116,0,1,145,133,98.49624060150376,French <kde-fr@qwyx123.fr>
kf5-kiconthemes,39,0,0,18,0,0,43,39,100.0,French <kde-francophone@kde.org>
kf5-kidentitymanagement,181,0,0,23,0,0,208,181,100.0,French <kde-francophone@kde.org>
kf5-kimap,111,0,0,50,0,0,141,111,100.0,FR
kf5-kinit,116,0,0,11,0,0,148,116,100.0,French <kde-i18n-doc@kde.org>
kf5-kio,11885,0,0,1357,0,0,13256,11885,100.0,French <kde-francophone@kde.org>
kf5-kipi-plugins,5695,0,0,1230,0,0,6679,5695,100.0,French <kde-francophone@kde.org>
kf5-kirigami2,94,0,0,40,0,0,113,94,100.0,French <kde-francophone@kde.org>
kf5-kitemviews,7,0,0,4,0,0,10,7,100.0,French <kde-francophone@kde.org>
kf5-kitinerary,111,0,0,29,0,0,140,111,100.0,French <kde-francophone@kde.org>
kf5-kjobwidgets,133,0,0,38,0,0,149,133,100.0,French <kde-francophone@kde.org>
kf5-kjsembed,248,0,0,44,0,0,314,248,100.0,French <kde-francophone@kde.org>
kf5-kldap,229,0,0,62,0,0,302,229,100.0,French <kde-i18n-doc@kde.org>
kf5-kmailtransport,654,0,0,109,0,0,810,654,100.0,French <kde-francophone@kde.org>
kf5-kmime,159,0,0,10,0,0,164,159,100.0,French <kde-i18n-doc@kde.org>
kf5-knewstuff,1661,0,0,231,0,0,1837,1661,100.0,French <kde-francophone@kde.org>
kf5-knotifications,21,0,0,8,0,0,20,21,100.0,French <kde-francophone@kde.org>
kf5-knotifyconfig,129,0,0,17,0,0,147,129,100.0,French <kde-i18n-doc@kde.org>
kf5-kontactinterface,4,0,0,2,0,0,4,4,100.0,Francais <kde-francophone@kde.org>
kf5-kpackage,486,0,0,94,0,0,586,486,100.0,French <kde-francophone@kde.org>
kf5-kparts,132,0,0,29,0,0,138,132,100.0,French <kde-francophone@kde.org>
kf5-kpeople,13,0,0,8,0,0,25,13,100.0,French <kde-francophone@kde.org>
kf5-kpimtextedit,408,0,0,197,0,0,491,408,100.0,FR
kf5-kpty,15,0,0,4,0,0,16,15,100.0,French <kde-francophone@kde.org>
kf5-kross,100,0,0,35,0,0,131,100,100.0,French <kde-francophone@kde.org>
kf5-kservice,173,0,0,28,0,0,230,173,100.0,French <kde-francophone@kde.org>
kf5-ksmtp,97,0,0,13,0,0,114,97,100.0,French <kde-francophone@kde.org>
kf5-ktexteditor,8678,0,0,1200,0,0,10505,8678,100.0,French <kde-francophone@kde.org>
kf5-ktextwidgets,473,0,0,130,0,0,555,473,100.0,French <kde-francophone@kde.org>
kf5-ktnef,355,0,0,143,0,0,555,355,100.0,French <kde-francophone@kde.org>
kf5-kunitconversion,5735,0,0,2473,0,0,5818,5735,100.0,French <kde-francophone@kde.org>
kf5-kwallet,1460,0,0,110,0,0,1742,1460,100.0,French <kde-i18n-doc@kde.org>
kf5-kwidgetsaddons,1294,0,0,465,0,0,1541,1294,100.0,French <kde-francophone@kde.org>
kf5-kwindowsystem,2,0,0,1,0,0,2,2,100.0,French <kde-francophone@kde.org>
kf5-kxmlgui,1563,0,0,227,0,0,1797,1563,100.0,French <kde-francophone@kde.org>
kf5-kxmlrpcclient,13,0,0,2,0,0,14,13,100.0,French <kde-francophone@kde.org>
kf5-libgravatar,27,0,0,12,0,0,37,27,100.0,FR
kf5-libkcddb,476,0,0,225,0,0,537,476,100.0,French <kde-francophone@kde.org>
kf5-libkcompactdisc,15,0,0,10,0,0,16,15,100.0,French <kde-i18n-doc@kde.org>
kf5-libkdepim,35,0,0,10,0,0,53,35,100.0,French <kde-francophone@kde.org>
kf5-libkgeomap,139,0,0,46,0,0,163,139,100.0,French <kde-francophone@kde.org>
kf5-libkleo,1335,0,0,330,0,0,1602,1335,100.0,FR
kf5-libksane,290,0,0,92,0,0,356,290,100.0,French <kde-francophone@kde.org>
kf5-libksieve,3368,0,0,573,0,0,4088,3368,100.0,French <kde-francophone@kde.org>
kf5-libktorrent,465,0,0,105,0,0,603,465,100.0,French <kde-i18n-doc@kde.org>
kf5-mailcommon,2969,0,0,507,0,0,3521,2969,100.0,FR
kf5-mailimporter,1408,0,0,127,0,0,1734,1408,100.0,French <kde-francophone@kde.org>
kf5-messagelib,8105,0,0,1333,0,0,9717,8105,100.0,FR
kf5-pimcommon,1255,0,0,328,0,0,1415,1255,100.0,FR
kf5-plasma,392,0,0,122,0,0,496,392,100.0,French <kde-francophone@kde.org>
kf5-purpose,328,0,0,76,0,0,392,328,100.0,French <kde-francophone@kde.org>
kf5-solid,563,0,0,156,0,0,611,563,100.0,French <kde-francophone@kde.org>
kf5-sonnet,683,0,0,76,0,0,738,683,100.0,French <kde-francophone@kde.org>
kf5-syntax-highlighting,612,0,0,362,0,0,699,612,100.0,French <kde-francophone@kde.org>
kfind,502,0,0,115,0,0,627,502,100.0,French <kde-francophone@kde.org>
kflickr,332,0,0,87,0,0,359,332,100.0,English <en@li.org>
kfloppy,641,0,0,100,0,0,812,641,100.0,French <kde-francophone@kde.org>
kfourinline,392,0,0,157,0,0,519,392,100.0,French <kde-francophone@kde.org>
kgamma,130,0,0,16,0,0,160,130,100.0,French <kde-i18n-doc@kde.org>
kgeography,9670,0,0,7099,0,0,15274,9670,100.0,FR
kget,2940,0,0,793,0,0,3433,2940,100.0,French <kde-francophone@kde.org>
kgoldrunner,23554,0,0,908,0,0,24617,23554,100.0,French <kde-francophone@kde.org>
kgpg,5268,0,0,696,0,0,6220,5268,100.0,FR
kgrab,370,0,0,53,0,0,399,370,100.0,Français <kde-francophone@kde.org>
kgraphviewer,914,287,4,194,19,2,1093,1205,75.850622406639,French <kde-francophone@kde.org>
kguitar,990,25,0,212,2,0,1107,1015,97.53694581280789,FR <traduc@traduc.org>
khangman,476,0,0,121,0,0,554,476,100.0,French <kde-francophone@kde.org>
khelpcenter,265,0,0,90,0,0,371,265,100.0,French <kde-francophone@kde.org>
khotkeys,451,0,0,136,0,0,523,451,100.0,French <kde-francophone@kde.org>
kicad,61379,9500,32779,8777,503,1155,70314,103658,59.21298886723649,French <kde-i18n-doc@kde.org>
kiconedit,724,0,2,154,0,1,802,726,99.72451790633609,Francais <kde-francophone@kde.org>
kid3,3181,0,0,1390,0,0,3790,3181,100.0,French <kde-francophone@kde.org>
kig,7855,0,0,1284,0,0,8291,7855,100.0,FR
kigo,504,0,0,131,0,0,568,504,100.0,French <kde-francophone@kde.org>
kile,12994,0,0,2183,0,0,14590,12994,100.0,French <kde-francophone@kde.org>
killbots,637,0,0,127,0,0,761,637,100.0,French <kde-francophone@kde.org>
kinfocenter,742,0,0,359,0,0,937,742,100.0,French <kde-francophone@kde.org>
kio-extras,1158,0,0,138,0,0,1319,1158,100.0,Français <kde-francophone@kde.org>
kio-gdrive,63,0,0,15,0,0,71,63,100.0,French <kde-francophone@kde.org>
kio_gopher,17,0,0,5,0,0,21,17,100.0,French <kde-i18n-doc@kde.org>
kirigami-gallery,856,0,0,101,0,0,910,856,100.0,French <kde-francophone@kde.org>
kiriki,144,0,0,50,0,0,175,144,100.0,French <kde-francophone@kde.org>
kiten,653,0,0,172,0,0,882,653,100.0,FR
kjots,651,0,0,134,0,0,806,651,100.0,French <kde-francophone@kde.org>
kjumpingcube,412,0,0,95,0,0,481,412,100.0,French <kde-i18n-doc@kde.org>
klamav,2501,0,0,418,0,0,3005,2501,100.0,<fr@li.org>
klavaro,1893,0,0,231,0,0,2012,1893,100.0,French <traduc@traduc.org>
kleopatra,9239,0,0,1440,0,0,11031,9239,100.0,FR
klettres,438,0,0,84,0,0,513,438,100.0,FR
klickety,178,0,0,62,0,0,181,178,100.0,French <kde-francophone@kde.org>
klines,99,0,0,28,0,0,117,99,100.0,French <kde-francophone@kde.org>
kmag,432,0,0,98,0,0,524,432,100.0,FR
kmahjongg,355,0,0,101,0,0,448,355,100.0,French <kde-francophone@kde.org>
kmail,8934,0,0,1385,0,0,10478,8934,100.0,French <kde-francophone@kde.org>
kmail-account-wizard,816,0,0,131,0,0,1024,816,100.0,FR
kmenuedit,277,0,0,63,0,0,303,277,100.0,French <kde-francophone@kde.org>
kmid2,1022,0,0,333,0,0,1211,1022,100.0,French <kde-francophone@kde.org>
kmines,156,0,0,45,0,0,188,156,100.0,French <kde-francophone@kde.org>
kmix,1090,0,0,210,0,0,1347,1090,100.0,FR
kmousetool,147,0,0,32,0,0,171,147,100.0,French <kde-francophone@kde.org>
kmouth,1515,0,0,204,0,0,1696,1515,100.0,French <kde-francophone@kde.org>
kmplayer,1248,1,0,370,1,0,1521,1249,99.919935948759,French <kde-francophone@kde.org>
kmplot,2493,0,0,481,0,0,2715,2493,100.0,FR
kmymoney,21995,96,0,3707,1,0,25107,22091,99.56543388710335,French <kde-francophone@kde.org>
knavalbattle,399,0,0,102,0,0,543,399,100.0,French <kde-francophone@kde.org>
knetwalk,243,0,0,56,0,0,301,243,100.0,French <kde-francophone@kde.org>
knotes,781,0,0,239,0,0,931,781,100.0,French <kde-francophone@kde.org>
koffice-kivio,8319,67,31,2341,6,14,9700,8417,98.83568967565641,French <kde-francophone@kde.org>
kolf,401,0,0,148,0,0,485,401,100.0,French <kde-francophone@kde.org>
kollision,109,0,0,30,0,0,131,109,100.0,French <kde-francophone@kde.org>
kolourpaint,2564,0,0,448,0,0,3083,2564,100.0,French <kde-francophone@kde.org>
komikku,1426,0,1125,327,0,171,1881,2551,55.89964719717758,
komparator,2587,0,0,267,0,0,2776,2587,100.0,Français <fr@li.org>
kompare,1430,0,0,205,0,0,1683,1430,100.0,FR
kongress,155,0,0,59,0,0,192,155,100.0,French <kde-francophone@kde.org>
konqueror,8795,0,0,1232,0,0,10200,8795,100.0,French <kde-francophone@kde.org>
konquest,245,0,0,98,0,0,304,245,100.0,French <kde-francophone@kde.org>
konsole5,3416,0,0,708,0,0,4139,3416,100.0,French <kde-francophone@kde.org>
kontact,600,0,0,99,0,0,766,600,100.0,FR
konversation,10345,0,0,1644,0,0,11779,10345,100.0,French <kde-francophone@kde.org>
kopete,18427,0,0,3457,0,0,21704,18427,100.0,French <kde-i18n-doc@kde.org>
korganizer,7415,0,0,969,0,0,8201,7415,100.0,FR
kover,470,0,0,126,0,0,602,470,100.0,Français <fr@li.org>
koverartist,582,58,123,135,17,33,707,763,76.2778505897772,Français <fr@li.org>
kpat,546,0,0,181,0,0,733,546,100.0,French <kde-francophone@kde.org>
kphotoalbum,9473,0,0,1053,0,0,10755,9473,100.0,French <kde-i18n-doc@kde.org>
kpilot,7156,0,0,861,0,0,8736,7156,100.0,French <kde-francophone@kde.org>
kpmcore,3237,0,0,493,0,0,4083,3237,100.0,French <kde-francophone@kde.org>
kproperty,145,0,0,82,0,0,166,145,100.0,French <kde-francophone@kde.org>
krb5-auth-dialog,1809,0,0,359,0,0,2385,1809,100.0,GNOME French Team <gnomefr@traduc.org>
krdc,1176,0,0,262,0,0,1372,1176,100.0,French <kde-francophone@kde.org>
krecipes,3633,13,0,755,10,0,4190,3646,99.6434448710916,French <kde-francophone@kde.org>
krecorder,84,0,0,37,0,0,84,84,100.0,French <kde-francophone@kde.org>
krename,2142,0,0,452,0,0,2521,2142,100.0,French <kde-francophone@kde.org>
kreport,455,0,0,193,0,0,561,455,100.0,French <kde-francophone@kde.org>
kreversi,429,0,0,141,0,0,525,429,100.0,French <kde-francophone@kde.org>
krfb,676,0,0,91,0,0,841,676,100.0,French <kde-francophone@kde.org>
krita,27844,0,0,6804,0,0,34387,27844,100.0,French <kde-francophone@kde.org>
kruler,184,0,0,47,0,0,225,184,100.0,French <kde-francophone@kde.org>
krusader,7039,560,330,1623,79,36,8707,7929,88.77538151090933,French <kde-francophone@kde.org>
kscreen,315,0,0,66,0,0,369,315,100.0,French <kde-francophone@kde.org>
kscreenlocker,230,0,0,34,0,0,278,230,100.0,French <kde-i18n-doc@kde.org>
ksensors,158,0,6,91,0,6,182,164,96.34146341463415,Français <de@li.org>
kshisen,567,0,0,70,0,0,686,567,100.0,French <kde-francophone@kde.org>
ksig,85,0,0,26,0,0,86,85,100.0,Français <kde-francophone@kde.org>
ksirk,5763,0,0,762,0,0,6449,5763,100.0,French <kde-francophone@kde.org>
ksnakeduel,237,0,0,56,0,0,262,237,100.0,French <kde-francophone@kde.org>
kspaceduel,165,0,0,81,0,0,219,165,100.0,French <kde-francophone@kde.org>
ksquares,257,0,0,76,0,0,287,257,100.0,French <kde-francophone@kde.org>
ksshaskpass,50,0,0,14,0,0,64,50,100.0,French <kde-francophone@kde.org>
kst,6544,76,668,1783,17,141,7821,7288,89.7914379802415,French <kde-francophone@kde.org>
kstars,51663,3812,6867,15824,501,446,59810,62342,82.87029610856244,French <kde-i18n-doc@kde.org>
ksudoku,1746,0,0,163,0,0,1988,1746,100.0,French <kde-francophone@kde.org>
ksysguard,1093,0,0,237,0,0,1261,1093,100.0,French <kde-francophone@kde.org>
ksystemlog,3034,0,0,479,0,0,3361,3034,100.0,FR
ksystemstats,390,0,0,150,0,0,473,390,100.0,French <kde-francophone@kde.org>
kteatime,203,0,0,67,0,0,231,203,100.0,French <kde-francophone@kde.org>
ktechlab,2070,650,1013,574,160,205,2399,3733,55.451379587463165,French <kde-francophone@kde.org>
ktikz,370,0,0,73,0,0,393,370,100.0,American English <kde-i18n-doc@kde.org>
ktimer,258,0,0,53,0,0,295,258,100.0,French <kde-francophone@kde.org>
ktorrent,7608,0,0,1398,0,0,8689,7608,100.0,French <kde-francophone@kde.org>
ktouch,946,2,0,252,1,0,1212,948,99.78902953586498,FR
ktp-accounts-kcm,1100,0,0,309,0,0,1381,1100,100.0,French <kde-francophone@kde.org>
ktp-approver,71,0,0,18,0,0,84,71,100.0,French <kde-francophone@kde.org>
ktp-auth-handler,83,0,0,24,0,0,112,83,100.0,French <kde-francophone@kde.org>
ktp-common-internals,989,0,0,206,0,0,1253,989,100.0,French <kde-francophone@kde.org>
ktp-contact-list,680,0,0,127,0,0,856,680,100.0,French <kde-francophone@kde.org>
ktp-contact-runner,208,0,0,43,0,0,286,208,100.0,French <kde-francophone@kde.org>
ktp-desktop-applets,75,0,0,22,0,0,92,75,100.0,French <kde-francophone@kde.org>
ktp-filetransfer-handler,141,0,0,39,0,0,173,141,100.0,French <kde-francophone@kde.org>
ktp-kded-integration-module,490,0,0,59,0,0,603,490,100.0,French <kde-francophone@kde.org>
ktp-send-file,60,0,0,18,0,0,78,60,100.0,French <kde-francophone@kde.org>
ktp-text-ui,1439,0,0,320,0,0,1647,1439,100.0,French <kde-francophone@kde.org>
ktuberling,158,0,0,38,0,0,139,158,100.0,French <kde-francophone@kde.org>
kturtle,1531,0,0,347,0,0,1761,1531,100.0,FR
kubernetes,125,0,0,16,0,0,135,125,100.0,
kubrick,1205,0,0,166,0,0,1604,1205,100.0,French <kde-francophone@kde.org>
kuserfeedback,880,235,33,250,16,3,1019,1148,76.65505226480836,French <kde-francophone@kde.org>
kvirc,11025,0,20024,2387,0,2286,12962,31049,35.50838996425006,French (http://www.transifex.com/kvirc/KVIrc/language/fr/)
kwalletmanager5,800,0,0,165,0,0,906,800,100.0,French <kde-francophone@kde.org>
kwave,5798,0,0,1305,0,0,6272,5798,100.0,French <kde-francophone@kde.org>
kwebkitpart,669,0,0,165,0,0,773,669,100.0,French <kde-francophone@kde.org>
kwin,5795,0,0,1227,0,0,7519,5795,100.0,French <kde-francophone@kde.org>
kwooty,1592,0,0,397,0,0,1986,1592,100.0,French <kde-i18n-doc@kde.org>
kwordquiz,2026,0,0,414,0,0,2299,2026,100.0,FR
kxstitch,1749,173,92,523,37,10,2033,2014,86.8421052631579,French <kde-francophone@kde.org>
l3afpad,113,0,17,61,0,3,169,130,86.92307692307692,French <traduc@traduc.org>
lagrange,1857,0,0,663,0,0,2821,1857,100.0,French <http://weblate.skyjake.fi/projects/lagrange/ui/fr/>
lammps,78,0,0,26,0,0,92,78,100.0,French (https://www.transifex.com/readthedocs/teams/101354/fr/)
lasem,25,0,0,8,0,0,34,25,100.0,
latte-dock,3526,0,0,774,0,0,4569,3526,100.0,French <kde-francophone@kde.org>
lazarus,43434,15,65,10705,3,9,53231,43514,99.81615112377625,
lazpaint,2903,16,651,1064,7,121,3335,3570,81.31652661064426,
lazygal,403,0,0,87,0,0,521,403,100.0,français <LL@li.org>
lbrickbuster2,3875,436,23,442,11,9,4184,4334,89.40932164282418,português <pt@li.org>
leafpad,125,0,0,68,0,0,184,125,100.0,French <traduc@traduc.org>
leatherman,47,0,0,15,0,0,54,47,100.0,none
lemonpos,2721,171,226,760,40,43,3042,3118,87.2674791533034,français <fr@li.org>
lftp,2571,945,517,379,77,46,3099,4033,63.74907017108852,Français <traduc@traduc.org>
libadwaita,964,0,0,196,0,0,1098,964,100.0,GNOME French Team <gnomefr@traduc.org>
libalkimia,541,0,0,99,0,0,626,541,100.0,French <kde-francophone@kde.org>
libappstream-glib,990,16,7,206,3,1,1161,1013,97.72951628825271,French (http://www.transifex.com/freedesktop/appstream-glib/language/fr/)
libbonobo,543,0,0,107,0,0,657,543,100.0,GNOME French Team <gnomefr@traduc.org>
libbonoboui,368,0,0,115,0,0,455,368,100.0,GNOME French Team <gnomefr@traduc.org>
libbytesize,17,0,0,17,0,0,17,17,100.0,French
libclaw,60,0,0,15,0,0,70,60,100.0,Français <julien.jorge@gamned.org>
libconfuse,118,5,35,22,1,6,148,158,74.68354430379746,None <martin@bzero.se>
libcryptui,3012,0,0,654,0,0,3629,3012,100.0,GNOME French Team <<gnomefr@traduc.org>>
libdnf,1441,0,0,224,0,0,1817,1441,100.0,French <https://translate.fedoraproject.org/projects/dnf/libdnf-dnf-4-master/fr/>
libecpg,70243,0,0,9634,0,0,90145,70243,100.0,French <guillaume@lelarge.info>
libepc,147,0,0,26,0,0,197,147,100.0,GNOME French Team <gnomefr@traduc.org>
libexif,6976,0,18,1176,0,2,7708,6994,99.74263654561052,French <traduc@traduc.org>
libextractor,1978,0,0,490,0,0,2053,1978,100.0,French <traduc@traduc.org>
libfilezilla,412,0,71,77,0,12,504,483,85.30020703933747,"Pgase, William GATHOYE <pgase.filezilla@free.fr, william@gathoye.be>"
libfm,1558,13,4,389,4,1,1823,1575,98.92063492063492,
libgda,9623,505,1014,1812,109,133,11729,11142,86.3669000179501,GNOME French Team <gnomefr@traduc.org>
libgdata,701,0,0,87,0,0,793,701,100.0,GNOME French Team <gnomefr@traduc.org>
libgdl,659,0,0,96,0,0,716,659,100.0,GNOME French Team <gnomefr@traduc.org>
libgnome,1773,0,0,273,0,0,2218,1773,100.0,GNOME French team
libgnome-games-support,43,0,0,14,0,0,43,43,100.0,français <gnomefr@traduc.org>
libgnome-keyring,44,0,0,9,0,0,54,44,100.0,GNOME French Team <gnomefr@traduc.org>
libgnomecanvas,378,0,0,95,0,0,485,378,100.0,GNOME French Team <gnomefr@traduc.org>
libgnomekbd,242,0,0,55,0,0,296,242,100.0,GNOME French Team <gnomefr@traduc.org>
libgnomeui,1309,0,0,334,0,0,1603,1309,100.0,GNOME French Team <gnomefr@traduc.org>
libgovirt,102,0,0,23,0,0,119,102,100.0,French <gnomefr@traduc.org>
libgpg-error,976,303,348,327,87,75,1165,1627,59.987707437000616,French <traduc@traduc.org>
libgphoto2,12076,240,83,2700,78,31,15108,12399,97.3949512057424,French <traduc@traduc.org>
libgpod,1024,23,6,180,4,1,1231,1053,97.24596391263059,
libgsasl,577,0,0,69,0,0,770,577,100.0,French <traduc@traduc.org>
libgsf,720,0,0,150,0,0,909,720,100.0,GNOME French Team <gnomefr@traduc.org>
libgtop2,126,0,0,40,0,0,148,126,100.0,français <gnomefr@traduc.org>
libguestfs,24494,133,173361,3296,27,14473,25398,197988,12.371456855971068,French (http://www.transifex.com/projects/p/libguestfs/language/fr/)
libgweather,6394,0,0,4696,0,0,6521,6394,100.0,GNOME French Team <gnomefr@traduc.org>
libgxim,0,0,124,0,0,24,0,124,0.0,French <trans-fr@lists.fedoraproject.org>
libhandy,964,0,0,196,0,0,1098,964,100.0,GNOME French Team <gnomefr@traduc.org>
libidn,415,0,0,58,0,0,488,415,100.0,French <traduc@traduc.org>
libidn1.34,414,0,14,58,0,2,485,428,96.72897196261682,French <traduc@traduc.org>
libidn2,315,0,0,40,0,0,386,315,100.0,French <traduc@traduc.org>
libkdegames,370,0,0,132,0,0,455,370,100.0,French <kde-francophone@kde.org>
libkeduvocdocument,171,0,0,81,0,0,202,171,100.0,French <kde-francophone@kde.org>
libkgapi,374,0,0,84,0,0,646,374,100.0,FR
libkmahjongg,7,0,0,7,0,0,7,7,100.0,français <kde-francophone@kde.org>
libkomparediff2,143,0,0,19,0,0,154,143,100.0,French <kde-francophone@kde.org>
libksysguard,4102,0,0,603,0,0,4936,4102,100.0,French <kde-francophone@kde.org>
libmatekbd,308,0,0,91,0,0,360,308,100.0,French (https://www.transifex.com/mate/teams/13566/fr/)
libmatemixer,242,0,0,126,0,0,259,242,100.0,French (https://www.transifex.com/mate/teams/13566/fr/)
libmateweather,6114,0,29,4550,0,25,6213,6143,99.52791795539639,French (https://www.transifex.com/mate/teams/13566/fr/)
libmodulemd,1792,0,0,99,0,0,2048,1792,100.0,French
libmypaint,1526,62,715,104,13,45,1789,2303,66.26139817629179,French <https://hosted.weblate.org/projects/mypaint/libmypaint/fr/>
libmypaint2,1534,60,717,104,12,46,1799,2311,66.37819125919515,French <https://hosted.weblate.org/projects/mypaint/libmypaint/fr/>
libnma,917,0,0,195,0,0,1146,917,100.0,GNOME French Team <gnomefr@traduc.org>
libosinfo,815,0,0,170,0,0,990,815,100.0,French <https://translate.fedoraproject.org/projects/libosinfo/libosinfo/fr/>
libpaper,73,0,0,46,0,0,73,73,100.0,French <debian-l10n-french@lists.debian.org>
libpeas,103,0,0,29,0,0,114,103,100.0,français <gnomefr@traduc.org>
libpq,70272,0,0,9641,0,0,90199,70272,100.0,French <guillaume@lelarge.info>
libpwquality,333,0,12,50,0,1,445,345,96.52173913043478,French <https://translate.stg.fedoraproject.org/projects/libpwquality/app/fr/>
libqalculate,8371,170,3611,2845,27,619,8881,12152,68.88578011849901,Français <fr@li.org>
libreport,4928,0,0,603,0,0,5709,4928,100.0,French <https://translate.fedoraproject.org/projects/abrt/libreport/fr/>
libsecret,59,0,0,9,0,0,68,59,100.0,français <gnomefr@traduc.org>
libsmbios,0,0,2187,0,0,361,0,2187,0.0,French
libsoup,183,0,0,43,0,0,261,183,100.0,GNOME French Team <gnomefr@traduc.org>
libticables2,1055,0,0,140,0,0,1130,1055,100.0,Français <tilp-users@list.sf.net>
libticalcs2,1021,0,0,212,0,0,1174,1021,100.0,Français <tilp-users@lists.sf.net>
libtifiles2,208,0,0,83,0,0,225,208,100.0,Français <tilp-users@lists.sf.net>
libtranslate,1174,0,0,563,0,0,1229,1174,100.0,Jean-Yves Lefort <jylefort@brutele.be>
libxfce4ui,964,0,0,197,0,0,1233,964,100.0,French (http://www.transifex.com/xfce/libxfce4ui/language/fr/)
libxfce4util,424,0,0,7,0,0,483,424,100.0,French (http://www.transifex.com/xfce/libxfce4util/language/fr/)
libzypp,2376,0,338,946,0,41,2760,2714,87.54605747973471,French <https://l10n.opensuse.org/projects/libzypp/master/fr/>
lifeograph,981,32,31,266,15,7,1101,1044,93.96551724137932,French <fr@li.org>
liferea,2193,2,21,520,1,2,2830,2216,98.96209386281588,français <>
light-locker,260,0,260,37,0,37,298,520,50.0,French (France) (http://www.transifex.com/the_cavalry/light-locker/language/fr_FR/)
lightdm,163,0,0,21,0,0,173,163,100.0,French <fr@li.org>
lightdm-gtk,61,0,28,20,0,5,59,89,68.53932584269663,French <fr@li.org>
lightdm-gtk-greeter-settings,400,0,119,143,0,28,458,519,77.07129094412332,French <fr@li.org>
lightdm-settings,321,0,0,65,0,0,366,321,100.0,French <fr@li.org>
lightsoff,1152,0,0,119,0,0,1321,1152,100.0,GNOME French Team <gnomefr@traduc.org>
lilypond,12592,0,892,3042,0,150,14880,13484,93.38475229902106,Français <lilypond-user-fr@gnu.org>
lilyterm,1369,162,117,272,20,3,1485,1648,83.07038834951457,French <LL@li.org>
limnoria,22517,127,276,1487,5,13,23718,22920,98.24171029668412,French <kde-i18n-doc@kde.org>
lincity-ng,1889,0,0,474,0,0,2115,1889,100.0,français <fr@li.org>
lingot,83,0,1296,33,0,119,107,1379,6.018854242204496,LANGUAGE <LL@li.org>
linkchecker,677,2074,1652,137,132,189,872,4403,15.375880081762435,kde-francophone@kde.org
linphone,1295,35,523,336,11,118,1369,1853,69.88667026443605,french <fr@li.org>
lmms,0,0,6,0,0,6,0,6,0.0,
lokalize,4087,0,0,678,0,0,4894,4087,100.0,FR
lollypop,1437,0,0,460,0,0,1754,1437,100.0,French <https://hosted.weblate.org/projects/gnumdk/lollypop/fr/>
lordsawar,6934,0,0,1794,0,0,7745,6934,100.0,French <traduc@traduc.org>
lshw,446,0,233,198,0,106,505,679,65.68483063328424,
lskat,254,0,0,83,0,0,280,254,100.0,French <kde-i18n-doc@kde.org>
lutris,190,0,0,27,0,0,216,190,100.0,French
lxappearance-obconf,196,0,0,27,0,0,209,196,100.0,French
lxde-common,10,4,0,3,2,0,13,14,71.42857142857143,LANGUAGE <LL@li.org>
lxdm,44,3,0,24,1,0,56,47,93.61702127659575,LANGUAGE <LL@li.org>
lxhotkey,451,0,0,195,0,0,605,451,100.0,
lxinput,83,0,0,26,0,0,102,83,100.0,LANGUAGE <LL@li.org>
lxlauncher,58,0,0,17,0,0,65,58,100.0,GNOME French Team <gnomefr@traduc.org>
lxmenu-data,97,0,0,37,0,0,104,97,100.0,GNOME French team <gnomefr@traduc.org>
lxmusic,203,0,0,89,0,0,263,203,100.0,LANGUAGE <LL@li.org>
lxpanel,1334,33,32,441,3,23,1739,1399,95.35382416011437,GNOME French Team <gnomefr@traduc.org>
lxrandr,167,0,0,41,0,0,196,167,100.0,LANGUAGE <LL@li.org>
lxshortcut,43,0,0,19,0,0,54,43,100.0,LANGUAGE <LL@li.org>
lxtask,129,0,1,50,0,1,158,130,99.23076923076923,French <xfce-i18n@xfce.org>
lxterminal,196,10,6,95,5,2,240,212,92.45283018867924,fr <gaknar@gmail.com>
lynx,8348,0,0,1260,0,0,9125,8348,100.0,French <traduc@traduc.org>
lyx,25702,0,0,7289,0,0,28884,25702,100.0,lyxfr
mail-notification,2200,0,0,383,0,0,2678,2200,100.0,Jean-Yves Lefort <jylefort@brutele.be>
mailman,20449,1939,2063,1324,73,84,22541,24451,83.63257126497894,fr <traduc@traduc.org>
mailman3,3143,0,1413,321,0,61,4741,4556,68.98595258999121,French <https://hosted.weblate.org/projects/gnu-mailman/mailman/fr/>
mailnag,207,0,0,66,0,0,276,207,100.0,French <https://hosted.weblate.org/projects/mailnag/mailnag/fr/>
make,2185,70,17,416,11,3,2696,2272,96.17077464788733,French <traduc@traduc.org>
malcontent,500,0,84,76,0,22,602,584,85.61643835616438,French (https://www.transifex.com/endless-os/teams/9016/fr/)
mame,1328,0,2218,524,0,724,1638,3546,37.45064861816131,French (https://www.transifex.com/readthedocs/teams/101354/fr/)
man-db,9457,0,0,641,0,0,10962,9457,100.0,French <traduc@traduc.org>
man-pages-l10n,1026195,153599,195309,99291,9847,11808,1117069,1375103,74.62677341260982,German <debian-l10n-german@lists.debian.org>
man2html,58,0,0,3,0,0,60,58,100.0,Debian L10n French <debian-l10n-french@lists.debian.org>
manafirewall,1185,0,0,141,0,0,1307,1185,100.0,French (https://www.transifex.com/MageiaLinux/teams/9361/fr/)
marble,11476,0,0,3326,0,0,13133,11476,100.0,FR
marco,4303,0,0,430,0,0,5248,4303,100.0,French (https://www.transifex.com/mate/teams/13566/fr/)
mariadb,144,0,0,10,0,0,154,144,100.0,French <debian-l10n-french@lists.debian.org>
massif-visualizer,319,20,18,94,8,7,413,357,89.35574229691878,French <kde-francophone@kde.org>
mate-applet-softupd,37,3,0,11,1,0,50,40,92.5,French
mate-applets,13331,0,2589,1294,0,344,15788,15920,83.73743718592965,French (https://www.transifex.com/mate/teams/13566/fr/)
mate-backgrounds,55,0,0,29,0,0,57,55,100.0,French (https://www.transifex.com/mate/teams/13566/fr/)
mate-calc,1650,0,1673,526,0,223,1983,3323,49.653927174240145,French (https://www.transifex.com/mate/teams/13566/fr/)
mate-control-center,5191,0,3057,1331,0,180,6139,8248,62.9364694471387,French (https://www.transifex.com/mate/teams/13566/fr/)
mate-desktop,2373,1,2,298,1,2,3022,2376,99.87373737373737,French (https://www.transifex.com/mate/teams/13566/fr/)
mate-icon-theme,4,0,0,2,0,0,5,4,100.0,French (https://www.transifex.com/mate/teams/13566/fr/)
mate-media,238,1,0,98,1,0,281,239,99.581589958159,French (https://www.transifex.com/mate/teams/13566/fr/)
mate-menu,308,0,0,110,0,0,406,308,100.0,French (http://www.transifex.com/mate/MATE/language/fr/)
mate-menus,103,0,0,39,0,0,111,103,100.0,French (https://www.transifex.com/mate/teams/13566/fr/)
mate-notification-daemon,186,0,0,53,0,0,317,186,100.0,French (https://www.transifex.com/mate/teams/13566/fr/)
mate-panel,6350,0,370,763,0,51,7592,6720,94.49404761904762,French (https://www.transifex.com/mate/teams/13566/fr/)
mate-polkit,123,0,0,21,0,0,136,123,100.0,French (https://www.transifex.com/mate/teams/13566/fr/)
mate-power-manager,3094,0,2025,429,0,122,3694,5119,60.441492478999805,French (https://www.transifex.com/mate/teams/13566/fr/)
mate-screensaver,1025,12,64,172,2,2,1192,1101,93.09718437783833,French (https://www.transifex.com/mate/teams/13566/fr/)
mate-sensors-applet,436,14,1710,18,8,200,538,2160,20.185185185185187,French (https://www.transifex.com/mate/teams/13566/fr/)
mate-session-manager,715,0,0,132,0,0,858,715,100.0,French (https://www.transifex.com/mate/teams/13566/fr/)
mate-settings-daemon,2206,0,0,319,0,0,2702,2206,100.0,French (https://www.transifex.com/mate/teams/13566/fr/)
mate-system-monitor,1931,0,2916,357,0,291,2523,4847,39.83907571693831,French (https://www.transifex.com/mate/teams/13566/fr/)
mate-terminal,5198,0,3188,574,0,229,5905,8386,61.98425948008585,French (https://www.transifex.com/mate/teams/13566/fr/)
mate-themes,74,0,74,23,0,23,86,148,50.0,French (http://www.transifex.com/mate/MATE/language/fr/)
mate-user-admin,541,0,87,124,0,7,631,628,86.14649681528662,French (https://www.transifex.com/mate/teams/13566/fr/)
mate-user-guide,35178,0,7791,2462,0,766,37996,42969,81.8683236752077,French (https://www.transifex.com/mate/teams/13566/fr/)
mate-utils,7616,0,2444,960,0,166,8985,10060,75.70576540755467,French (https://www.transifex.com/mate/teams/13566/fr/)
mbox-importer,40,0,0,13,0,0,48,40,100.0,FR
mc,4014,0,275,1200,0,73,4828,4289,93.58824900909303,French (http://www.transifex.com/mc/mc/language/fr/)
meld,2479,0,0,497,0,0,3228,2479,100.0,GNOME French Team <gnomefr@traduc.org>
menulibre,845,25,3,164,1,1,934,873,96.79266895761741,French (https://www.transifex.com/bluesabreorg/teams/99550/fr/)
mercurial,2390,1674,19256,357,104,1776,2911,23320,10.248713550600343,French
metacity,2042,0,0,311,0,0,2527,2042,100.0,GNOME French Team <gnomefr@traduc.org>
meteo,223,0,37,78,0,13,269,260,85.76923076923076,
midori,3535,0,6,794,0,2,4436,3541,99.83055634001694,French <fr@li.org>
minder,1957,1582,2496,405,343,523,2646,6035,32.427506213753105,Français
minetest,9649,0,0,1356,0,0,11763,9649,100.0,French <https://hosted.weblate.org/projects/minetest/minetest/fr/>
mingw-GConf2,4088,0,0,497,0,0,5075,4088,100.0,GNOME French Team <gnomefr@traduc.org>
mingw-atk,440,0,0,169,0,0,536,440,100.0,GNOME French Team <gnomefr@traduc.org>
mingw-binutils,69801,0,0,10880,0,0,85389,69801,100.0,French <traduc@traduc.org>
mingw-colord,386,0,1499,88,0,115,468,1885,20.477453580901855,French (http://www.transifex.com/projects/p/colord/language/fr/)
mingw-exiv2,4976,8431,24605,1414,2708,1964,5716,38012,13.090602967483953,français <kde-francophone@kde.org>
mingw-gcc,113785,0,0,14224,0,0,140863,113785,100.0,French <traduc@traduc.org>
mingw-gdb,14884,0,0,2255,0,0,17927,14884,100.0,French <traduc@traduc.org>
mingw-gdbm,301,169,229,92,40,61,377,699,43.06151645207439,French <traduc@traduc.org>
mingw-gdk-pixbuf,1325,0,0,198,0,0,1675,1325,100.0,GNOME French Team <gnomefr@traduc.org>
mingw-gettext,7584,333,204,821,27,16,9055,8121,93.38751385297377,French <traduc@traduc.org>
mingw-glib-networking,402,0,0,58,0,0,533,402,100.0,French <gnomefr@traduc.org>
mingw-glib2,7630,0,0,1200,0,0,9617,7630,100.0,GNOME French Team <gnomefr@traduc.org>
mingw-gnutls,1784,31,3,384,9,1,2049,1818,98.12981298129813,French <traduc@traduc.org>
mingw-gstreamer,1914,3,0,347,1,0,2261,1917,99.8435054773083,French <traduc@traduc.org>
mingw-gstreamer1,2074,5,31,373,2,3,2445,2110,98.29383886255924,French <traduc@traduc.org>
mingw-gstreamer1-plugins-bad-free,194,0,3,28,0,1,238,197,98.47715736040608,French <traduc@traduc.org>
mingw-gstreamer1-plugins-base,939,5,32,196,1,7,1154,976,96.20901639344262,French <traduc@traduc.org>
mingw-gstreamer1-plugins-good,716,43,43,88,6,4,866,802,89.27680798004988,French <traduc@traduc.org>
mingw-gtk-vnc,81,0,0,22,0,0,111,81,100.0,GNOME French Team <gnomefr@traduc.org>
mingw-gtk2,12381,0,0,2582,0,0,14502,12381,100.0,GNOME French Team <gnomefr@traduc.org>
mingw-gtk3,16731,0,0,3937,0,0,19993,16731,100.0,GNOME French Team <gnomefr@traduc.org>
mingw-gtksourceview3,322,0,0,106,0,0,403,322,100.0,français <gnomefr@traduc.org>
mingw-gtkspell3,16,0,0,7,0,0,20,16,100.0,French <traduc@traduc.org>
mingw-json-glib,307,0,0,47,0,0,355,307,100.0,français <gnomefr@traduc.org>
mingw-libcharset,303,33,0,45,1,0,353,336,90.17857142857143,French <traduc@traduc.org>
mingw-libconfuse,109,0,39,20,0,7,136,148,73.64864864864865,None <martin@bzero.se>
mingw-libgovirt,102,0,0,23,0,0,119,102,100.0,French <gnomefr@traduc.org>
mingw-libgpg-error,978,274,172,327,77,42,1166,1424,68.67977528089888,French <traduc@traduc.org>
mingw-libgsf,720,0,0,150,0,0,909,720,100.0,GNOME French Team <gnomefr@traduc.org>
mingw-libidn,415,0,0,58,0,0,488,415,100.0,French <traduc@traduc.org>
mingw-libidn2,315,0,0,40,0,0,386,315,100.0,French <traduc@traduc.org>
mingw-libosinfo,815,0,0,170,0,0,990,815,100.0,French <https://translate.fedoraproject.org/projects/libosinfo/libosinfo/fr/>
mingw-libsoup,183,0,0,43,0,0,261,183,100.0,GNOME French Team <gnomefr@traduc.org>
mingw-libvirt,6331,22844,37985,1281,4061,5007,7845,67160,9.426742108397857,French <https://translate.fedoraproject.org/projects/libvirt/libvirt/fr/>
mingw-libvirt-glib,153,0,5,30,0,1,176,158,96.83544303797468,French (http://www.transifex.com/projects/p/libvirt-glib/language/fr/)
mingw-osinfo-db-tools,222,0,0,43,0,0,282,222,100.0,French <https://translate.stg.fedoraproject.org/projects/libosinfo/osinfo-db-tools/fr/>
mingw-p11-kit,476,0,0,81,0,0,504,476,100.0,French (http://www.transifex.com/freedesktop/p11-kit/language/fr/)
mingw-postgresql,66477,0,0,9077,0,0,85290,66477,100.0,French <guillaume@lelarge.info>
mingw-sane-backends,4239,393,1176,881,125,197,4988,5808,72.98553719008265,
mingw-spice-gtk,2,32,302,5,12,53,5,336,0.5952380952380952,GNOME French Team <gnomefr@traduc.org>
mingw-wxWidgets,6300,109,33,1452,24,14,7437,6442,97.79571561626824,French <debian-l10n-french@lists.debian.org>
mingw-wxWidgets3,7244,216,337,1728,71,84,8545,7797,92.90752853661665,French <debian-l10n-french@lists.debian.org>
mingw-xz,1259,0,133,146,0,15,1449,1392,90.44540229885058,None
minicom,1172,259,358,313,47,31,1416,1789,65.5114589155953,French <traduc@traduc.org>
minigalaxy,334,0,13,106,0,1,389,347,96.25360230547551,
minuet,412,0,0,159,0,0,437,412,100.0,French <kde-francophone@kde.org>
mirage,608,146,63,186,51,8,640,817,74.4186046511628,<mirageiv-users@lists.berlios.de>
mkvtoolnix,42471,0,0,3958,0,0,46088,42471,100.0,French (http://www.transifex.com/moritz-bunkus/mkvtoolnix/language/fr/)
mlmmj,59,0,0,23,0,0,75,59,100.0,Thomas Goirand <thomas@goirand.fr>
mlocate,406,175,0,50,1,0,519,581,69.87951807228916,French <trans-fr@lists.fedoraproject.org>
modem-manager-gui,2715,0,588,518,0,49,3313,3303,82.19800181653044,French (http://www.transifex.com/ethereal/modem-manager-gui/language/fr/)
mono-tools,116,8,393,27,1,106,134,517,22.437137330754354,Sebastien Pouliot <spouliot@videotron.ca>
monodevelop,14593,5181,4035,3175,1457,793,17010,23809,61.2919484228653,Sebastien Pouliot <spouliot@videotron.ca>
monotone,11737,0,0,1537,0,0,14184,11737,100.0,Benoît Dejean <benoit@placenet.org>
moodle,441,0,0,67,0,0,512,441,100.0,French <i18n@lists.horde.org>
moserial,2336,0,0,204,0,0,2575,2336,100.0,GNOME French Team <gnomefr@traduc.org>
mousepad,1593,0,0,406,0,0,1836,1593,100.0,French (http://www.transifex.com/xfce/xfce-apps/language/fr/)
mousetweaks,114,0,0,30,0,0,150,114,100.0,GNOME French Team <gnomefr@traduc.org>
mozo,46,0,0,24,0,0,47,46,100.0,French (https://www.transifex.com/mate/teams/13566/fr/)
mpdris2,7,0,0,6,0,0,9,7,100.0,Jean-Philippe Braun <eon@patapon.info>
msitools,68,0,0,25,0,0,91,68,100.0,French <gnomefr@traduc.org>
msmtp,1829,0,0,327,0,0,2243,1829,100.0,French <traduc@traduc.org>
mtpaint,3417,0,42,985,0,22,3936,3459,98.78577623590633,French <fr@li.org>
mu,2143,0,0,365,0,0,2378,2143,100.0,
muffin,2038,0,0,272,0,0,2499,2038,100.0,GNOME French Team <gnomefr@traduc.org>
multimedia-menus,56,0,0,22,0,0,69,56,100.0,French <fr@li.org>
mutt,6554,0,7,1383,0,1,7931,6561,99.8933089468069,Vincent Lefevre <vincent@vinc17.net>
mutter,1315,0,0,152,0,0,1630,1315,100.0,GNOME French Team <gnomefr@traduc.org>
mutter3.38,1273,0,0,146,0,0,1584,1273,100.0,GNOME French Team <gnomefr@traduc.org>
mydns,384,468,1868,76,90,347,445,2720,14.117647058823529,Francais
mypaint,3942,1032,1407,901,225,144,4660,6381,61.77715091678421,French <https://hosted.weblate.org/projects/mypaint/mypaint/fr/>
naev-data,6294,3272,226689,692,481,11655,6811,236255,2.664070601680388,French <https://hosted.weblate.org/projects/naev/naev/fr/>
nagios-plugins,5109,791,4815,763,122,555,5840,10715,47.680821278581426,Nagios Plugin Development Mailing List <nagiosplug-devel@lists.sourceforge.net>
nall,49,0,0,30,0,0,52,49,100.0,
nano,3449,0,0,624,0,0,3801,3449,100.0,French <traduc@traduc.org>
nautilus,5525,0,0,1095,0,0,6438,5525,100.0,GNOME French Team <gnomefr@traduc.org>
nautilus-image-converter,79,0,0,35,0,0,116,79,100.0,
nautilus-search-tool,11,0,0,2,0,0,14,11,100.0,French <gnomefr@traduc.org>
ncmpc,713,0,0,276,0,0,948,713,100.0,French <https://hosted.weblate.org/projects/ncmpc/translations/fr/>
nco,34,0,0,5,0,0,36,34,100.0,French <LL@li.org>
ndisc6,1016,0,0,108,0,0,1182,1016,100.0,French <fr@li.org>
nemiver,4205,0,0,516,0,0,4687,4205,100.0,GNOME French Team <gnomefr@traduc.org>
nemo-extensions,258,0,0,49,0,0,298,258,100.0,French <fr@li.org>
neochat,823,6,14,264,2,2,1022,843,97.62752075919336,French <kde-francophone@kde.org>
neon,0,261,488,0,46,100,0,749,0.0,fr
neovim,10113,0,0,1895,0,0,11703,10113,100.0,French
net-tools,1859,88,278,433,19,48,2044,2225,83.5505617977528,
network-manager-applet,4248,0,57,857,0,1,4958,4305,98.67595818815332,GNOME French Team <gnomefr@traduc.org>
neverball,2728,0,7,358,0,1,2799,2735,99.74405850091408,French (http://www.transifex.com/projects/p/neverball/language/fr/)
newsbeuter,1335,0,7,327,0,7,1570,1342,99.47839046199702,Nicolas Martyanoff <khaelin@gmail.com>
newsboat,1627,285,26,385,32,6,1968,1938,83.95252837977296,"Nicolas Martyanoff <khaelin@gmail.com, Tanguy Kerdoncuff <t.kerdonc@gmail.com>"
newt,4,0,0,4,0,0,4,4,100.0,Debian French <debian-l10n-french@lists.debian.org>
nfoview,115,0,0,42,0,0,145,115,100.0,French (http://www.transifex.com/otsaloma/nfoview/language/fr/)
nghttp2,78,0,0,26,0,0,92,78,100.0,French (https://www.transifex.com/readthedocs/teams/101354/fr/)
nicotine+,5405,0,0,1297,0,0,6465,5405,100.0,French <https://hosted.weblate.org/projects/nicotine-plus/nicotine-plus/fr/>
nmap,3518,0,0,481,0,0,4002,3518,100.0,
noggin,263,0,586,50,0,101,324,849,30.977620730270907,French <https://translate.fedoraproject.org/projects/fedora-infra/noggin/fr/>
notejot,34,0,0,8,0,0,40,34,100.0,Français
notes-up,772,13,51,179,5,12,940,836,92.34449760765551,Français
notification-daemon,33,0,0,11,0,0,47,33,100.0,GNOME French Team <gnomefr@traduc.org>
nudoku,95,0,0,30,0,0,97,95,100.0,French
nutty,600,8,0,149,3,0,733,608,98.68421052631578,Français
nx-libs,258,0,0,49,0,0,296,258,100.0,French <fr@li.org>
obconf,686,0,52,144,0,12,805,738,92.95392953929539,French
ocaml-gettext,578,0,9,129,0,1,683,587,98.46678023850085,French <gnomefr@traduc.org>
ocfs2-tools,186,0,0,16,0,0,232,186,100.0,French <debian-l10n-french@lists.debian.org>
office-runner,125,0,0,21,0,0,129,125,100.0,French <gnomefr@traduc.org>
okteta,2538,0,0,618,0,0,2926,2538,100.0,French <kde-francophone@kde.org>
okular,5244,0,0,1135,0,0,6313,5244,100.0,French <kde-francophone@kde.org>
olpc-switch-desktop,158,0,0,14,0,0,171,158,100.0,LANGUAGE <LL@li.org>
onboard,2199,0,119,494,0,16,2717,2318,94.8662640207075,French <fr@li.org>
openbox,486,0,20,92,0,2,560,506,96.04743083003953,français <fr@li.org>
openconnect,63,0,6637,22,0,1134,72,6700,0.9402985074626866,GNOME French Team <gnomefr@traduc.org>
openscad,1286,150,79,397,50,38,1471,1515,84.88448844884489,French
opensp,5771,0,0,722,0,0,6833,5771,100.0,French <traduc@traduc.org>
opentrep,13093,2280,507,1049,112,37,15571,15880,82.44962216624685,French <traduc@traduc.org>
openvas-gsa,0,0,292,0,0,99,0,292,0.0,LANGUAGE <LL@li.org>
optimizer,158,28,96,58,6,11,178,282,56.02836879432624,Français
orca,19369,0,0,2931,0,0,22584,19369,100.0,GNOME French Team <gnomefr@traduc.org>
origin,125,0,0,16,0,0,135,125,100.0,
oscap-anaconda-addon,166,0,225,34,0,17,211,391,42.45524296675192,French (http://www.transifex.com/projects/p/oscap-anaconda-addon/language/fr/)
osinfo-db-tools,222,0,0,43,0,0,282,222,100.0,French <https://translate.stg.fedoraproject.org/projects/libosinfo/osinfo-db-tools/fr/>
osmo,1666,29,76,685,1,12,1937,1771,94.0711462450593,French (http://www.transifex.com/pasp/osmo/language/fr/)
p11-kit,476,0,0,81,0,0,504,476,100.0,French (http://www.transifex.com/freedesktop/p11-kit/language/fr/)
pacman,5123,0,66,887,0,11,6530,5189,98.72807862786665,French (http://www.transifex.com/toofishes/archlinux-pacman/language/fr/)
palapeli,1513,0,0,181,0,0,1746,1513,100.0,French <kde-francophone@kde.org>
pam,525,0,0,99,0,0,647,525,100.0,French <https://translate.fedoraproject.org/projects/linux-pam/master/fr/>
pan,3275,0,0,762,0,0,4141,3275,100.0,GNOME French Team <gnomefr@traduc.org>
pantheon-agent-geoclue2,101,0,0,18,0,0,122,101,100.0,French <https://l10n.elementary.io/projects/desktop/pantheon-agent-geoclue2/fr/>
pantheon-agent-polkit,56,0,0,16,0,0,63,56,100.0,French <https://weblate.elementary.io/projects/desktop/pantheon-agent-polkit/fr/>
paprefs,51,70,10,8,13,2,66,131,38.93129770992366,French <fedora-trans-fr@redhat.com>
parcellite,682,0,0,110,0,0,759,682,100.0,
parley,3850,0,0,753,0,0,4408,3850,100.0,FR
parole,1157,0,0,301,0,0,1455,1157,100.0,French (http://www.transifex.com/xfce/xfce-apps/language/fr/)
partclone,91,106,32,18,16,11,93,229,39.737991266375545,French <traduc@traduc.org>
parted,4071,179,281,522,20,23,4853,4531,89.84771573604061,French <traduc@traduc.org>
passwd,329,0,7,56,0,1,425,336,97.91666666666666,French <trans-fr@lists.fedoraproject.org>
pastebinit,195,0,0,29,0,0,228,195,100.0,LANGUAGE <LL@li.org>
pavucontrol,219,1,17,85,1,1,310,237,92.40506329113924,French <fedora-trans-fr@redhat.com>
pbuilder,2662,3553,418,191,149,33,2884,6633,40.13266998341625,French <debian-l10n-french@lists.debian.org>
pcb,928,1266,4350,210,309,892,1112,6544,14.180929095354522,fr_FR <LL@li.org>
pcmanfm,1206,9,0,295,2,0,1478,1215,99.25925925925925,
pcsxr,1625,377,593,544,67,155,1933,2595,62.6204238921002,French <jean.andre.santoni@gmail.com>
pdf2djvu,1176,0,0,167,0,0,1411,1176,100.0,French <debian-l10n-french@lists.debian.org>
pdfarranger,393,0,0,127,0,0,464,393,100.0,French - France <>
pdfmod,864,0,0,136,0,0,1028,864,100.0,GNOME French Team <gnomefr@traduc.org>
peek,527,20,17,87,5,5,628,564,93.43971631205675,French <https://hosted.weblate.org/projects/peek/translations/fr/>
perl,10,0,22,2,0,4,10,32,31.25,French <fr@li.org>
perl-Padre,4661,216,727,1107,49,95,5040,5604,83.17273376159886,Jérôme Quelin <jquelin@cpan.org>
perl-libintl-perl,19,0,0,19,0,0,19,19,100.0,French <guido.flohr@cantanea.com>
pgadmin3,22958,209,122,5809,43,25,28817,23289,98.57872815492293,Français <fr@li.org>
phd2,18863,220,548,3428,52,85,22347,19631,96.0878202842443,French <kde-i18n-doc@kde.org>
phonon,327,0,0,59,0,0,368,327,100.0,French <kde-francophone@kde.org>
phonon-backend-gstreamer,104,0,0,15,0,0,134,104,100.0,French <kde-francophone@kde.org>
phonon-qt4,0,116,0,0,25,0,0,116,0.0,French <kde-francophone@kde.org>
phonon-qt4-backend-gstreamer,0,104,0,0,15,0,0,104,0.0,French <kde-francophone@kde.org>
phosh,116,0,0,62,0,0,142,116,100.0,
photocollage,46,0,0,20,0,0,58,46,100.0,none <none@none.com>
php,1,0,0,1,0,0,1,1,100.0,
php-horde-Horde-Alarm,13,0,0,5,0,0,12,13,100.0,French <i18n@lists.horde.org>
php-horde-Horde-Argv,60,0,0,13,0,0,61,60,100.0,French <i18n@lists.horde.org>
php-horde-Horde-Auth,187,0,0,14,0,0,242,187,100.0,French <i18n@lists.horde.org>
php-horde-Horde-Browser,52,0,14,5,0,1,60,66,78.78787878787878,i18n@lists.horde.org
php-horde-Horde-Cli,16,0,0,5,0,0,17,16,100.0,French <i18n@lists.horde.org>
php-horde-Horde-Compress,25,0,0,6,0,0,32,25,100.0,French <i18n@lists.horde.org>
php-horde-Horde-Core,1016,0,0,259,0,0,1126,1016,100.0,French <i18n@lists.horde.org>
php-horde-Horde-Crypt,353,0,0,82,0,0,424,353,100.0,French <i18n@lists.horde.org>
php-horde-Horde-Data,53,0,0,8,0,0,53,53,100.0,French <i18n@lists.horde.org>
php-horde-Horde-Date,42,0,0,12,0,0,61,42,100.0,French <i18n@lists.horde.org>
php-horde-Horde-Exception,4,0,0,2,0,0,4,4,100.0,French <i18n@lists.horde.org>
php-horde-Horde-Form,560,0,0,148,0,0,639,560,100.0,French <i18n@lists.horde.org>
php-horde-Horde-Icalendar,3,0,0,1,0,0,3,3,100.0,i18n@lists.horde.org
php-horde-Horde-Image,22,136,423,21,78,186,22,581,3.7865748709122204,i18n@lists.horde.org
php-horde-Horde-Imap-Client,389,0,0,53,0,0,434,389,100.0,French <i18n@lists.horde.org>
php-horde-Horde-Imsp,3,0,0,1,0,0,6,3,100.0,French <i18n@lists.horde.org>
php-horde-Horde-Itip,56,0,0,10,0,0,55,56,100.0,French <i18n@lists.horde.org>
php-horde-Horde-Kolab-Storage,68,15,37,5,2,2,67,120,56.666666666666664,i18n@lists.horde.org
php-horde-Horde-LoginTasks,6,0,0,5,0,0,8,6,100.0,i18n@lists.horde.org
php-horde-Horde-Mime,48,0,0,12,0,0,74,48,100.0,i18n@lists.horde.org
php-horde-Horde-Mime-Viewer,47,0,0,20,0,0,52,47,100.0,French <i18n@lists.horde.org>
php-horde-Horde-Nls,430,0,0,263,0,0,389,430,100.0,i18n@lists.horde.org
php-horde-Horde-Perms,17,0,0,5,0,0,16,17,100.0,French <i18n@lists.horde.org>
php-horde-Horde-Prefs,30,0,0,9,0,0,38,30,100.0,French <i18n@lists.horde.org>
php-horde-Horde-Rpc,59,0,0,8,0,0,75,59,100.0,French <i18n@lists.horde.org>
php-horde-Horde-Service-Weather,527,0,0,205,0,0,514,527,100.0,French <i18n@lists.horde.org>
php-horde-Horde-Share,18,12,18,7,2,3,18,48,37.5,i18n@lists.horde.org
php-horde-Horde-SyncMl,3,0,0,1,0,0,7,3,100.0,French <i18n@lists.horde.org>
php-horde-Horde-Text-Filter,1,0,0,1,0,0,1,1,100.0,i18n@lists.horde.org
php-horde-Horde-Token,64,0,0,4,0,0,61,64,100.0,French <i18n@lists.horde.org>
php-horde-Horde-Vfs,10,0,0,3,0,0,10,10,100.0,French <i18n@lists.horde.org>
php-horde-horde,3297,0,0,825,0,0,3787,3297,100.0,French <i18n@lists.horde.org>
php-horde-imp,6872,1,0,1394,1,0,7989,6873,99.98545031281827,French <i18n@lists.horde.org>
php-horde-ingo,1010,1,0,261,1,0,1214,1011,99.90108803165182,French <i18n@lists.horde.org>
php-horde-kronolith,3834,3,18,796,2,2,4247,3855,99.45525291828794,French <kde-i18n-doc@kde.org>
php-horde-mnemo,579,0,0,146,0,0,688,579,100.0,French <i18n@lists.horde.org>
php-horde-nag,1626,0,0,379,0,0,1864,1626,100.0,French <i18n@lists.horde.org>
php-horde-passwd,325,0,0,64,0,0,469,325,100.0,French <i18n@lists.horde.org>
php-horde-turba,1858,0,0,438,0,0,2078,1858,100.0,French <i18n@lists.horde.org>
php-phpmyadmin-sql-parser5,268,0,0,50,0,0,305,268,100.0,French <https://hosted.weblate.org/projects/phpmyadmin/sql-parser/fr/>
picard,10886,0,154,3079,0,3,12089,11040,98.60507246376812,French (http://www.transifex.com/musicbrainz/musicbrainz/language/fr/)
picmi,200,0,0,116,0,0,236,200,100.0,French <kde-francophone@kde.org>
pidgin,15117,0,718,3319,0,138,17328,15835,95.46574044837386,French (http://www.transifex.com/pidgin/pidgin/language/fr/)
pidgin-birthday-reminder,204,0,85,57,0,9,244,289,70.58823529411765,French (http://www.transifex.com/kgraefe/pidgin-birthday-reminder/language/fr/)
pidgin-guifications,505,0,0,192,0,0,537,505,100.0,French <fr@li.org>
pidgin-libnotify,25,11,0,9,3,0,28,36,69.44444444444444,French <ef@li.org>
pidgin-otr,1064,0,0,159,0,0,1164,1064,100.0,Solveig <pidgin-otr@solveig.org>
pidgin-save-conv-order,3,0,23,1,0,2,4,26,11.538461538461538,French (http://www.transifex.com/kgraefe/pidgin-save-conv-order/language/fr/)
pidgin-sipe,1119,0,0,273,0,0,1375,1119,100.0,French (http://www.transifex.com/stefanb/pidgin-sipe/language/fr/)
pidgin-toobars,299,0,0,91,0,0,382,299,100.0,
pim-data-exporter,813,0,0,220,0,0,1009,813,100.0,FR
pim-sieve-editor,441,0,0,117,0,0,531,441,100.0,FR
pinball,340,0,0,128,0,0,359,340,100.0,French <kde-i18n-doc@kde.org>
pingus,3266,551,1579,312,21,114,3338,5396,60.526315789473685,Launchpad French Translators <lp-l10n-fr@lists.launchpad.net> Language:
pinta,1746,0,0,537,0,0,2177,1746,100.0,LANGUAGE <LL@li.org>
pioneers,2952,0,52,783,0,7,3310,3004,98.26897470039947,"Français <LL@li.org>, LT-P <LT-P@LT-P.net>, Yusei <yusei@ragondux.com>, Arnaud MALON <moko@geumeuleu.com>, Jean-Charles GRANGER <traduction@vecteur.org>"
piper,417,48,0,101,12,0,471,465,89.6774193548387,French <>
pipewire,184,216,247,71,17,20,203,647,28.438948995363216,French <https://translate.fedoraproject.org/projects/pipewire/pipewire/fr/>
pitivi,6661,1300,1512,817,46,79,7747,9473,70.31563390689327,français <GNOME French Team <gnomefr@traduc.org>>
plank,189,0,0,50,0,0,306,189,100.0,French <fr@li.org>
plasma-applet-redshift-control,62,0,0,30,0,0,78,62,100.0,Didier Raboud <odyx@debian.org>
plasma-applet-weather-widget,166,0,0,56,0,0,204,166,100.0,French (http://www.mageialinux-online.org/)
plasma-breeze,243,0,0,91,0,0,361,243,100.0,French <kde-francophone@kde.org>
plasma-browser-integration,701,0,0,84,0,0,837,701,100.0,French <kde-francophone@kde.org>
plasma-desktop,8150,0,0,1597,0,0,9812,8150,100.0,French <kde-francophone@kde.org>
plasma-discover,1982,0,0,529,0,0,2533,1982,100.0,French <kde-francophone@kde.org>
plasma-disks,215,0,0,23,0,0,252,215,100.0,French <kde-francophone@kde.org>
plasma-drkonqi,4052,0,0,351,0,0,4542,4052,100.0,French <kde-francophone@kde.org>
plasma-firewall,402,0,0,143,0,0,530,402,100.0,French <kde-francophone@kde.org>
plasma-integration,58,0,0,21,0,0,65,58,100.0,French <kde-francophone@kde.org>
plasma-mediacenter,172,0,0,87,0,0,218,172,100.0,French <kde-francophone@kde.org>
plasma-milou,10,0,0,4,0,0,13,10,100.0,French <kde-francophone@kde.org>
plasma-nm,5317,0,0,1301,0,0,6555,5317,100.0,French <kde-francophone@kde.org>
plasma-oxygen,805,0,0,293,0,0,1153,805,100.0,French <kde-francophone@kde.org>
plasma-pa,235,0,0,84,0,0,294,235,100.0,French <kde-francophone@kde.org>
plasma-pass,26,0,4,5,0,1,38,30,86.66666666666667,FR
plasma-pk-updates,1952,4,125,366,1,33,2403,2081,93.80105718404613,KDE Francophone <kde-francophone@kde.org>
plasma-sdk,838,0,0,259,0,0,1068,838,100.0,French <kde-francophone@kde.org>
plasma-systemmonitor,536,0,0,178,0,0,645,536,100.0,French <kde-francophone@kde.org>
plasma-systemsettings,218,0,0,56,0,0,276,218,100.0,French <kde-francophone@kde.org>
plasma-thunderbolt,178,0,0,42,0,0,214,178,100.0,French <kde-francophone@kde.org>
plasma-vault,874,0,0,102,0,0,965,874,100.0,French <kde-francophone@kde.org>
plasma-workspace,11558,0,0,2951,0,0,13662,11558,100.0,French <kde-francophone@kde.org>
playonlinux,2034,0,694,383,0,66,2243,2728,74.56011730205279,French <kde-i18n-doc@kde.org>
plee-the-bear,1132,0,638,223,0,374,1121,1770,63.954802259887,French <>
pluma,11041,0,2072,1663,0,427,12323,13113,84.19888660108289,French (https://www.transifex.com/mate/teams/13566/fr/)
pluma-plugins,517,0,881,45,0,98,624,1398,36.98140200286123,French (https://www.transifex.com/mate/teams/13566/fr/)
plymouth,16,0,0,7,0,0,22,16,100.0,French <https://translate.fedoraproject.org/projects/plymouth/master/fr/>
plymouth-kcm,112,0,0,24,0,0,145,112,100.0,French <kde-francophone@kde.org>
pmount,723,0,0,63,0,0,837,723,100.0,French <fr@li.org>
po-debconf,6255,0,0,342,0,0,6873,6255,100.0,French <debian-l10n-french@lists.debian.org>
po4a,26275,196,450,1794,28,60,28617,26921,97.60038631551576,French <https://hosted.weblate.org/projects/po4a/po4a/fr/>
poedit,2916,0,0,650,0,0,3519,2916,100.0,French
pogo,576,0,0,101,0,0,641,576,100.0,French <fr@li.org>
polari,2040,0,0,267,0,0,2310,2040,100.0,GNOME French Team <gnomefr@traduc.org>
policycoreutils,5651,453,1810,798,89,219,6851,7914,71.40510487743241,French
polkit-gnome,188,0,0,32,0,0,187,188,100.0,Tot en òc (totenoc.eu)
polkit-kde,95,0,0,30,0,0,120,95,100.0,French <kde-francophone@kde.org>
popt,61,8,15,24,2,5,73,84,72.61904761904762,RPM French Translation <rpm-fr@livna.org>
postgis,14872,6489,144138,1169,445,7643,15688,165499,8.986157016054477,LANGUAGE <kde-i18n-doc@kde.org>
postgresql,70272,0,0,9641,0,0,90199,70272,100.0,French <guillaume@lelarge.info>
postgresql-jdbc,1254,466,862,142,59,114,1464,2582,48.56700232378002,<en@li.org>
poweradmin,1385,0,0,220,0,0,1511,1385,100.0,poweradmin french
powerdevil,642,0,0,139,0,0,764,642,100.0,French <kde-i18n-doc@kde.org>
pptpd,425,0,0,23,0,0,423,425,100.0,French <debian-l10n-french@lists.debian.org>
pragha,830,0,60,263,0,13,1056,890,93.25842696629213,French (http://www.transifex.com/p/Pragha/language/fr/)
prewikka,2274,0,0,681,0,0,2669,2274,100.0,French
printrun,2231,113,315,433,24,40,2589,2659,83.90372320421211,FR <guillaume@segu.in>
procps-ng,28179,498,1162,2842,27,46,31768,29839,94.43681088508328,French <traduc@traduc.org>
proftpd,771,0,0,176,0,0,920,771,100.0,none
prusa-slicer,15135,0,0,2114,0,0,17795,15135,100.0,
psad,493,0,0,30,0,0,582,493,100.0,French <debian-l10n-french@lists.debian.org>
psmisc,3308,291,19,312,19,3,3772,3618,91.43173023770038,French <traduc@traduc.org>
pspp,9787,615,581,1874,159,73,11603,10983,89.11044341254666,French <traduc@traduc.org>
publican,38643,705,2256,2523,42,337,42386,41604,92.8828958753966,French <trans-fr@lists.fedoraproject.org>
pulseaudio,3437,0,0,517,0,0,4043,3437,100.0,French <https://translate.fedoraproject.org/projects/pulseaudio/pulseaudio/fr/>
pulsecaster,140,0,74,17,0,4,153,214,65.42056074766354,French (http://www.transifex.com/stickster/pulsecaster/language/fr/)
pulseeffects,187,206,451,43,119,225,180,844,22.156398104265403,
purple-discord,212,2,0,62,1,0,253,214,99.06542056074767,fr
purple-plugin_pack,1510,208,461,264,45,153,1830,2179,69.2978430472694,fr <fr@li.org>
purple-telegram,589,0,67,112,0,26,691,656,89.78658536585365,French (http://www.transifex.com/telegram-purple-developers/telegram-purple/language/fr/)
pv,257,59,159,53,12,32,322,475,54.10526315789473,
pychess,7592,0,0,1468,0,0,8172,7592,100.0,French (http://www.transifex.com/gbtami/pychess/language/fr/)
pyhoca-gui,0,0,1865,0,0,402,0,1865,0.0,X2Go i18n <x2go-i18n@lists.x2go.org>
pykickstart,1594,21,82,177,2,4,1731,1697,93.9304655274013,French <https://translate.fedoraproject.org/projects/pykickstart/master/fr/>
python-SecretStorage,59,0,0,9,0,0,68,59,100.0,français <gnomefr@traduc.org>
python-apt,544,0,0,118,0,0,667,544,100.0,French <debian-l10n-french@lists.debian.org>
python-ase,1408,0,6,359,0,2,1610,1414,99.57567185289957,French
python-blivet,558,0,0,76,0,0,654,558,100.0,French <https://translate.fedoraproject.org/projects/blivet/blivet-master/fr/>
python-caja,6,0,0,2,0,0,6,6,100.0,French (https://www.transifex.com/mate/teams/13566/fr/)
python-colander,161,0,0,30,0,0,202,161,100.0,fr <LL@li.org>
python-django,3893,0,13,888,0,4,4566,3906,99.66717869943676,French (http://www.transifex.com/django/django/language/fr/)
python-django-angular,40,0,0,3,0,0,48,40,100.0,LANGUAGE <LL@li.org>
python-django-contrib-comments,250,0,0,61,0,0,285,250,100.0,French (http://www.transifex.com/django/django-contrib-comments/language/fr/)
python-django-debug-toolbar,353,0,4,135,0,2,398,357,98.8795518207283,French (http://www.transifex.com/projects/p/django-debug-toolbar/language/fr/)
python-django-filter,16,0,0,7,0,0,17,16,100.0,LANGUAGE <LL@li.org>
python-django-formtools,32,0,0,11,0,0,39,32,100.0,French (http://www.transifex.com/projects/p/django-formtools/language/fr/)
python-django-markdownx,16,10,0,8,1,0,20,26,61.53846153846154,LANGUAGE <LL@li.org>
python-django-mptt,249,0,0,40,0,0,290,249,100.0,French <fr@li.org>
python-django-registration,84,0,0,17,0,0,96,84,100.0,Français <fr@li.org>
python-django-rest-framework,561,0,141,95,0,30,640,702,79.91452991452992,French (http://www.transifex.com/django-rest-framework-1/django-rest-framework/language/fr/)
python-django-reversion,116,0,0,20,0,0,123,116,100.0,LANGUAGE <LL@li.org>
python-django-robots,212,0,0,18,0,0,239,212,100.0,French (http://www.transifex.com/projects/p/django-robots/language/fr/)
python-django-tables2,2,0,0,2,0,0,2,2,100.0,fr <LL@li.org>
python-fedora,214,0,0,29,0,0,232,214,100.0,French (http://www.transifex.com/projects/p/python-fedora/language/fr/)
python-flask-admin,347,0,20,104,0,8,419,367,94.55040871934605,French
python-flask-security,337,0,0,69,0,0,445,337,100.0,fr_FR <LL@li.org>
python-formencode,752,15,46,108,2,5,818,813,92.49692496924969,GNOME French Team <gnomefr@traduc.org>
python-humanize,77,20,0,32,20,0,83,97,79.38144329896907,fr_FR <LL@li.org>
python-keystoneclient,30,0,0,14,0,0,36,30,100.0,French
python-meh,109,0,0,23,0,0,106,109,100.0,French (http://www.transifex.com/projects/p/python-meh/language/fr/)
python-murano-pkg-check,7,0,0,2,0,0,10,7,100.0,French
python-nikola,94,0,0,44,0,0,108,94,100.0,French (http://www.transifex.com/ralsina/nikola/language/fr/)
python-notebook,2924,0,930,623,0,96,3539,3854,75.86922677737415,
python-novaclient,116,0,0,80,0,0,136,116,100.0,French
python-okaara,2,0,255,1,0,44,2,257,0.7782101167315175,fr <LL@li.org>
python-oslo-concurrency,108,0,0,19,0,0,139,108,100.0,French
python-oslo-db,159,0,0,28,0,0,202,159,100.0,French
python-oslo-i18n,6,0,0,1,0,0,7,6,100.0,French
python-oslo-log,38,0,0,14,0,0,56,38,100.0,French
python-oslo-utils,70,0,0,10,0,0,87,70,100.0,French
python-simpleline,42,0,0,16,0,0,52,42,100.0,French <https://translate.fedoraproject.org/projects/python-simpleline/master/fr/>
python-sphinx,3918,0,663,650,0,58,4701,4581,85.52717747216765,French (http://www.transifex.com/sphinx-doc/sphinx-1/language/fr/)
python-sphinx_rtd_theme,78,0,0,26,0,0,92,78,100.0,French (https://www.transifex.com/readthedocs/teams/101354/fr/)
python-sphinxcontrib-applehelp,71,0,18,10,0,4,79,89,79.7752808988764,French (https://www.transifex.com/sphinx-doc/teams/36659/fr/)
python-sphinxcontrib-devhelp,15,0,3,1,0,1,15,18,83.33333333333334,French (https://www.transifex.com/sphinx-doc/teams/36659/fr/)
python-sphinxcontrib-htmlhelp,3,0,22,1,0,4,4,25,12.0,French (https://www.transifex.com/sphinx-doc/teams/36659/fr/)
python-sphinxcontrib-qthelp,3,0,30,1,0,2,5,33,9.090909090909092,French (https://www.transifex.com/sphinx-doc/teams/36659/fr/)
python-sphinxcontrib-serializinghtml,9,0,9,1,0,1,9,18,50.0,French (https://www.transifex.com/sphinx-doc/teams/36659/fr/)
python-tornado,7,0,0,5,0,0,13,7,100.0,LANGUAGE <LL@li.org>
python-uranium,733,0,0,153,0,0,862,733,100.0,"Lionbridge <info@lionbridge.com>, French <info@bothof.nl>"
python-uranium-lulzbot,404,0,0,118,0,0,479,404,100.0,LANGUAGE <LL@li.org>
python-wtforms,202,0,0,36,0,0,229,202,100.0,French
python-wxpython4,7291,216,337,1743,71,84,8598,7844,92.95002549719531,
qalculate-gtk,3450,59,865,1074,18,143,3936,4374,78.87517146776406,none
qalculate-kde,1385,19,16,581,8,7,1670,1420,97.53521126760563,Français <fr@li.org>
qemu,33,0,2,18,0,1,39,35,94.28571428571428,French <FR@li.org>
qtwebkit,1198,0,0,293,0,0,1479,1198,100.0,GNOME French Team <gnomefr@traduc.org>
quadrapassel,1480,0,0,177,0,0,1757,1480,100.0,GNOME French Team <gnomefr@traduc.org>
quarry,1807,0,0,447,0,0,2178,1807,100.0,fr <->
quassel,4876,0,3486,1222,0,485,5887,8362,58.31140875388663,French (http://www.transifex.com/quassel/quassel/language/fr/)
quick-usb-formatter,106,0,0,25,0,0,117,106,100.0,French <kde-i18n-doc@kde.org>
quilt,3613,0,0,182,0,0,4087,3613,100.0,French <traduc@traduc.org>
quilter,618,163,211,108,60,60,772,992,62.298387096774185,Français
quitcount,154,12,0,39,1,0,184,166,92.7710843373494,fr <colin@colino.net>
quodlibet,7680,1,5,1646,1,1,9374,7686,99.92193598750976,French <https://hosted.weblate.org/projects/quodlibet/quodlibet/fr/>
quota,1502,1554,1904,221,219,129,1906,4960,30.282258064516128,French <traduc@traduc.org>
rabbitvcs,1729,0,0,497,0,0,2005,1729,100.0,French <.>
radeontop,90,0,112,17,0,15,120,202,44.554455445544555,French <fr@li.org>
rapid-photo-downloader,6714,0,1022,844,0,24,7533,7736,86.78903826266804,Français <null>
rapidsvn,1284,52,49,420,26,15,1511,1385,92.70758122743682,RapidSVN Developers <dev@rapidsvn.tigris.org>
ravada,1112,0,0,300,0,0,1340,1112,100.0,French <https://hosted.weblate.org/projects/ravada/translation/fr/>
rawstudio,1315,216,75,417,71,14,1701,1606,81.88044831880448,Rawstudio development <rawstudio-dev@rawstudio.org>
realmd,110,0,679,18,0,109,116,789,13.941698352344739,French (http://www.transifex.com/freedesktop/realmd/language/fr/)
recode,605,156,0,75,2,0,662,761,79.5006570302234,French <traduc@traduc.org>
recutils,1867,0,0,209,0,0,2122,1867,100.0,French <traduc@traduc.org>
redhat-menus,261,0,0,86,0,0,310,261,100.0,French <fedora-trans-fr@redhat.com>
rednotebook,1126,0,21,237,0,3,1371,1147,98.1691368788143,French <fr@li.org>
redshift,993,0,35,147,0,4,1153,1028,96.59533073929961,French <fr@li.org>
regexxer,466,0,1,99,0,1,558,467,99.78586723768737,GNOME French Team <gnomefr@traduc.org>
rekonq,2196,6,0,592,1,0,2779,2202,99.72752043596729,French <kde-francophone@kde.org>
remmina,5099,3,32,957,1,9,6614,5134,99.31827035449942,French <https://hosted.weblate.org/projects/remmina/remmina/fr/>
renameutils,1302,379,0,168,8,0,1545,1681,77.45389649018442,French <traduc@traduc.org>
renderdoc,78,0,0,26,0,0,92,78,100.0,French (https://www.transifex.com/readthedocs/teams/101354/fr/)
retrace-server,433,0,0,56,0,0,517,433,100.0,French <https://translate.fedoraproject.org/projects/abrt/retrace-server/fr/>
reuse,1062,0,0,136,0,0,1188,1062,100.0,French
revelation,1522,188,717,338,38,71,1897,2427,62.711166048619695,French (http://www.transifex.com/hey_neken/revelation/language/fr/)
rhash,134,12,319,30,3,58,159,465,28.817204301075268,French <fr@li.org>
rhythmbox,8941,0,2863,1409,0,100,10409,11804,75.74550999661132,GNOME French Team <gnomefr@traduc.org>
rhythmbox-alternative-toolbar,294,0,0,60,0,0,379,294,100.0,French <fr@li.org>
ristretto,639,0,0,201,0,0,754,639,100.0,French (http://www.transifex.com/xfce/xfce-apps/language/fr/)
rkward,2876,5075,28106,683,682,2687,3316,36057,7.976259810855035,KDE Francophone <kde-francophone@kde.org>
rmlint,739,228,299,134,37,33,909,1266,58.37282780410743,none
rmol,125,0,313,48,0,83,137,438,28.538812785388128,American English <kde-i18n-doc@kde.org>
rocs,1452,0,0,302,0,0,1669,1452,100.0,FR
rpm,3209,169,1258,637,34,219,3965,4636,69.21915444348576,French (http://www.transifex.com/rpm-team/rpm/language/fr/)
rpm-ostree,1441,0,0,224,0,0,1817,1441,100.0,French <https://translate.fedoraproject.org/projects/dnf/libdnf-dnf-4-master/fr/>
rrdtool,543,0,0,31,0,0,563,543,100.0,English <>
rsibreak,1053,33,89,149,3,6,1080,1175,89.61702127659575,French <kde-francophone@kde.org>
rt,11340,0,503,2541,0,180,13537,11843,95.75276534661825,French <fr@li.org>
rteval-loads,394,211,544,39,21,96,432,1149,34.29068755439513,NONE
rust,1273,0,101,148,0,10,1469,1374,92.64919941775837,None
rust-rd-agent,394,211,544,39,21,96,432,1149,34.29068755439513,NONE
rygel,1641,0,0,304,0,0,2053,1641,100.0,GNOME French Team <gnomefr@traduc.org>
sakura,198,0,6,68,0,1,279,204,97.05882352941177,<fabrice.thiroux@free.fr>
samba,524,0,0,128,0,0,679,524,100.0,French <debian-l10n-french@lists.debian.org>
sane-backends,5681,128,160,1185,29,27,6822,5969,95.17507120120624,
sawfish,6452,0,0,983,0,0,8321,6452,100.0,French <GNOME French Team <gnomefr@traduc.org>>
schroot,14150,94,0,1009,1,0,16155,14244,99.34007301319853,French <debian-l10n-french@lists.debian.org>
scim-hangul,77,51,86,23,5,12,79,214,35.981308411214954,French
scim-pinyin,204,430,0,58,28,0,212,634,32.17665615141956,French
scmxx,911,247,488,235,62,114,1119,1646,55.34629404617254,French <traduc@traduc.org>
scratch,1456,5,9,617,3,6,1716,1470,99.04761904761905,Lionel Laské <llaske@c2s.fr>
screenkey,223,0,9,132,0,9,277,232,96.12068965517241,French
scummvm,9021,0,0,1682,0,0,10522,9021,100.0,French <https://translations.scummvm.org/projects/scummvm/scummvm/fr/>
sdcc,11953,0,0,1771,0,0,14584,11953,100.0,French <traduc@traduc.org>
sdcv,47,55,45,10,8,9,58,147,31.97278911564626,Vincent Petry <PVince81@yahoo.fr>
sddm-kcm,185,0,0,45,0,0,240,185,100.0,French <kde-francophone@kde.org>
seahorse,8964,0,0,953,0,0,10109,8964,100.0,GNOME French Team <gnomefr@traduc.org>
seahorse-caja,421,0,0,110,0,0,507,421,100.0,GNOME French Team <gnomefr@traduc.org>
seahorse-nautilus,421,0,0,110,0,0,507,421,100.0,GNOME French Team <gnomefr@traduc.org>
sed,830,0,0,146,0,0,989,830,100.0,French <traduc@traduc.org>
sensible-utils,232,0,74,40,0,2,289,306,75.81699346405229,French <kde-i18n-doc@kde.org>
sequeler,435,119,876,144,14,146,546,1430,30.419580419580424,French <https://hosted.weblate.org/projects/sequeler/translations/fr/>
setroubleshoot,635,0,0,167,0,0,705,635,100.0,French <https://translate.fedoraproject.org/projects/setroubleshoot/setroubleshoot/fr/>
setroubleshoot-plugins,6246,0,0,226,0,0,6715,6246,100.0,French <https://translate.fedoraproject.org/projects/setroubleshoot/plugins/fr/>
setuptool,55,0,0,14,0,0,65,55,100.0,Français <fedora-trans-fr@redhat.com>
shadow-utils,16375,1008,4008,1223,152,536,18400,21391,76.55088588658782,French <debian-l10n-french@lists.debian.org>
shared-mime-info,2018,0,40,783,0,12,2228,2058,98.05636540330418,French (http://www.transifex.com/freedesktop/shared-mime-info/language/fr/)
sharutils,2974,173,0,299,5,0,3348,3147,94.50270098506515,French <traduc@traduc.org>
shotwell,13631,0,0,1671,0,0,15329,13631,100.0,GNOME French Team <gnomefr@traduc.org>
shutter,3093,0,0,606,0,0,3583,3093,100.0,French <fr@li.org>
simple-ccsm,150,0,12,61,0,3,188,162,92.5925925925926,French <fr@li.org>
simple-scan,2205,0,0,311,0,0,2719,2205,100.0,GNOME French Team <gnomefr@traduc.org>
siril,18684,0,0,2050,0,0,20831,18684,100.0,French <cyril@free-astro.fr>
sirius,154,0,0,45,0,0,181,154,100.0,LANGUAGE <LL@li.org>
skanlite,183,0,0,62,0,0,225,183,100.0,French <kde-francophone@kde.org>
skrooge,12058,0,0,2479,0,0,13785,12058,100.0,French <kde-francophone@kde.org>
skychart,13366,145,7575,4246,11,2172,13498,21086,63.3880299724936,Laurent Jacques <wile64@gmail.com>
slick-greeter,211,0,0,47,0,0,240,211,100.0,French <fr@li.org>
slrn,4463,593,295,816,52,82,5092,5351,83.40497103345169,French - <slrnfr@ml.free.fr>
smb4k,6436,0,0,682,0,0,7454,6436,100.0,French <kde-francophone@kde.org>
snapd,3911,0,396,431,0,50,4684,4307,90.80566519619224,French <fr@li.org>
snapper,1095,0,0,252,0,0,1316,1095,100.0,French <https://l10n.opensuse.org/projects/snapper/master/fr/>
snownews,581,66,29,124,8,7,654,676,85.94674556213018,Français
solaar,0,0,0,0,0,0,0,0,0.0,Language: fr
sos,54,33,35,11,7,12,64,122,44.26229508196721,French <trans-fr@lists.fedoraproject.org>
sound-juicer,3549,0,0,341,0,0,4024,3549,100.0,GNOME French Team <gnomefr@traduc.org>
soundconverter,542,194,278,210,20,28,657,1014,53.4516765285996,French <en@li.org>
soundkonverter,4003,0,59,559,0,11,4463,4062,98.54751354012802,French (http://www.transifex.com/hessijames/soundkonverter/language/fr/)
soundmodem,91,0,0,50,0,0,101,91,100.0,French <debian-l10n-french@lists.debian.org>
soundtracker,1132,950,1657,328,270,302,1431,3739,30.275474725862527,French <traduc@traduc.org>
spacefm,7137,0,1941,1424,0,198,8894,9078,78.6186384666226,French (http://www.transifex.com/ignorantguru/spacefm/language/fr/)
sparkleshare,381,0,21,85,0,2,407,402,94.77611940298507,
spectacle,897,0,0,186,0,0,1133,897,100.0,French <kde-francophone@kde.org>
speech-dispatcher,1427,0,0,164,0,0,1556,1427,100.0,French <https://hosted.weblate.org/projects/speech-dispatcher/po/fr/>
speedcrunch,0,0,2461,0,0,177,0,2461,0.0,French (France) (http://www.transifex.com/polwel/test-439/language/fr_FR/)
spice-gtk,2,32,305,5,12,56,5,339,0.5899705014749262,GNOME French Team <gnomefr@traduc.org>
splix,344,0,0,218,0,0,385,344,100.0,
springlobby,2470,0,2100,797,0,410,2852,4570,54.04814004376368,french
spyder,9636,0,5,1678,0,1,11402,9641,99.94813815994192,French
squirrelmail,9155,0,468,1852,0,78,10575,9623,95.13665177179674,French <squirrelmail-i18n@lists.sourceforge.net>
srain,1066,11,0,248,1,0,1285,1077,98.9786443825441,
sssd,19635,335,24871,2053,52,1446,22241,44841,43.78805111393591,French <https://translate.fedoraproject.org/projects/sssd/sssd-master/fr/>
stardict,4396,726,948,871,136,179,5239,6070,72.42174629324548,French <gnomefr@traduc.org>
steghide,1859,0,0,185,0,0,2169,1859,100.0,Deutsch
stellarium,77851,0,67246,28988,0,7994,83077,145097,53.654451849452435,French (https://www.transifex.com/stellarium/teams/80998/fr/)
step,3817,0,0,978,0,0,4382,3817,100.0,French <kde-francophone@kde.org>
stratagus,237,8,0,67,2,0,260,245,96.73469387755102,FRENCH
strawberry,4519,0,442,1223,0,80,5770,4961,91.09050594638177,French
subscription-manager,6715,73,20,1160,14,3,8195,6808,98.63396004700353,French <https://translate.fedoraproject.org/projects/subscription-manager/subscription-manager-main/fr/>
subtitleeditor,2894,6,397,775,3,62,3264,3297,87.77676675765848,French <LL@li.org>
subversion,23681,0,0,2266,0,0,26888,23681,100.0,French <dev@subversion.tigris.org>
sudo,5223,0,0,764,0,0,6553,5223,100.0,French <traduc@traduc.org>
sugar,2305,0,0,529,0,0,2637,2305,100.0,French <traduc@traduc.org>
sugar-abacus,28,0,0,23,0,0,29,28,100.0,LANGUAGE <LL@li.org>
sugar-browse,330,4,0,70,1,0,394,334,98.80239520958084,Traduc-fr <traduc@traduc.org>
sugar-calculator,866,0,0,169,0,0,930,866,100.0,LANGUAGE <LL@li.org>
sugar-chat,137,0,0,81,0,0,161,137,100.0,French <mrtom@fedoraproject.org>
sugar-clock,66,0,0,21,0,0,492,66,100.0,French
sugar-colordeducto,109,0,0,23,0,0,125,109,100.0,LANGUAGE <LL@li.org>
sugar-deducto,107,0,0,23,0,0,123,107,100.0,OLPC France <contact@olpc-france.org>
sugar-distance,99,0,0,26,0,0,106,99,100.0,LANGUAGE <LL@li.org>
sugar-finance,240,18,0,59,4,0,269,258,93.02325581395348,LANGUAGE <LL@li.org>
sugar-flip,17,0,0,7,0,0,19,17,100.0,LANGUAGE <LL@li.org>
sugar-flipsticks,151,0,0,45,0,0,158,151,100.0,LANGUAGE <LL@li.org>
sugar-fototoon,139,0,0,48,0,0,164,139,100.0,LANGUAGE <LL@li.org>
sugar-fractionbounce,126,0,16,35,0,6,138,142,88.73239436619718,OLPC France <contact@olpc-france.org>
sugar-imageviewer,58,0,0,16,0,0,68,58,100.0,French
sugar-implode,77,0,0,20,0,0,83,77,100.0,LANGUAGE <LL@li.org>
sugar-jukebox,69,0,0,22,0,0,78,69,100.0,LANGUAGE <LL@li.org>
sugar-locosugar,74,0,0,12,0,0,82,74,100.0,LANGUAGE <LL@li.org>
sugar-log,98,0,0,21,0,0,110,98,100.0,LANGUAGE <LL@li.org>
sugar-maze,7,0,0,4,0,0,9,7,100.0,OLPC France <contact@olpc-france.org>
sugar-measure,162,0,0,75,0,0,185,162,100.0,OLPC France <contact@olpc-france.org>
sugar-memorize,142,0,0,74,0,0,171,142,100.0,LANGUAGE <LL@li.org>
sugar-moon,63,0,0,36,0,0,75,63,100.0,LANGUAGE <LL@li.org>
sugar-nutrition,183,0,0,90,0,0,181,183,100.0,LANGUAGE <LL@li.org>
sugar-paint,106,0,0,61,0,0,136,106,100.0,Language locale/fr/LC
sugar-physics,48,0,0,28,0,0,52,48,100.0,LANGUAGE <LL@li.org>
sugar-pippy,282,0,0,68,0,0,319,282,100.0,LANGUAGE <LL@li.org>
sugar-playgo,85,0,0,30,0,0,106,85,100.0,French
sugar-portfolio,73,0,0,25,0,0,87,73,100.0,LANGUAGE <LL@li.org>
sugar-pukllanapac,10,0,0,5,0,0,14,10,100.0,LANGUAGE <LL@li.org>
sugar-read,137,0,0,50,0,0,159,137,100.0,Français <fedora-trans-fr@redhat.com>
sugar-recall,47,0,0,9,0,0,44,47,100.0,LANGUAGE <LL@li.org>
sugar-record,62,0,0,24,0,0,73,62,100.0,LANGUAGE <LL@li.org>
sugar-speak,227,0,0,74,0,0,241,227,100.0,LANGUAGE <LL@li.org>
sugar-stopwatch,5,0,0,5,0,0,5,5,100.0,LANGUAGE <LL@li.org>
sugar-story,24,0,0,11,0,0,26,24,100.0,OLPC France <contact@olpc-france.org>
sugar-terminal,121,0,0,26,0,0,123,121,100.0,LANGUAGE <LL@li.org>
sugar-toolkit-gtk3,161,0,52,112,0,11,168,213,75.5868544600939,LANGUAGE <LL@li.org>
sugar-turtleart,1574,0,0,478,0,0,1873,1574,100.0,LANGUAGE <walter@sugarlabs.org>
sugar-typing-turtle,599,0,0,127,0,0,637,599,100.0,LANGUAGE <LL@li.org>
sugar-view-slides,7,0,0,5,0,0,9,7,100.0,French
sugar-words,3,0,0,3,0,0,3,3,100.0,LANGUAGE <LL@li.org>
sugar-write,121,0,0,55,0,0,143,121,100.0,French <traduc@traduc.org>
sugar-xoeditor,29,0,0,7,0,0,30,29,100.0,LANGUAGE <LL@li.org>
supertux,3395,0,96,910,0,51,3822,3491,97.25007161271841,French (http://www.transifex.com/arctic-games/supertux/language/fr/)
supertuxkart,5918,0,0,1104,0,0,6832,5918,100.0,French (http://www.transifex.com/supertuxkart/supertuxkart/language/fr/)
sushi,54,0,0,14,0,0,54,54,100.0,GNOME French Team <gnomefr@traduc.org>
svgpart,22,0,0,7,0,0,26,22,100.0,French <kde-i18n-doc@kde.org>
swappy,19,0,0,8,0,0,28,19,100.0,none
sweep,125,273,2001,50,105,383,107,2399,5.2105043768236765,French <LL@li.org>
sweeper,228,0,0,50,0,0,263,228,100.0,FR
swell-foop,992,0,0,147,0,0,1164,992,100.0,GNOME French Team <gnomefr@traduc.org>
switchboard,124,0,0,26,0,0,166,124,100.0,French <https://weblate.elementary.io/projects/switchboard/switchboard/fr/>
switchboard-plug-a11y,125,7,48,39,1,7,152,180,69.44444444444444,French <https://l10n.elementary.io/projects/switchboard/switchboard-plug-a11y/fr/>
switchboard-plug-about,383,0,0,85,0,0,512,383,100.0,French <https://l10n.elementary.io/projects/switchboard/switchboard-plug-about/fr/>
switchboard-plug-applications,209,0,18,61,0,2,269,227,92.07048458149781,French <https://l10n.elementary.io/projects/switchboard/switchboard-plug-applications/fr/>
switchboard-plug-bluetooth,206,0,0,53,0,0,242,206,100.0,French <https://l10n.elementary.io/projects/switchboard/switchboard-plug-bluetooth/fr/>
switchboard-plug-display,182,0,0,62,0,0,245,182,100.0,French <https://l10n.elementary.io/projects/switchboard/switchboard-plug-display/fr/>
switchboard-plug-keyboard,631,0,5,213,0,1,834,636,99.21383647798741,French <https://l10n.elementary.io/projects/switchboard/switchboard-plug-keyboard/fr/>
switchboard-plug-mouse-touchpad,282,0,0,92,0,0,399,282,100.0,French <https://l10n.elementary.io/projects/switchboard/switchboard-plug-mouse-touchpad/fr/>
switchboard-plug-networking,522,0,0,145,0,0,652,522,100.0,French <https://l10n.elementary.io/projects/switchboard/switchboard-plug-networking/fr/>
switchboard-plug-notifications,142,0,0,21,0,0,163,142,100.0,French <https://l10n.elementary.io/projects/switchboard/switchboard-plug-notifications/fr/>
switchboard-plug-onlineaccounts,322,0,0,76,0,0,406,322,100.0,French <https://l10n.elementary.io/projects/switchboard/switchboard-plug-onlineaccounts/fr/>
switchboard-plug-pantheon-shell,336,0,0,110,0,0,471,336,100.0,French <https://l10n.elementary.io/projects/switchboard/switchboard-plug-pantheon-shell/fr/>
switchboard-plug-printers,362,0,0,144,0,0,419,362,100.0,French <https://l10n.elementary.io/projects/switchboard/switchboard-plug-printers/fr/>
switchboard-plug-sharing,141,0,0,32,0,0,176,141,100.0,French <https://l10n.elementary.io/projects/switchboard/switchboard-plug-sharing/fr/>
switchboard-plug-sound,173,0,20,55,0,2,217,193,89.63730569948186,French <https://l10n.elementary.io/projects/switchboard/switchboard-plug-sound/fr/>
switchdesk,101,0,21,9,0,10,128,122,82.78688524590164,french <fedora-trans-fr@redhat.com>
sylpheed,7118,87,9,1764,31,2,8690,7214,98.6692542278902,French <gnomefr@traduc.org>
sympa,37334,8,16,3622,2,3,42054,37358,99.9357567321591,Français
synapse,789,0,67,216,0,18,982,856,92.17289719626169,French <fr@li.org>
syncevolution,1132,0,0,163,0,0,1314,1132,100.0,French (http://www.transifex.net/projects/p/meego/team/fr/)
synfig,4665,0,80,1141,0,20,5112,4745,98.31401475237091,French (http://www.transifex.com/morevnaproject/synfig/language/fr/)
synfigstudio,5938,0,1014,1584,0,49,7062,6952,85.41426927502876,French (http://www.transifex.com/morevnaproject/synfig/language/fr/)
sysprof,290,0,0,83,0,0,350,290,100.0,français <GNOME French Team <gnomefr@traduc.org>>
sysstat,829,0,0,81,0,0,932,829,100.0,French <traduc@traduc.org>
system-config-language,197,17,1,29,1,1,231,215,91.62790697674419,French <fedora-trans-fr@redhat.com>
system-config-printer,3394,38,33,896,16,9,4037,3465,97.95093795093796,French <https://translate.fedoraproject.org/projects/system-config-printer/master/fr/>
system-config-rootpassword,116,0,0,19,0,0,156,116,100.0,Français <fedora-trans-fr@redhat.com>
system-switch-java,81,0,0,11,0,0,101,81,100.0,Fedora French <fedora-trans-fr@redhat.com>
system-switch-mail,9,88,4,6,8,3,12,101,8.91089108910891,Français <fedora-trans-fr@redhat.com>
systemd,1506,0,0,189,0,0,1661,1506,100.0,French <https://translate.fedoraproject.org/projects/systemd/master/fr/>
systemtap,839,2520,6601,189,447,923,1047,9960,8.423694779116465,French
tagtool,943,10,5,205,3,3,1126,958,98.43423799582463,French <jeremie.knuesel@epfl.ch>
tali,2427,0,0,187,0,0,2653,2427,100.0,GNOME French Team <gnomefr@traduc.org>
tar,3605,44,9,589,4,1,4609,3658,98.55112083105521,French <traduc@traduc.org>
taxi,62,0,0,15,0,0,70,62,100.0,LANGUAGE <LL@li.org>
tcpreen,327,0,0,40,0,0,375,327,100.0,N/A
teg,2378,0,0,583,0,0,2610,2378,100.0,nobody
tellico,5862,0,0,1262,0,0,6596,5862,100.0,French <kde-francophone@kde.org>
terminator,1403,0,47,417,0,10,1727,1450,96.75862068965517,French (https://www.transifex.com/terminator/teams/109338/fr/)
terminology,978,0,0,233,0,0,1156,978,100.0,French <https://hosted.weblate.org/projects/terminology/terminology/fr/>
texi2html,766,812,418,162,86,85,911,1996,38.37675350701403,French <guido@imperia.net>
texinfo,6136,0,0,893,0,0,6779,6136,100.0,French <traduc@traduc.org>
texlive,0,0,0,0,0,0,0,0,0.0,
tgif,0,0,0,0,0,0,0,0,0.0,
thonny,1811,2,0,420,1,0,2155,1813,99.88968560397133,
thunar-archive-plugin,86,0,0,13,0,0,83,86,100.0,French (http://www.transifex.com/xfce/thunar-plugins/language/fr/)
thunar-media-tags-plugin,156,0,0,58,0,0,181,156,100.0,French (http://www.transifex.com/xfce/thunar-plugins/language/fr/)
thunar-vcs-plugin,613,0,161,287,0,20,745,774,79.19896640826873,French (http://www.transifex.com/xfce/thunar-plugins/language/fr/)
thunar-volman,484,0,0,115,0,0,572,484,100.0,French (http://www.transifex.com/xfce/thunar-volman/language/fr/)
thunderbird,976,303,348,327,87,75,1165,1627,59.987707437000616,French <traduc@traduc.org>
tidy,6740,0,599,436,0,33,7271,7339,91.83812508516147,
tigervnc,895,0,0,190,0,0,1080,895,100.0,French <traduc@traduc.org>
tilda,238,69,360,73,20,93,298,667,35.68215892053973,French <fr@li.org>
tiled,9484,98,11296,736,26,579,10859,20878,45.42580706964269,French <https://hosted.weblate.org/projects/tiled/documentation-index/fr/>
tilibs,2293,0,0,436,0,0,2543,2293,100.0,Français <tilp-users@list.sf.net>
tilix,2696,23,91,707,3,13,3395,2810,95.94306049822065,French <https://hosted.weblate.org/projects/tilix/manpage/fr/>
tilp2,1433,0,0,370,0,0,1567,1433,100.0,Français <tilp-users@lists.sf.net>
tilp_and_gfm,1690,0,0,457,0,0,1844,1690,100.0,Français <tilp-users@lists.sf.net>
timeshift,2862,36,107,574,9,16,3504,3005,95.24126455906821,French <fr@li.org>
tin,11227,28,6,1540,7,2,12068,11261,99.6980729952935,French <traduc@traduc.org>
tint2,8508,134,166,911,4,7,8915,8808,96.59400544959128,Bento <meets@gmx.fr>
tomboy,7078,0,4,730,0,1,8004,7082,99.94351878000565,GNOME French Team <gnomefr@traduc.org>
toppler,530,5,17,205,2,8,677,552,96.01449275362319,French <fr@li.org>
torbrowser-launcher,228,0,0,48,0,0,264,228,100.0,French
tortoisehg,13029,0,214,2402,0,26,15190,13243,98.38405195197463,French <fr@li.org>
totem,3202,0,0,542,0,0,3704,3202,100.0,GNOME French Team <gnomefr@traduc.org>
totem-pl-parser,29,0,0,8,0,0,30,29,100.0,français <gnomefr@traduc.org>
trac,7413,1733,6255,1320,181,240,8724,15401,48.13323810142199,fr <trac-dev@googlegroups.com>
trackballs,1631,0,0,500,0,0,1786,1631,100.0,Français >
tracker,580,0,0,110,0,0,748,580,100.0,GNOME French Team <gnomefr@traduc.org>
tracker-miners,1810,0,0,289,0,0,2177,1810,100.0,GNOME French Team <gnomefr@traduc.org>
trader,2036,0,0,238,0,0,2134,2036,100.0,French <traduc@traduc.org>
translate-toolkit,11,0,0,11,0,0,11,11,100.0,
transmageddon,390,0,0,81,0,0,485,390,100.0,GNOME French Team <gnomefr@traduc.org>
transmission,1998,0,0,523,0,0,2494,1998,100.0,French (https://www.transifex.com/transmissionbt/teams/33778/fr/)
transmission-remote-gtk,747,54,168,339,17,40,935,969,77.08978328173374,French <fr@li.org>
trojita,4754,0,0,987,0,0,5917,4754,100.0,French <kde-francophone@kde.org>
trustedqsl,4339,0,0,659,0,0,5174,4339,100.0,TQSL Developers
tryton,835,0,0,364,0,0,943,835,100.0,
trytond,2648,0,0,1207,0,0,3316,2648,100.0,
trytond-account,2743,0,0,1220,0,0,3493,2743,100.0,
trytond-account-invoice,1028,0,0,372,0,0,1308,1028,100.0,
trytond-account-invoice-history,2,0,0,1,0,0,2,2,100.0,
trytond-account-invoice-line-standalone,10,0,0,4,0,0,14,10,100.0,
trytond-account-product,296,0,0,95,0,0,360,296,100.0,
trytond-account-statement,231,0,0,127,0,0,301,231,100.0,
trytond-account-stock-anglo-saxon,74,0,0,12,0,0,75,74,100.0,
trytond-account-stock-continental,325,0,0,69,0,0,389,325,100.0,
trytond-analytic-account,184,0,0,95,0,0,221,184,100.0,
trytond-analytic-invoice,13,0,0,3,0,0,14,13,100.0,
trytond-analytic-purchase,22,0,0,4,0,0,24,22,100.0,
trytond-analytic-sale,13,0,0,3,0,0,13,13,100.0,
trytond-company,118,0,0,77,0,0,147,118,100.0,
trytond-company-work-time,18,0,0,5,0,0,23,18,100.0,
trytond-country,7539,0,0,5243,0,0,7277,7539,100.0,
trytond-currency,469,0,0,233,0,0,533,469,100.0,
trytond-dashboard,35,0,0,22,0,0,60,35,100.0,
trytond-google-maps,2,0,0,1,0,0,2,2,100.0,
trytond-ldap-authentication,10,0,0,1,0,0,13,10,100.0,
trytond-party,268,0,0,152,0,0,339,268,100.0,
trytond-party-siret,18,0,0,5,0,0,25,18,100.0,
trytond-product,375,0,0,210,0,0,439,375,100.0,
trytond-product-cost-fifo,24,0,0,4,0,0,32,24,100.0,
trytond-product-cost-history,27,0,0,14,0,0,40,27,100.0,
trytond-product-price-list,74,0,0,32,0,0,104,74,100.0,
trytond-project,143,0,0,62,0,0,168,143,100.0,
trytond-project-plan,83,0,0,46,0,0,104,83,100.0,
trytond-project-revenue,12,0,0,8,0,0,15,12,100.0,
trytond-purchase,571,0,0,291,0,0,698,571,100.0,
trytond-purchase-invoice-line-standalone,51,0,0,22,0,0,71,51,100.0,
trytond-sale,536,0,0,266,0,0,662,536,100.0,
trytond-sale-opportunity,320,0,0,174,0,0,405,320,100.0,
trytond-sale-price-list,5,0,0,2,0,0,8,5,100.0,
trytond-stock,1203,0,0,563,0,0,1410,1203,100.0,
trytond-stock-forecast,174,0,0,81,0,0,237,174,100.0,
trytond-stock-inventory-location,17,0,0,11,0,0,21,17,100.0,
trytond-stock-location-sequence,1,0,0,1,0,0,1,1,100.0,
trytond-stock-product-location,23,0,0,14,0,0,33,23,100.0,
trytond-stock-supply,147,0,0,58,0,0,172,147,100.0,
trytond-stock-supply-day,27,0,0,18,0,0,41,27,100.0,
trytond-timesheet,278,0,0,131,0,0,378,278,100.0,
tumbler,241,0,0,39,0,0,307,241,100.0,French (http://www.transifex.com/xfce/tumbler/language/fr/)
tuxmath,1455,0,0,249,0,0,1598,1455,100.0,
tuxpaint,1748,0,0,318,0,0,1834,1748,100.0,<fr@li.org>
tuxpaint-stamps,3249,0,0,805,0,0,3469,3249,100.0,
tuxtype2,73,0,7,33,0,7,93,80,91.25,LANGUAGE <LL@li.org>
tvtime,1120,67,35,238,3,5,1313,1222,91.65302782324059,French <fr@li.org>
txt2regex,215,0,35,76,0,4,237,250,86.0,
typespeed,457,0,0,101,0,0,489,457,100.0,French
ucview,150,47,324,60,18,88,184,521,28.79078694817658,<>
udisks2,2158,0,29,512,0,5,2608,2187,98.67398262459992,French
ufraw,2155,17,0,424,1,0,2552,2172,99.21731123388582,Gaëtan PERRIER <gaetan.perrier@free.fr>
ufw,761,0,118,176,0,5,1059,879,86.57565415244596,French <fr@li.org>
ufw-kde,815,0,0,190,0,0,1021,815,100.0,French <kde-francophone@kde.org>
uget,1085,0,0,362,0,0,1360,1085,100.0,French (http://www.transifex.com/uget/uget/language/fr/)
uim,303,3,5870,220,2,1583,319,6176,4.9060880829015545,fr <LL@li.org>
ultimatestunts,590,0,0,152,0,0,660,590,100.0,French <LL@li.org>
umbrello,6500,0,0,1727,0,0,7892,6500,100.0,FR
upower,145,0,0,26,0,0,184,145,100.0,French <fr@li.org>
urjtag,1164,1507,2149,157,213,313,1364,4820,24.149377593360995,French <traduc@traduc.org>
vdrift,670,0,979,233,0,175,770,1649,40.63068526379624,French (http://www.transifex.com/vdrift/vdrift/language/fr/)
virtualplanet,872,21,580,456,10,299,888,1473,59.19891378139851,French <kde-i18n-doc@kde.org>
visualboyadvance-m,4432,0,354,1615,0,175,5370,4786,92.60342666109486,French (France) (http://www.transifex.com/bgk/vba-m/language/fr_FR/)
volume_key,745,10,8,151,2,1,1024,763,97.64089121887287,French <trans-fr@lists.fedoraproject.org>
volumeicon,54,0,0,21,0,0,63,54,100.0,French
vorbis-tools,901,918,1977,171,128,141,1141,3796,23.735511064278185,French <traduc@traduc.org>
votca-csg,78,0,0,26,0,0,92,78,100.0,French (https://www.transifex.com/readthedocs/teams/101354/fr/)
votca-tools,78,0,0,26,0,0,92,78,100.0,French (https://www.transifex.com/readthedocs/teams/101354/fr/)
votca-xtp,78,0,0,26,0,0,92,78,100.0,French (https://www.transifex.com/readthedocs/teams/101354/fr/)
vrms-rpm,28,0,0,26,0,0,318,28,100.0,
vte,84,0,0,14,0,0,119,84,100.0,GNOME French Team <gnomefr@traduc.org>
vte291,46,0,0,9,0,0,56,46,100.0,GNOME French Team <gnomefr@traduc.org>
wallpapoz,395,0,0,101,0,0,449,395,100.0,French <traduc@traduc.org>
wapiti,1430,0,127,254,0,20,2534,1557,91.84328837508028,LANGUAGE <LL@li.org>
warmux,2736,8,0,467,5,0,3034,2744,99.70845481049562,<fr@li.org>
warzone2100,14531,0,7,3086,0,2,17985,14538,99.95185032329069,French
watchdog,125,0,0,8,0,0,143,125,100.0,French <debian-l10n-french@lists.debian.org>
wavbreaker,613,31,0,138,6,0,713,644,95.1863354037267,português <pt@li.org>
wcd,8133,0,0,659,0,0,9167,8133,100.0,French <traduc@traduc.org>
wdiff,993,0,0,150,0,0,1088,993,100.0,French <traduc@traduc.org>
webkit2gtk3,2652,0,0,680,0,0,3248,2652,100.0,GNOME French Team <gnomefr@traduc.org>
weechat,33984,0,0,2397,0,0,39870,33984,100.0,weechat-dev <weechat-dev@nongnu.org>
wesnoth,259964,12397,26922,16563,490,1425,266885,299283,86.86226748595811,French <>
wget,4056,15,0,650,1,0,4844,4071,99.63154016212233,French <traduc@traduc.org>
wget2,1769,315,406,337,58,66,2178,2490,71.04417670682732,French <traduc@traduc.org>
whois,506,0,0,40,0,0,597,506,100.0,French <debian-l10n-french@lists.debian.org>
widelands,62420,0,0,5617,0,0,67039,62420,100.0,French (http://www.transifex.com/widelands/widelands/language/fr/)
wike,459,0,0,108,0,0,534,459,100.0,
wine,17659,133,1231,3818,37,367,20416,19023,92.8297324291647,French
wineglass,108,33,2,27,3,1,149,143,75.52447552447552,Français
wingpanel,19,0,0,4,0,0,22,19,100.0,LANGUAGE <LL@li.org>
wingpanel-applications-menu,415,0,0,115,0,0,547,415,100.0,French <https://l10n.elementary.io/projects/wingpanel/applications-menu/fr/>
wingpanel-indicator-bluetooth,78,0,0,29,0,0,102,78,100.0,French <https://l10n.elementary.io/projects/wingpanel/wingpanel-indicator-bluetooth/fr/>
wingpanel-indicator-datetime,177,0,0,36,0,0,241,177,100.0,French <https://l10n.elementary.io/projects/wingpanel/wingpanel-indicator-datetime/fr/>
wingpanel-indicator-keyboard,53,0,0,16,0,0,76,53,100.0,French <https://l10n.elementary.io/projects/wingpanel/wingpanel-indicator-keyboard/fr/>
wingpanel-indicator-network,131,0,0,41,0,0,178,131,100.0,French <https://l10n.elementary.io/projects/wingpanel/wingpanel-indicator-network/fr/>
wingpanel-indicator-nightlight,45,0,0,12,0,0,63,45,100.0,French <https://l10n.elementary.io/projects/wingpanel/indicator-nightlight/fr/>
wingpanel-indicator-notifications,101,0,0,30,0,0,136,101,100.0,French <https://l10n.elementary.io/projects/wingpanel/wingpanel-indicator-notifications/fr/>
wingpanel-indicator-power,191,0,0,52,0,0,251,191,100.0,French <https://l10n.elementary.io/projects/wingpanel/wingpanel-indicator-power/fr/>
wingpanel-indicator-session,108,0,0,27,0,0,122,108,100.0,French <https://l10n.elementary.io/projects/wingpanel/wingpanel-indicator-session/fr/>
wingpanel-indicator-sound,96,0,0,23,0,0,134,96,100.0,French <https://l10n.elementary.io/projects/wingpanel/wingpanel-indicator-sound/fr/>
wireshark,79,0,179,4,0,12,85,258,30.620155038759687,French (https://www.transifex.com/wireshark/teams/36457/fr/)
wol,175,117,6,28,1,2,193,298,58.7248322147651,
workrave,1247,149,2,253,20,1,1375,1398,89.19885550786837,Français <thomas.basset@netcourrier.com;translations@muachi.com>
wxGTK,7619,0,0,1927,0,0,8990,7619,100.0,French <debian-l10n-french@lists.debian.org>
wxGTK3,7244,216,337,1728,71,84,8545,7797,92.90752853661665,French <debian-l10n-french@lists.debian.org>
wxMaxima,2172,1104,17768,606,275,1304,2579,21044,10.32123170499905,LANGUAGE <LL@li.org>
x-tile,728,0,4,149,0,1,902,732,99.4535519125683,X Tile
xaos,819,61,27,321,22,11,1006,907,90.29768467475193,French
xapps,73,0,0,36,0,0,83,73,100.0,French <fr@li.org>
xarchiver,0,0,0,0,0,0,0,0,0.0,
xawtv,126,0,0,24,0,0,168,126,100.0,French <debian-l10n-french@lists.debian.org>
xblast,568,9,370,245,1,135,586,947,59.97888067581837,French
xboard,2553,9,11,718,3,3,3301,2573,99.22269724057522,French <traduc@traduc.org>
xca,3479,0,0,860,0,0,4355,3479,100.0,French <>
xchm,219,4,11,90,1,5,250,234,93.58974358974359,français
xconvers,278,0,0,101,0,0,378,278,100.0,French <debian-l10n-french@lists.debian.org>
xdg-desktop-portal,88,57,76,12,6,14,85,221,39.81900452488688,French <gnomefr@traduc.org>
xdg-desktop-portal-gtk,50,36,154,18,9,37,58,240,20.833333333333336,French <gnomefr@traduc.org>
xdg-desktop-portal-kde,138,0,0,39,0,0,164,138,100.0,French <kde-francophone@kde.org>
xdg-user-dirs,28,0,0,28,0,0,28,28,100.0,French <traduc@traduc.org>
xdg-user-dirs-gtk,81,0,0,11,0,0,107,81,100.0,GNOME French team <gnomefr@traduc.org>
xdialog,21,0,0,15,0,0,20,21,100.0,French
xdrawchem,0,405,6813,0,114,1491,0,7218,0.0,german <de@li.org>
xed,11335,0,0,1599,0,0,12267,11335,100.0,MATE French Team <matefr@traduc.org>
xen,33,0,2,18,0,1,39,35,94.28571428571428,French <FR@li.org>
xfburn,1572,0,0,323,0,0,1824,1572,100.0,French (http://www.transifex.com/xfce/xfce-apps/language/fr/)
xfce4-appfinder,433,0,0,84,0,0,455,433,100.0,French (http://www.transifex.com/xfce/xfce4-appfinder/language/fr/)
xfce4-battery-plugin,147,0,0,42,0,0,176,147,100.0,French (http://www.transifex.com/xfce/xfce-panel-plugins/language/fr/)
xfce4-calculator-plugin,42,0,0,17,0,0,58,42,100.0,French (https://www.transifex.com/xfce/teams/16840/fr/)
xfce4-clipman-plugin,486,0,42,84,0,7,550,528,92.04545454545455,French (http://www.transifex.com/xfce/xfce-panel-plugins/language/fr/)
xfce4-cpufreq-plugin,167,0,0,47,0,0,215,167,100.0,French (http://www.transifex.com/xfce/xfce-panel-plugins/language/fr/)
xfce4-cpugraph-plugin,181,0,0,59,0,0,225,181,100.0,French (http://www.transifex.com/xfce/xfce-panel-plugins/language/fr/)
xfce4-datetime-plugin,52,0,0,19,0,0,49,52,100.0,French (http://www.transifex.com/xfce/xfce-panel-plugins/language/fr/)
xfce4-dict,529,0,0,121,0,0,583,529,100.0,French (http://www.transifex.com/xfce/xfce-apps/language/fr/)
xfce4-diskperf-plugin,181,0,0,37,0,0,221,181,100.0,French (http://www.transifex.com/xfce/xfce-panel-plugins/language/fr/)
xfce4-eyes-plugin,16,0,0,5,0,0,20,16,100.0,French (http://www.transifex.com/xfce/xfce-panel-plugins/language/fr/)
xfce4-fsguard-plugin,71,0,0,19,0,0,86,71,100.0,French (http://www.transifex.com/xfce/xfce-panel-plugins/language/fr/)
xfce4-genmon-plugin,100,0,0,26,0,0,113,100,100.0,French (http://www.transifex.com/xfce/xfce-panel-plugins/language/fr/)
xfce4-mailwatch-plugin,686,0,0,123,0,0,873,686,100.0,French (http://www.transifex.com/xfce/xfce-panel-plugins/language/fr/)
xfce4-mount-plugin,383,0,0,57,0,0,433,383,100.0,French (http://www.transifex.com/xfce/xfce-panel-plugins/language/fr/)
xfce4-mpc-plugin,78,0,0,24,0,0,94,78,100.0,French (http://www.transifex.com/xfce/xfce-panel-plugins/language/fr/)
xfce4-netload-plugin,91,0,0,35,0,0,104,91,100.0,French (http://www.transifex.com/xfce/xfce-panel-plugins/language/fr/)
xfce4-notes-plugin,169,0,0,63,0,0,190,169,100.0,French (http://www.transifex.com/xfce/xfce-panel-plugins/language/fr/)
xfce4-notifyd,330,0,0,84,0,0,391,330,100.0,French (http://www.transifex.com/xfce/xfce-apps/language/fr/)
xfce4-panel,1847,0,0,457,0,0,2245,1847,100.0,French (https://www.transifex.com/xfce/teams/16840/fr/)
xfce4-panel-profiles,99,0,0,26,0,0,138,99,100.0,French (https://www.transifex.com/xfce/teams/16840/fr/)
xfce4-places-plugin,162,0,0,47,0,0,182,162,100.0,French (http://www.transifex.com/xfce/xfce-panel-plugins/language/fr/)
xfce4-power-manager,1057,0,0,213,0,0,1350,1057,100.0,French (http://www.transifex.com/xfce/xfce4-power-manager/language/fr/)
xfce4-pulseaudio-plugin,148,0,0,35,0,0,177,148,100.0,French (http://www.transifex.com/xfce/xfce-panel-plugins/language/fr/)
xfce4-screensaver,696,0,0,152,0,0,811,696,100.0,French (https://www.transifex.com/xfce/teams/16840/fr/)
xfce4-screenshooter,528,0,0,82,0,0,575,528,100.0,French (http://www.transifex.com/xfce/xfce-apps/language/fr/)
xfce4-sensors-plugin,433,0,0,87,0,0,533,433,100.0,French (http://www.transifex.com/xfce/xfce-panel-plugins/language/fr/)
xfce4-session,756,0,0,163,0,0,878,756,100.0,French (http://www.transifex.com/xfce/xfce4-session/language/fr/)
xfce4-settings,2426,0,0,569,0,0,2785,2426,100.0,French (https://www.transifex.com/xfce/teams/16840/fr/)
xfce4-smartbookmark-plugin,22,0,0,9,0,0,25,22,100.0,French (http://www.transifex.com/xfce/xfce-panel-plugins/language/fr/)
xfce4-statusnotifier-plugin,129,0,0,25,0,0,140,129,100.0,French (https://www.transifex.com/xfce/teams/16840/fr/)
xfce4-systemload-plugin,87,0,0,23,0,0,126,87,100.0,French (http://www.transifex.com/xfce/xfce-panel-plugins/language/fr/)
xfce4-taskmanager,249,0,0,86,0,0,303,249,100.0,French (http://www.transifex.com/xfce/xfce-apps/language/fr/)
xfce4-terminal,1725,0,0,403,0,0,2080,1725,100.0,French (http://www.transifex.com/xfce/xfce-apps/language/fr/)
xfce4-time-out-plugin,115,0,0,39,0,0,145,115,100.0,French (http://www.transifex.com/xfce/xfce-panel-plugins/language/fr/)
xfce4-timer-plugin,135,0,0,48,0,0,165,135,100.0,French (http://www.transifex.com/xfce/xfce-panel-plugins/language/fr/)
xfce4-verve-plugin,87,0,0,26,0,0,107,87,100.0,French (http://www.transifex.com/xfce/xfce-panel-plugins/language/fr/)
xfce4-wavelan-plugin,67,0,0,18,0,0,74,67,100.0,French (http://www.transifex.com/xfce/xfce-panel-plugins/language/fr/)
xfce4-weather-plugin,3676,0,0,337,0,0,4180,3676,100.0,French (http://www.transifex.com/xfce/xfce-panel-plugins/language/fr/)
xfce4-whiskermenu-plugin,387,0,0,124,0,0,453,387,100.0,French (http://www.transifex.com/gottcode/xfce4-whiskermenu-plugin/language/fr/)
xfce4-xkb-plugin,57,0,0,22,0,0,71,57,100.0,French (http://www.transifex.com/xfce/xfce-panel-plugins/language/fr/)
xfconf,458,0,0,68,0,0,560,458,100.0,French (http://www.transifex.com/xfce/xfconf/language/fr/)
xfdashboard,1024,0,0,149,0,0,1219,1024,100.0,French (https://www.transifex.com/xfce/teams/16840/fr/)
xfdesktop,1041,0,0,246,0,0,1279,1041,100.0,French (http://www.transifex.com/xfce/xfdesktop/language/fr/)
xfe,6127,0,0,1101,0,0,7175,6127,100.0,français <>
xfmpc,175,0,0,78,0,0,204,175,100.0,French (http://www.transifex.com/xfce/xfce-apps/language/fr/)
xfpanel-switch,62,0,39,24,0,2,90,101,61.386138613861384,French <fr@li.org>
xfwm4,660,0,0,176,0,0,899,660,100.0,French (http://www.transifex.com/xfce/xfwm4/language/fr/)
xiphos,14172,0,33,1625,0,3,16362,14205,99.76768743400211,emacs + po-mode; French <gnomefr@traduc.org>
xkeyboard-config,3927,5,0,1207,2,0,4166,3932,99.87283825025432,French <traduc@traduc.org>
xlog,1336,133,41,320,12,8,1611,1510,88.47682119205298,French <debian-l10n-french@lists.debian.org>
xmlcopyeditor,1031,288,367,345,77,68,1154,1686,61.15065243179122,team <team@email.com>
xmms,3177,66,200,1003,18,24,3711,3443,92.27417949462678,Français <fr@li.org>
xmoto,3743,103,0,810,15,0,3942,3846,97.32189287571504,X-Moto
xournal,1178,0,33,290,0,28,1347,1211,97.27497935590421,French
xournalpp,4034,0,0,803,0,0,4860,4034,100.0,French
xpad,413,0,0,127,0,0,570,413,100.0,French <traduc@traduc.org>
xreader,3539,0,0,592,0,0,4122,3539,100.0,MATE French Team <matefr@traduc.org>
xsane,2009,979,236,524,150,54,2424,3224,62.31389578163772,French <fr@li.org>
xscreensaver,1156,4689,6655,567,884,559,1301,12500,9.248000000000001,GNOME French Team <gnomefr@traduc.org>
xz,1379,0,0,159,0,0,1596,1379,100.0,French <traduc@traduc.org>
yad,2193,308,157,506,57,35,3007,2658,82.50564334085779,Français
yakuake,1674,0,0,238,0,0,1926,1674,100.0,French <kde-francophone@kde.org>
yelp,351,0,0,74,0,0,388,351,100.0,français <gnomefr@traduc.org>
yelp-xsl,88,0,0,64,0,0,95,88,100.0,français <gnomefr@traduc.org>
zabbix,14204,0,2577,3222,0,417,17535,16781,84.64334664203564,Zabbix <info@zabbix.com>
zanshin,507,0,0,127,0,0,634,507,100.0,French <kde-francophone@kde.org>
zathura,470,0,277,122,0,42,578,747,62.91834002677377,French (http://www.transifex.com/pwmt/zathura/language/fr/)
zaz,229,0,0,107,0,0,255,229,100.0,
zenity,3888,0,0,546,0,0,4748,3888,100.0,français <gnomefr@traduc.org>
znc,4636,0,4028,935,0,810,5353,8664,53.50877192982456,French
zvbi,621,3,40,115,1,5,743,664,93.52409638554217,French <fr@li.org>
zypper,9226,0,17,1247,0,2,10801,9243,99.8160770312669,French <https://l10n.opensuse.org/projects/zypper/master/fr/>
