package,translatedsourcewords,fuzzysourcewords,untranslatedsourcewords,translated,fuzzy,untranslated,translatedtargetwords,totalsourcewordssum,progress,team
0ad,141,0,71,33,0,11,114,212,66.50943396226415,Norwegian Bokmål (http://www.transifex.com/wildfire-games/0ad/language/nb/)
GConf2,4088,0,0,497,0,0,4003,4088,100.0,Norwegian bokmål <i18n-nb@lister.ping.uio.no>
NetworkManager,53,175,20209,10,28,1818,51,20437,0.2593335616773499,Norwegian Bokmål <i18n-nb@lister.ping.uio.no>
NetworkManager-fortisslvpn,57,1,116,18,1,14,61,174,32.758620689655174,Norwegian Bokmål <i18n-nb@lister.ping.uio.no>
NetworkManager-l2tp,158,0,748,45,0,91,154,906,17.439293598233995,Norwegian Bokmål <i18n-nb@lister.ping.uio.no>
NetworkManager-libreswan,303,0,0,54,0,0,303,303,100.0,Norwegian Bokmål <i18n-nb@lister.ping.uio.no>
NetworkManager-openconnect,128,28,3085,35,6,555,124,3241,3.949398333847578,Norwegian Bokmal <i18n-nb@lister.ping.uio.no>
NetworkManager-openvpn,242,29,778,86,7,76,223,1049,23.069590085795998,Norwegian Bokmål <i18n-nb@lister.ping.uio.no>
NetworkManager-pptp,193,0,222,56,0,21,184,415,46.50602409638554,Norwegian Bokmål <i18n-nb@lister.ping.uio.no>
NetworkManager-ssh,61,39,186,24,13,32,58,286,21.328671328671327,Norwegian Bokmål <i18n-nb@lister.ping.uio.no>
NetworkManager-sstp,193,0,222,56,0,21,184,415,46.50602409638554,Norwegian Bokmål <i18n-nb@lister.ping.uio.no>
NetworkManager-vpnc,285,0,159,69,0,17,266,444,64.1891891891892,Norwegian Bokmål <i18n-nb@lister.ping.uio.no>
PackageKit,73,0,1209,20,0,301,71,1282,5.694227769110764,Norwegian Bokmål (http://www.transifex.com/freedesktop/packagekit/language/nb/)
Thunar,4099,0,314,715,0,47,3661,4413,92.88465896215726,Norwegian Bokmål (https://www.transifex.com/xfce/teams/16840/nb/)
WindowMaker,833,0,0,173,0,0,850,833,100.0,Norwegian
Zim,2122,0,693,614,0,76,2100,2815,75.38188277087033,Norwegian Bokmal <nb@li.org>
a2ps,667,145,700,134,16,29,682,1512,44.113756613756614,Norwegian <no@li.org>
abrt,242,0,6957,56,0,810,245,7199,3.36157799694402,Norwegian Bokmål (http://www.transifex.com/projects/p/fedora-abrt/language/nb/)
accerciser,659,0,0,224,0,0,673,659,100.0,Norwegian Bokmål <i18n-nb@lister.ping.uio.no>
agenda,5,0,38,2,0,11,4,43,11.627906976744185,Norwegian Bokmal <nb@li.org>
ailurus,179,0,8099,47,0,1206,181,8278,2.162358057501812,none
aisleriot,3075,0,0,679,0,0,2560,3075,100.0,Norwegian bokmål <i18n-nb@lister.ping.uio.no>
akonadi-calendar-tools,720,0,122,159,0,14,705,842,85.5106888361045,Norwegian Bokmål <i18n-nb@lister.ping.uio.no>
akonadi-import-wizard,260,0,131,65,0,18,239,391,66.49616368286445,Norwegian Bokmål <i18n-nb@lister.ping.uio.no>
akregator,1486,0,290,373,0,58,1439,1776,83.67117117117117,Norwegian Bokmål <i18n-nb@lister.ping.uio.no>
alacarte,45,0,0,20,0,0,44,45,100.0,Norwegian bokmål <i18n-nb@lister.ping.uio.no>
alexandria,1073,39,69,281,11,14,1020,1181,90.85520745131245,Norwegian
alleyoop,248,0,103,75,0,14,251,351,70.65527065527066,Norwegian <i18n-nb@lister.ping.uio.no>
almanah,33,2,380,21,1,34,36,415,7.951807228915662,Norsk bokal <i18n-nb@lister.ping.uio.no>
amarok,15144,0,734,2672,0,108,14625,15878,95.37725154301549,Norwegian Bokmål <i18n-nb@lister.ping.uio.no>
anaconda,3480,17,4343,750,8,530,3186,7840,44.38775510204081,Norwegian Bokmål (http://www.transifex.com/projects/p/anaconda/language/nb/)
analitza,1,535,452,1,145,75,1,988,0.10121457489878542,Norwegian Bokmål <i18n-nb@lister.ping.uio.no>
anjuta,5659,284,2454,1737,79,243,5590,8397,67.39311658925807,"Norsk, bokmål <i18n-nb@lister.ping.uio.no>"
appcenter,764,1,765,180,1,181,689,1530,49.93464052287582,
appstream,877,14,0,194,1,0,799,891,98.4287317620651,Norwegian Bokmål <https://hosted.weblate.org/projects/appstream/translations/nb/>
arduino,2698,0,395,521,0,69,2744,3093,87.22922728742321,Norwegian Bokmål (Norway) (http://www.transifex.com/mbanzi/arduino-ide-15/language/nb_NO/)
aria2,23,0,7463,5,0,394,20,7486,0.30724018167245526,Norwegian Bokmal <nb@li.org>
ark,660,0,1194,145,0,191,640,1854,35.59870550161812,Norwegian Bokmål <i18n-nb@lister.ping.uio.no>
asunder,440,25,30,81,2,8,412,495,88.88888888888889,Norwegian Bokmål <i18n-nb@lister.ping.uio.no>
at-spi2-core,10,0,0,2,0,0,9,10,100.0,Norwegian bokmål <i18n-nb@lister.ping.uio.no>
atk,440,0,0,169,0,0,362,440,100.0,Norwegian bokmål <i18n-nb@lister.ping.uio.no>
atomix,146,0,0,59,0,0,152,146,100.0,Norwegian <i18n-nb@lister.ping.uio.no>
atril,1655,0,2187,430,0,209,1673,3842,43.07652264445601,Norwegian Bokmål (https://www.transifex.com/mate/teams/13566/nb/)
audacity,16540,290,158,3784,69,28,15959,16988,97.36284436072522,Imre Kristoffer Eilertsen <imreeil42@gmail.com>
audit-viewer,82,0,529,64,0,121,84,611,13.420621931260229,LANGUAGE <LL@li.org>
authconfig,815,40,74,122,4,11,771,929,87.72874058127019,Norwegian Bokmål (http://www.transifex.com/projects/p/authconfig/language/nb/)
avogadro,1227,0,5380,695,0,1677,1488,6607,18.57121235053731,Norwegian Bokmal <nb@li.org>
avogadro2,90,58,314,61,21,67,255,462,19.480519480519483,Norwegian Bokmal <nb@li.org>
avogadro2-libs,192,305,2152,175,138,515,355,2649,7.248018120045301,Norwegian Bokmal <nb@li.org>
backintime,552,0,1431,135,0,201,564,1983,27.83661119515885,Norwegian Bokmal <nb@li.org>
baloo-widgets,29,0,13,16,0,9,32,42,69.04761904761905,Norwegian Bokmål <i18n-nb@lister.ping.uio.no>
balsa,3210,709,1694,1015,113,195,3178,5613,57.188669160876536,Norwegian <i18n-nb@lister.ping.uio.no>
banshee,1202,1643,2881,472,484,525,1168,5726,20.991966468739083,Norwegian <i18n-nb@lister.ping.uio.no>
baobab,247,0,0,65,0,0,249,247,100.0,Norwegian bokmål <i18n-nb@lister.ping.uio.no>
bareftp,448,0,0,160,0,0,443,448,100.0,Norwegian Bokmål <>
bash,10355,973,28,564,12,5,9395,11356,91.18527650581191,Norwegian Bokmaal <i18n-nb@lister.ping.uio.no>
bijiben,397,0,28,136,0,3,390,425,93.41176470588235,Norwegian bokmål <i18n-nb@lister.ping.uio.no>
bison,396,488,505,78,64,67,386,1389,28.509719222462206,Norwegian Bokmaal <i18n-nb@lister.ping.uio.no>
bleachbit,1115,0,145,250,0,17,1027,1260,88.4920634920635,Norwegian Bokmal <nb@li.org>
blinken,133,0,0,47,0,0,132,133,100.0,Norwegian Bokmål <i18n-nb@lister.ping.uio.no>
blivet-gui,0,0,815,0,0,223,0,815,0.0,Norwegian Bokmål
blogilo,1364,0,28,330,0,7,1303,1392,97.98850574712644,Norwegian Bokmål <i18n-nb@lister.ping.uio.no>
blueberry,141,0,0,34,0,0,134,141,100.0,Norwegian Bokmal <nb@li.org>
bluedevil,381,0,103,118,0,32,344,484,78.71900826446281,Norwegian Bokmål <i18n-nb@lister.ping.uio.no>
bluefish,4945,0,0,1548,0,0,4734,4945,100.0,Not a member <LL@li.org>
blueman,1271,0,64,330,0,5,1219,1335,95.20599250936328,Norwegian Bokmål (http://www.transifex.com/mate/MATE/language/nb/)
boinc-client,15551,380,4593,2964,20,404,15045,20524,75.76983044240889,Norwegian Bokmål (http://www.transifex.com/boinc/boinc/language/nb/)
bomber,87,0,16,25,0,2,92,103,84.46601941747572,Norwegian Bokmål <i18n-nb@lister.ping.uio.no>
bovo,77,0,4,24,0,1,84,81,95.06172839506173,Norwegian Bokmål <i18n-nb@lister.ping.uio.no>
brasero,5549,0,0,969,0,0,5123,5549,100.0,Norwegian bokmål <i18n-nb@lister.ping.uio.no>
byzanz,126,0,108,37,0,14,131,234,53.84615384615385,Norwegian bokmal <i18n-nb@lister.ping.uio.no>
bzr,0,0,33099,0,0,2340,0,33099,0.0,Norwegian Bokmal <nb@li.org>
cairo-dock,2858,0,4606,428,0,399,2600,7464,38.29046087888532,Norwegian Bokmal <nb@li.org>
caja,8383,0,1137,1445,0,122,7925,9520,88.05672268907563,Norwegian Bokmål (https://www.transifex.com/mate/teams/13566/nb/)
caja-actions,338,175,7943,157,39,629,324,8456,3.9971617786187323,Norwegian bokmål <i18n-nb@lister.ping.uio.no>
caja-extensions,558,0,26,129,0,6,523,584,95.54794520547945,Norwegian Bokmål (https://www.transifex.com/mate/teams/13566/nb/)
calamares,4,0,439,2,0,82,4,443,0.9029345372460496,Norwegian Bokmål (https://www.transifex.com/calamares/teams/20061/nb/)
calibre,23800,0,135202,9657,0,8591,22939,159002,14.968365177796505,Norwegian Bokmål (http://www.transifex.com/calibre/calibre/language/nb/)
calligra,34644,0,1217,7635,0,119,31421,35861,96.60634115055352,Norwegian Bokmål <i18n-nb@lister.ping.uio.no>
calligraplan,6385,8,1245,1538,2,173,5898,7638,83.59518198481278,Norwegian Bokmål <i18n-nb@lister.ping.uio.no>
camorama,346,178,251,87,35,44,325,775,44.645161290322584,Norwegian <i18n-nb@lister.ping.uio.no>
cantor,1768,0,442,424,0,88,1722,2210,80.0,Norwegian Bokmål <i18n-nb@lister.ping.uio.no>
caribou,169,0,0,57,0,0,175,169,100.0,Norwegian bokmål <i18n-nb@lister.ping.uio.no>
ccsm,536,5,50,141,3,19,504,591,90.69373942470389,Norwegian Bokmaal <nb@li.org>
celestia,2178,43,55,1044,23,19,2007,2276,95.69420035149385,
certmonger,27,33,5602,7,5,934,32,5662,0.47686329918756626,Norwegian Bokmål (http://www.transifex.com/projects/p/certmonger/language/nb/)
cervisia,1584,0,35,414,0,7,1495,1619,97.83817171093267,Norwegian Bokmål <i18n-nb@lister.ping.uio.no>
cgit,1882,0,443,474,0,39,1982,2325,80.94623655913978,Norwegian Bokmål
cheese,614,0,0,123,0,0,593,614,100.0,Norsk bokmål <i18n-nb@lister.ping.uio.no>
childsplay,659,89,478,67,12,133,605,1226,53.752039151712886,<en@li.org>
chkconfig,480,0,75,92,0,11,491,555,86.48648648648648,Norwegian Bokmål <i18n-nb@lister.ping.uio.no>
choqok,2031,0,226,524,0,45,2064,2257,89.98670801949491,Norwegian Bokmål <i18n-nb@lister.ping.uio.no>
chrome-gnome-shell,30,0,299,20,0,27,29,329,9.118541033434651,Norwegian Bokmål <nb@li.org>
cinnamon-control-center,1000,0,313,709,0,47,948,1313,76.16146230007617,Norwegian/Bokmaal <i18n-nb@lister.ping.uio.no>
cinnamon-desktop,234,0,0,32,0,0,217,234,100.0,Norwegian bokmål <i18n-nb@lister.ping.uio.no>
cinnamon-translations,16026,0,5292,3728,0,961,15450,21318,75.17590768364762,Norwegian Bokmal <nb@li.org>
clamtk,805,0,0,219,0,0,743,805,100.0,Norwegian Bokmal <nb@li.org>
claws-mail,20163,300,54,3960,45,8,18669,20517,98.2746015499342,"Bokmål, Norwegian; Norwegian Bokmål <>"
clawsker,1400,0,0,259,0,0,1199,1400,100.0,"Bokmål, Norwegian; Norwegian Bokmål <>"
clementine,4957,0,170,1331,0,30,4704,5127,96.68422079188609,Norwegian Bokmål (http://www.transifex.com/davidsansome/clementine/language/nb/)
clipit,88,0,130,35,0,39,87,218,40.36697247706422,Cristian Henzel <oss@rspwn.com>
clutter,1069,110,1878,351,19,305,849,3057,34.96892378148512,Norwegian bokmål <i18n-nb@lister.ping.uio.no>
cogl,39,0,354,14,0,66,42,393,9.923664122137405,Norwegian bokmål <i18n-nb@lister.ping.uio.no>
colord,673,0,1317,150,0,103,565,1990,33.81909547738694,Norwegian Bokmål (http://www.transifex.com/freedesktop/colord/language/nb/)
colorhug-client,555,0,877,125,0,172,433,1432,38.75698324022346,Norwegian Bokmål (http://www.transifex.com/hughsie/colorhug-client/language/nb/)
compiz,2449,1434,502,587,203,89,2326,4385,55.84948688711516,Norwegian Bokmaal <nb@li.org>
compiz-plugins-experimental,1057,1443,2065,245,385,283,976,4565,23.154435925520264,Norwegian Bokmaal <nb@li.org>
compiz-plugins-extra,2840,494,344,572,106,50,2473,3678,77.21587819467102,Norwegian Bokmaal <nb@li.org>
compiz-plugins-main,3587,315,316,705,66,40,3238,4218,85.04030346135609,Norwegian Bokmaal <nb@li.org>
console-setup,985,12,4,175,2,1,865,1001,98.4015984015984,Norwegian Bokmål <i18n-nb@lister.ping.uio.no>
corebird,552,0,34,196,0,15,542,586,94.19795221843003,Norwegian Bokmål (http://www.transifex.com/corebird/corebird/language/nb/)
coreutils,20641,260,132,1756,13,9,20978,21033,98.13626206437503,Norwegian Bokmaal <i18n-nb@lister.ping.uio.no>
cracklib,93,0,3,15,0,1,85,96,96.875,<nb@li.org>
cycle,199,0,0,65,0,0,201,199,100.0,<magnio@pvv.org>
d-feet,36,0,73,20,0,16,33,109,33.02752293577982,Norwegian Bokmål <nb@li.org>
darktable,11872,0,0,2600,0,0,11140,11872,100.0,
dasher,617,19,578,198,4,45,605,1214,50.82372322899506,Norwegian Bokmål <i18n-no@lister.ping.uio.no>
datamash,433,208,221,72,32,26,408,862,50.232018561484914,Norwegian Bokmaal <i18n-nb@lister.ping.uio.no>
dayplanner,691,119,286,153,13,20,684,1096,63.04744525547446,Norwegian Bokmål <i18n-no@lister.ping.uio.no>
dconf-editor,603,0,1146,140,0,70,574,1749,34.476843910806174,Norwegian bokmål <i18n-nb@lister.ping.uio.no>
debconf,747,53,60,85,5,4,730,860,86.86046511627907,Norwegian Bokmål <i18n-nb@lister.ping.uio.no>
decibel-audio-player,384,0,1110,90,0,147,338,1494,25.702811244979916,Norwegian Bokmal <nb@li.org>
deepin-daemon,742,0,681,330,0,110,714,1423,52.143359100491914,Norwegian Bokmål (http://www.transifex.com/linuxdeepin/deepin-desktop-environment/language/nb/)
deepin-metacity,2040,0,0,310,0,0,1953,2040,100.0,Norwegian bokmål <i18n-no@lister.ping.uio.no>
deepin-mutter,814,0,0,125,0,0,782,814,100.0,Norwegian bokmål <i18n-no@lister.ping.uio.no>
deepin-qml-widgets,18,0,0,13,0,0,18,18,100.0,Norwegian Bokmål (http://www.transifex.com/projects/p/deepin-qml-widgets/language/nb/)
deepin-terminal,383,0,26,154,0,10,392,409,93.64303178484109,Norwegian Bokmål (https://www.transifex.com/linuxdeepin/teams/3976/nb/)
deepin-wm,418,0,314,58,0,31,383,732,57.103825136612016,Norwegian Bokmal <nb@li.org>
deja-dup,2119,0,2063,321,0,173,2169,4182,50.66953610712578,Norwegian Bokmal <nb@li.org>
deluge,1974,0,754,742,0,136,1828,2728,72.36070381231671,Norwegian Bokmal <nb@li.org>
devhelp,393,0,0,117,0,0,344,393,100.0,Norwegian bokmål <i18n-nb@lister.ping.uio.no>
dia,4842,248,1511,1937,86,336,4605,6601,73.35252234509923,Norwegian <i18n-nb@lister.ping.uio.no>
dialog,25,0,0,23,0,0,25,25,100.0,Norwegian Bokmaal <i18n-nb@lister.ping.uio.no>
diffutils,1886,0,0,266,0,0,1966,1886,100.0,Norwegian Bokmaal <i18n-nb@lister.ping.uio.no>
digikam,30230,666,14512,5331,175,1760,27079,45408,66.57417195207893,Norwegian Bokmål <i18n-nb@lister.ping.uio.no>
dino,655,121,21,191,11,7,662,797,82.1831869510665,Norwegian Bokmål <https://hosted.weblate.org/projects/dino/translations/nb_NO/>
dippi,0,0,794,0,0,106,0,794,0.0,none
dnf,294,0,3424,92,0,659,330,3718,7.907477138246369,Norwegian Bokmål (http://www.transifex.com/projects/p/dnf/language/nb/)
dnf-plugins-extras,0,0,375,0,0,75,0,375,0.0,Norwegian Bokmål
dnfdragora,859,0,0,364,0,0,840,859,100.0,Norwegian Bokmål (https://www.transifex.com/MageiaLinux/teams/9361/nb/)
dnsmasq,757,856,1305,134,152,215,754,2918,25.94242631939685,Norwegian <i18n-nb@lister.ping.uio.no>
docker-anaconda-addon,0,0,27,0,0,4,0,27,0.0,Norwegian Bokmål
dolphin,1503,0,164,482,0,41,1436,1667,90.1619676064787,Norwegian Bokmål <i18n-nb@lister.ping.uio.no>
dolphin-emu,6965,0,0,1289,0,0,6429,6965,100.0,Norwegian Bokmål (http://www.transifex.com/delroth/dolphin-emu/language/nb/)
dolphin-plugins,990,0,225,288,0,51,994,1215,81.48148148148148,Norwegian Bokmål <i18n-nb@lister.ping.uio.no>
dos2unix,1038,0,0,125,0,0,926,1038,100.0,Norwegian Bokmaal <i18n-nb@lister.ping.uio.no>
dpkg,6789,3492,851,890,384,106,6690,11132,60.98634567014014,Norwegian Bokmål <i18n-nb@lister.ping.uio.no>
dragon,275,0,3,86,0,1,249,278,98.92086330935251,Norwegian Bokmål <i18n-nb@lister.ping.uio.no>
drgeo,3824,130,16,900,14,8,3760,3970,96.32241813602015,Norwegian Bokmål < <i18n-nb@lister.ping.uio.no>
duplicity,1882,0,307,268,0,41,1826,2189,85.97533120146186,Norwegian Bokmal <nb@li.org>
dvdbackup,95,6,923,21,2,89,100,1024,9.27734375,Norwegian Bokmal <nb@li.org>
e16,1801,6,989,316,3,195,1801,2796,64.4134477825465,Norwegian <no@li.org>
easytag,5264,0,0,1024,0,0,5142,5264,100.0,Norwegian bokmål
ejabberd,1582,103,551,372,29,107,1538,2236,70.75134168157425,
ekiga,4428,0,59,745,0,2,4014,4487,98.68509026075328,Norwegian Bokmål <i18n-nb@lister.ping.uio.no>
electrum,1017,0,5869,285,0,962,968,6886,14.769096717978508,Norwegian Bokmal
elementary-calculator,80,0,80,37,0,37,86,160,50.0,
elementary-calendar,413,71,484,161,23,184,404,968,42.66528925619835,LANGUAGE <LL@li.org>
elementary-camera,62,0,0,16,0,0,68,62,100.0,Norwegian Bokmål <https://weblate.elementary.io/projects/camera/camera/nb/>
elementary-capnet-assist,50,31,81,11,2,13,41,162,30.864197530864196,none
elementary-code,723,84,817,184,13,199,703,1624,44.51970443349754,
elementary-files,2431,130,3075,475,28,593,2404,5636,43.1334279630944,
elementary-greeter,76,0,76,18,0,18,81,152,50.0,
elementary-music,1134,3,1137,328,1,329,1082,2274,49.86807387862797,
elementary-photos,3618,157,3775,781,12,793,3544,7550,47.9205298013245,
elementary-screenshot-tool,129,0,129,41,0,41,126,258,50.0,
elementary-shortcut-overlay,82,0,82,37,0,37,72,164,50.0,none
elementary-terminal,170,7,395,43,2,87,172,572,29.72027972027972,
elementary-videos,150,0,150,52,0,52,150,300,50.0,
elinks,359,1495,10391,171,473,981,350,12245,2.9318089015924866,Norwegian <i18n-nb@lister.ping.uio.no>
emerald,651,39,6,214,4,2,653,696,93.53448275862068,Norwegian Bokmaal <nb@li.org>
empathy,4255,0,0,955,0,0,4122,4255,100.0,Norwegian bokmål <i18n-nb@lister.ping.uio.no>
engrampa,1753,0,6048,421,0,422,1694,7801,22.471478015639022,Norwegian Bokmål (https://www.transifex.com/mate/teams/13566/nb/)
enlightenment,1212,4393,3082,486,1306,440,1115,8687,13.951882122712098,E17-nb <LL@li.org>
entangle,0,0,953,0,0,229,0,953,0.0,Norwegian Bokmål
eog,1675,0,0,327,0,0,1537,1675,100.0,Norwegian bokmål <i18n-nb@lister.ping.uio.no>
eog-plugins,10,0,0,3,0,0,14,10,100.0,Norwegian Bokmal <i18n-nb@lister.ping.uio.no>
eom,1689,0,3373,338,0,219,1594,5062,33.36625839589095,Norwegian Bokmål (https://www.transifex.com/mate/teams/13566/nb/)
ephemeral,0,0,3618,0,0,414,0,3618,0.0,none
epiphany,3234,0,642,679,0,38,3068,3876,83.43653250773994,Norwegian bokmål <i18n-nb@lister.ping.uio.no>
evince,1662,0,0,392,0,0,1647,1662,100.0,Norwegian bokmål <i18n-nb@lister.ping.uio.no>
evolution,24739,165,2160,5336,13,105,23420,27064,91.40925214306829,Norwegian bokmål <i18n-nb@lister.ping.uio.no>
evolution-data-server,6088,0,352,1227,0,26,6004,6440,94.53416149068323,Norwegian bokmål <i18n-nb@lister.ping.uio.no>
evolution-ews,63,132,132,23,23,21,61,327,19.26605504587156,Norwegian Bokmål <i18n-nb@lister.ping.uio.no>
evolution-mapi,770,49,224,199,8,26,787,1043,73.8255033557047,Norwegian Bokmål <i18n-nb@lister.ping.uio.no>
evolution-rss,95,30,677,62,11,137,102,802,11.845386533665836,Norwegian Bokmål <i18n-nb@lister.ping.uio.no>
exaile,3725,343,0,1021,53,0,3460,4068,91.56833824975418,Norwegian Bokmål <https://hosted.weblate.org/projects/exaile/master/nb_NO/>
exo,1391,0,63,293,0,6,1165,1454,95.66712517193949,Norwegian Bokmål (http://www.transifex.com/xfce/exo/language/nb/)
falkon,3546,46,529,1178,11,115,3346,4121,86.04707595243872,Norwegian Bokmål <i18n-nb@lister.ping.uio.no>
fantasdic,57,148,185,42,39,43,60,390,14.615384615384617,Norwegian/Bokmaal <i18n-nb@lister.ping.uio.no>
feedreader,799,0,0,221,0,0,765,799,100.0,Norwegian Bokmål <https://hosted.weblate.org/projects/feedreader/translations/nb/>
file-roller,1200,0,0,274,0,0,1148,1200,100.0,Norwegian bokmål <i18n-nb@lister.ping.uio.no>
filelight,359,0,60,79,0,15,358,419,85.68019093078759,Norwegian Bokmål <i18n-nb@lister.ping.uio.no>
filezilla,10233,0,0,1780,0,0,9915,10233,100.0,Norwegian Bokmål <i18n-nb@lister.ping.uio.no>
findutils,2545,16,7,235,3,1,2432,2568,99.1043613707165,Norwegian Bokmaal <i18n-nb@lister.ping.uio.no>
fish,8,0,91103,1,0,12531,8,91111,0.008780498512803063,
five-or-more,282,0,0,65,0,0,289,282,100.0,Norwegian bokmål <i18n-nb@lister.ping.uio.no>
flare,468,0,2901,174,0,408,433,3369,13.891362422083706,Norwegian Bokmal
flare-engine,272,0,326,123,0,103,285,598,45.48494983277592,Norwegian Bokmal
flumotion,221,672,2444,95,234,367,213,3337,6.622715013485167,nl
folks,793,18,245,113,2,15,767,1056,75.09469696969697,Norwegian bokmål <i18n-nb@lister.ping.uio.no>
fonts-tweak-tool,0,0,196,0,0,65,0,196,0.0,Norwegian Bokmål
four-in-a-row,256,0,0,73,0,0,264,256,100.0,Norwegian bokmål <i18n-nb@lister.ping.uio.no>
fprintd,0,0,419,0,0,57,0,419,0.0,Norwegian Bokmål (http://www.transifex.com/freedesktop/fprintd/language/nb/)
freeciv,11234,29739,64679,2216,4261,2577,10812,105652,10.633021618142582,Norwegian <andrearo@stud.ntnu.no>
freedink,193,78,0,44,13,0,203,271,71.21771217712177,Norwegian <i18n-nb@lister.ping.uio.no>
frogr,150,101,413,68,33,83,164,664,22.590361445783135,Norwegian Bokmål <i18n-nb@lister.ping.uio.no>
frozen-bubble,698,0,0,148,0,0,711,698,100.0,Norwegian Nynorsk <i18n-nn@lister.ping.uio.no>
fuse-encfs,701,24,564,98,3,36,649,1289,54.3832428238945,"Bokmål, Norwegian <nb@li.org>"
fwbackups,740,0,2758,216,0,301,677,3498,21.15494568324757,Norwegian Bokmål (Norway) (http://www.transifex.com/Magic/fwbackups/language/nb_NO/)
gajim,9099,1307,394,1900,240,55,8582,10800,84.25,<>
gala,451,243,0,66,13,0,420,694,64.98559077809799,Norwegian Bokmål <https://weblate.elementary.io/projects/desktop/gala/nb/>
gambas3,665,202,5101,265,59,1437,649,5968,11.142761394101877,LANGUAGE <LL@li.org>
gamehub,698,23,8,239,5,1,655,729,95.74759945130316,Norwegian Bokmål <https://hosted.weblate.org/projects/gamehub/translations/nb_NO/>
gammu,1188,90,2717,319,21,771,1113,3995,29.737171464330416,Norwegian Bokmål <https://hosted.weblate.org/projects/gammu/gammu-docs/nb_NO/>
garcon,122,0,0,36,0,0,104,122,100.0,Norwegian Bokmål (http://www.transifex.com/xfce/garcon/language/nb/)
gbrainy,537,48,7451,331,16,690,519,8036,6.682429069188651,Norwegian Bokmål < <i18n-nb@lister.ping.uio.no>
gcab,76,0,78,20,0,12,80,154,49.35064935064935,Norwegian bokmål <i18n-nb@lister.ping.uio.no>
gcompris,7010,2936,7363,978,270,699,6288,17309,40.499162285516206,Norwegian Bokmål <i18n-no@lister.ping.uio.no>
gcompris-qt,9,0,26273,4,0,2329,19,26282,0.034243969256525376,Norwegian Bokmål <i18n-nb@lister.ping.uio.no>
gconf-editor,336,0,0,98,0,0,304,336,100.0,Norwegian Bokmål <i18n-nb@lister.ping.uio.no>
gcr,700,0,0,254,0,0,682,700,100.0,Norwegian bokmål <i18n-nb@lister.ping.uio.no>
gdesklets,320,0,1208,92,0,112,268,1528,20.94240837696335,Norwegian <i18n-nb@lister.ping.uio.no>
gdk-pixbuf2,1409,0,0,211,0,0,1351,1409,100.0,Norwegian bokmål <i18n-nb@lister.ping.uio.no>
gdm,626,0,0,85,0,0,577,626,100.0,Norwegian bokmål <i18n-nb@lister.ping.uio.no>
geary,1934,0,67,510,0,10,1893,2001,96.65167416291854,https://l10n.gnome.org/teams/no/
geda-gaf,5,0,3,1,0,1,5,8,62.5,Norwegian Bokmal <nb@li.org>
gedit,4271,0,0,721,0,0,4034,4271,100.0,Norwegian bokmål <i18n-nb@lister.ping.uio.no>
gedit-cossa,35,0,66,19,0,32,31,101,34.65346534653465,Norwegian Bokmål <i18n-nb@lister.ping.uio.no>
gedit-latex,85,12,201,64,4,71,79,298,28.523489932885905,Norwegian Bokmål <i18n-nb@lister.ping.uio.no>
gedit-plugins,64,77,646,32,25,74,57,787,8.132147395171538,Norwegian Bokmål <i18n-nb@lister.ping.uio.no>
geeqie,292,1548,2508,110,639,701,300,4348,6.7157313707451705,Norwegian <?>
gegl03,187,1556,5495,122,626,747,177,7238,2.5835866261398177,Norwegian bokmål <i18n-nb@lister.ping.uio.no>
gegl04,187,1556,5495,122,626,747,177,7238,2.5835866261398177,Norwegian bokmål <i18n-nb@lister.ping.uio.no>
genius,834,780,6415,249,97,726,858,8029,10.387345871216839,Norwegian <i18n-nb@lister.ping.uio.no>
gettext,1284,1220,5290,185,136,508,1187,7794,16.474210931485757,Norwegian Bokmaal <i18n-nb@lister.ping.uio.no>
gftp,2308,352,715,482,97,55,2212,3375,68.38518518518518,Norwegian bokmål <i18n-nb@lister.ping.uio.no>
ggz-base-libs,74,0,0,17,0,0,81,74,100.0,Norwegian Bokmal <i18n-nb@lister.ping.uio.no>
ggz-gtk-client,758,0,0,240,0,0,768,758,100.0,Norwegian Bokmal <i18n-nb@lister.ping.uio.no>
ghex,973,0,0,233,0,0,915,973,100.0,Norwegian <i18n-nb@lister.ping.uio.no>
gimagereader,1152,278,131,368,50,8,1044,1561,73.7988468930173,Norwegian Bokmål <https://hosted.weblate.org/projects/gimagereader/translations/nb_NO/>
gimp,18546,2632,6844,5350,777,1125,17195,28022,66.183712797088,Norwegian bokmål <i18n-nb@lister.ping.uio.no>
gimp-gap,435,1235,8109,202,411,1109,444,9779,4.448307597913897,Norwegian <i18n-nb@lister.ping.uio.no>
gimp-lqr-plugin,274,83,571,47,6,78,302,928,29.52586206896552,Norsk bokmål <Norwegian Bokmål <i18n-nb@lister.ping.uio.no>>
git,1882,0,443,474,0,39,1982,2325,80.94623655913978,Norwegian Bokmål
git-cinnabar,1882,0,443,474,0,39,1982,2325,80.94623655913978,Norwegian Bokmål
gitg,497,142,1395,172,38,155,538,2034,24.434611602753193,Norwegian bokmål <i18n-nb@lister.ping.uio.no>
gitweb-caching,1882,0,443,474,0,39,1982,2325,80.94623655913978,Norwegian Bokmål
gjots2,1470,320,340,464,36,34,1454,2130,69.01408450704226,<nb@li.org>
glabels,880,38,1360,391,15,341,838,2278,38.63037752414399,Norwegian bokmål <i18n-nb@lister.ping.uio.no>
glade,3733,543,2582,1321,129,318,3588,6858,54.43277923592884,Norwegian bokmål <i18n-nb@lister.ping.uio.no>
glade2,5376,186,278,1237,28,35,4595,5840,92.05479452054794,Norwegian Bokmål <i18n-nb@lister.ping.uio.no>
glade3,2036,303,2398,797,65,372,1874,4737,42.98078952923791,Norwegian Bokmål <i18n-nb@lister.ping.uio.no>
glib-networking,174,0,55,32,0,4,159,229,75.9825327510917,Norwegian bokmål <i18n-nb@lister.ping.uio.no>
glib2,6362,40,616,1061,7,59,6368,7018,90.65260758050727,Norwegian bokmål <i18n-nb@lister.ping.uio.no>
glibc,3110,2293,2663,700,411,351,3010,8066,38.5569055293826,Norwegian <i18n-nb@lister.ping.uio.no>
glibc-arm-linux-gnu,3795,1370,1006,810,272,153,3687,6171,61.49732620320856,Norwegian <i18n-nb@lister.ping.uio.no>
glom,1349,84,3326,573,12,242,1302,4759,28.34629123765497,Norwegian bokmål <i18n-nb@lister.ping.uio.no>
glpi,8496,0,5121,2515,0,971,7871,13617,62.39259748843358,Norwegian Bokmål (Norway) (https://www.transifex.com/glpi/teams/1637/nb_NO/)
gmpc,25,0,0,13,0,0,24,25,100.0,Norwegian Bokmal <nb@li.org>
gnomad2,444,121,138,128,26,17,444,703,63.1578947368421,Norweigan <no@li.org>
gnome-2048,44,0,257,21,0,27,46,301,14.61794019933555,Norwegian Bokmål <nb@li.org>
gnome-abrt,5,0,392,1,0,72,6,397,1.2594458438287155,Norwegian Bokmål (http://www.transifex.com/projects/p/gnome-abrt/language/nb/)
gnome-backgrounds,29,0,0,18,0,0,24,29,100.0,Norwegian bokmål <i18n-nb@lister.ping.uio.no>
gnome-bluetooth,373,0,0,111,0,0,362,373,100.0,Norwegian bokmål <i18n-nb@lister.ping.uio.no>
gnome-boxes,1269,0,13,293,0,1,1295,1282,98.98595943837753,Norwegian bokmål <i18n-nb@lister.ping.uio.no>
gnome-builder,879,237,1983,386,74,344,877,3099,28.36398838334947,"Norsk, bokmål <i18n-nb@lister.ping.uio.no>"
gnome-calculator,1590,0,0,578,0,0,1456,1590,100.0,Norwegian bokmål <i18n-nb@lister.ping.uio.no>
gnome-calendar,645,0,24,217,0,3,629,669,96.41255605381166,Norwegian bokmål <i18n-nb@lister.ping.uio.no>
gnome-characters,186,0,0,58,0,0,184,186,100.0,Norwegian bokmål <i18n-nb@lister.ping.uio.no>
gnome-chess,1390,0,0,237,0,0,1301,1390,100.0,Norwegian bokmål <i18n-nb@lister.ping.uio.no>
gnome-clocks,283,0,0,100,0,0,291,283,100.0,Norwegian bokmål <i18n-nb@lister.ping.uio.no>
gnome-color-manager,1796,0,0,345,0,0,1611,1796,100.0,Norwegian Bokmål <i18n-nb@lister.ping.uio.no>
gnome-commander,904,491,7084,459,213,974,898,8479,10.661634626724851,Norwegian <i18n-nb@lister.ping.uio.no>
gnome-contacts,417,0,0,144,0,0,408,417,100.0,Norwegian bokmål <i18n-nb@lister.ping.uio.no>
gnome-control-center,6201,0,336,2205,0,49,5892,6537,94.86002753556677,Norwegian/Bokmaal <i18n-nb@lister.ping.uio.no>
gnome-desktop,438,0,0,61,0,0,424,438,100.0,Norwegian (bokmål) <i18n-nb@lister.ping.uio.no>
gnome-desktop3,146,0,0,23,0,0,138,146,100.0,Norwegian bokmål <i18n-nb@lister.ping.uio.no>
gnome-dictionary,660,0,0,137,0,0,619,660,100.0,Norwegian bokmål <i18n-nb@lister.ping.uio.no>
gnome-directory-thumbnailer,18,0,67,4,0,8,17,85,21.176470588235293,Norwegian Bokmål <i18n-nb@lister.ping.uio.no>
gnome-disk-utility,3489,90,139,679,7,7,3459,3718,93.84077461000538,Norwegian bokmål <i18n-nb@lister.ping.uio.no>
gnome-do,473,0,139,119,0,25,463,612,77.2875816993464,Norwegian Bokmal <nb@li.org>
gnome-doc-utils,251,0,0,101,0,0,241,251,100.0,Norwegian bokmål <i18n-nb@lister.ping.uio.no>
gnome-documents,655,0,0,208,0,0,655,655,100.0,Norwegian bokmål <i18n-nb@lister.ping.uio.no>
gnome-dvb-daemon,64,157,595,34,53,114,73,816,7.8431372549019605,Norwegian Bokmal <i18n-nb@lister.ping.uio.no>
gnome-font-viewer,130,2,340,41,1,142,131,472,27.54237288135593,Norwegian bokmål <i18n-nb@lister.ping.uio.no>
gnome-icon-theme,4,0,0,2,0,0,4,4,100.0,Norwegian bokmål <i18n@lister.ping.uio.no>
gnome-initial-setup,766,0,0,120,0,0,730,766,100.0,Norwegian bokmål <i18n-nb@lister.ping.uio.no>
gnome-keyring,509,0,0,103,0,0,522,509,100.0,Norwegian bokmål <i18n-nb@lister.ping.uio.no>
gnome-klotski,194,0,0,59,0,0,198,194,100.0,Norwegian bokmål <i18n-nb@lister.ping.uio.no>
gnome-libs,1085,0,0,395,0,0,1061,1085,100.0,Norwegian <no@li.org>
gnome-logs,355,0,23,123,0,1,325,378,93.91534391534393,Norwegian bokmål <i18n-nb@lister.ping.uio.no>
gnome-mahjongg,304,0,0,63,0,0,308,304,100.0,Norwegian bokmål <i18n-nb@lister.ping.uio.no>
gnome-maps,1158,3,47,302,1,4,1138,1208,95.86092715231787,Norwegian bokmål <i18n-nb@lister.ping.uio.no>
gnome-menus,70,0,0,27,0,0,63,70,100.0,Norwegian bokmål <i18n-nb@lister.ping.uio.no>
gnome-mime-data,887,0,0,362,0,0,587,887,100.0,Norwegian <i18n-nb@lister.ping.uio.no>
gnome-mines,344,0,0,72,0,0,346,344,100.0,Norwegian bokmål <i18n-nb@lister.ping.uio.no>
gnome-mud,126,147,784,91,45,108,137,1057,11.920529801324504,Norwegian Bokmal <i18n-nb@lister.ping.uio.no>
gnome-multi-writer,68,0,322,26,0,35,66,390,17.435897435897434,Norwegian Bokmål <nb@li.org>
gnome-music,528,0,0,113,0,0,537,528,100.0,Norwegian bokmål <i18n-nb@lister.ping.uio.no>
gnome-nettool,664,0,0,219,0,0,622,664,100.0,Norwegian bokmål <i18n-nb@lister.ping.uio.no>
gnome-nibbles,447,0,0,110,0,0,456,447,100.0,Norwegian bokmål <i18n-nb@lister.ping.uio.no>
gnome-online-accounts,660,0,30,152,0,2,662,690,95.65217391304348,Norwegian bokmål <i18n-nb@lister.ping.uio.no>
gnome-packagekit,3593,0,0,583,0,0,3387,3593,100.0,Norwegian bokmål <i18n-nb@lister.ping.uio.no>
gnome-phone-manager,552,0,0,95,0,0,515,552,100.0,Norwegian bokmal <i18n-nb@lister.ping.uio.no>
gnome-photos,473,0,0,198,0,0,481,473,100.0,Norwegian bokmål <i18n-nb@lister.ping.uio.no>
gnome-power-manager,433,0,0,145,0,0,385,433,100.0,Norwegian bokmål <i18n-nb@lister.ping.uio.no>
gnome-robots,597,0,0,97,0,0,610,597,100.0,Norwegian bokmål <i18n-nb@lister.ping.uio.no>
gnome-screensaver,286,0,0,56,0,0,270,286,100.0,Norwegian bokmål <i18n-nb@lister.ping.uio.no>
gnome-screenshot,457,0,0,80,0,0,422,457,100.0,Norwegian bokmål <i18n-nb@lister.ping.uio.no>
gnome-search-tool,1249,0,0,186,0,0,1061,1249,100.0,Norwegian bokmål <i18n-nb@lister.ping.uio.no>
gnome-session,299,0,0,50,0,0,294,299,100.0,Norwegian bokmål <i18n-nb@lister.ping.uio.no>
gnome-settings-daemon,1600,26,1033,306,6,72,1583,2659,60.17299736743137,Norwegian bokmål <i18n-nb@lister.ping.uio.no>
gnome-shell,1646,0,45,405,0,1,1641,1691,97.33885274985215,Norwegian bokmål <i18n-nb@lister.ping.uio.no>
gnome-shell-extension-dash-to-dock,454,0,0,114,0,0,403,454,100.0,
gnome-shell-extension-media-player-indicator,86,0,0,22,0,0,68,86,100.0,
gnome-shell-extension-openweather,23,107,489,19,41,141,22,619,3.715670436187399,
gnome-shell-extensions,388,0,0,70,0,0,396,388,100.0,Norwegian bokmål <i18n-nb@lister.ping.uio.no>
gnome-software,3299,9,510,729,2,52,3191,3818,86.40649554740702,Norwegian bokmål <i18n-nb@lister.ping.uio.no>
gnome-sound-recorder,292,0,0,73,0,0,283,292,100.0,Norwegian bokmål <i18n-nb@lister.ping.uio.no>
gnome-subtitles,23,0,614,13,0,232,21,637,3.610675039246468,Norwegian bokmål <kmaraas@gnome.org>
gnome-sudoku,398,0,0,71,0,0,379,398,100.0,Norwegian bokmål <i18n-nb@lister.ping.uio.no>
gnome-system-log,442,0,0,76,0,0,415,442,100.0,Norwegian bokmål <i18n-nb@lister.ping.uio.no>
gnome-system-monitor,1463,0,0,314,0,0,1489,1463,100.0,Norwegian bokmål <i18n-nb@lister.ping.uio.no>
gnome-taquin,232,0,0,49,0,0,222,232,100.0,Norwegian bokmål <i18n-nb@lister.ping.uio.no>
gnome-terminal,2341,73,89,471,8,7,2214,2503,93.52776667998401,Norwegian bokmål <i18n-nb@lister.ping.uio.no>
gnome-tetravex,220,0,0,45,0,0,223,220,100.0,Norwegian bokmål <i18n-nb@lister.ping.uio.no>
gnome-themes,109,0,0,30,0,0,120,109,100.0,Norwegian Bokmal <i18n-nb@lister.ping.uio.no>
gnome-themes-extra,15,0,0,6,0,0,16,15,100.0,Norwegian bokmål <i18n-nb@lister.ping.uio.no>
gnome-todo,640,0,82,155,0,7,631,722,88.64265927977839,Norwegian bokmål <i18n-nb@lister.ping.uio.no>
gnome-tweaks,500,0,165,173,0,14,515,665,75.18796992481202,Norwegian bokmål <i18n-nb@lister.ping.uio.no>
gnome-usage,66,0,139,37,0,17,70,205,32.19512195121951,Norwegian Bokmål <nb@li.org>
gnome-user-share,52,0,0,10,0,0,49,52,100.0,Norwegian bokmål <i18n-nb@lister.ping.uio.no>
gnome-vfs2,1519,0,0,305,0,0,1293,1519,100.0,Norwegian Bokmål <i18n-nb@lister.ping.uio.no>
gnome-video-arcade,460,27,843,155,8,82,450,1330,34.58646616541353,Norwegian Bokmal <i18n-nb@lister.ping.uio.no>
gnome-video-effects,256,0,0,68,0,0,219,256,100.0,Norsk bokmål <i18n-nb@lister.ping.uio.no>
gnome-weather,192,0,0,42,0,0,186,192,100.0,Norwegian bokmål <i18n-nb@lister.ping.uio.no>
gnomebaker,1398,343,612,372,73,133,1337,2353,59.41351466213345,"Bokmål, Norwegian <nb@li.org>"
gnote,737,143,1950,270,27,130,791,2830,26.04240282685512,Norwegian bokmål <i18n-nb@lister.ping.uio.no>
gnubik,266,13,0,82,1,0,247,279,95.3405017921147,Norwegian Bokmaal <i18n-nb@lister.ping.uio.no>
gnucash,13847,10255,10473,2971,1659,756,12423,34575,40.04916847433117,Norwegian <>
gnuchess,1115,0,0,148,0,0,1015,1115,100.0,Norwegian Bokmaal <i18n-nb@lister.ping.uio.no>
gnumed,73,1693,27635,39,598,4228,61,29401,0.24829087446005238,Norwegian Bokmal <nb@li.org>
gnumeric,12664,1342,22201,3469,120,2230,12071,36207,34.976661971441985,Norwegian bokmål <i18n-nb@lister.ping.uio.no>
gnupg,7599,1041,0,1129,168,0,7194,8640,87.95138888888889,Norwegian Bokmål <i18n-nb@lister.ping.uio.no>
gnupg2,13174,140,118,2156,25,11,12643,13432,98.07921381774865,Norwegian Bokmål <i18n-nb@lister.ping.uio.no>
godot,3531,465,3034,1050,137,705,3487,7030,50.2275960170697,Norwegian Bokmål <https://hosted.weblate.org/projects/godot-engine/godot/nb/>
goffice,2806,903,2492,1186,324,491,2608,6201,45.25076600548299,Norwegian bokmål <i18n-nb@lister.ping.uio.no>
goffice08,2603,386,1838,1119,141,350,2443,4827,53.925833851253365,Norwegian bokmål <i18n-nb@lister.ping.uio.no>
googsystray,0,0,759,0,0,199,0,759,0.0,Norwegian
gourmet,3582,157,200,859,17,16,3394,3939,90.93678598629094,<en@li.org>
gparted,2594,0,0,441,0,0,2473,2594,100.0,Norwegian bokmål <i18n-nb@lister.ping.uio.no>
gpicview,234,0,2,51,0,1,217,236,99.15254237288136,Norwegian Bokmål
gpodder,1056,446,612,310,125,112,1056,2114,49.952696310312206,Norwegian Bokmål (http://www.transifex.com/projects/p/gpodder/language/nb/)
gpsdrive,540,587,1378,139,125,192,533,2505,21.55688622754491,Norwegian <i18n-nb@lister.ping.uio.no>
gradio,309,0,0,101,0,0,290,309,100.0,Norwegian Bokmål <https://hosted.weblate.org/projects/gradio/translations/nb/>
gramps,38148,0,519,6556,0,66,36567,38667,98.65777019163627,"Norsk, bokmål <kde-i18n-doc@kde.org>"
granatier,235,0,12,66,0,2,222,247,95.1417004048583,Norwegian Bokmål <i18n-nb@lister.ping.uio.no>
granite,123,16,161,57,8,71,129,300,41.0,
grantlee-editor,479,0,51,147,0,11,502,530,90.37735849056604,Norwegian Bokmål <i18n-nb@lister.ping.uio.no>
grep,615,259,7,94,12,1,669,881,69.80703745743473,Norwegian Bokmaal <i18n-nb@lister.ping.uio.no>
grilo,194,0,0,37,0,0,205,194,100.0,Norwegian bokmål <i18n-nb@lister.ping.uio.no>
grilo-plugins,467,0,69,123,0,10,530,536,87.1268656716418,Norwegian bokmål <i18n-nb@lister.ping.uio.no>
grip,1171,0,0,299,0,0,1068,1171,100.0,Norwegian Bokmaal <i18n-nb@lister.ping.uio.no>
grsync,1141,0,26,161,0,2,1048,1167,97.77206512425022,Norwegian bokmål <i18n-no@lister.ping.uio.no>
grub2,7119,0,0,1344,0,0,7057,7119,100.0,Norwegian Bokmaal <i18n-nb@lister.ping.uio.no>
gscan2pdf,968,0,872,289,0,217,891,1840,52.60869565217391,Norwegian Bokmal <nb@li.org>
gsettings-desktop-schemas,1575,194,4542,306,20,240,1489,6311,24.956425289177623,Norwegian Bokmål <i18n-nb@lister.ping.uio.no>
gshutdown,300,60,132,82,10,9,287,492,60.97560975609756,
gspell,78,0,0,32,0,0,74,78,100.0,Norwegian bokmål <i18n-nb@lister.ping.uio.no>
gstreamer,480,133,1304,141,27,180,466,1917,25.039123630672925,Norwegian Bokmaal <i18n-nb@lister.ping.uio.no>
gstreamer-plugins-bad-free,49,21,26,8,4,2,45,96,51.041666666666664,Norwegian Bokmaal <i18n-nb@lister.ping.uio.no>
gstreamer-plugins-base,191,64,653,43,6,129,182,908,21.035242290748897,Norwegian Bokmaal <i18n-nb@lister.ping.uio.no>
gstreamer-plugins-good,183,76,555,83,10,97,193,814,22.48157248157248,Norwegian Bokmaal <i18n-nb@lister.ping.uio.no>
gstreamer1,2078,0,0,375,0,0,1898,2078,100.0,Norwegian Bokmaal <i18n-nb@lister.ping.uio.no>
gstreamer1-plugins-bad-free,194,0,3,28,0,1,173,197,98.47715736040608,Norwegian Bokmaal <i18n-nb@lister.ping.uio.no>
gstreamer1-plugins-base,939,5,24,196,1,5,796,968,97.00413223140497,Norwegian Bokmaal <i18n-nb@lister.ping.uio.no>
gstreamer1-plugins-good,726,43,43,89,6,4,674,812,89.4088669950739,Norwegian Bokmaal <i18n-nb@lister.ping.uio.no>
gstreamer1-plugins-ugly-free,80,0,0,10,0,0,72,80,100.0,Norwegian Bokmaal <i18n-nb@lister.ping.uio.no>
gthumb,2652,165,995,1008,37,159,2502,3812,69.5697796432319,Norwegian/Bokmaal <i18n-nb@lister.ping.uio.no>
gtk+,202,0,0,105,0,0,203,202,100.0,Norwegian <no@li.org>
gtk-gnutella,11737,453,4894,1996,64,730,10783,17084,68.70170920159214,Norwegian Bokmål (http://www.transifex.com/gtk-gnutella/gtk-gnutella/language/nb/)
gtk-murrine-engine,17,0,117,9,0,37,18,134,12.686567164179104,Norwegian bokmål <i18n-nb@lister.ping.uio.no>
gtk-vnc,8,0,0,3,0,0,10,8,100.0,Norwegian bokmål <i18n-nb@lister.ping.uio.no>
gtk2,10412,1066,945,2347,130,107,9196,12423,83.81228366739113,Norwegian Bokmål <i18n-nb@lister.ping.uio.no>
gtk2-engines,119,0,0,47,0,0,132,119,100.0,Norwegian bokmål <i18n-nb@lister.ping.uio.no>
gtk3,11885,1927,1627,2992,274,205,10682,15439,76.9803743765788,Norwegian bokmål <i18n-nb@lister.ping.uio.no>
gtk4,9725,1525,1372,2580,223,187,8771,12622,77.04801140865156,Norwegian bokmål <i18n-nb@lister.ping.uio.no>
gtkhash,0,0,163,0,0,51,0,163,0.0,none
gtkhtml3,522,0,0,317,0,0,536,522,100.0,Norwegian bokmål <i18n-nb@lister.ping.uio.no>
gtksourceview2,975,16,406,442,6,85,882,1397,69.79241231209735,Norwegian Bokmål <i18n-nb@lister.ping.uio.no>
gtksourceview3,315,2,5,103,1,2,306,322,97.82608695652173,Norwegian bokmål <i18n-nb@lister.ping.uio.no>
gtksourceview4,299,4,5,90,2,2,289,308,97.07792207792207,Norwegian bokmål <i18n-nb@lister.ping.uio.no>
gtkspell,11,0,0,5,0,0,11,11,100.0,Norwegian Bokmaal <i18n-nb@lister.ping.uio.no>
gtkspell3,16,0,0,7,0,0,16,16,100.0,Norwegian Bokmaal <i18n-nb@lister.ping.uio.no>
gtranslator,1143,18,513,334,2,53,1067,1674,68.27956989247312,Norwegian bokmål <i18n-nb@lister.ping.uio.no>
guake,395,237,434,78,47,69,387,1066,37.05440900562852,guake@lists.guake.org
guayadeque,2157,0,1169,665,0,354,1895,3326,64.85267588695129,Norwegian Bokmål (Norway) (http://www.transifex.com/projects/p/guayadeque/language/nb_NO/)
gucharmap,1230,0,0,409,0,0,1141,1230,100.0,Norwegian bokmål <i18n-nb@lister.ping.uio.no>
gutenprint,695,6258,8809,242,2048,2410,642,15762,4.40933891638117,Norwegian/Bokmaal <no@li.org>
gvfs,2148,0,0,412,0,0,2136,2148,100.0,Norwegian bokmål <i18n-nb@lister.ping.uio.no>
gvrng,94,65,214,49,26,46,94,373,25.201072386058982,Norwegian/Bokmaal
gwenview,1167,0,330,328,0,63,1172,1497,77.9559118236473,Norwegian Bokmål <i18n-nb@lister.ping.uio.no>
gwget,72,23,458,54,8,127,76,553,13.01989150090416,Norwegian <i18n-nb@lister.ping.uio.no>
hamster-time-tracker,562,1,134,164,1,7,579,697,80.6312769010043,Norwegian bokmål <i18n-nb@lister.ping.uio.no>
harvey,0,0,114,0,0,24,0,114,0.0,none
help2man,567,0,0,49,0,0,534,567,100.0,Norwegian Bokmaal <i18n-nb@lister.ping.uio.no>
hexchat,6151,13,5778,1577,2,1313,5789,11942,51.507285211857315,Norwegian (http://www.transifex.com/hexchat/hexchat/language/no/)
hitori,174,0,0,36,0,0,172,174,100.0,Norwegian bokmål <i18n-nb@lister.ping.uio.no>
homebank,878,5,1557,360,1,423,857,2440,35.98360655737705,Norwegian Bokmal <nb@li.org>
iagno,321,0,0,71,0,0,321,321,100.0,Norwegian bokmål <i18n-nb@lister.ping.uio.no>
ibus,163,0,684,62,0,93,151,847,19.244391971664697,Norwegian Bokmål <i18n-nb@lister.ping.uio.no>
icewm,0,0,0,0,0,0,0,0,0.0,Norwegian
im-chooser,52,0,187,13,0,43,41,239,21.75732217573222,LANGUAGE <LL@li.org>
imsettings,0,0,456,0,0,84,0,456,0.0,LANGUAGE <LL@li.org>
initial-setup,20,0,119,1,0,26,25,139,14.388489208633093,Norwegian Bokmål (http://www.transifex.com/projects/p/initial-setup/language/nb/)
initscripts,775,54,143,119,10,19,775,972,79.73251028806584,Norwegian Bokmål <i18n-nb@lister.ping.uio.no>
inkscape,10495,11361,16358,2318,3640,2187,10078,38214,27.46375673836814,American English <kde-i18n-doc@kde.org>
ipplan,0,0,0,0,0,0,0,0,0.0,
iso-codes,1779,5316,9345,954,4078,5503,1554,16440,10.821167883211679,Norwegian Bokmål <https://hosted.weblate.org/projects/iso-codes/iso-15924/nb/>
isomaster,654,1,19,99,1,7,597,674,97.03264094955489,<oversettelse@ubuntu.no>
jmol,363,28,1327,223,14,336,369,1718,21.129220023282887,Norwegian Bokmal <nb@li.org>
jpilot,329,611,2134,141,204,418,307,3074,10.702667534157449,Norwegian Bokmaal <i18n-nb@lister.ping.uio.no>
json-glib,159,0,144,26,0,18,145,303,52.475247524752476,Kjartan Maraas <i18n-nb@lister.ping.uio.no>
juk,1412,0,85,346,0,17,1319,1497,94.32197728790915,Norwegian Bokmål <i18n-nb@lister.ping.uio.no>
k3b,18158,0,2063,2377,0,144,16697,20221,89.79773502794124,Norwegian Bokmål <i18n-nb@lister.ping.uio.no>
kactivitymanagerd,5,0,2,2,0,1,5,7,71.42857142857143,Norwegian Bokmål <i18n-nb@lister.ping.uio.no>
kaddressbook,678,0,72,152,0,16,581,750,90.4,Norwegian Bokmål <i18n-nb@lister.ping.uio.no>
kajongg,2209,0,235,457,0,53,2089,2444,90.38461538461539,Norwegian Bokmål <i18n-nb@lister.ping.uio.no>
kalarm,6963,0,306,994,0,26,6600,7269,95.79034255055716,Norwegian Bokmål <i18n-nb@lister.ping.uio.no>
kalgebra,136,0,31,72,0,10,136,167,81.437125748503,Norwegian Bokmål <i18n-nb@lister.ping.uio.no>
kalzium,10040,9,388,1498,1,31,8883,10437,96.19622496886079,Norwegian Bokmål <i18n-nb@lister.ping.uio.no>
kamera,342,0,0,37,0,0,288,342,100.0,Norwegian Bokmål <i18n-nb@lister.ping.uio.no>
kamoso,20,0,82,9,0,18,18,102,19.607843137254903,Norwegian Bokmål <i18n-nb@lister.ping.uio.no>
kanagram,277,0,251,87,0,58,258,528,52.46212121212122,Norwegian Bokmål <i18n-nb@lister.ping.uio.no>
kapman,114,0,0,36,0,0,110,114,100.0,Norwegian Bokmål <i18n-nb@lister.ping.uio.no>
kapow,102,0,0,4,0,0,77,102,100.0,Norwegian (http://www.transifex.com/gottcode/kapow/language/no/)
kapptemplate,180,0,92,39,0,13,139,272,66.17647058823529,Norwegian Bokmål <i18n-nb@lister.ping.uio.no>
kate,4049,0,660,1032,0,72,3923,4709,85.98428541091528,Norwegian Bokmål <i18n-nb@lister.ping.uio.no>
katomic,185,0,0,59,0,0,184,185,100.0,Norwegian Bokmål <i18n-nb@lister.ping.uio.no>
kaudiocreator,1136,0,0,273,0,0,1085,1136,100.0,Norwegian Bokmål <i18n-nb@lister.ping.uio.no>
kblackbox,1328,0,36,100,0,2,1193,1364,97.36070381231671,Norwegian Bokmål <i18n-nb@lister.ping.uio.no>
kblocks,153,0,6,37,0,1,191,159,96.22641509433963,Norwegian Bokmål <i18n-nb@lister.ping.uio.no>
kbounce,154,0,0,42,0,0,159,154,100.0,Norwegian Bokmål <i18n-nb@lister.ping.uio.no>
kbrickbuster,142,0,10,37,0,3,132,152,93.42105263157895,Norwegian Bokmål <i18n-nb@lister.ping.uio.no>
kbruch,1342,0,3,194,0,1,1217,1345,99.77695167286245,Norwegian Bokmål <i18n-nb@lister.ping.uio.no>
kcachegrind,1724,0,2648,193,0,370,1583,4372,39.4327538883806,Norwegian Bokmål <i18n-nb@lister.ping.uio.no>
kcalc,957,0,35,324,0,4,887,992,96.47177419354838,Norwegian Bokmål <i18n-nb@lister.ping.uio.no>
kcharselect,75,0,13,30,0,4,76,88,85.22727272727273,Norwegian Bokmål <i18n-nb@lister.ping.uio.no>
kcm_wacomtablet,773,2,281,168,1,71,695,1056,73.20075757575758,Norwegian Bokmål <i18n-nb@lister.ping.uio.no>
kcolorchooser,17,0,12,7,0,3,16,29,58.620689655172406,Norwegian Bokmål <i18n-nb@lister.ping.uio.no>
kcoloredit,278,0,0,95,0,0,265,278,100.0,Norwegian Bokmål <i18n-nb@lister.ping.uio.no>
kcron,534,0,0,190,0,0,497,534,100.0,Norwegian Bokmål <i18n-nb@lister.ping.uio.no>
kdbg,52,86,725,31,34,124,55,863,6.025492468134415,<nb@li.org>
kde-cli-tools,2015,0,82,204,0,12,1839,2097,96.0896518836433,Norwegian Bokmål <i18n-nb@lister.ping.uio.no>
kde-dev-utils,65,0,31,25,0,10,67,96,67.70833333333334,Norwegian Bokmål <i18n-nb@lister.ping.uio.no>
kde-gtk-config,278,0,31,69,0,7,240,309,89.96763754045307,Norwegian Bokmål <i18n-nb@lister.ping.uio.no>
kde-l10n,103991,33,1136,21109,12,55,97105,105160,98.88836059338152,Norwegian Bokmål <i18n-nb@lister.ping.uio.no>
kde-partitionmanager,1913,0,368,437,0,80,1774,2281,83.86672512056116,Norwegian Bokmål <i18n-nb@lister.ping.uio.no>
kde-print-manager,886,0,81,251,0,23,877,967,91.62357807652533,Norwegian Bokmål <i18n-nb@lister.ping.uio.no>
kdenetwork-filesharing,36,0,6,11,0,1,36,42,85.71428571428571,Norwegian Bokmål <i18n-nb@lister.ping.uio.no>
kdepim-addons,2066,0,143,398,0,24,1773,2209,93.52648257129923,Norwegian Bokmål <i18n-nb@lister.ping.uio.no>
kdepim-apps-libs,59,0,0,34,0,0,55,59,100.0,Norwegian Bokmål <i18n-nb@lister.ping.uio.no>
kdepim-runtime,5648,7,734,917,1,94,5366,6389,88.40194083581156,Norwegian Bokmål <i18n-nb@lister.ping.uio.no>
kdeplasma-addons,795,0,606,270,0,253,796,1401,56.74518201284796,Norwegian Bokmål <i18n-nb@lister.ping.uio.no>
kdesdk-kioslaves,82,0,0,17,0,0,83,82,100.0,Norwegian Bokmål <i18n-nb@lister.ping.uio.no>
kdesdk-thumbnailers,4,0,0,4,0,0,5,4,100.0,Norwegian Bokmål <i18n-nb@lister.ping.uio.no>
kdevelop,7722,0,3746,1602,0,682,7418,11468,67.33519358214161,Norwegian Bokmål <i18n-nb@lister.ping.uio.no>
kdevelop-php,249,0,262,42,0,27,242,511,48.7279843444227,Norwegian Bokmål <i18n-nb@lister.ping.uio.no>
kdf,180,0,1,68,0,1,181,181,99.4475138121547,Norwegian Bokmål <i18n-nb@lister.ping.uio.no>
kdialog,246,0,101,53,0,17,211,347,70.89337175792507,Norwegian Bokmål <i18n-nb@lister.ping.uio.no>
kdiamond,122,0,0,32,0,0,131,122,100.0,Norwegian Bokmål <i18n-nb@lister.ping.uio.no>
kdiff3,2914,0,585,511,0,83,2785,3499,83.28093741068876,Norwegian Bokmål <i18n-nb@lister.ping.uio.no>
kdnssd,21,0,9,6,0,1,13,30,70.0,Norwegian Bokmål <i18n-nb@lister.ping.uio.no>
kdump-anaconda-addon,51,8,24,2,2,8,47,83,61.44578313253012,Norwegian/Bokmaal <i18n-nb@lister.ping.uio.no>
keditbookmarks,418,0,48,127,0,5,414,466,89.69957081545064,Norwegian Bokmål <i18n-nb@lister.ping.uio.no>
keurocalc,2869,89,84,328,7,7,2460,3042,94.3129520052597,<nb@li.org>
kexi,4319,0,3017,1149,0,342,4107,7336,58.87404580152672,Norwegian Bokmål <i18n-nb@lister.ping.uio.no>
kf5-akonadi-calendar,1772,13,92,277,5,6,1700,1877,94.40596696856686,Norwegian Bokmål <i18n-nb@lister.ping.uio.no>
kf5-akonadi-contacts,1292,34,92,246,16,34,1161,1418,91.11424541607899,Norwegian Bokmål <i18n-nb@lister.ping.uio.no>
kf5-akonadi-mime,534,0,38,101,0,6,534,572,93.35664335664336,Norwegian Bokmål <i18n-nb@lister.ping.uio.no>
kf5-akonadi-notes,2,0,0,1,0,0,2,2,100.0,Norwegian Bokmål <i18n-nb@lister.ping.uio.no>
kf5-akonadi-search,11,0,37,5,0,6,11,48,22.916666666666664,Norwegian Bokmål <i18n-nb@lister.ping.uio.no>
kf5-akonadi-server,2171,0,343,381,0,48,2048,2514,86.35640413683373,Norwegian Bokmål <i18n-nb@lister.ping.uio.no>
kf5-audiocd-kio,835,0,2,174,0,1,743,837,99.7610513739546,Norwegian Bokmål <i18n-nb@lister.ping.uio.no>
kf5-baloo,122,0,564,48,0,111,113,686,17.784256559766764,Norwegian Bokmål <i18n-nb@lister.ping.uio.no>
kf5-calendarsupport,2838,0,138,388,0,29,2630,2976,95.36290322580645,Norwegian Bokmål <i18n-nb@lister.ping.uio.no>
kf5-eventviews,2879,0,77,302,0,17,2556,2956,97.39512855209743,Norwegian Bokmål <i18n-nb@lister.ping.uio.no>
kf5-grantleetheme,4,0,10,2,0,4,5,14,28.57142857142857,Norwegian Bokmål <i18n-nb@lister.ping.uio.no>
kf5-incidenceeditor,2090,0,274,372,0,64,1919,2364,88.40947546531302,Norwegian Bokmål <i18n-nb@lister.ping.uio.no>
kf5-kalarmcal,198,0,0,101,0,0,187,198,100.0,Norwegian Bokmål <i18n-nb@lister.ping.uio.no>
kf5-kauth,39,0,34,5,0,3,32,73,53.42465753424658,Norwegian Bokmål <i18n-nb@lister.ping.uio.no>
kf5-kblog,243,0,0,27,0,0,202,243,100.0,Norwegian Bokmål <i18n-nb@lister.ping.uio.no>
kf5-kbookmarks,218,0,12,48,0,1,201,230,94.78260869565217,Norwegian Bokmål <i18n-nb@lister.ping.uio.no>
kf5-kcalendarutils,982,0,648,304,0,123,961,1630,60.24539877300613,Norwegian Bokmål <i18n-nb@lister.ping.uio.no>
kf5-kcmutils,517,0,47,70,0,2,482,564,91.66666666666666,Norwegian Bokmål <i18n-nb@lister.ping.uio.no>
kf5-kcodecs,348,0,0,53,0,0,299,348,100.0,Norwegian Bokmål <i18n-nb@lister.ping.uio.no>
kf5-kcompletion,18,0,0,11,0,0,15,18,100.0,Norwegian Bokmål <i18n-nb@lister.ping.uio.no>
kf5-kconfig,232,0,29,93,0,7,231,261,88.88888888888889,Norwegian Bokmål <i18n-nb@lister.ping.uio.no>
kf5-kconfigwidgets,315,0,6,113,0,4,325,321,98.13084112149532,Norwegian Bokmål <i18n-nb@lister.ping.uio.no>
kf5-kcontacts,175,0,2,107,0,1,137,177,98.87005649717514,Norwegian Bokmål <i18n-nb@lister.ping.uio.no>
kf5-kcoreaddons,184,20,129,67,5,53,175,333,55.25525525525525,Norwegian Bokmål <i18n-nb@lister.ping.uio.no>
kf5-kdav,126,0,59,15,0,5,108,185,68.10810810810811,Norwegian Bokmål <i18n-nb@lister.ping.uio.no>
kf5-kdbusaddons,48,0,0,6,0,0,47,48,100.0,Norwegian Bokmål <i18n-nb@lister.ping.uio.no>
kf5-kdeclarative,109,0,1,14,0,1,102,110,99.0909090909091,Norwegian Bokmål <i18n-nb@lister.ping.uio.no>
kf5-kdelibs4support,4813,0,0,2364,0,0,4666,4813,100.0,Norwegian Bokmål <i18n-nb@lister.ping.uio.no>
kf5-kdesignerplugin,54,0,0,9,0,0,44,54,100.0,Norwegian Bokmål <i18n-nb@lister.ping.uio.no>
kf5-kdesu,19,0,0,7,0,0,17,19,100.0,Norwegian Bokmål <i18n-nb@lister.ping.uio.no>
kf5-kdnssd,3,0,0,3,0,0,3,3,100.0,Norwegian Bokmål <i18n-nb@lister.ping.uio.no>
kf5-kdoctools,8,0,0,4,0,0,8,8,100.0,Norwegian Bokmål <i18n-nb@lister.ping.uio.no>
kf5-kfilemetadata,111,0,197,60,0,67,91,308,36.038961038961034,Norwegian Bokmål <i18n-nb@lister.ping.uio.no>
kf5-kglobalaccel,71,0,0,9,0,0,65,71,100.0,Norwegian Bokmål <i18n-nb@lister.ping.uio.no>
kf5-kholidays,109,0,0,77,0,0,100,109,100.0,Norwegian Bokmål <i18n-nb@lister.ping.uio.no>
kf5-khtml,1629,0,92,306,0,4,1489,1721,94.6542707728065,Norwegian Bokmål <i18n-nb@lister.ping.uio.no>
kf5-ki18n,124,0,0,110,0,0,132,124,100.0,Norwegian Bokmål <i18n-nb@lister.ping.uio.no>
kf5-kiconthemes,25,0,12,16,0,2,24,37,67.56756756756756,Norwegian Bokmål <i18n-nb@lister.ping.uio.no>
kf5-kidentitymanagement,165,0,9,21,0,2,161,174,94.82758620689656,Norwegian Bokmål <i18n-nb@lister.ping.uio.no>
kf5-kimap,96,0,14,45,0,4,94,110,87.27272727272727,Norwegian Bokmål <i18n-nb@lister.ping.uio.no>
kf5-kinit,131,0,3,13,0,1,125,134,97.76119402985076,Norwegian Bokmål <i18n-nb@lister.ping.uio.no>
kf5-kio,10284,0,1925,1211,0,138,9446,12209,84.23294291096732,Norwegian Bokmål <i18n-nb@lister.ping.uio.no>
kf5-kipi-plugins,4217,273,1098,987,55,161,4032,5588,75.46528274874731,Norwegian Bokmål <i18n-nb@lister.ping.uio.no>
kf5-kitemviews,6,0,1,3,0,1,7,7,85.71428571428571,Norwegian Bokmål <i18n-nb@lister.ping.uio.no>
kf5-kjobwidgets,123,0,0,36,0,0,121,123,100.0,Norwegian Bokmål <i18n-nb@lister.ping.uio.no>
kf5-kjsembed,248,0,0,44,0,0,249,248,100.0,Norwegian Bokmål <i18n-nb@lister.ping.uio.no>
kf5-kldap,156,0,26,49,0,5,141,182,85.71428571428571,Norwegian Bokmål <i18n-nb@lister.ping.uio.no>
kf5-kmailtransport,622,0,32,102,0,7,572,654,95.10703363914374,Norwegian Bokmål <i18n-nb@lister.ping.uio.no>
kf5-kmime,159,0,0,10,0,0,138,159,100.0,Norwegian Bokmål <i18n-nb@lister.ping.uio.no>
kf5-knewstuff,665,0,37,148,0,11,658,702,94.72934472934473,Norwegian Bokmål <i18n-nb@lister.ping.uio.no>
kf5-knotifications,18,0,0,6,0,0,13,18,100.0,Norwegian Bokmål <i18n-nb@lister.ping.uio.no>
kf5-knotifyconfig,129,0,0,17,0,0,122,129,100.0,Norwegian Bokmål <i18n-nb@lister.ping.uio.no>
kf5-kontactinterface,4,0,0,2,0,0,12,4,100.0,Norwegian Bokmål <i18n-nb@lister.ping.uio.no>
kf5-kpackage,319,0,176,79,0,18,300,495,64.44444444444444,Norwegian Bokmål <i18n-nb@lister.ping.uio.no>
kf5-kparts,104,0,0,26,0,0,95,104,100.0,Norwegian Bokmål <i18n-nb@lister.ping.uio.no>
kf5-kpeople,21,0,0,11,0,0,24,21,100.0,Norwegian Bokmål <i18n-nb@lister.ping.uio.no>
kf5-kpimtextedit,267,0,96,117,0,37,264,363,73.55371900826447,Norwegian Bokmål <i18n-nb@lister.ping.uio.no>
kf5-kpty,15,0,0,4,0,0,18,15,100.0,Norwegian Bokmål <i18n-nb@lister.ping.uio.no>
kf5-kross,100,0,0,35,0,0,98,100,100.0,Norwegian Bokmål <i18n-nb@lister.ping.uio.no>
kf5-kservice,140,0,30,25,0,3,135,170,82.35294117647058,Norwegian Bokmål <i18n-nb@lister.ping.uio.no>
kf5-ktexteditor,7640,0,735,1118,0,96,7047,8375,91.22388059701493,Norwegian Bokmål <i18n-nb@lister.ping.uio.no>
kf5-ktextwidgets,462,0,0,122,0,0,469,462,100.0,Norwegian Bokmål <i18n-nb@lister.ping.uio.no>
kf5-ktnef,355,0,0,143,0,0,314,355,100.0,Norwegian Bokmål <i18n-nb@lister.ping.uio.no>
kf5-kunitconversion,4387,0,925,1859,0,407,3986,5312,82.58659638554217,Norwegian Bokmål <i18n-nb@lister.ping.uio.no>
kf5-kwallet,1460,0,38,106,0,2,1451,1498,97.46328437917224,Norwegian Bokmål <i18n-nb@lister.ping.uio.no>
kf5-kwidgetsaddons,1116,0,205,412,0,46,1085,1321,84.48145344436033,Norwegian Bokmål <i18n-nb@lister.ping.uio.no>
kf5-kwindowsystem,2,0,0,1,0,0,2,2,100.0,Norwegian Bokmål <i18n-nb@lister.ping.uio.no>
kf5-kxmlgui,1349,0,253,207,0,21,1236,1602,84.20724094881398,Norwegian Bokmål <i18n-nb@lister.ping.uio.no>
kf5-kxmlrpcclient,13,0,0,2,0,0,10,13,100.0,Norwegian Bokmål <i18n-nb@lister.ping.uio.no>
kf5-libkcddb,557,0,0,251,0,0,527,557,100.0,Norwegian Bokmål <i18n-nb@lister.ping.uio.no>
kf5-libkcompactdisc,15,0,0,10,0,0,17,15,100.0,Norwegian Bokmål <i18n-nb@lister.ping.uio.no>
kf5-libkdepim,370,0,95,101,0,26,351,465,79.56989247311827,Norwegian Bokmål <i18n-nb@lister.ping.uio.no>
kf5-libkgeomap,139,0,0,46,0,0,124,139,100.0,Norwegian Bokmål <i18n-nb@lister.ping.uio.no>
kf5-libkleo,938,0,270,235,0,74,879,1208,77.64900662251655,Norwegian Bokmål <i18n-nb@lister.ping.uio.no>
kf5-libksane,270,0,2,82,0,1,245,272,99.26470588235294,Norwegian Bokmål <i18n-nb@lister.ping.uio.no>
kf5-libksieve,2955,0,344,476,0,81,2734,3299,89.57259775689603,Norwegian Bokmål <i18n-nb@lister.ping.uio.no>
kf5-libktorrent,471,0,0,106,0,0,513,471,100.0,Norwegian Bokmål <i18n-nb@lister.ping.uio.no>
kf5-mailcommon,2515,0,312,418,0,52,2371,2827,88.96356561726212,Norwegian Bokmål <i18n-nb@lister.ping.uio.no>
kf5-mailimporter,1189,0,219,105,0,22,1158,1408,84.44602272727273,Norwegian Bokmål <i18n-nb@lister.ping.uio.no>
kf5-messagelib,7044,0,541,1075,0,99,6632,7585,92.86750164798944,Norwegian Bokmål <i18n-nb@lister.ping.uio.no>
kf5-pimcommon,851,0,183,203,0,46,833,1034,82.30174081237911,Norwegian Bokmål <i18n-nb@lister.ping.uio.no>
kf5-plasma,455,0,49,125,0,22,389,504,90.27777777777779,Norwegian Bokmål <i18n-nb@lister.ping.uio.no>
kf5-purpose,36,0,17,13,0,6,33,53,67.9245283018868,Norwegian Bokmål <i18n-nb@lister.ping.uio.no>
kf5-solid,672,0,10,220,0,3,607,682,98.53372434017595,Norwegian Bokmål <i18n-nb@lister.ping.uio.no>
kf5-sonnet,657,0,10,71,0,2,628,667,98.50074962518741,Norwegian Bokmål <i18n-nb@lister.ping.uio.no>
kf5-syntax-highlighting,0,0,522,0,0,322,0,522,0.0,Norwegian Bokmål <i18n-nb@lister.ping.uio.no>
kfind,488,0,16,113,0,4,476,504,96.82539682539682,Norwegian Bokmål <i18n-nb@lister.ping.uio.no>
kflickr,245,0,87,82,0,5,249,332,73.79518072289156,Norwegian Bokmal <nb@li.org>
kfloppy,611,0,30,97,0,3,611,641,95.3198127925117,Norwegian Bokmål <i18n-nb@lister.ping.uio.no>
kfourinline,392,0,0,157,0,0,360,392,100.0,Norwegian Bokmål <i18n-nb@lister.ping.uio.no>
kgamma,130,0,0,16,0,0,148,130,100.0,Norwegian Bokmål <i18n-nb@lister.ping.uio.no>
kgeography,9429,0,269,6912,0,219,9132,9698,97.22623221282738,Norwegian Bokmål <i18n-nb@lister.ping.uio.no>
kget,2910,0,43,785,0,9,2874,2953,98.54385370809347,Norwegian Bokmål <i18n-nb@lister.ping.uio.no>
kgoldrunner,22507,0,1049,888,0,20,21616,23556,95.54678213618611,Norwegian Bokmål <i18n-nb@lister.ping.uio.no>
kgpg,4967,0,315,644,0,54,4585,5282,94.03634986747444,Norwegian Bokmål <i18n-nb@lister.ping.uio.no>
kgrab,370,0,0,53,0,0,327,370,100.0,Norwegian Bokmål <i18n-nb@lister.ping.uio.no>
kgraphviewer,964,0,294,220,0,21,871,1258,76.6295707472178,Norwegian Bokmål <i18n-nb@lister.ping.uio.no>
khangman,312,0,161,83,0,36,252,473,65.96194503171247,Norwegian Bokmål <i18n-nb@lister.ping.uio.no>
khelpcenter,214,0,51,80,0,10,181,265,80.75471698113208,Norwegian Bokmål <i18n-nb@lister.ping.uio.no>
khotkeys,418,0,20,126,0,3,393,438,95.4337899543379,Norwegian Bokmål <i18n-nb@lister.ping.uio.no>
kiconedit,726,0,0,155,0,0,675,726,100.0,Norwegian Bokmål <i18n-nb@lister.ping.uio.no>
kig,7587,0,288,1271,0,30,6843,7875,96.34285714285714,Norwegian Bokmål <i18n-nb@lister.ping.uio.no>
kigo,486,0,14,121,0,8,432,500,97.2,Norwegian Bokmål <i18n-nb@lister.ping.uio.no>
kile,11152,0,21,1897,0,5,9883,11173,99.81204689877383,Norwegian Bokmål <i18n-nb@lister.ping.uio.no>
killbots,627,0,14,114,0,14,582,641,97.81591263650546,Norwegian Bokmål <i18n-nb@lister.ping.uio.no>
kinfocenter,2866,0,46,987,0,19,2568,2912,98.42032967032966,Norwegian Bokmål <i18n-nb@lister.ping.uio.no>
kio-extras,880,0,151,124,0,9,817,1031,85.35402521823472,Norwegian Bokmål <i18n-nb@lister.ping.uio.no>
kio_gopher,17,0,0,5,0,0,17,17,100.0,Norwegian Bokmål <i18n-nb@lister.ping.uio.no>
kiriki,138,0,6,49,0,1,132,144,95.83333333333334,Norwegian Bokmål <i18n-nb@lister.ping.uio.no>
kiten,641,0,0,179,0,0,604,641,100.0,Norwegian Bokmål <i18n-nb@lister.ping.uio.no>
kjots,384,0,15,102,0,4,365,399,96.2406015037594,Norwegian Bokmål <i18n-nb@lister.ping.uio.no>
kjumpingcube,412,0,0,95,0,0,377,412,100.0,Norwegian Bokmål <i18n-nb@lister.ping.uio.no>
klavaro,1713,198,93,211,20,8,1680,2004,85.47904191616766,Norwegian Bokmaal <i18n-nb@lister.ping.uio.no>
kleopatra,6442,0,2385,1008,0,350,6233,8827,72.98062761980287,Norwegian Bokmål <i18n-nb@lister.ping.uio.no>
klettres,419,0,17,78,0,5,389,436,96.10091743119266,Norwegian Bokmål <i18n-nb@lister.ping.uio.no>
klickety,171,0,7,59,0,3,151,178,96.06741573033707,Norwegian Bokmål <i18n-nb@lister.ping.uio.no>
klines,92,0,7,26,0,2,97,99,92.92929292929293,Norwegian Bokmål <i18n-nb@lister.ping.uio.no>
kmag,427,0,5,97,0,1,376,432,98.8425925925926,Norwegian Bokmål <i18n-nb@lister.ping.uio.no>
kmahjongg,313,0,27,91,0,7,306,340,92.05882352941175,Norwegian Bokmål <i18n-nb@lister.ping.uio.no>
kmail,7713,0,1021,1188,0,152,7357,8734,88.31005266773528,Norwegian Bokmål <i18n-nb@lister.ping.uio.no>
kmail-account-wizard,377,0,422,81,0,47,357,799,47.18397997496871,Norwegian Bokmål <i18n-nb@lister.ping.uio.no>
kmenuedit,277,0,0,61,0,0,257,277,100.0,Norwegian Bokmål <i18n-nb@lister.ping.uio.no>
kmid2,923,0,99,308,0,25,801,1022,90.31311154598825,Norwegian Bokmål <i18n-nb@lister.ping.uio.no>
kmines,108,0,11,38,0,4,97,119,90.75630252100841,Norwegian Bokmål <i18n-nb@lister.ping.uio.no>
kmix,727,0,203,177,0,31,673,930,78.17204301075269,Norwegian Bokmål <i18n-nb@lister.ping.uio.no>
kmousetool,111,0,36,28,0,4,100,147,75.51020408163265,Norwegian Bokmål <i18n-nb@lister.ping.uio.no>
kmouth,1433,0,82,195,0,9,1353,1515,94.58745874587459,Norwegian Bokmål <i18n-nb@lister.ping.uio.no>
kmplayer,1248,0,0,370,0,0,1153,1248,100.0,Norwegian Bokmål <i18n-nb@lister.ping.uio.no>
kmplot,2427,0,40,462,0,11,2168,2467,98.37859748682611,Norwegian Bokmål <i18n-nb@lister.ping.uio.no>
knavalbattle,304,0,95,92,0,10,311,399,76.19047619047619,Norwegian Bokmål <i18n-nb@lister.ping.uio.no>
knetwalk,230,0,0,54,0,0,210,230,100.0,Norwegian Bokmål <i18n-nb@lister.ping.uio.no>
knotes,514,0,275,177,0,62,523,789,65.14575411913816,Norwegian Bokmål <i18n-nb@lister.ping.uio.no>
koffice-kivio,8412,1,4,2358,1,2,8327,8417,99.94059641202328,Norwegian Bokmål <i18n-no@lister.ping.uio.no>
kolf,373,0,28,142,0,6,361,401,93.01745635910224,Norwegian Bokmål <i18n-nb@lister.ping.uio.no>
kollision,93,0,16,27,0,3,105,109,85.3211009174312,Norwegian Bokmål <i18n-nb@lister.ping.uio.no>
kolourpaint,2468,0,155,439,0,13,2362,2623,94.09073579870378,Norwegian Bokmål <i18n-nb@lister.ping.uio.no>
kompare,1422,0,8,192,0,4,1336,1430,99.44055944055944,Norwegian Bokmål <i18n-nb@lister.ping.uio.no>
konqueror,8693,0,400,1354,0,51,8117,9093,95.60101176729351,Norwegian Bokmål <i18n-nb@lister.ping.uio.no>
konquest,246,0,0,98,0,0,237,246,100.0,Norwegian Bokmål <i18n-nb@lister.ping.uio.no>
konsole5,2072,0,724,465,0,97,1967,2796,74.10586552217453,Norwegian Bokmål <i18n-nb@lister.ping.uio.no>
kontact,462,0,137,78,0,20,464,599,77.12854757929884,Norwegian Bokmål <i18n-nb@lister.ping.uio.no>
konversation,10046,0,248,1596,0,42,9310,10294,97.59082960948126,Norwegian Bokmål <i18n-nb@lister.ping.uio.no>
kopete,18380,0,47,3444,0,13,16916,18427,99.74493949096434,Norwegian Bokmål <i18n-nb@lister.ping.uio.no>
korganizer,5356,0,1440,698,0,216,4853,6796,78.81106533254855,Norwegian Bokmål <i18n-nb@lister.ping.uio.no>
kover,582,52,121,175,10,28,563,755,77.08609271523179,Norwegian
kpat,418,0,55,127,0,13,461,473,88.37209302325581,Norwegian Bokmål <i18n-nb@lister.ping.uio.no>
kphotoalbum,6514,0,3050,789,0,230,6106,9564,68.10957758260142,Norwegian Bokmål <i18n-nb@lister.ping.uio.no>
kpilot,7156,0,0,861,0,0,6454,7156,100.0,Norwegian Bokmål <i18n-nb@lister.ping.uio.no>
kpmcore,1028,0,2172,192,0,279,894,3200,32.125,Norwegian Bokmål <i18n-nb@lister.ping.uio.no>
krb5-auth-dialog,272,7,1463,77,2,270,282,1742,15.614236509758896,Norwegian Bokmål <i18n-nb@lister.ping.uio.no>
krdc,1198,0,96,281,0,14,1106,1294,92.58114374034004,Norwegian Bokmål <i18n-nb@lister.ping.uio.no>
krecipes,3633,0,13,755,0,10,3494,3646,99.6434448710916,Norwegian Bokmål <i18n-nb@lister.ping.uio.no>
kreport,0,36,478,0,15,219,0,514,0.0,Norwegian Bokmål <i18n-nb@lister.ping.uio.no>
kreversi,165,0,263,67,0,74,160,428,38.55140186915888,Norwegian Bokmål <i18n-nb@lister.ping.uio.no>
krfb,582,0,62,80,0,8,564,644,90.37267080745342,Norwegian Bokmål <i18n-nb@lister.ping.uio.no>
krita,8804,390,16494,2920,197,3091,8157,25688,34.27281220803488,Norwegian Bokmål <i18n-nb@lister.ping.uio.no>
kruler,133,0,51,40,0,7,108,184,72.28260869565217,Norwegian Bokmål <i18n-nb@lister.ping.uio.no>
krusader,6058,0,1880,1455,0,287,5896,7938,76.3164525069287,Norwegian Bokmål <i18n-nb@lister.ping.uio.no>
kscreen,169,0,24,48,0,11,169,193,87.56476683937824,Norwegian Bokmål <i18n-nb@lister.ping.uio.no>
kscreenlocker,139,0,113,26,0,9,117,252,55.158730158730165,Norwegian Bokmål <i18n-nb@lister.ping.uio.no>
kshisen,518,0,50,65,0,5,509,568,91.19718309859155,Norwegian Bokmål <i18n-nb@lister.ping.uio.no>
ksig,71,8,6,17,7,2,78,85,83.52941176470588,Norwegian Bokmål <i18n-nb@lister.ping.uio.no>
ksirk,5748,0,15,758,0,4,5488,5763,99.73971889640812,Norwegian Bokmål <i18n-nb@lister.ping.uio.no>
ksnakeduel,231,0,0,53,0,0,216,231,100.0,Norwegian Bokmål <i18n-nb@lister.ping.uio.no>
kspaceduel,165,0,0,81,0,0,153,165,100.0,Norwegian Bokmål <i18n-nb@lister.ping.uio.no>
ksquares,257,0,0,76,0,0,207,257,100.0,Norwegian Bokmål <i18n-nb@lister.ping.uio.no>
ksshaskpass,43,0,0,12,0,0,41,43,100.0,Norwegian Bokmål <i18n-nb@lister.ping.uio.no>
kstars,22756,41,33797,7754,2,8169,20412,56594,40.20920945683288,Norwegian Bokmål <i18n-nb@lister.ping.uio.no>
ksudoku,711,0,1035,120,0,43,686,1746,40.72164948453608,Norwegian Bokmål <i18n-nb@lister.ping.uio.no>
ksysguard,1029,0,53,223,0,14,931,1082,95.10166358595194,Norwegian Bokmål <i18n-nb@lister.ping.uio.no>
ksystemlog,2814,0,220,438,0,41,2418,3034,92.74884640738298,Norwegian Bokmål <i18n-nb@lister.ping.uio.no>
kteatime,181,0,22,62,0,5,176,203,89.16256157635468,Norwegian Bokmål <i18n-nb@lister.ping.uio.no>
ktimer,241,0,17,51,0,2,234,258,93.4108527131783,Norwegian Bokmål <i18n-nb@lister.ping.uio.no>
ktorrent,7426,0,112,1361,0,21,6932,7538,98.51419474661715,Norwegian Bokmål <i18n-nb@lister.ping.uio.no>
ktouch,785,0,86,229,0,13,741,871,90.12629161882893,Norwegian Bokmål <i18n-nb@lister.ping.uio.no>
ktp-accounts-kcm,1081,0,1,304,0,1,984,1082,99.90757855822551,Norwegian Bokmål <i18n-nb@lister.ping.uio.no>
ktp-approver,67,0,4,17,0,1,62,71,94.36619718309859,Norwegian Bokmål <i18n-nb@lister.ping.uio.no>
ktp-auth-handler,74,0,9,22,0,2,66,83,89.1566265060241,Norwegian Bokmål <i18n-nb@lister.ping.uio.no>
ktp-common-internals,956,0,33,201,0,5,989,989,96.66329625884732,Norwegian Bokmål <i18n-nb@lister.ping.uio.no>
ktp-contact-list,377,0,303,102,0,25,360,680,55.44117647058824,Norwegian Bokmål <i18n-nb@lister.ping.uio.no>
ktp-contact-runner,169,0,39,33,0,10,152,208,81.25,Norwegian Bokmål <i18n-nb@lister.ping.uio.no>
ktp-filetransfer-handler,141,0,0,39,0,0,140,141,100.0,Norwegian Bokmål <i18n-nb@lister.ping.uio.no>
ktp-kded-integration-module,217,0,273,42,0,17,205,490,44.285714285714285,Norwegian Bokmål <i18n-nb@lister.ping.uio.no>
ktp-send-file,55,0,5,16,0,2,60,60,91.66666666666666,Norwegian Bokmål <i18n-nb@lister.ping.uio.no>
ktp-text-ui,1273,0,79,268,0,20,1223,1352,94.15680473372781,Norwegian Bokmål <i18n-nb@lister.ping.uio.no>
ktuberling,151,0,7,35,0,3,106,158,95.56962025316456,Norwegian Bokmål <i18n-nb@lister.ping.uio.no>
kturtle,1527,0,0,346,0,0,1438,1527,100.0,Norwegian Bokmål <i18n-nb@lister.ping.uio.no>
kubrick,1186,0,17,162,0,3,1132,1203,98.58686616791354,Norwegian Bokmål <i18n-nb@lister.ping.uio.no>
kupfer,799,133,1547,334,37,321,760,2479,32.23073820088745,Norwegian bokmål <i18n-nb@lister.ping.uio.no>
kwalletmanager5,699,0,101,147,0,18,691,800,87.375,Norwegian Bokmål <i18n-nb@lister.ping.uio.no>
kwebkitpart,625,0,17,145,0,2,591,642,97.35202492211839,Norwegian Bokmål <i18n-nb@lister.ping.uio.no>
kwin,5647,0,794,1017,0,231,5399,6441,87.67272162707654,Norwegian Bokmål <i18n-nb@lister.ping.uio.no>
kwordquiz,2013,0,13,408,0,6,1863,2026,99.3583415597236,Norwegian Bokmål <i18n-nb@lister.ping.uio.no>
latexila,704,178,637,264,27,175,644,1519,46.346280447662934,Norwegian bokmål <i18n-nb@lister.ping.uio.no>
lazarus,643,229,894,189,23,163,578,1766,36.409966024915065,
ldm,55,0,0,19,0,0,62,55,100.0,Norwegian Bokmål <i18n-nb@lister.ping.uio.no>
libbonobo,543,0,0,107,0,0,520,543,100.0,Norwegian Bokmål <i18n-nb@lister.ping.uio.no>
libbonoboui,368,0,0,115,0,0,339,368,100.0,Norwegian Bokmål <i18n-nb@lister.ping.uio.no>
libbytesize,0,0,17,0,0,17,0,17,0.0,Norwegian Bokmål
libcryptui,697,0,0,187,0,0,649,697,100.0,Norwegian <i18n-nb@lister.ping.uio.no>
libdnf,2,0,1021,1,0,172,1,1023,0.19550342130987292,Norwegian Bokmål
libepc,27,0,119,9,0,17,26,146,18.493150684931507,Norwegian Bokmal <i18n-nb@lister.ping.uio.no>
libfilezilla,402,0,0,76,0,0,341,402,100.0,Norwegian Bokmål <i18n-nb@lister.ping.uio.no>
libfm,0,0,1575,0,0,394,0,1575,0.0,LANGUAGE <LL@li.org>
libgda,2896,1684,6666,951,301,815,2788,11246,25.751378267828564,Norwegian bokmål <i18n-nb@lister.ping.uio.no>
libgdata,684,0,0,84,0,0,673,684,100.0,Norwegian Bokmål <i18n-nb@lister.ping.uio.no>
libgdl,637,0,22,95,0,1,588,659,96.66160849772383,Norwegian bokmål <i18n-nb@lister.ping.uio.no>
libgnome,1773,0,0,273,0,0,1649,1773,100.0,Norwegian Bokmål <i18n-nb@lister.ping.uio.no>
libgnome-games-support,43,0,0,14,0,0,39,43,100.0,Norwegian bokmål <i18n-nb@lister.ping.uio.no>
libgnome-keyring,44,0,0,9,0,0,39,44,100.0,Norwegian bokmål <i18n-nb@lister.ping.uio.no>
libgnomecanvas,378,0,0,95,0,0,335,378,100.0,Norwegian <i18n-nb@lister.ping.uio.no>
libgnomekbd,242,0,0,55,0,0,211,242,100.0,Norwegian bokmål <i18n-nb@lister.ping.uio.no>
libgnomeui,1309,0,0,334,0,0,1162,1309,100.0,Norwegian <i18n-nb@lister.ping.uio.no>
libgsf,359,3,334,75,1,70,346,696,51.58045977011494,Norsk bokmål <i18n-nb@lister.ping.uio.no>
libgtop2,126,0,0,40,0,0,117,126,100.0,Norwegian bokmål <i18n-nb@lister.ping.uio.no>
libgweather,6370,0,0,4679,0,0,6235,6370,100.0,Norwegian bokmål <i18n-nb@lister.ping.uio.no>
libgxim,0,0,124,0,0,24,0,124,0.0,LANGUAGE <LL@li.org>
libkdegames,370,0,0,132,0,0,339,370,100.0,Norwegian Bokmål <i18n-nb@lister.ping.uio.no>
libkeduvocdocument,146,0,25,76,0,5,139,171,85.38011695906432,Norwegian Bokmål <i18n-nb@lister.ping.uio.no>
libkexif,25,0,0,14,0,0,22,25,100.0,Norwegian Bokmaal <i18n-no@lister.ping.uio.no>
libkfbapi,42,0,0,6,0,0,37,42,100.0,Norwegian Bokmål <i18n-nb@lister.ping.uio.no>
libkgapi,0,0,332,0,0,74,0,332,0.0,Norwegian Bokmål <i18n-nb@lister.ping.uio.no>
libkmahjongg,7,0,0,7,0,0,7,7,100.0,Norwegian Bokmål <i18n-nb@lister.ping.uio.no>
libkomparediff2,143,0,0,19,0,0,139,143,100.0,Norwegian Bokmål <i18n-nb@lister.ping.uio.no>
libksysguard,2794,0,366,337,0,62,2435,3160,88.41772151898735,Norwegian Bokmål <i18n-nb@lister.ping.uio.no>
libktorrent,519,0,0,115,0,0,560,519,100.0,Norwegian Bokmål <i18n-nb@lister.ping.uio.no>
libmatekbd,243,0,8,41,0,2,215,251,96.81274900398407,Norwegian Bokmål (https://www.transifex.com/mate/teams/13566/nb/)
libmatemixer,242,0,0,126,0,0,228,242,100.0,Norwegian Bokmål (https://www.transifex.com/mate/teams/13566/nb/)
libmateweather,6124,0,0,4557,0,0,6004,6124,100.0,Norwegian Bokmål (https://www.transifex.com/mate/teams/13566/nb/)
libmypaint,111,3,1423,47,2,57,93,1537,7.221860767729344,Norwegian Bokmål <nb@li.org>
libosinfo,0,0,672,0,0,146,0,672,0.0,Norwegian Bokmål
libpeas,112,0,0,34,0,0,112,112,100.0,Norwegian bokmål <i18n-nb@lister.ping.uio.no>
libpwquality,18,0,325,6,0,47,18,343,5.247813411078718,Norwegian Bokmål (http://www.transifex.com/projects/p/libpwquality/language/nb/)
libreoffice,427327,0,137415,66879,0,11272,387229,564742,75.66765000655167,LANGUAGE <LL@li.org>
libreport,180,0,8308,65,0,994,174,8488,2.1206409048067862,Norwegian Bokmål (http://www.transifex.com/projects/p/libreport/language/nb/)
libsecret,59,0,0,9,0,0,56,59,100.0,Norwegian bokmål <i18n-nb@lister.ping.uio.no>
libsoup,155,0,0,36,0,0,168,155,100.0,Norwegian bokmål <i18n-nb@lister.ping.uio.no>
libuser,1374,45,18,290,8,3,1364,1437,95.61586638830897,Norwegian Bokmål (http://www.transifex.com/projects/p/fedora/language/nb/)
libvirt,500,0,63307,137,0,9709,461,63807,0.7836130832040372,Norwegian Bokmål (http://www.transifex.com/projects/p/fedora/language/nb/)
libvirt-glib,0,0,145,0,0,29,0,145,0.0,Norwegian Bokmål (http://www.transifex.com/projects/p/libvirt-glib/language/nb/)
libvirt-sandbox,0,0,617,0,0,111,0,617,0.0,Norwegian Bokmål <i18n-nb@lister.ping.uio.no>
libwnck,674,0,450,200,0,41,639,1124,59.9644128113879,Norwegian Bokmål <i18n-nb@lister.ping.uio.n>
libwnck3,749,0,335,203,0,27,697,1084,69.0959409594096,Norwegian bokmål <i18n-nb@lister.ping.uio.n>
libxfce4ui,899,0,1,174,0,1,853,900,99.8888888888889,Norwegian Bokmål (http://www.transifex.com/xfce/libxfce4ui/language/nb/)
libxfce4util,424,0,0,7,0,0,453,424,100.0,Norwegian Bokmål (http://www.transifex.com/xfce/libxfce4util/language/nb/)
libzypp,2126,68,231,918,12,28,2014,2425,87.6701030927835,Norwegian Bokmål <i18n-nb@lister.ping.uio.no>
light-locker,260,0,0,37,0,0,209,260,100.0,Norwegian Bokmål (http://www.transifex.com/the_cavalry/light-locker/language/nb/)
lightdm,119,0,44,14,0,7,126,163,73.00613496932516,Norwegian Bokmal <nb@li.org>
lightdm-gtk,34,0,53,11,0,14,39,87,39.08045977011494,Norwegian Bokmal <nb@li.org>
lightdm-settings,223,0,48,53,0,6,188,271,82.28782287822878,Norwegian Bokmal <nb@li.org>
lightsoff,97,0,0,19,0,0,108,97,100.0,Norwegian bokmål <i18n-nb@lister.ping.uio.no>
linphone,960,132,311,262,47,91,905,1403,68.42480399144691,Norwegian Bokmål <i18n-nb@lister.ping.uio.no>
linux_logo,45,3,6,15,3,5,45,54,83.33333333333334,Norwegian Bokmål <nb@li.org>
lokalize,3121,0,784,527,0,109,2966,3905,79.92317541613316,Norwegian Bokmål <i18n-nb@lister.ping.uio.no>
lollypop,1223,45,5,446,14,1,1146,1273,96.07227022780833,Norwegian Bokmål <https://hosted.weblate.org/projects/gnumdk/lollypop/nb_NO/>
londonlaw,42,0,600,10,0,158,35,642,6.5420560747663545,Norwegian Bokmål <nb@li.org>
lskat,254,0,0,83,0,0,266,254,100.0,Norwegian Bokmål <i18n-nb@lister.ping.uio.no>
lxappearance-obconf,191,5,0,26,1,0,166,196,97.44897959183673,Norwegian
lxdm,12,0,35,11,0,14,13,47,25.53191489361702,LANGUAGE <LL@li.org>
lxinput,70,2,11,23,1,2,54,83,84.33734939759037,LANGUAGE <LL@li.org>
lxlauncher,51,0,7,11,0,6,39,58,87.93103448275862,LANGUAGE <LL@li.org>
lxmenu-data,97,0,0,37,0,0,88,97,100.0,Norwegian Bokmal <i18n-nb@lister.ping.uio.no>
lxmusic,202,1,0,88,1,0,182,203,99.50738916256158,LANGUAGE <LL@li.org>
lxrandr,83,50,34,22,8,11,76,167,49.700598802395206,LANGUAGE <LL@li.org>
lxsession,29,9,717,12,4,150,27,755,3.8410596026490067,LANGUAGE <LL@li.org>
lxshortcut,43,0,0,19,0,0,33,43,100.0,LANGUAGE <LL@li.org>
lxtask,70,7,53,26,1,24,56,130,53.84615384615385,Norwegian Bokmal
lxterminal,85,45,72,45,19,34,87,202,42.07920792079208,LANGUAGE <LL@li.org>
lyx,20913,2280,2403,6480,507,303,19182,25596,81.70417252695734,norsk <no@li.org>
madplay,284,445,402,83,61,149,289,1131,25.110521662245798,Norwegian <chrn@start.no>
mailman,17753,2531,3990,1249,90,133,17677,24274,73.13586553514048,Norwegian <i18n-no@lister.ping.uio.no>
man-db,5,120,78,2,24,23,5,203,2.4630541871921183,Norwegian <i18n-nb@lister.ping.uio.no>
manaplus,193,0,4191,100,0,1306,177,4384,4.4023722627737225,Norwegian Bokmål (http://www.transifex.com/projects/p/manaplus/language/nb/)
marble,818,0,10597,220,0,3075,767,11415,7.166009636443277,Norwegian Bokmål <i18n-nb@lister.ping.uio.no>
marco,3991,0,227,398,0,24,3704,4218,94.61830251303935,Norwegian Bokmål (https://www.transifex.com/mate/teams/13566/nb/)
mariadb,0,109,155,0,7,13,0,264,0.0,Norwegian Bokmål <i18n-nb@lister.ping.uio.no>
massif-visualizer,257,0,100,75,0,34,251,357,71.98879551820728,Norwegian Bokmål <i18n-nb@lister.ping.uio.no>
mate-applets,2428,0,13399,610,0,986,2740,15827,15.340873191381815,Norwegian Bokmål (https://www.transifex.com/mate/teams/13566/nb/)
mate-backgrounds,51,0,0,28,0,0,49,51,100.0,Norwegian Bokmål (https://www.transifex.com/mate/teams/13566/nb/)
mate-calc,1353,0,1825,487,0,232,1346,3178,42.57394587791063,Norwegian Bokmål (https://www.transifex.com/mate/teams/13566/nb/)
mate-control-center,3099,0,5434,1099,0,373,2988,8533,36.31782491503574,Norwegian Bokmål (https://www.transifex.com/mate/teams/13566/nb/)
mate-desktop,2238,0,118,299,0,6,2031,2356,94.99151103565366,Norwegian Bokmål (https://www.transifex.com/mate/teams/13566/nb/)
mate-icon-theme,4,0,0,2,0,0,3,4,100.0,Norwegian Bokmål (https://www.transifex.com/mate/teams/13566/nb/)
mate-media,213,0,25,93,0,7,230,238,89.49579831932773,Norwegian Bokmål (https://www.transifex.com/mate/teams/13566/nb/)
mate-menu,316,0,0,118,0,0,322,316,100.0,Norwegian Bokmål (http://www.transifex.com/mate/MATE/language/nb/)
mate-menus,97,0,0,37,0,0,88,97,100.0,Norwegian Bokmål (https://www.transifex.com/mate/teams/13566/nb/)
mate-notification-daemon,139,0,0,37,0,0,132,139,100.0,Norwegian Bokmål (https://www.transifex.com/mate/teams/13566/nb/)
mate-panel,4527,0,2141,635,0,153,4191,6668,67.89142171565686,Norwegian Bokmål (https://www.transifex.com/mate/teams/13566/nb/)
mate-polkit,122,0,0,20,0,0,117,122,100.0,Norwegian Bokmål (https://www.transifex.com/mate/teams/13566/nb/)
mate-power-manager,2671,0,2523,429,0,152,2583,5194,51.42472083172892,Norwegian Bokmål (https://www.transifex.com/mate/teams/13566/nb/)
mate-screensaver,986,0,10,157,0,1,875,996,98.99598393574297,Norwegian Bokmål (https://www.transifex.com/mate/teams/13566/nb/)
mate-sensors-applet,319,0,1848,117,0,110,376,2167,14.720812182741117,Norwegian Bokmål (https://www.transifex.com/mate/teams/13566/nb/)
mate-session-manager,652,0,39,121,0,3,599,691,94.35600578871201,Norwegian Bokmål (https://www.transifex.com/mate/teams/13566/nb/)
mate-settings-daemon,1752,0,88,256,0,18,1597,1840,95.21739130434783,Norwegian Bokmål (https://www.transifex.com/mate/teams/13566/nb/)
mate-system-monitor,1509,0,2970,352,0,263,1517,4479,33.69055592766242,Norwegian Bokmål (https://www.transifex.com/mate/teams/13566/nb/)
mate-terminal,4443,0,3970,539,0,254,4017,8413,52.811125638892186,Norwegian Bokmål (https://www.transifex.com/mate/teams/13566/nb/)
mate-themes,58,0,2,11,0,1,57,60,96.66666666666667,Norwegian Bokmål (http://www.transifex.com/mate/MATE/language/nb/)
mate-user-admin,79,0,491,40,0,89,81,570,13.859649122807017,Norwegian Bokmål (https://www.transifex.com/mate/teams/13566/nb/)
mate-user-guide,237,0,42951,144,0,3093,273,43188,0.5487635454292858,Norwegian Bokmål (https://www.transifex.com/mate/teams/13566/nb/)
mate-utils,3723,0,6485,711,0,390,3470,10208,36.47139498432602,Norwegian Bokmål (https://www.transifex.com/mate/teams/13566/nb/)
mbox-importer,33,0,7,11,0,2,30,40,82.5,Norwegian Bokmål <i18n-nb@lister.ping.uio.no>
mc,983,0,3194,330,0,901,989,4177,23.53363658127843,Norwegian Bokmål (http://www.transifex.com/mc/mc/language/nb/)
meld,218,120,918,110,48,155,224,1256,17.35668789808917,Norwegian/Bokmaal <i18n-nb@lister.ping.uio.no>
menulibre,317,0,532,121,0,43,297,849,37.33804475853945,Norwegian Bokmal <nb@li.org>
metacity,2040,0,0,310,0,0,1953,2040,100.0,Norwegian bokmål <i18n-no@lister.ping.uio.no>
meteo,227,0,0,79,0,0,203,227,100.0,
midori,4410,0,2672,1074,0,518,4137,7082,62.27054504377294,Norsk Bokmål <olalinde@gmail.com>
minetest,127,41,6238,33,24,967,127,6406,1.9825163908835466,Norwegian Bokmål <https://hosted.weblate.org/projects/minetest/minetest/nb/>
mingw-GConf2,4088,0,0,497,0,0,4003,4088,100.0,Norwegian bokmål <i18n-nb@lister.ping.uio.no>
mingw-atk,440,0,0,169,0,0,362,440,100.0,Norwegian bokmål <i18n-nb@lister.ping.uio.no>
mingw-colord,647,0,1238,149,0,54,542,1885,34.323607427055705,Norwegian Bokmål (http://www.transifex.com/projects/p/colord/language/nb/)
mingw-colorhug-client,560,0,849,126,0,168,438,1409,39.7444996451384,Norwegian Bokmål (http://www.transifex.com/projects/p/colorhug-client/language/nb/)
mingw-gdk-pixbuf,1393,0,0,208,0,0,1337,1393,100.0,Norwegian bokmål <i18n-nb@lister.ping.uio.no>
mingw-gettext,1284,1220,5279,185,136,506,1187,7783,16.497494539380703,Norwegian Bokmaal <i18n-nb@lister.ping.uio.no>
mingw-glib-networking,161,0,0,29,0,0,147,161,100.0,Norwegian bokmål <i18n-nb@lister.ping.uio.no>
mingw-glib2,6362,40,616,1061,7,59,6368,7018,90.65260758050727,Norwegian bokmål <i18n-nb@lister.ping.uio.no>
mingw-gstreamer,480,133,1304,141,27,180,466,1917,25.039123630672925,Norwegian Bokmaal <i18n-nb@lister.ping.uio.no>
mingw-gstreamer-plugins-bad-free,49,21,26,8,4,2,45,96,51.041666666666664,Norwegian Bokmaal <i18n-nb@lister.ping.uio.no>
mingw-gstreamer-plugins-base,191,64,653,43,6,129,182,908,21.035242290748897,Norwegian Bokmaal <i18n-nb@lister.ping.uio.no>
mingw-gstreamer-plugins-good,183,76,555,83,10,97,193,814,22.48157248157248,Norwegian Bokmaal <i18n-nb@lister.ping.uio.no>
mingw-gstreamer1,2078,0,0,375,0,0,1898,2078,100.0,Norwegian Bokmaal <i18n-nb@lister.ping.uio.no>
mingw-gstreamer1-plugins-bad-free,194,0,3,28,0,1,173,197,98.47715736040608,Norwegian Bokmaal <i18n-nb@lister.ping.uio.no>
mingw-gstreamer1-plugins-base,939,5,24,196,1,5,796,968,97.00413223140497,Norwegian Bokmaal <i18n-nb@lister.ping.uio.no>
mingw-gstreamer1-plugins-good,726,25,43,89,4,4,674,794,91.43576826196474,Norwegian Bokmaal <i18n-nb@lister.ping.uio.no>
mingw-gtk-vnc,8,0,0,3,0,0,10,8,100.0,Norwegian bokmål <i18n-nb@lister.ping.uio.no>
mingw-gtk2,10412,1066,945,2347,130,107,9196,12423,83.81228366739113,Norwegian Bokmål <i18n-nb@lister.ping.uio.no>
mingw-gtk3,11885,1927,1627,2992,274,205,10682,15439,76.9803743765788,Norwegian bokmål <i18n-nb@lister.ping.uio.no>
mingw-gtksourceview3,1149,2,5,627,1,2,1061,1156,99.39446366782006,Norwegian bokmål <i18n-nb@lister.ping.uio.no>
mingw-gtkspell3,16,0,0,7,0,0,16,16,100.0,Norwegian Bokmaal <i18n-nb@lister.ping.uio.no>
mingw-json-glib,159,0,144,26,0,18,145,303,52.475247524752476,Kjartan Maraas <i18n-nb@lister.ping.uio.no>
mingw-libgsf,359,3,334,75,1,70,346,696,51.58045977011494,Norsk bokmål <i18n-nb@lister.ping.uio.no>
mingw-libosinfo,0,0,672,0,0,146,0,672,0.0,Norwegian Bokmål
mingw-libsoup,155,0,0,36,0,0,168,155,100.0,Norwegian bokmål <i18n-nb@lister.ping.uio.no>
mingw-libvirt,500,0,63057,137,0,9680,461,63557,0.7866954072722124,Norwegian Bokmål (http://www.transifex.com/projects/p/fedora/language/nb/)
mingw-libvirt-glib,0,0,145,0,0,29,0,145,0.0,Norwegian Bokmål (http://www.transifex.com/projects/p/libvirt-glib/language/nb/)
mingw-p11-kit,0,0,476,0,0,81,0,476,0.0,Norwegian Bokmål (http://www.transifex.com/freedesktop/p11-kit/language/nb/)
mingw-postgresql,271,0,0,41,0,0,257,271,100.0,
mingw-qt5-qtwebkit,215,515,1901,97,116,359,213,2631,8.171797795515014,Norwegian Bokmal <i18n-nb@lister.ping.uio.no>
mingw-sane-backends,611,511,4520,202,189,789,565,5642,10.829493087557603,
mingw-webkitgtk,215,507,1901,97,114,359,213,2623,8.19672131147541,Norwegian Bokmal <i18n-nb@lister.ping.uio.no>
mingw-webkitgtk3,215,507,1901,97,114,359,213,2623,8.19672131147541,Norwegian Bokmal <i18n-nb@lister.ping.uio.no>
mingw-wxWidgets,4723,802,866,1001,194,280,4445,6391,73.90079799718355,Norwegian Bokmål <i18n-nb@lister.ping.uio.no>
mingw-wxWidgets3,3993,1937,1765,866,524,463,3748,7695,51.89083820662768,Norwegian Bokmål <i18n-nb@lister.ping.uio.no>
minicom,1574,215,0,387,4,0,1539,1789,87.98211291224148,Norwegian Bokmaal <i18n-nb@lister.ping.uio.no>
moin,4986,46,22,922,10,4,4979,5054,98.65453106450336,
monodevelop,354,778,22166,166,295,4837,354,23298,1.5194437290754572,
moodle,2,12,38,1,5,8,3,52,3.8461538461538463,i18n@lists.horde.org
moserial,208,81,236,80,3,28,212,525,39.61904761904762,Norwegian Bokmal <i18n-nb@lister.ping.uio.no>
mousepad,1088,0,0,306,0,0,983,1088,100.0,Norwegian Bokmål (http://www.transifex.com/xfce/xfce-apps/language/nb/)
mousetweaks,114,0,0,30,0,0,99,114,100.0,Norwegian bokmål <i18n-nb@lister.ping.uio.no>
mozo,42,0,0,16,0,0,37,42,100.0,Norwegian Bokmål (https://www.transifex.com/mate/teams/13566/nb/)
msitools,49,0,19,20,0,5,48,68,72.05882352941177,Norwegian bokmål <i18n-nb@lister.ping.uio.no>
muffin,2071,0,0,283,0,0,1953,2071,100.0,Norwegian bokmål <i18n-no@lister.ping.uio.no>
multimedia-menus,56,0,0,22,0,0,56,56,100.0,Norwegian bokmaal <i18n-nb@lister.ping.uio.no>
mutter,843,0,108,134,0,1,822,951,88.64353312302839,Norwegian bokmål <i18n-no@lister.ping.uio.no>
mutter328,843,0,108,134,0,1,822,951,88.64353312302839,Norwegian bokmål <i18n-no@lister.ping.uio.no>
mypaint,382,1295,5180,172,399,615,365,6857,5.570949394779058,Norwegian Bokmål <nb@li.org>
nano,2959,114,38,512,13,7,2717,3111,95.11411121825779,Norwegian Bokmaal <i18n-nb@lister.ping.uio.no>
nautilus,4719,647,158,1046,19,12,4708,5524,85.42722664735699,Norwegian bokmål <i18n-nb@lister.ping.uio.no>
nautilus-sendto,56,0,0,10,0,0,45,56,100.0,Norwegian bokmål <i18n-nb@lister.ping.uio.no>
ncmpc,430,58,289,177,17,82,435,777,55.341055341055345,no <no@li.org>
nemiver,736,14,591,254,4,82,685,1341,54.88441461595824,Norwegian bokmål <i18n-nb@lister.ping.uio.no>
nemo-extensions,39,46,169,20,8,20,44,254,15.354330708661418,Norwegian Bokmal <nb@li.org>
neovim,11842,968,834,2456,174,112,11692,13644,86.7927294048666,Norwegian <vim.in.norwegian@sunbase.org>
net6,196,0,108,49,0,19,201,304,64.47368421052632,Norwegian Bokmal <nb@li.org>
network-manager-applet,1912,1179,1312,530,189,209,1828,4403,43.4249375425846,Norwegian bokmål <i18n-nb@lister.ping.uio.no>
newsbeuter,1218,88,36,320,8,6,1229,1342,90.76005961251863,
newsboat,1136,195,89,302,24,15,1135,1420,80.0,
newt,4,0,0,4,0,0,4,4,100.0,Norwegian <i18n-nb@lister.ping.uio.no>
notification-daemon,17,0,0,7,0,0,16,17,100.0,Norsk bokmål <i18n-nb@lister.ping.uio.no>
nutty,368,240,0,122,30,0,314,608,60.526315789473685,Norwegian Bokmål <https://hosted.weblate.org/projects/nutty/translations/nb_NO/>
obconf,491,0,247,113,0,43,427,738,66.53116531165311,Norwegian
oggconvert,132,0,0,44,0,0,129,132,100.0,Norwegian Bokmal <nb@li.org>
okteta,2424,0,87,576,0,26,2253,2511,96.5352449223417,Norwegian Bokmål <i18n-nb@lister.ping.uio.no>
okular,3830,0,723,799,0,99,3583,4553,84.12036020206457,Norwegian Bokmål <i18n-nb@lister.ping.uio.no>
olpc-switch-desktop,4,0,154,2,0,12,6,158,2.5316455696202533,LANGUAGE <LL@li.org>
onboard,2047,0,271,464,0,46,2011,2318,88.30888697152717,Norwegian Bokmal <nb@li.org>
openbox,506,0,0,94,0,0,453,506,100.0,None
openerp,27856,0,28626,6989,0,1974,25576,56482,49.31836691335293,Norwegian Bokmal <nb@li.org>
optimizer,0,0,564,0,0,150,0,564,0.0,none
orage,2931,0,0,1030,0,0,2804,2931,100.0,Norwegian Bokmål (http://www.transifex.com/projects/p/xfce-apps/language/nb/)
orca,4997,170,443,1669,67,121,4816,5610,89.07308377896614,Norwegian bokmål <i18n-nb@lister.ping.uio.no>
osinfo-db-tools,0,0,202,0,0,40,0,202,0.0,Norwegian Bokmål
p11-kit,0,0,476,0,0,81,0,476,0.0,Norwegian Bokmål (http://www.transifex.com/freedesktop/p11-kit/language/nb/)
pacman,5398,0,0,896,0,0,5273,5398,100.0,Norwegian Bokmål (http://www.transifex.com/toofishes/archlinux-pacman/language/nb/)
palapeli,614,0,898,138,0,42,586,1512,40.60846560846561,Norwegian Bokmål <i18n-nb@lister.ping.uio.no>
pam,575,22,0,117,3,0,543,597,96.31490787269682,Norwegian Bokmål <i18n-nb@lister.ping.uio.no>
pan,1044,865,1259,344,215,193,1030,3168,32.95454545454545,Norwegian bokmål <i18n-nb@lister.ping.uio.no>
pantheon-agent-geoclue2,43,0,155,11,0,23,35,198,21.71717171717172,
pantheon-agent-polkit,16,3,15,8,1,8,13,34,47.05882352941176,
pantheon-greeter,29,0,0,10,0,0,29,29,100.0,Norwegian Bokmal <nb@li.org>
parcellite,129,25,2,48,3,1,128,156,82.6923076923077,Norwegian Bokml <kde-i18n-doc@lists.kde.org>
parley,2909,0,941,608,0,145,2709,3850,75.55844155844156,Norwegian Bokmål <i18n-nb@lister.ping.uio.no>
parole,1027,0,44,297,0,1,962,1071,95.89169000933707,Norwegian Bokmål (http://www.transifex.com/xfce/xfce-apps/language/nb/)
passwd,306,0,30,54,0,3,292,336,91.07142857142857,Norwegian Bokmål <i18n-nb@lister.ping.uio.no>
pastebinit,127,0,68,18,0,11,120,195,65.12820512820512,Norwegian Bokmal <nb@li.org>
pdfmod,147,20,149,62,6,21,161,316,46.51898734177215,Norwegian bokmal <i18n-nb@lster.ping.uio.no>
peek,500,2,35,87,1,1,464,537,93.1098696461825,Norwegian Bokmål <https://hosted.weblate.org/projects/peek/translations/nb_NO/>
perl-Padre,1280,0,0,434,0,0,1180,1280,100.0,Norwegian
pgadmin3,2159,9734,5005,766,2632,1004,1730,16898,12.776659959758552,LANGUAGE <LL@li.org>
phatch,625,0,1928,254,0,570,601,2553,24.481002741872306,Norwegian Bokmal <nb@li.org>
phd2,2959,0,8628,569,0,1120,2796,11587,25.53724001035643,
php-horde-Horde-Alarm,1,4,8,1,2,2,1,13,7.6923076923076925,i18n@lists.horde.org
php-horde-Horde-Argv,2,2,56,2,2,9,2,60,3.3333333333333335,i18n@lists.horde.org
php-horde-Horde-Browser,4,3,59,1,1,4,5,66,6.0606060606060606,i18n@lists.horde.org
php-horde-Horde-Cli,2,6,3,1,1,1,2,11,18.181818181818183,i18n@lists.horde.org
php-horde-Horde-Compress,7,6,12,2,2,2,7,25,28.000000000000004,i18n@lists.horde.org
php-horde-Horde-Core,189,194,388,99,50,62,180,771,24.5136186770428,i18n@lists.horde.org
php-horde-Horde-Crypt,216,71,109,62,13,22,195,396,54.54545454545454,i18n@lists.horde.org
php-horde-Horde-Data,2,5,0,1,1,0,1,7,28.57142857142857,i18n@lists.horde.org
php-horde-Horde-Date,4,12,20,4,3,4,4,36,11.11111111111111,i18n@lists.horde.org
php-horde-Horde-Exception,0,4,0,0,2,0,0,4,0.0,i18n@lists.horde.org
php-horde-Horde-Form,168,126,259,72,36,38,150,553,30.37974683544304,i18n@lists.horde.org
php-horde-Horde-Icalendar,0,0,3,0,0,1,0,3,0.0,i18n@lists.horde.org
php-horde-Horde-Image,19,122,440,19,73,193,19,581,3.2702237521514634,i18n@lists.horde.org
php-horde-Horde-Imsp,0,7,7,0,1,1,0,14,0.0,i18n@lists.horde.org
php-horde-Horde-Itip,2,17,37,2,3,5,2,56,3.571428571428571,i18n@lists.horde.org
php-horde-Horde-Kolab-Storage,0,6,114,0,1,8,0,120,0.0,i18n@lists.horde.org
php-horde-Horde-LoginTasks,6,0,0,5,0,0,6,6,100.0,i18n@lists.horde.org
php-horde-Horde-Mime,2,8,38,1,3,8,3,48,4.166666666666666,i18n@lists.horde.org
php-horde-Horde-Mime-Viewer,1,4,42,1,3,16,1,47,2.127659574468085,i18n@lists.horde.org
php-horde-Horde-Nls,54,44,332,45,30,188,49,430,12.558139534883722,i18n@lists.horde.org
php-horde-Horde-Perms,6,0,0,5,0,0,6,6,100.0,i18n@lists.horde.org
php-horde-Horde-Prefs,12,20,0,5,3,0,12,32,37.5,i18n@lists.horde.org
php-horde-Horde-Rpc,0,10,38,0,2,5,0,48,0.0,i18n@lists.horde.org
php-horde-Horde-Share,4,19,25,4,3,5,4,48,8.333333333333332,i18n@lists.horde.org
php-horde-Horde-SyncMl,0,3,0,0,1,0,0,3,0.0,i18n@lists.horde.org
php-horde-Horde-Text-Filter,1,0,0,1,0,0,1,1,100.0,i18n@lists.horde.org
php-horde-Horde-Token,0,0,35,0,0,2,0,35,0.0,i18n@lists.horde.org
php-horde-Horde-Vfs,0,10,0,0,3,0,0,10,0.0,i18n@lists.horde.org
php-horde-horde,1074,932,1468,392,278,264,1029,3474,30.915371329879104,Norsk bokmål
php-horde-imp,5034,0,0,1023,0,0,4668,5034,100.0,Norwegian (Bokmal) <i18n@lists.horde.org>
php-horde-ingo,397,101,0,132,26,0,403,498,79.71887550200803,i18n@lists.horde.org
php-horde-kronolith,867,0,0,295,0,0,831,867,100.0,Norwegian (Bokmal) <i18n@lists.horde.org>
php-horde-mnemo,246,0,0,70,0,0,227,246,100.0,Norwegian (Bokmal) <i18n@lists.horde.org>
php-horde-nag,360,0,0,98,0,0,366,360,100.0,Norwegian (Bokmal) <i18n@lists.horde.org>
php-horde-turba,621,0,0,159,0,0,568,621,100.0,Norwegian (Bokmal) <i18n@lists.horde.org>
php-phpmyadmin-sql-parser,196,31,0,40,4,0,158,227,86.34361233480176,Norwegian Bokmål <https://hosted.weblate.org/projects/phpmyadmin/sql-parser/nb_NO/>
picard,3788,0,3039,1862,0,507,3598,6827,55.485571993555006,Norwegian Bokmål (http://www.transifex.com/musicbrainz/musicbrainz/language/nb/)
picmi,172,0,25,109,0,5,155,197,87.30964467005076,Norwegian Bokmål <i18n-nb@lister.ping.uio.no>
pidgin,15746,10,0,3432,1,0,15037,15756,99.93653211474994,Norwegian Bokmål (http://www.transifex.com/pidgin/pidgin/language/nb/)
pidgin-guifications,148,101,256,51,37,104,165,505,29.306930693069305,"Norsk Bokmål, Norwegian"
pidgin-musictracker,39,0,294,23,0,37,34,333,11.711711711711711,Norwegian Bokmal <nb@li.org>
pidgin-otr,1064,0,0,159,0,0,1048,1064,100.0,Norwegian Bokmål (Norway) (http://www.transifex.com/projects/p/pidgin-otr/language/nb_NO/)
pidgin-sipe,553,0,566,144,0,129,531,1119,49.41912421805183,Norwegian Bokmål (http://www.transifex.com/stefanb/pidgin-sipe/language/nb/)
pim-data-exporter,410,0,313,105,0,76,383,723,56.708160442600274,Norwegian Bokmål <i18n-nb@lister.ping.uio.no>
pim-sieve-editor,256,0,176,58,0,57,246,432,59.25925925925925,Norwegian Bokmål <i18n-nb@lister.ping.uio.no>
pingus,1169,3,4223,108,1,337,1130,5395,21.66821130676552,no <sk-so@online.no>
pinta,1280,0,338,446,0,82,1240,1618,79.11001236093944,Norwegian Bokmal <nb@li.org>
pitivi,1082,2,471,338,1,50,1055,1555,69.58199356913182,Norwegian bokmål <i18n-nb@lister.ping.uio.no>
pix,2594,0,1124,985,0,217,2455,3718,69.76869284561592,Norwegian/Bokmaal <i18n-nb@lister.ping.uio.no>
plank,189,0,0,50,0,0,217,189,100.0,Norwegian Bokmal <nb@li.org>
planner,1844,0,0,535,0,0,1762,1844,100.0,Norwegian/Bokmål <i18n-nb@lister.ping.uio.no>
plasma-breeze,229,0,38,87,0,14,244,267,85.76779026217228,Norwegian Bokmål <i18n-nb@lister.ping.uio.no>
plasma-browser-integration,11,0,0,3,0,0,12,11,100.0,Norwegian Bokmål <i18n-nb@lister.ping.uio.no>
plasma-desktop,9948,0,1722,1956,0,307,9464,11670,85.24421593830334,Norwegian Bokmål <i18n-nb@lister.ping.uio.no>
plasma-discover,752,0,557,249,0,143,708,1309,57.44843391902216,Norwegian Bokmål <i18n-nb@lister.ping.uio.no>
plasma-drkonqi,3878,0,137,361,0,16,3624,4015,96.58779576587796,Norwegian Bokmål <i18n-nb@lister.ping.uio.no>
plasma-integration,58,0,0,21,0,0,61,58,100.0,Norwegian Bokmål <i18n-nb@lister.ping.uio.no>
plasma-mediacenter,117,0,55,74,0,13,122,172,68.02325581395348,Norwegian Bokmål <i18n-nb@lister.ping.uio.no>
plasma-milou,33,0,9,14,0,3,29,42,78.57142857142857,Norwegian Bokmål <i18n-nb@lister.ping.uio.no>
plasma-nm,2429,0,1777,811,0,228,2203,4206,57.750832144555396,Norwegian Bokmål <i18n-nb@lister.ping.uio.no>
plasma-oxygen,723,0,85,275,0,20,724,808,89.48019801980197,Norwegian Bokmål <i18n-nb@lister.ping.uio.no>
plasma-pa,70,0,45,32,0,13,80,115,60.86956521739131,Norwegian Bokmål <i18n-nb@lister.ping.uio.no>
plasma-sdk,301,0,136,74,0,22,285,437,68.8787185354691,Norwegian Bokmål <i18n-nb@lister.ping.uio.no>
plasma-systemsettings,183,0,41,44,0,11,169,224,81.69642857142857,Norwegian Bokmål <i18n-nb@lister.ping.uio.no>
plasma-user-manager,283,0,12,46,0,3,254,295,95.9322033898305,Norwegian Bokmål <i18n-nb@lister.ping.uio.no>
plasma-workspace,6190,0,933,2066,0,191,6210,7123,86.9015864102204,Norwegian Bokmål <i18n-nb@lister.ping.uio.no>
playonlinux,333,0,2395,49,0,400,310,2728,12.20674486803519,Norwegian Bokmal <nb@li.org>
pluma,4890,0,7796,1187,0,590,4619,12686,38.546429134478956,Norwegian Bokmål (https://www.transifex.com/mate/teams/13566/nb/)
pmount,723,0,0,63,0,0,674,723,100.0,"Bokmål, Norwegian <nb@li.org>"
po4a,1859,0,23329,199,0,1311,1747,25188,7.380498650150866,Norwegian Bokmål <https://hosted.weblate.org/projects/po4a/po4a/nb/>
poedit,2772,0,0,620,0,0,2592,2772,100.0,Norwegian Bokmal
pogo,73,0,503,22,0,79,70,576,12.67361111111111,Norwegian Bokmal <nb@li.org>
polari,810,0,0,186,0,0,840,810,100.0,Norwegian Bokmål <i18n-nb@lister.ping.uio.no>
policycoreutils,69,0,4428,44,0,654,73,4497,1.534356237491661,Norwegian Bokmål
polkit-gnome,94,0,0,16,0,0,91,94,100.0,Norwegian bokmål <i18n-nb@lister.ping.uio.no>
polkit-kde,90,0,4,27,0,3,82,94,95.74468085106383,Norwegian Bokmål <i18n-nb@lister.ping.uio.no>
popt,61,8,15,24,2,5,58,84,72.61904761904762,Norwegian <no@li.org>
postgresql,271,0,0,41,0,0,257,271,100.0,
poweradmin,2088,0,0,278,0,0,1881,2088,100.0,Norwegian Bokmål (http://www.transifex.com/projects/p/poweradmin/language/nb/)
powerdevil,673,0,0,120,0,0,675,673,100.0,Norwegian Bokmål <i18n-nb@lister.ping.uio.no>
pragha,174,0,716,76,0,200,162,890,19.550561797752806,Norwegian (http://www.transifex.com/p/Pragha/language/no/)
psad,30,258,672,10,9,42,28,960,3.125,Norwegian <no@li.org>
psmisc,203,512,277,34,21,30,212,992,20.463709677419356,Norwegian Bokmaal <i18n-nb@lister.ping.uio.no>
publican,1012,66,4365,64,2,550,1043,5443,18.59268785596179,Norwegian <i18n-no@lister.ping.uio.no>
publican-fedora,6,0,101,1,0,7,5,107,5.607476635514018,Norwegian <i18n-no@lister.ping.uio.no>
pulsecaster,0,0,147,0,0,20,0,147,0.0,LANGUAGE <LL@li.org>
pybliographer,597,29,339,209,6,47,601,965,61.86528497409326,Norwegian <i18n-nb@lister.ping.uio.no>
pychess,1803,0,2652,474,0,405,1722,4455,40.47138047138047,Norwegian Bokmål (http://www.transifex.com/gbtami/pychess/language/nb/)
pyhoca-gui,1838,0,0,398,0,0,1772,1838,100.0,X2Go i18n <x2go-i18n@lists.x2go.org>
pykickstart,171,0,1350,14,0,156,155,1521,11.242603550295858,Norwegian Bokmål (http://www.transifex.com/projects/p/pykickstart/language/nb/)
pyroom,21,0,390,7,0,67,23,411,5.109489051094891,Norwegian Bokmal <nb@li.org>
python-blivet,85,0,439,13,0,62,78,524,16.221374045801525,Norwegian Bokmål (http://www.transifex.com/projects/p/blivet/language/nb/)
python-blivet1,113,0,583,22,0,109,102,696,16.23563218390805,Norwegian Bokmål
python-caja,6,0,0,2,0,0,5,6,100.0,Norwegian Bokmål (https://www.transifex.com/mate/teams/13566/nb/)
python-django,3656,0,0,824,0,0,3408,3656,100.0,Norwegian Bokmål (http://www.transifex.com/django/django/language/nb/)
python-django-countries,442,0,0,267,0,0,359,442,100.0,Norwegian Bokmål (http://www.transifex.com/smileychris/django-countries/language/nb/)
python-django-formtools,32,0,0,11,0,0,26,32,100.0,Norwegian Bokmål (http://www.transifex.com/projects/p/django-formtools/language/nb/)
python-django-helpdesk,747,0,2494,123,0,387,716,3241,23.0484418389386,Norwegian Bokmål (Norway) (http://www.transifex.com/projects/p/django-helpdesk/language/nb_NO/)
python-django-mptt,236,5,0,31,1,0,217,241,97.9253112033195,LANGUAGE <LL@li.org>
python-django-registration,84,0,0,17,0,0,74,84,100.0,LANGUAGE <LL@li.org>
python-django-rest-framework,582,0,582,101,0,101,570,1164,50.0,Norwegian (http://www.transifex.com/django-rest-framework-1/django-rest-framework/language/no/)
python-django-reversion,116,0,0,20,0,0,116,116,100.0,
python-django-tables2,12,1,0,6,1,0,12,13,92.3076923076923,
python-fedora,0,0,214,0,0,29,0,214,0.0,Norwegian Bokmål
python-flask-admin,320,0,47,97,0,15,322,367,87.19346049046321,Norwegian
python-formencode,586,70,157,83,8,24,547,813,72.07872078720787,"Dag Brattli <dag@obexcode.com>, Frank Ronny Larsen <frank@obexcode.com>"
python-meh,0,0,218,0,0,46,0,218,0.0,Norwegian Bokmål
python-simpleline,0,0,42,0,0,16,0,42,0.0,Norwegian Bokmål
python-sphinx,400,0,857,155,0,122,347,1257,31.821797931583134,Norwegian Bokmål (Norway) (http://www.transifex.com/sphinx-doc/sphinx-1/language/nb_NO/)
python-wtforms,183,0,5,34,0,1,176,188,97.3404255319149,nb <LL@li.org>
python-wxpython4,3993,1937,1765,866,524,463,3748,7695,51.89083820662768,Norwegian Bokmål <i18n-nb@lister.ping.uio.no>
python2-django1.11,3569,0,41,814,0,5,3332,3610,98.86426592797784,Norwegian Bokmål (http://www.transifex.com/django/django/language/nb/)
qt3,0,0,0,0,0,0,0,0,0.0,
qtwebkit,218,103,932,99,22,183,217,1253,17.39824421388667,Norwegian Bokmal <i18n-nb@lister.ping.uio.no>
quadrapassel,428,0,0,79,0,0,429,428,100.0,Norwegian bokmål <i18n-nb@lister.ping.uio.no>
quassel,4574,0,848,1060,0,165,4379,5422,84.36001475470306,Norwegian Bokmål (http://www.transifex.com/ald/quassel/language/nb/)
quodlibet,6058,0,0,1406,0,0,5654,6058,100.0,Norwegian Bokmål
rabbitvcs,1284,0,240,381,0,91,1224,1524,84.25196850393701,Norwegian Bokmal <nb@li.org>
rapid-photo-downloader,1340,0,492,363,0,46,1318,1832,73.14410480349345,Norwegian Bokmal <nb@li.org>
rawstudio,1302,219,85,413,72,17,1299,1606,81.07098381070983,Rawstudio development <rawstudio-dev@rawstudio.org>
realmd,0,0,789,0,0,127,0,789,0.0,Norwegian Bokmål (http://www.transifex.com/freedesktop/realmd/language/nb/)
redhat-menus,261,0,0,86,0,0,221,261,100.0,Norwegian <i18n-nb@lister.ping.uio.no>
rednotebook,619,0,528,145,0,95,623,1147,53.96687009590235,Norwegian Bokmal <nb@li.org>
redshift,530,0,498,107,0,44,489,1028,51.55642023346303,Norwegian Bokmal <nb@li.org>
rekonq,1801,0,401,500,0,93,1752,2202,81.78928247048138,Norwegian Bokmål <i18n-nb@lister.ping.uio.no>
remmina,744,7,1751,218,1,400,778,2502,29.73621103117506,Norwegian Bokmal <nb@li.org>
renameutils,8,180,77,6,32,16,8,265,3.018867924528302,Norwegian <i18n-nb@lister.ping.uio.no>
retrace-server,0,0,381,0,0,51,0,381,0.0,Norwegian Bokmal
rhn-client-tools,1743,62,6309,334,7,497,1747,8114,21.481390189795416,Norwegian (http://www.transifex.com/projects/p/spacewalk/language/no/)
rhnsd,0,0,66,0,0,18,0,66,0.0,LANGUAGE <LL@li.org>
rhythmbox,3746,0,0,968,0,0,3695,3746,100.0,Norwegian bokmål <i18n-nb@lister.ping.uio.no>
ristretto,759,0,0,196,0,0,730,759,100.0,Norwegian Bokmål (http://www.transifex.com/xfce/xfce-apps/language/nb/)
rocs,243,0,1152,85,0,201,236,1395,17.419354838709676,Norwegian Bokmål <i18n-nb@lister.ping.uio.no>
rpm,1130,50,3270,230,10,624,1103,4450,25.39325842696629,Norwegian Bokmål (http://www.transifex.com/rpm-team/rpm/language/nb/)
rpm-ostree,2,0,1021,1,0,172,1,1023,0.19550342130987292,Norwegian Bokmål
rsibreak,922,0,176,135,0,18,827,1098,83.97085610200364,Norwegian Bokmål <i18n-nb@lister.ping.uio.no>
rt,8076,0,3620,1895,0,747,7727,11696,69.04924760601915,Norwegian Bokmal <nb@li.org>
rygel,1575,16,33,296,2,5,1691,1624,96.98275862068965,Norwegian bokmål <i18n-nb@lister.ping.uio.no>
samba,212,67,245,34,18,76,191,524,40.458015267175576,Norwegian Bokmål <>
sane-backends,611,521,4641,202,193,801,565,5773,10.583751948726832,
sawfish,2607,1520,2578,674,259,196,2502,6705,38.88143176733781,Norwegian <i18n-nb@lister.ping.uio.no>
scratch,1460,2,8,619,1,6,1381,1470,99.31972789115646,
scummvm,3051,746,2204,783,134,245,2773,6001,50.84152641226463,Norwegian Bokmål <https://translations.scummvm.org/projects/scummvm/scummvm/nb_NO/>
sddm-kcm,64,0,44,32,0,12,60,108,59.25925925925925,Norwegian Bokmål <i18n-nb@lister.ping.uio.no>
seahorse,2647,0,112,624,0,7,2616,2759,95.94055817325118,Norwegian bokmål <i18n-nb@lister.ping.uio.no>
seahorse-caja,421,0,0,110,0,0,425,421,100.0,Norwegian <i18n-nb@lister.ping.uio.no>
seahorse-nautilus,421,0,0,110,0,0,425,421,100.0,Norwegian <i18n-nb@lister.ping.uio.no>
sed,788,0,0,137,0,0,742,788,100.0,Norwegian Bokmaal <i18n-nb@lister.ping.uio.no>
sequeler,0,0,2704,0,0,550,0,2704,0.0,
setroubleshoot,101,0,532,33,0,135,104,633,15.955766192733018,Norwegian Bokmål (http://www.transifex.com/projects/p/fedora/language/nb/)
setroubleshoot-plugins,0,0,6208,0,0,221,0,6208,0.0,Norwegian Bokmål (http://www.transifex.com/projects/p/fedora/language/nb/)
setuptool,55,0,0,14,0,0,62,55,100.0,Norwegian <i18n-nb@lister.ping.uio.no>
shadow-utils,3895,162,36,583,12,4,3926,4093,95.16247251404837,Norwegian Bokmål <i18n-nb@lister.ping.uio.no>
shared-mime-info,1288,0,698,523,0,247,807,1986,64.8539778449144,Norwegian Bokmål (http://www.transifex.com/freedesktop/shared-mime-info/language/nb/)
shotwell,4752,0,73,1002,0,4,4579,4825,98.48704663212435,"Norsk, bokmål <>"
shutter,3030,0,63,596,0,10,3037,3093,97.96314258001941,Norwegian Bokmal <nb@li.org>
simple-ccsm,59,20,83,40,8,16,59,162,36.41975308641975,Norwegian Bokmaal <nb@li.org>
simple-scan,848,0,1355,193,0,111,838,2203,38.49296413980935,Norwegian Bokmal <nb@li.org>
skanlite,183,0,0,63,0,0,164,183,100.0,Norwegian Bokmål <i18n-nb@lister.ping.uio.no>
skrooge,5611,0,6029,1529,0,900,5361,11640,48.20446735395189,Norwegian Bokmål <i18n-nb@lister.ping.uio.no>
skychart,9091,157,1842,2929,11,365,7739,11090,81.97475202885482,
slick-greeter,207,0,4,44,0,3,195,211,98.10426540284361,Norwegian Bokmal <nb@li.org>
smb4k,2891,0,3381,323,0,363,2442,6272,46.09375,Norwegian Bokmål <i18n-nb@lister.ping.uio.no>
snapd,1524,0,2783,224,0,257,1413,4307,35.38425818435106,Norwegian Bokmal <nb@li.org>
snapper,476,200,151,132,41,27,456,827,57.557436517533255,Norwegian Bokmål <i18n-nb@lister.ping.uio.no>
solfege,3548,202,4574,771,21,536,3311,8324,42.62373858721769,Norwegian Bokmaal <i18n-nb@lister.ping.uio.no>
sos,21,7,94,5,2,23,24,122,17.21311475409836,Norwegian bokmål <i18n-nb@lister.ping.uio.no>
sound-juicer,873,113,58,168,1,3,881,1044,83.62068965517241,Norwegian bokmål <i18n-nb@lister.ping.uio.no>
soundconverter,370,0,7,116,0,1,337,377,98.14323607427056,Norwegian Bokmal <nb@li.org>
soundtracker,1493,30,125,431,14,24,1382,1648,90.59466019417476,Petter Johan Olsen <petter.olsen@cc.uit.no>
spacefm,366,4,8352,129,1,1438,356,8722,4.1962852556753045,Norwegian Bokmål (http://www.transifex.com/projects/p/spacefm/language/nb/)
sparkleshare,197,0,205,45,0,42,218,402,49.004975124378106,
speedcrunch,0,0,93,0,0,10,0,93,0.0,Norwegian Bokmål (Norway) (http://www.transifex.com/heldercorreia/speedcrunch/language/nb_NO/)
squirrelmail,5874,3,1970,1432,1,101,5464,7847,74.85663310819422,Norwegian Bokmal <i18n-nb@lister.ping.uio.no>
sscg,84,0,10,31,0,3,77,94,89.36170212765957,Norwegian Bokmaal <i18n-nb@lister.ping.uio.no>
sssd,46,0,3886,15,0,621,35,3932,1.1698880976602237,Norwegian Bokmål (http://www.transifex.com/projects/p/sssd/language/nb/)
steadyflow,423,0,47,88,0,5,434,470,90.0,Norwegian Bokmal <nb@li.org>
stellarium,11883,0,60752,3402,0,24535,10195,72635,16.359881599779722,Norwegian Bokmål (https://www.transifex.com/stellarium/teams/80998/nb/)
step,761,0,1157,222,0,457,750,1918,39.67674661105318,Norwegian Bokmål <i18n-nb@lister.ping.uio.no>
strawberry,3434,0,332,922,0,96,3315,3766,91.18428040361127,Norwegian Bokmål
subdownloader,968,0,0,272,0,0,952,968,100.0,Norwegian Bokmal <nb@li.org>
subversion,14477,3630,1753,1857,164,122,14091,19860,72.89526686807653,Norwegian <dev@subversion.tigris.org>
sudo,4251,0,0,609,0,0,4299,4251,100.0,Norwegian Bokmaal <i18n-nb@lister.ping.uio.no>
sugar,204,117,1984,100,22,407,210,2305,8.850325379609544,Norsk bokmål <i18n-no@lister.ping.uio.no>
sugar-abacus,0,0,34,0,0,25,0,34,0.0,LANGUAGE <LL@li.org>
sugar-base,5,0,0,5,0,0,5,5,100.0,Norwegian <i18n-no@lister.ping.uio.no>
sugar-browse,26,19,289,17,3,51,24,334,7.784431137724551,Norwegian <i18n-no@lister.ping.uio.no>
sugar-calculator,45,2,824,21,2,141,43,871,5.1664753157290475,Norsk bokmål <i18n-no@lister.ping.uio.no>
sugar-calendario,0,0,43,0,0,27,0,43,0.0,LANGUAGE <LL@li.org>
sugar-chat,29,1,107,11,1,69,30,137,21.16788321167883,Norsk bokmål <i18n-no@lister.ping.uio.no>
sugar-clock,0,0,66,0,0,21,0,66,0.0,LANGUAGE <LL@li.org>
sugar-connect,0,0,36,0,0,9,0,36,0.0,LANGUAGE <LL@li.org>
sugar-deducto,0,0,109,0,0,23,0,109,0.0,LANGUAGE <LL@li.org>
sugar-distance,0,0,99,0,0,26,0,99,0.0,LANGUAGE <LL@li.org>
sugar-finance,0,0,189,0,0,40,0,189,0.0,LANGUAGE <LL@li.org>
sugar-fototoon,0,0,77,0,0,33,0,77,0.0,LANGUAGE <LL@li.org>
sugar-fractionbounce,0,0,68,0,0,23,0,68,0.0,LANGUAGE <LL@li.org>
sugar-getiabooks,0,0,119,0,0,33,0,119,0.0,LANGUAGE <LL@li.org>
sugar-imageviewer,13,3,42,7,1,8,12,58,22.413793103448278,Norsk bokmål <i18n-no@lister.ping.uio.no>
sugar-implode,0,0,77,0,0,20,0,77,0.0,LANGUAGE <LL@li.org>
sugar-infoslicer,0,0,236,0,0,62,0,236,0.0,LANGUAGE <LL@li.org>
sugar-jukebox,4,0,61,3,0,17,4,65,6.153846153846154,Norsk bokmål <i18n-no@lister.ping.uio.no>
sugar-labyrinth,2,1,278,2,1,91,2,281,0.7117437722419928,LANGUAGE <LL@li.org>
sugar-log,41,4,53,13,1,7,41,98,41.83673469387755,Norwegian <i18n-no@lister.ping.uio.no>
sugar-maze,0,0,7,0,0,4,0,7,0.0,LANGUAGE <LL@li.org>
sugar-memorize,20,12,110,11,9,54,23,142,14.084507042253522,Norsk bokmål <i18n-no@lister.ping.uio.no>
sugar-paint,33,3,54,30,3,19,39,90,36.666666666666664,Norsk bokmål <i18n-no@lister.ping.uio.no>
sugar-physics,3,0,45,3,0,25,3,48,6.25,LANGUAGE <LL@li.org>
sugar-pippy,22,35,52,11,4,16,21,109,20.18348623853211,Norsk bokmål <i18n-no@lister.ping.uio.no>
sugar-playgo,0,0,85,0,0,30,0,85,0.0,LANGUAGE <LL@li.org>
sugar-read,18,6,90,12,2,28,16,114,15.789473684210526,Norwegian <i18n-no@lister.ping.uio.no>
sugar-record,11,0,51,9,0,15,11,62,17.741935483870968,Norsk bokmål <i18n-no@lister.ping.uio.no>
sugar-ruler,0,0,29,0,0,8,0,29,0.0,LANGUAGE <LL@li.org>
sugar-speak,0,0,227,0,0,74,0,227,0.0,LANGUAGE <LL@li.org>
sugar-stopwatch,2,0,3,2,0,3,2,5,40.0,LANGUAGE <LL@li.org>
sugar-terminal,6,0,115,4,0,22,6,121,4.958677685950414,LANGUAGE <LL@li.org>
sugar-toolkit,46,0,27,23,0,14,50,73,63.013698630136986,LANGUAGE <LL@li.org>
sugar-toolkit-gtk3,49,0,110,26,0,85,53,159,30.81761006289308,LANGUAGE <LL@li.org>
sugar-turtleart,70,37,1352,50,20,365,70,1459,4.797806716929403,LANGUAGE <walter@sugarlabs.org>
sugar-typing-turtle,3,0,596,3,0,124,3,599,0.5008347245409015,LANGUAGE <LL@li.org>
sugar-view-slides,0,0,7,0,0,5,0,7,0.0,LANGUAGE <LL@li.org>
sugar-visualmatch,0,0,158,0,0,78,0,158,0.0,LANGUAGE <LL@li.org>
sugar-words,0,0,3,0,0,3,0,3,0.0,LANGUAGE <LL@li.org>
sugar-write,50,1,70,28,1,26,49,121,41.32231404958678,Norsk bokmål <i18n-no@lister.ping.uio.no>
supertux,2849,0,326,894,0,87,2611,3175,89.73228346456693,Norwegian Bokmål (http://www.transifex.com/arctic-games/supertux/language/nb/)
supertuxkart,3361,0,0,752,0,0,3164,3361,100.0,Norwegian Bokmål (http://www.transifex.com/supertuxkart/supertuxkart/language/nb/)
sushi,24,0,0,11,0,0,23,24,100.0,Norwegian bokmål <i18n-nb@lister.ping.uio.no>
svgpart,22,0,0,7,0,0,20,22,100.0,Norwegian Bokmål <i18n-nb@lister.ping.uio.no>
sweeper,229,0,0,50,0,0,216,229,100.0,Norwegian Bokmål <i18n-nb@lister.ping.uio.no>
swell-foop,264,0,0,53,0,0,281,264,100.0,Norwegian bokmål <i18n-nb@lister.ping.uio.no>
switchboard,57,4,61,16,2,18,55,122,46.72131147540984,
switchboard-plug-a11y,162,20,182,58,7,65,140,364,44.505494505494504,
switchboard-plug-about,80,14,94,24,4,28,72,188,42.5531914893617,
switchboard-plug-applications,80,0,92,30,0,34,64,172,46.51162790697674,none
switchboard-plug-bluetooth,69,1,78,25,1,30,78,148,46.62162162162162,none
switchboard-plug-display,111,2,113,46,1,47,101,226,49.11504424778761,
switchboard-plug-keyboard,358,39,411,142,13,159,342,808,44.306930693069305,none
switchboard-plug-mouse-touchpad,98,44,158,33,16,53,86,300,32.666666666666664,none
switchboard-plug-networking,444,0,444,129,0,129,443,888,50.0,
switchboard-plug-notifications,131,0,147,18,0,22,122,278,47.122302158273385,none
switchboard-plug-onlineaccounts,158,3,0,47,2,0,160,161,98.13664596273291,Norwegian Bokmål <https://l10n.elementary.io/projects/switchboard/switchboard-plug-onlineaccounts/nb/>
switchboard-plug-pantheon-shell,141,3,162,55,2,61,137,306,46.07843137254902,
switchboard-plug-printers,333,3,336,136,2,138,294,672,49.55357142857143,
switchboard-plug-sharing,130,0,130,28,0,28,116,260,50.0,none
switchboard-plug-sound,114,17,131,36,10,46,116,262,43.51145038167939,
switchdesk,16,87,19,3,10,6,12,122,13.114754098360656,<i18n-nb@lister.ping.uio.no>
sympa,5287,5173,27409,1064,919,1661,4956,37869,13.96128759671499,Bokmål <en@li.org>
synapse,363,0,493,110,0,124,363,856,42.40654205607476,Norwegian Bokmal <nb@li.org>
synaptic,1814,1633,3015,454,448,422,1676,6462,28.071804394924172,Norwegian Bokmaal <bokmaal_at_firefox_no>
synfig,210,5,4481,78,1,1099,191,4696,4.4718909710391825,Norwegian (Norway) (http://www.transifex.com/morevnaproject/synfig/language/no_NO/)
synfigstudio,10,0,6554,9,0,1558,10,6564,0.15234613040828762,Norwegian (Norway) (http://www.transifex.com/morevnaproject/synfig/language/no_NO/)
sysstat,704,0,0,77,0,0,622,704,100.0,Norwegian Bokmaal <i18n-nb@lister.ping.uio.no>
system-config-bind,358,2,9059,173,1,890,320,9419,3.800828113387833,Norwegian/Bokmaal <i18n-nb@lister.ping.uio.no>
system-config-firewall,447,113,2254,170,11,150,449,2814,15.884861407249467,Norwegian <i18n-nb@lister.ping.uio.no>
system-config-httpd,877,0,0,227,0,0,810,877,100.0,Norwegian/Bokmaal <i18n-nb@lister.ping.uio.no>
system-config-kdump,102,0,775,42,0,114,101,877,11.630558722919043,Norwegian Bokmål <i18n-nb@lister.ping.uio.no>
system-config-keyboard,187,0,0,81,0,0,183,187,100.0,Norwegian bokmaal <i18n-nb@lister.ping.uio.no>
system-config-kickstart,1076,0,52,238,0,11,955,1128,95.39007092198581,Norwegian Bokmål (http://www.transifex.com/projects/p/system-config-kickstart/language/nb/)
system-config-language,60,55,100,13,5,13,52,215,27.906976744186046,Norwegian bokmål <i18n-nb@lister.ping.uio.no>
system-config-printer,2499,9,942,705,6,188,2441,3450,72.43478260869564,Norwegian Bokmål (http://www.transifex.com/projects/p/system-config-printer/language/nb/)
system-config-rootpassword,116,0,0,19,0,0,116,116,100.0,Norwegian/Bokmaal <i18n-nb@lister.ping.uio.no>
system-config-users,1436,0,85,172,0,8,1321,1521,94.41157133464826,Norwegian Bokmål <i18n-nb@lister.ping.uio.no>
system-config-users-docs,0,0,2122,0,0,164,0,2122,0.0,LANGUAGE <LL@li.org>
system-switch-mail,9,88,4,6,8,3,10,101,8.91089108910891,Norwegian/Bokmaal <i18n-nb@lister.ping.uio.no>
tali,418,0,0,96,0,0,389,418,100.0,Norwegian bokmål <i18n-nb@lister.ping.uio.no>
tar,3497,92,50,574,11,6,3469,3639,96.0978290739214,Norwegian Bokmaal <i18n-nb@lister.ping.uio.no>
taxi,0,0,62,0,0,15,0,62,0.0,LANGUAGE <LL@li.org>
tellico,5323,0,379,1114,0,103,4818,5702,93.35320940021046,Norwegian Bokmål <i18n-nb@lister.ping.uio.no>
terminator,620,0,790,215,0,202,595,1410,43.97163120567376,Norwegian Bokmal <nb@li.org>
texi2html,534,770,673,67,72,175,501,1977,27.010622154779966,Unknown
texinfo,3962,492,1477,492,55,294,3684,5931,66.80155117180914,Norwegian Bokmaal <i18n-nb@lister.ping.uio.no>
thunar-archive-plugin,86,0,0,13,0,0,81,86,100.0,Norwegian Bokmål (http://www.transifex.com/xfce/thunar-plugins/language/nb/)
thunar-media-tags-plugin,156,0,0,58,0,0,142,156,100.0,Norwegian Bokmål (http://www.transifex.com/xfce/thunar-plugins/language/nb/)
thunar-vcs-plugin,255,0,316,163,0,148,275,571,44.65849387040281,Norwegian Bokmål (http://www.transifex.com/projects/p/thunar-plugins/language/nb/)
thunar-vfs,387,0,0,86,0,0,366,387,100.0,Norwegian Bokmal <i18n-nb@lister.ping.uio.no>
thunar-volman,491,0,0,118,0,0,454,491,100.0,Norwegian Bokmål (http://www.transifex.com/xfce/thunar-volman/language/nb/)
tiled,394,4,20480,127,2,1212,334,20878,1.8871539419484624,Norwegian Bokmål <https://hosted.weblate.org/projects/tiled/documentation-index/nb_NO/>
tilix,655,297,1537,278,41,358,596,2489,26.31578947368421,Norwegian Bokmål <https://hosted.weblate.org/projects/tilix/manpage/nb/>
timeshift,195,0,2856,36,0,558,191,3051,6.391347099311701,Norwegian Bokmal <nb@li.org>
tomboy,3290,0,0,473,0,0,3247,3290,100.0,Norwegian bokmål <i18n-nb@lister.ping.uio.no>
tortoisehg,14,0,13129,10,0,2401,16,13143,0.10652058129802935,Norwegian Bokmal <nb@li.org>
totem,4573,1388,54,584,44,15,3820,6015,76.02660016625103,
totem-pl-parser,29,0,0,8,0,0,27,29,100.0,Norwegian bokmål <i18n-nb@lister.ping.uio.no>
trac,4773,601,7767,1047,115,309,4514,13141,36.321436724754584,nb <trac-dev@googlegroups.com>
tracker,1299,0,912,284,0,85,1257,2211,58.7516960651289,Norwegian bokmål <i18n-nb@lister.ping.uio.no>
tracker-miners,446,0,381,90,0,28,424,827,53.92986698911729,Norwegian bokmål <i18n-nb@lister.ping.uio.no>
trader,1843,0,0,209,0,0,1735,1843,100.0,Norwegian Bokmaal <i18n-nb@lister.ping.uio.no>
transmageddon,124,3,76,42,1,16,126,203,61.083743842364534,Norwegian Bokmål <i18n-nb@lister.ping.uio.no>
transmission,1278,0,531,381,0,113,1388,1809,70.64676616915423,Norwegian <en@li.org>
trojita,2493,0,1895,576,0,317,2456,4388,56.81403828623519,Norwegian Bokmål <i18n-nb@lister.ping.uio.no>
tumbler,241,0,0,39,0,0,213,241,100.0,Norwegian Bokmål (http://www.transifex.com/xfce/tumbler/language/nb/)
tuxmath,364,119,972,103,15,131,366,1455,25.017182130584192,Norwegian Nynorsk <i18n-nn@lister.ping.uio.no>
tuxpaint,1591,0,0,291,0,0,1638,1591,100.0,Norwegian Bokmål <i18n-nb@lister.ping.uio.no>
tuxtype2,71,0,9,32,0,8,61,80,88.75,Norwegian Bokmål <i18n-nb@lister.ping.uio.no>
udisks2,0,0,1929,0,0,478,0,1929,0.0,
ufraw,2045,113,14,408,14,3,1950,2172,94.15285451197053,<en@li.org>
ufw,879,0,0,181,0,0,1057,879,100.0,Norwegian Bokmal <nb@li.org>
umbrello,4748,4,704,1339,2,147,4425,5456,87.02346041055719,Norwegian Bokmål <i18n-nb@lister.ping.uio.no>
usermode,570,0,3,95,0,1,589,573,99.47643979057592,Norwegian Bokmål <i18n-nb@lister.ping.uio.no>
viking,533,26,4812,194,15,1151,474,5371,9.923664122137405,Norwegian Bokmal <nb@li.org>
vim,15974,0,0,3314,0,0,15718,15974,100.0,Norwegian <vim.in.norwegian@sunbase.org>
vinagre,1510,0,0,277,0,0,1457,1510,100.0,Norwegian bokmål <i18n-nb@lister.ping.uio.no>
vino,973,0,0,94,0,0,916,973,100.0,Norwegian bokmål <i18n-nb@lister.ping.uio.no>
virt-manager,72,0,7525,48,0,1497,72,7597,0.9477425299460314,Norwegian Bokmål (http://www.transifex.com/projects/p/virt-manager/language/nb/)
virt-viewer,75,0,760,17,0,166,75,835,8.982035928143713,Norwegian Bokmål (http://www.transifex.com/projects/p/virt-viewer/language/nb/)
visualboyadvance-m,2253,0,2253,825,0,825,2326,4506,50.0,Norwegian (http://www.transifex.com/bgk/vba-m/language/no/)
vocal,72,0,762,26,0,146,84,834,8.633093525179856,
vte,80,0,0,13,0,0,87,80,100.0,Norwegian Bokmål <i18n-nb@lister.ping.uio.no>
vte291,31,0,0,5,0,0,37,31,100.0,Norwegian Bokmål <i18n-nb@lister.ping.uio.no>
wammu,1475,124,3691,439,27,457,1369,5290,27.882797731569,none
warmux,1096,658,990,213,108,151,986,2744,39.94169096209912,
warzone2100,337,741,12221,135,225,2492,315,13299,2.5340251146702757,none
wdiff,95,712,186,15,101,34,92,993,9.566968781470292,Norwegian <i18n-nb@lister.ping.uio.no>
webkit2gtk3,215,507,1901,97,114,359,213,2623,8.19672131147541,Norwegian Bokmal <i18n-nb@lister.ping.uio.no>
wesnoth,25547,25257,249957,2777,1945,13856,24162,300761,8.494119915813553,None
wget,3955,10,31,639,1,4,4174,3996,98.97397397397397,Norwegian Bokmaal <i18n-nb@lister.ping.uio.no>
whois,15,203,288,5,9,26,14,506,2.9644268774703555,Norwegian <no@li.org>
wicd,178,0,960,51,0,203,196,1138,15.641476274165203,nb <LL@li.org>
wicd-kde,358,0,0,122,0,0,382,358,100.0,Norwegian Bokmål <i18n-nb@lister.ping.uio.no>
widelands,8799,0,50140,1612,0,3613,8143,58939,14.928994384024161,Norwegian Bokmål (http://www.transifex.com/widelands/widelands/language/nb/)
wine,15406,637,813,3488,93,213,13958,16856,91.39772187944945,Norwegian Bokmål <alexsornes@gmail.com>
wingpanel,6,0,6,1,0,1,4,12,50.0,none
wingpanel-applications-menu,220,2,222,71,2,73,219,444,49.549549549549546,
wingpanel-indicator-bluetooth,15,0,15,9,0,9,17,30,50.0,none
wingpanel-indicator-datetime,14,0,14,4,0,4,14,28,50.0,
wingpanel-indicator-keyboard,10,0,10,4,0,4,7,20,50.0,
wingpanel-indicator-network,76,0,76,22,0,22,68,152,50.0,none
wingpanel-indicator-nightlight,16,0,16,6,0,6,13,32,50.0,
wingpanel-indicator-notifications,16,0,16,7,0,7,13,32,50.0,none
wingpanel-indicator-power,93,0,93,27,0,27,107,186,50.0,none
wingpanel-indicator-session,57,0,57,18,0,18,59,114,50.0,none
wingpanel-indicator-sound,14,0,14,6,0,6,12,28,50.0,none
wlassistant,702,163,226,95,27,31,628,1091,64.34463794683776,<nb@li.org>
workrave,987,166,168,175,53,34,903,1321,74.71612414837244,>
wxGTK,4723,802,866,1001,194,280,4445,6391,73.90079799718355,Norwegian Bokmål <i18n-nb@lister.ping.uio.no>
wxGTK3,3993,1937,1765,866,524,463,3748,7695,51.89083820662768,Norwegian Bokmål <i18n-nb@lister.ping.uio.no>
wxMaxima,2641,812,6187,738,206,687,2482,9640,27.39626556016598,norwegian
wxPython,4700,1909,3530,1155,502,925,4452,10139,46.35565637636848,Norwegian Bokmål <i18n-nb@lister.ping.uio.no>
xarchiver,904,236,52,247,31,19,878,1192,75.83892617449665,Norwegian Bokmal
xcdroast,6814,323,907,746,48,54,6337,8044,84.7090999502735,Norwegian
xdg-user-dirs,28,0,0,28,0,0,28,28,100.0,Norwegian Bokmaal <i18n-nb@lister.ping.uio.no>
xdg-user-dirs-gtk,81,0,0,11,0,0,73,81,100.0,Norwegian bokmal <i18n-nb@lister.ping.uio.no>
xdialog,21,0,0,15,0,0,21,21,100.0,Norwegian
xed,3589,0,1024,861,0,132,3303,4613,77.80186429655322,Norwegian Bokmål (http://www.transifex.com/projects/p/MATE/language/nb/)
xfburn,1342,0,0,302,0,0,1241,1342,100.0,Norwegian Bokmål (http://www.transifex.com/xfce/xfce-apps/language/nb/)
xfce4-appfinder,326,0,69,74,0,4,317,395,82.53164556962025,Norwegian Bokmål (http://www.transifex.com/xfce/xfce4-appfinder/language/nb/)
xfce4-battery-plugin,274,11,11,74,6,5,274,296,92.56756756756756,Norwegian Bokmal <i18n-nb@lister.ping.uio.no>
xfce4-clipman-plugin,478,0,0,72,0,0,465,478,100.0,Norwegian Bokmål (http://www.transifex.com/xfce/xfce-panel-plugins/language/nb/)
xfce4-cpufreq-plugin,145,0,0,41,0,0,124,145,100.0,Norwegian Bokmål (http://www.transifex.com/xfce/xfce-panel-plugins/language/nb/)
xfce4-cpugraph-plugin,40,0,31,23,0,12,35,71,56.33802816901409,Norwegian Bokmal
xfce4-datetime-plugin,52,0,0,19,0,0,51,52,100.0,Norwegian Bokmål (http://www.transifex.com/xfce/xfce-panel-plugins/language/nb/)
xfce4-dict,527,0,0,119,0,0,457,527,100.0,Norwegian Bokmål (http://www.transifex.com/xfce/xfce-apps/language/nb/)
xfce4-diskperf-plugin,183,0,0,38,0,0,172,183,100.0,Norwegian Bokmål (http://www.transifex.com/projects/p/xfce-panel-plugins/language/nb/)
xfce4-embed-plugin,219,0,0,33,0,0,200,219,100.0,Norwegian Bokmål (http://www.transifex.com/projects/p/xfce-panel-plugins/language/nb/)
xfce4-eyes-plugin,15,0,0,4,0,0,16,15,100.0,Norwegian Bokmål (http://www.transifex.com/projects/p/xfce-panel-plugins/language/nb/)
xfce4-fsguard-plugin,71,0,0,19,0,0,61,71,100.0,Norwegian Bokmal <i18n-nb@lister.ping.uio.no>
xfce4-genmon-plugin,56,0,0,14,0,0,50,56,100.0,Norwegian Bokmål (http://www.transifex.com/xfce/xfce-panel-plugins/language/nb/)
xfce4-hardware-monitor-plugin,356,0,0,129,0,0,314,356,100.0,Norwegian Bokmål <i18n-nb@lister.ping.uio.no>
xfce4-mailwatch-plugin,657,0,0,110,0,0,603,657,100.0,Norwegian Bokmal
xfce4-mount-plugin,374,0,0,56,0,0,351,374,100.0,Norwegian Bokmål (http://www.transifex.com/xfce/xfce-panel-plugins/language/nb/)
xfce4-mpc-plugin,78,0,0,24,0,0,69,78,100.0,Norwegian Bokmål (http://www.transifex.com/xfce/xfce-panel-plugins/language/nb/)
xfce4-netload-plugin,92,0,0,35,0,0,86,92,100.0,Norwegian Bokmål (http://www.transifex.com/projects/p/xfce-panel-plugins/language/nb/)
xfce4-notes-plugin,163,0,0,57,0,0,173,163,100.0,Norwegian Bokmål (http://www.transifex.com/projects/p/xfce-panel-plugins/language/nb/)
xfce4-notifyd,256,0,3,73,0,1,211,259,98.84169884169884,Norwegian Bokmål (http://www.transifex.com/xfce/xfce-apps/language/nb/)
xfce4-panel,1720,0,3,413,0,1,1585,1723,99.82588508415554,Norwegian Bokmål (http://www.transifex.com/xfce/xfce4-panel/language/nb/)
xfce4-places-plugin,160,0,0,45,0,0,150,160,100.0,Norwegian Bokmål (http://www.transifex.com/xfce/xfce-panel-plugins/language/nb/)
xfce4-power-manager,1014,0,19,203,0,4,896,1033,98.16069699903196,Norwegian Bokmål (http://www.transifex.com/xfce/xfce4-power-manager/language/nb/)
xfce4-pulseaudio-plugin,124,0,24,28,0,7,111,148,83.78378378378379,Norwegian Bokmål (http://www.transifex.com/xfce/xfce-panel-plugins/language/nb/)
xfce4-screenshooter,332,0,99,61,0,3,281,431,77.03016241299304,Norwegian Bokmål (http://www.transifex.com/xfce/xfce-apps/language/nb/)
xfce4-sensors-plugin,359,0,0,75,0,0,327,359,100.0,Norwegian Bokmål (http://www.transifex.com/xfce/xfce-panel-plugins/language/nb/)
xfce4-session,869,0,0,178,0,0,766,869,100.0,Norwegian Bokmål (http://www.transifex.com/xfce/xfce4-session/language/nb/)
xfce4-settings,1565,0,142,369,0,10,1404,1707,91.68131224370241,Norwegian Bokmål (http://www.transifex.com/xfce/xfce4-settings/language/nb/)
xfce4-smartbookmark-plugin,22,0,0,9,0,0,21,22,100.0,Norwegian Bokmål (http://www.transifex.com/projects/p/xfce-panel-plugins/language/nb/)
xfce4-statusnotifier-plugin,129,0,0,25,0,0,112,129,100.0,Norwegian Bokmål (https://www.transifex.com/xfce/teams/16840/nb/)
xfce4-systemload-plugin,73,0,0,22,0,0,58,73,100.0,Norwegian Bokmål (http://www.transifex.com/xfce/xfce-panel-plugins/language/nb/)
xfce4-taskmanager,257,0,0,85,0,0,263,257,100.0,Norwegian Bokmål (http://www.transifex.com/xfce/xfce-apps/language/nb/)
xfce4-terminal,1617,0,0,384,0,0,1504,1617,100.0,Norwegian Bokmål (http://www.transifex.com/xfce/xfce-apps/language/nb/)
xfce4-time-out-plugin,89,0,0,32,0,0,94,89,100.0,Norwegian Bokmål (http://www.transifex.com/projects/p/xfce-panel-plugins/language/nb/)
xfce4-timer-plugin,134,0,0,42,0,0,118,134,100.0,Norwegian Bokmål (http://www.transifex.com/xfce/xfce-panel-plugins/language/nb/)
xfce4-verve-plugin,105,0,3,26,0,2,101,108,97.22222222222221,Norwegian Bokmål (http://www.transifex.com/xfce/xfce-panel-plugins/language/nb/)
xfce4-wavelan-plugin,67,0,0,18,0,0,65,67,100.0,Norwegian Bokmål (http://www.transifex.com/projects/p/xfce-panel-plugins/language/nb/)
xfce4-weather-plugin,3668,0,0,330,0,0,3330,3668,100.0,Norwegian Bokmål (http://www.transifex.com/xfce/xfce-panel-plugins/language/nb/)
xfce4-whiskermenu-plugin,253,2,94,95,1,22,241,349,72.49283667621776,Norwegian Bokmål (http://www.transifex.com/gottcode/xfce4-whiskermenu-plugin/language/nb/)
xfce4-xkb-plugin,48,0,0,21,0,0,39,48,100.0,Norwegian Bokmål (http://www.transifex.com/xfce/xfce-panel-plugins/language/nb/)
xfconf,454,0,4,67,0,1,416,458,99.12663755458514,Norwegian Bokmål (http://www.transifex.com/xfce/xfconf/language/nb/)
xfdesktop,982,0,3,229,0,3,891,985,99.69543147208122,Norwegian Bokmål (http://www.transifex.com/xfce/xfdesktop/language/nb/)
xfe,479,2167,3391,246,605,241,476,6037,7.934404505549114,Norwegian
xfmpc,167,0,0,70,0,0,167,167,100.0,Norwegian Bokmål (http://www.transifex.com/projects/p/xfce-apps/language/nb/)
xfwm4,628,0,8,167,0,2,589,636,98.74213836477988,Norwegian Bokmål (http://www.transifex.com/xfce/xfwm4/language/nb/)
xiphos,3668,423,744,824,140,161,3524,4835,75.86349534643226,<i18n-nb@lister.ping.uio.no>
xkeyboard-config,179,13,1629,134,4,528,172,1821,9.829763866007687,Norwegian Bokmaal <i18n-nb@lister.ping.uio.no>
xmms,3143,61,239,995,19,31,2958,3443,91.28666860296252,Norwegian <no@li.org>
xplayer,1943,0,9,491,0,2,1831,1952,99.5389344262295,Norwegian bokmål <i18n-nb@lister.ping.uio.no>
xplayer-plparser,29,0,0,8,0,0,27,29,100.0,Norwegian bokmål <i18n-nb@lister.ping.uio.no>
xreader,1455,0,186,348,0,24,1433,1641,88.6654478976234,Norwegian Bokmål (http://www.transifex.com/mate/MATE/language/nb/)
xscreensaver,1393,449,9348,816,154,864,1337,11190,12.448614834673815,Norwegian <i18n-nb@lister.ping.uio.no>
xviewer,1677,0,0,324,0,0,1533,1677,100.0,Norwegian bokmål <i18n-nb@lister.ping.uio.no>
xviewer-plugins,10,0,0,3,0,0,14,10,100.0,Norwegian Bokmal <i18n-nb@lister.ping.uio.no>
yakuake,1454,0,119,211,0,10,1341,1573,92.43483788938335,Norwegian Bokmål <i18n-nb@lister.ping.uio.no>
yelp,448,0,0,104,0,0,389,448,100.0,Norwegian bokmål <i18n-nb@lister.ping.uio.no>
yelp-xsl,81,0,0,59,0,0,78,81,100.0,Norwegian bokmål <i18n-nb@lister.ping.uio.no>
yum,2095,0,974,422,0,238,2324,3069,68.2632779406973,LANGUAGE <LL@li.org>
yum-rhn-plugin,35,21,91,5,2,10,34,147,23.809523809523807,Norwegian Bokmål <i18n-nb@lister.ping.uio.no>
zanshin,159,0,734,71,0,174,162,893,17.80515117581187,Norwegian Bokmål <i18n-nb@lister.ping.uio.no>
zathura,377,0,346,104,0,56,357,723,52.14384508990319,Norwegian (http://www.transifex.com/pwmt/zathura/language/no/)
zenity,891,0,0,196,0,0,847,891,100.0,Norwegian bokmål <i18n-nb@lister.ping.uio.no>
zypper,4308,1637,3129,693,150,390,4133,9074,47.47630592902799,Norwegian Bokmål <https://l10n.opensuse.org/projects/zypper/master/nb/>
