package,translatedsourcewords,fuzzysourcewords,untranslatedsourcewords,translated,fuzzy,untranslated,translatedtargetwords,totalsourcewordssum,progress,team
GConf2,4088,0,0,497,0,0,4084,4088,100.0,Slovenian GNOME Translation Team <gnome-si@googlegroups.com>
NetworkManager,1308,1879,17250,263,401,1192,1337,20437,6.4001565787542205,Slovenian GNOME Translation Team <gnome-si@googlegroups.com>
NetworkManager-fortisslvpn,107,1,66,24,1,8,112,174,61.49425287356321,Slovenian GNOME Translation Team <gnome-si@googlegroups.com>
NetworkManager-iodine,80,0,0,25,0,0,82,80,100.0,Slovenian GNOME Translation Team <gnome-si@googlegroups.com>
NetworkManager-l2tp,280,0,626,58,0,78,279,906,30.90507726269316,Slovenian GNOME Translation Team <gnome-si@googlegroups.com>
NetworkManager-libreswan,86,0,0,29,0,0,93,86,100.0,Slovenian GNOME Translation Team <gnome-si@googlegroups.com>
NetworkManager-openconnect,2593,94,3675,480,20,616,2936,6362,40.75762338887142,Slovenian GNOME Translation Team <gnome-si@googlegroups.com>
NetworkManager-openvpn,969,39,41,159,4,6,964,1049,92.37368922783602,Slovenian GNOME Translation Team <gnome-si@googlegroups.com>
NetworkManager-pptp,415,0,0,77,0,0,403,415,100.0,Slovenian GNOME Translation Team <gnome-si@googlegroups.com>
NetworkManager-ssh,120,85,81,32,21,16,118,286,41.95804195804196,Slovenian GNOME Translation Team <gnome-si@googlegroups.com>
NetworkManager-sstp,415,0,0,77,0,0,403,415,100.0,Slovenian GNOME Translation Team <gnome-si@googlegroups.com>
NetworkManager-vpnc,442,0,0,84,0,0,449,442,100.0,Slovenian GNOME Translation Team <gnome-si@googlegroups.com>
PackageKit,1211,0,71,305,0,16,1195,1282,94.46177847113884,Slovenian (http://www.transifex.com/freedesktop/packagekit/language/sl/)
Thunar,3524,0,823,671,0,81,3062,4347,81.06740280653324,Slovenian (https://www.transifex.com/xfce/teams/16840/sl/)
TurboGears,21,0,0,5,0,0,20,21,100.0,Slovenian <matej.baric@gmail.com>
Zim,2099,0,716,534,0,156,2100,2815,74.56483126110123,Slovenian <sl@li.org>
a2ps,937,351,224,148,16,15,1044,1512,61.97089947089947,Slovenian <sl@li.org>
abattis-cantarell-fonts,27,0,0,3,0,0,24,27,100.0,Slovenian GNOME Translation Team <gnome-si@googlegroups.com>
abrt,0,0,3230,0,0,390,0,3230,0.0,Slovenian (http://www.transifex.com/projects/p/fedora-abrt/language/sl/)
accerciser,696,0,1435,243,0,77,647,2131,32.6607226654153,Slovenian GNOME Translation Team <gnome-si@googlegroups.com>
accountsservice,59,0,0,10,0,0,55,59,100.0,Slovenian <lugos-slo@lugos.si>
ailurus,0,0,8446,0,0,1107,0,8446,0.0,none
aisleriot,3097,633,18535,690,222,630,2341,22265,13.909723781720187,Slovenian GNOME Translation Team <gnome-si@googlegroups.com>
akonadi-calendar-tools,842,0,0,173,0,0,880,842,100.0,Slovenian <lugos-slo@lugos.si>
akonadi-import-wizard,391,0,0,83,0,0,417,391,100.0,Slovenian <lugos-slo@lugos.si>
akregator,1773,0,3,430,0,1,1800,1776,99.83108108108108,Slovenian <lugos-slo@lugos.si>
alacarte,45,0,0,20,0,0,45,45,100.0,Slovenian GNOME Translation Team <gnome-si@googlegroups.com>
alleyoop,351,0,0,92,0,0,331,351,100.0,Slovenian GNOME Translation Team <gnome-si@googlegroups.com>
almanah,828,0,0,139,0,0,812,828,100.0,Slovenian GNOME Translation Team <gnome-si@googlegroups.com>
amarok,15650,87,82,2776,2,2,16712,15819,98.93166445413742,Slovenian <lugos-slo@lugos.si>
amtk,2,9,0,1,2,0,2,11,18.181818181818183,Slovenian GNOME Translation Team <gnome-si@googlegroups.com>
anaconda,79,0,7761,17,0,1271,67,7840,1.0076530612244898,Slovenian (http://www.transifex.com/projects/p/anaconda/language/sl/)
analitza,988,0,0,221,0,0,964,988,100.0,Slovenian <lugos-slo@lugos.si>
anjuta,8423,0,13592,2077,0,569,8070,22015,38.26027708380649,Slovenian GNOME Translation Team <gnome-si@googlegroups.com>
appcenter,679,28,58,162,6,13,691,765,88.75816993464052,Slovenian <https://weblate.elementary.io/projects/appcenter/appcenter/sl/>
appstream,71,106,714,23,18,154,68,891,7.968574635241302,Slovenian (http://www.transifex.com/freedesktop/appstream/language/sl/)
arduino,1676,0,1417,325,0,265,1653,3093,54.186873585515684,Slovenian (Slovenia) (http://www.transifex.com/mbanzi/arduino-ide-15/language/sl_SI/)
ark,1845,5,4,334,1,1,1841,1854,99.51456310679612,Slovenian <lugos-slo@lugos.si>
artikulate,436,0,0,156,0,0,418,436,100.0,Slovenian <lugos-slo@lugos.si>
aspell,1726,0,0,293,0,0,1528,1726,100.0,Slovenian <translation-team-sl@lists.sourceforge.net>
asunder,405,29,61,73,7,11,387,495,81.81818181818183,Slovenian <sl@li.org>
at-spi2-core,10,0,0,2,0,0,9,10,100.0,Slovenian GNOME Translation Team <gnome-si@googlegroups.com>
atk,440,0,0,169,0,0,393,440,100.0,Slovenian GNOME Translation Team <gnome-si@googlegroups.com>
atomix,169,0,0,45,0,0,152,169,100.0,Slovenian GNOME Translation Team <gnome-si@googlegroups.com>
atril,1438,0,2404,408,0,231,1337,3842,37.42842269651223,Slovenian (https://www.transifex.com/mate/teams/13566/sl/)
audacity,11893,3123,1972,2795,765,321,11797,16988,70.00824111137274,Martin Srebotnjak <miles@filmsi.net>
authconfig,446,16,467,75,2,60,447,929,48.008611410118405,Slovenian (http://www.transifex.com/projects/p/fedora/language/sl/)
avahi,865,2,1,165,2,1,882,868,99.65437788018433,Slovenian (http://www.transifex.com/lennart/avahi/language/sl/)
avogadro,5873,0,734,2175,0,197,6015,6607,88.89057060693204,Slovenian <sl@li.org>
avogadro2,137,67,258,84,25,40,175,462,29.653679653679653,Slovenian <sl@li.org>
avogadro2-libs,352,748,1549,264,275,289,398,2649,13.28803322008305,Slovenian <sl@li.org>
backintime,110,0,1873,48,0,288,111,1983,5.547150781643974,<cvelbar@gmail.com>
baloo-widgets,34,4,4,20,2,3,38,42,80.95238095238095,Slovenian <lugos-slo@lugos.si>
balsa,16884,1995,230,1829,274,33,14986,19109,88.35627191375791,Slovenian GNOME translation team <gnome-si@googlegroups.com>
banshee,11200,0,0,1841,0,0,10665,11200,100.0,Slovenian GNOME Translation Team <gnome-si@googlegroups.com>
baobab,1067,0,0,122,0,0,989,1067,100.0,Slovenian Gnome translation team <gnome-si@googlegroups.com>
bash,5891,5334,131,493,67,21,5624,11356,51.87566044381825,Slovenian <translation-team-sl@lists.sourceforge.net>
bibus,2063,0,0,589,0,0,1946,2063,100.0,Martin Srebotnjak <miles@filmsi.net>
bijiben,425,0,0,139,0,0,423,425,100.0,Slovenian GNOME Translation Team <gnome-si@googlegroups.com>
bison,52,0,0,9,0,0,53,52,100.0,Slovenian <translation-team-sl@lists.sourceforge.net>
bleachbit,1000,0,260,236,0,31,989,1260,79.36507936507937,Slovenian <sl@li.org>
blinken,133,0,0,47,0,0,134,133,100.0,Slovenian <lugos-slo@lugos.si>
blivet-gui,0,0,815,0,0,223,0,815,0.0,Slovenian
blogilo,1392,0,0,337,0,0,1366,1392,100.0,Slovenian <lugos-slo@lugos.si>
blueberry,141,0,0,34,0,0,160,141,100.0,Slovenian <sl@li.org>
bluedevil,569,1,2,189,1,1,580,572,99.47552447552448,Slovenian <lugos-slo@lugos.si>
blueman,1154,0,181,313,0,22,1208,1335,86.44194756554307,Slovenian (http://www.transifex.com/mate/MATE/language/sl/)
bomber,103,0,0,27,0,0,87,103,100.0,Slovenian <lugos-slo@lugos.si>
bovo,81,0,0,25,0,0,73,81,100.0,Slovenian <lugos-slo@lugos.si>
brasero,7736,0,0,1116,0,0,6828,7736,100.0,Slovenian GNOME Translation Team <gnome-si@googlegroups.com>
byzanz,236,0,0,52,0,0,222,236,100.0,Slovenian <gnome-si@googlegroups.com>
cairo-clock,270,0,0,60,0,0,262,270,100.0,Slovenian
cairo-dock,2845,0,4619,438,0,389,2349,7464,38.11629153269024,Slovenian <sl@li.org>
caja,8109,0,1411,1428,0,139,7234,9520,85.17857142857143,Slovenian (https://www.transifex.com/mate/teams/13566/sl/)
caja-actions,8582,0,11445,862,0,659,7507,20027,42.852149598042644,Slovenian MATE Translation Team <gnome-si@googlegroups.com>
caja-extensions,571,0,13,132,0,3,559,584,97.77397260273972,Slovenian (https://www.transifex.com/mate/teams/13566/sl/)
calamares,0,0,443,0,0,84,0,443,0.0,Slovenian (https://www.transifex.com/calamares/teams/20061/sl/)
calibre,12410,0,285389,3041,0,31777,11462,297799,4.167240319813028,Slovenian (Slovenia) (http://www.transifex.com/projects/p/calibre/language/sl_SI/)
california,174,38,37,88,15,5,184,249,69.87951807228916,Slovenian GNOME Translation Team <gnome-si@googlegroups.com>
calligra,22766,5310,7740,5999,877,857,20953,35816,63.5637703819522,Slovenian <lugos-slo@lugos.si>
calligraplan,1939,1500,6191,833,465,743,1940,9630,20.134994807892003,Slovenian <lugos-slo@lugos.si>
camorama,479,95,201,101,21,44,443,775,61.806451612903224,Slovenian <sl@li.org>
cantor,2047,29,134,462,14,36,2070,2210,92.62443438914028,Slovenian <lugos-slo@lugos.si>
caribou,169,0,0,57,0,0,159,169,100.0,Slovenian GNOME translation team <gnome-si@googlegroups.com>
certmonger,0,0,2831,0,0,473,0,2831,0.0,Slovenian (http://www.transifex.com/projects/p/certmonger/language/sl/)
cervisia,1619,0,0,421,0,0,1540,1619,100.0,Slovenian <lugos-slo@lugos.si>
cheese,2321,0,0,237,0,0,2033,2321,100.0,Slovenian GNOME Translation Team <gnome-si@googlegroups.com>
cherrytree,2909,0,0,703,0,0,2662,2909,100.0,Slovenian
childsplay,1193,23,10,203,4,5,994,1226,97.30831973898859,Slovenian <r@aufbix.org>
chkconfig,413,0,142,84,0,19,410,555,74.41441441441441,Slovenian (http://www.transifex.com/projects/p/fedora/language/sl/)
choqok,2257,0,0,569,0,0,2350,2257,100.0,Slovenian <lugos-slo@lugos.si>
chrome-gnome-shell,14,59,235,13,19,14,15,308,4.545454545454546,Slovenian GNOME Translation Team <gnome-si@googlegroups.com>
cinnamon-control-center,521,88,704,521,69,166,521,1313,39.68012185833968,Slovenian <translation-team-sl@lists.sourceforge.net>
cinnamon-desktop,234,0,0,32,0,0,229,234,100.0,Slovenian GNOME Translation Team <gnome-si@googlegroups.com>
cinnamon-translations,16314,0,6159,4051,0,980,16807,22473,72.59377920170871,Slovenian <sl@li.org>
clamtk,756,0,13,206,0,4,753,769,98.30949284785436,
clementine,4957,0,170,1331,0,30,5007,5127,96.68422079188609,Slovenian (http://www.transifex.com/davidsansome/clementine/language/sl/)
clutter,3057,0,0,675,0,0,2589,3057,100.0,Slovenian GNOME Translation Team <gnome-si@googlegroups.com>
cogl,378,0,0,76,0,0,358,378,100.0,Slovenian GNOME Translation Team <gnome-si@googlegroups.com>
colord,522,0,1468,127,0,126,496,1990,26.231155778894472,Slovenian (http://www.transifex.com/freedesktop/colord/language/sl/)
colord-kde,361,8,0,118,2,0,340,369,97.8319783197832,Slovenian <lugos-slo@lugos.si>
compiz,118,1167,3100,47,396,436,122,4385,2.6909920182440135,Slovenian <sl@li.org>
console-setup,985,12,4,175,2,1,927,1001,98.4015984015984,Slovenian <gnome-si@googlegroups.com>
coreutils,18983,1580,470,1660,80,38,19411,21033,90.25341130604289,Slovenian <translation-team-sl@lists.sourceforge.net>
cracklib,93,0,3,15,0,1,80,96,96.875,Slovenščina <sl@li.org>
cups-pk-helper,149,0,0,22,0,0,127,149,100.0,Slovenian <lugos-slo@lugos.si>
d-feet,111,0,0,37,0,0,109,111,100.0,Slovenščina <gnome-si@googlegroups.com>
darktable,11869,0,0,2597,0,0,11914,11869,100.0,Slovenian <lugos-slo@lugos.si>
dasher,1335,0,5898,269,0,202,1424,7233,18.45707175445873,Slovenian GNOME Translation Team <gnome-si@googlegroups.com>
dconf-editor,1994,0,351,257,0,20,1889,2345,85.0319829424307,Slovenian GNOME Translation Team <gnome-si@googlegroups.com>
debconf,795,5,60,87,3,4,771,860,92.44186046511628,Slovenian <lugos-slo@lugos.si>
decibel-audio-player,74,0,1420,14,0,223,77,1494,4.953145917001338,Slovenian <sl@li.org>
deepin-daemon,1423,0,0,440,0,0,1446,1423,100.0,Slovenian (http://www.transifex.com/linuxdeepin/deepin-desktop-environment/language/sl/)
deepin-metacity,2042,0,0,311,0,0,2029,2042,100.0,Slovenian GNOME Translation Team <gnome-si@googlegroups.com>
deepin-mutter,814,0,0,125,0,0,777,814,100.0,Slovenian GNOME Translation Team <gnome-si@googlegroups.com>
deepin-terminal,409,0,0,164,0,0,431,409,100.0,Slovenian (https://www.transifex.com/linuxdeepin/teams/3976/sl/)
deepin-wm,636,0,96,68,0,21,468,732,86.88524590163934,Slovenian <sl@li.org>
deja-dup,3406,0,776,421,0,73,3420,4182,81.4442850310856,Slovenian <sl@li.org>
deluge,2428,0,300,861,0,17,2382,2728,89.00293255131965,Slovenian <sl@li.org>
devhelp,386,0,0,97,0,0,349,386,100.0,Slovenian GNOME Translation Team <gnome-si@googlegroups.com>
dia,6607,0,0,2364,0,0,6808,6607,100.0,Slovenian GNOME Translation Team <gnome-si@googlegroups.com>
dialog,25,0,0,23,0,0,26,25,100.0,Slovenian <translation-team-sl@lists.sourceforge.net>
digikam,28533,10668,9675,4819,1746,1017,27089,48876,58.3783452000982,Slovenian <lugos-slo@lugos.si>
dippi,0,0,397,0,0,53,0,397,0.0,none
dnf-plugins-extras,0,0,375,0,0,75,0,375,0.0,Slovenian
dnfdragora,859,0,0,364,0,0,949,859,100.0,Slovenian (https://www.transifex.com/MageiaLinux/teams/9361/sl/)
docker-anaconda-addon,0,0,27,0,0,4,0,27,0.0,Slovenian
dolphin,1457,95,115,471,34,18,1538,1667,87.40251949610078,Slovenian <lugos-slo@lugos.si>
dolphin-plugins,1174,39,2,325,12,2,1255,1215,96.62551440329217,Slovenian <lugos-slo@lugos.si>
dragon,275,3,0,86,1,0,275,278,98.92086330935251,Slovenian <lugos-slo@lugos.si>
drgeo,1041,502,442,292,112,57,961,1985,52.44332493702771,Slovenian <sl@li.org>
duplicity,3146,0,1232,468,0,150,3904,4378,71.85929648241206,Slovenian <sl@li.org>
easytag,3953,0,1328,936,0,56,4047,5281,74.85324749100549,Slovenian GNOME Translation Team <gnome-si@googlegroups.com>
efl,293,1,2,125,1,2,274,296,98.98648648648648,Enlightenment Team
ekiga,4517,0,5504,770,0,202,4053,10021,45.07534178225726,Slovenian GNOME Translation Team <gnome-si@googlegroups.com>
electrum,67,0,6819,30,0,1217,46,6886,0.9729886726691839,Slovenian
elementary-calculator,80,0,0,37,0,0,79,80,100.0,Slovenian <https://weblate.elementary.io/projects/calculator/calculator/sl/>
elementary-calendar,362,110,12,150,28,6,365,484,74.79338842975206,Slovenian <https://weblate.elementary.io/projects/calendar/calendar/sl/>
elementary-camera,61,0,1,15,0,1,60,62,98.38709677419355,Slovenian <https://weblate.elementary.io/projects/camera/camera/sl/>
elementary-capnet-assist,40,0,41,7,0,6,38,81,49.382716049382715,Slovenian <https://weblate.elementary.io/projects/desktop/capnet-assist/sl/>
elementary-code,549,82,181,169,15,14,507,812,67.61083743842364,Slovenian <https://weblate.elementary.io/projects/code/code/sl/>
elementary-files,2225,130,463,425,32,91,2479,2818,78.95670688431512,Slovenian <https://weblate.elementary.io/projects/files/files/sl/>
elementary-greeter,76,0,0,18,0,0,65,76,100.0,Slovenian <https://weblate.elementary.io/projects/desktop/greeter/sl/>
elementary-music,1082,50,5,319,9,1,1135,1137,95.1627088830255,Slovenian <https://weblate.elementary.io/projects/music/music/sl/>
elementary-photos,3564,149,62,758,25,10,4240,3775,94.41059602649007,Slovenian <https://weblate.elementary.io/projects/photos/photos/sl/>
elementary-screenshot-tool,128,0,1,40,0,1,112,129,99.2248062015504,Slovenian <https://weblate.elementary.io/projects/screenshot-tool/screenshot-tool/sl/>
elementary-shortcut-overlay,81,0,1,36,0,1,85,82,98.78048780487805,Slovenian <https://weblate.elementary.io/projects/desktop/shortcut-overlay/sl/>
elementary-terminal,158,4,124,37,2,27,129,286,55.24475524475524,Slovenian <https://weblate.elementary.io/projects/terminal/terminal/sl/>
elementary-videos,149,0,1,51,0,1,134,150,99.33333333333333,Slovenian <https://l10n.elementary.io/projects/videos/videos/sl/>
empathy,10914,0,0,1445,0,0,9779,10914,100.0,Slovenian GNOME Translation Team <gnome-si@googlegroups.com>
engrampa,1624,0,6177,369,0,474,1455,7801,20.817843866171003,Slovenian (https://www.transifex.com/mate/teams/13566/sl/)
enlightenment,5988,2450,249,2039,147,46,6047,8687,68.93058593300334,
enscript,1427,398,8,199,7,2,1512,1833,77.8505182760502,Slovenian <translation-team-sl@lists.sourceforge.net>
entangle,0,0,953,0,0,229,0,953,0.0,Slovenian
eog,6736,0,0,757,0,0,5846,6736,100.0,Slovenian GNOME Translation Team <gnome-si@googlegroups.com>
eog-plugins,428,0,0,111,0,0,412,428,100.0,Slovenian GNOME Translation Team <gnome-si@googlegroups.com>
eom,1674,0,3388,330,0,227,1524,5062,33.06993283287238,Slovenian (https://www.transifex.com/mate/teams/13566/sl/)
ephemeral,0,0,1809,0,0,207,0,1809,0.0,none
epiphany,3876,0,0,717,0,0,3667,3876,100.0,Slovenian GNOME Translation Team <gnome-si@googlegroups.com>
evince,8644,0,0,1040,0,0,7567,8644,100.0,Slovenian GNOME Translation Team <gnome-si@googlegroups.com>
evolution,28527,1692,21224,5904,333,1043,27333,51443,55.453608848628576,Slovenian GNOME Translation Team <gnome-si@googlegroups.com>
evolution-data-server,6748,72,612,1291,31,118,7066,7432,90.79655543595264,Slovenian GNOME Translation Team <gnome-si@googlegroups.com>
evolution-ews,1191,0,0,246,0,0,1294,1191,100.0,Slovenian GNOME Translation Team <gnome-si@googlegroups.com>
evolution-mapi,1043,0,0,233,0,0,1119,1043,100.0,Slovenian GNOME Translation Team <gnome-si@googlegroups.com>
evolution-rss,884,0,0,225,0,0,888,884,100.0,Slovenian GNOME Translation Team <gnome-si@googlegroups.com>
exaile,4068,0,0,1074,0,0,3958,4068,100.0,Slovenian <https://hosted.weblate.org/projects/exaile/master/sl/>
exo,1329,0,125,285,0,14,1204,1454,91.40302613480054,Slovenian (http://www.transifex.com/xfce/exo/language/sl/)
feedreader,0,0,799,0,0,221,0,799,0.0,
file-roller,3031,0,0,466,0,0,2688,3031,100.0,Slovenian GNOME Translation Team <gnome-si@googlegroups.com>
filelight,401,10,8,89,2,3,404,419,95.70405727923628,Slovenian <lugos-slo@lugos.si>
filezilla,10551,0,0,1830,0,0,10557,10551,100.0,Martin Srebotnjak <miles@filmsi.net>
findutils,2545,23,0,235,4,0,2473,2568,99.1043613707165,Slovenian <translation-team-sl@lists.sourceforge.net>
five-or-more,294,0,1514,70,0,81,288,1808,16.261061946902654,Slovenian GNOME Translation Team <gnome-si@googlegroups.com>
folks,1056,0,0,130,0,0,1022,1056,100.0,Slovenian GNOME Translation Team <gnome-si@googlegroups.com>
fonts-tweak-tool,0,0,196,0,0,65,0,196,0.0,Slovenian
four-in-a-row,277,0,2211,83,0,95,282,2488,11.133440514469454,Slovenian GNOME Translation Team <gnome-si@googlegroups.com>
fprintd,419,0,0,57,0,0,367,419,100.0,Slovenian (http://www.transifex.com/freedesktop/fprintd/language/sl/)
freedink,271,0,0,57,0,0,257,271,100.0,Slovenian <translation-team-sl@lists.sourceforge.net>
frogr,1073,0,0,243,0,0,1092,1073,100.0,Slovenian <gnome-si@googlegroups.com>
frozen-bubble,567,82,49,130,9,9,601,698,81.23209169054442,<sl@li.org>
gala,441,200,53,62,10,7,329,694,63.54466858789626,Slovenian <https://weblate.elementary.io/projects/desktop/gala/sl/>
gambas3,854,342,4921,419,113,1285,863,6117,13.961092038581006,LANGUAGE <LL@li.org>
garcon,122,0,0,36,0,0,136,122,100.0,Slovenian (http://www.transifex.com/xfce/garcon/language/sl/)
gbrainy,10365,0,0,1330,0,0,10186,10365,100.0,Slovenian GNOME Translation Team <gnome-si@googlegroups.com>
gcab,162,0,0,34,0,0,181,162,100.0,Slovenian GNOME Translation Team <gnome-si@googlegroups.com>
gcompris,17308,0,0,1947,0,0,14506,17308,100.0,Slovenian GNOME Translation Team <gnome-si@googlegroups.com>
gcompris-qt,12272,2465,11570,1332,258,747,10054,26307,46.64918082639601,Slovenian <lugos-slo@lugos.si>
gconf-editor,369,0,2465,110,0,128,363,2834,13.020465772759351,Slovenian GNOME Translation Team <gnome-si@googlegroups.com>
gcr,704,0,0,255,0,0,687,704,100.0,Slovenian GNOME Translation Team <gnome-si@googlegroups.com>
gdesklets,542,0,986,130,0,74,488,1528,35.47120418848168,Slovenian <sl@li.org>
gdk-pixbuf2,1415,0,0,212,0,0,1486,1415,100.0,Slovenian GNOME Translation Team <gnome-si@googlegroups.com>
gdm,680,0,9133,127,0,329,663,9813,6.92958320595129,Slovenian GNOME Translation Team <gnome-si@googlegroups.com>
geany,5353,392,309,1206,71,37,5041,6054,88.42087875784605,Slovenian <lugos-slo@lugos.si>
geary,1979,86,550,527,13,67,2054,2615,75.67877629063098,Slovenian GNOME Translation Team <gnome-si@googlegroups.com>
geda-gaf,29,0,2024,17,0,568,30,2053,1.412566975158305,Slovenian <sl@li.org>
gedit,11841,0,0,1321,0,0,10479,11841,100.0,Slovenian GNOME Translation Team <gnome-si@googlegroups.com>
gedit-cossa,101,0,0,51,0,0,112,101,100.0,Slovenščina <gnome-si@googlegroups.com>
gedit-latex,468,0,0,226,0,0,474,468,100.0,Slovenian GNOME Translation Team <gnome-si@googlegroups.com>
gedit-plugins,8389,0,0,739,0,0,7078,8389,100.0,Slovenian GNOME Translation Team <gnome-si@googlegroups.com>
geeqie,261,1536,2551,100,638,712,274,4348,6.002759889604416,slovene <sl@li.org>
gegl03,6719,180,1197,1542,45,124,6336,8096,82.99160079051383,sl.libreoffice.org <users@sl.libreoffice.org>
gegl04,7484,186,1879,1750,37,158,7080,9549,78.37469892135303,Martin Srebotnjak <miles@filmsi.net>
genius,8167,0,0,1089,0,0,7662,8167,100.0,Slovenian GNOME Translation Team <gnome-si@googlegroups.com>
gettext,7774,20,0,826,3,0,7436,7794,99.74339235309212,Slovenian <translation-team-sl@lists.sourceforge.net>
ggz-gtk-client,7,0,0,7,0,0,7,7,100.0,slovenian <sl@li.org>
ghex,1002,0,2218,250,0,178,954,3220,31.11801242236025,Slovenian GNOME Translation Team <gnome-si@googlegroups.com>
gigolo,521,0,0,142,0,0,472,521,100.0,Slovenian <lugos-slo@lugos.si>
gimagereader,954,283,324,322,36,68,959,1561,61.114670083279954,lugos.si
gimp,38710,0,0,9386,0,0,37610,38710,100.0,Martin Srebotnjak <miles@filmsi.net>
gimp-gap,15684,254,962,2503,18,38,16063,16900,92.80473372781066,Martin Srebotnjak <miles@filmsi.net>
gimp-help,19078,9048,189815,5786,2077,6232,18430,217941,8.753745279685786,Martin Srebotnjak <miles@filmsi.net>
gitg,2056,0,0,368,0,0,1888,2056,100.0,Slovenian GNOME Translation Team <gnome-si@googlegroups.com>
gjots2,774,133,158,244,10,13,770,1065,72.67605633802818,Slovenian
gkrellm,3321,0,463,501,0,50,3041,3784,87.76427061310783,<en@li.org>
glabels,2632,323,5345,871,100,240,2626,8300,31.710843373493976,Slovenian GNOME Translation Team <gnome-si@googlegroups.com>
glade,8251,0,283,1898,0,2,7614,8534,96.68385282399812,Slovenian GNOME Translation Team <gnome-si@googlegroups.com>
glade3,5705,0,283,1233,0,2,5116,5988,95.27388109552439,Slovenian GNOME Translation Team <gnome-si@googlegroups.com>
glib-networking,258,0,0,39,0,0,308,258,100.0,Slovenian GNOME Translation Team <gnome-si@googlegroups.com>
glib2,7115,0,0,1140,0,0,7260,7115,100.0,Slovenian GNOME Translation Team <gnome-si@googlegroups.com>
glibc,2715,1617,3734,528,356,578,2838,8066,33.65980659558641,Slovenian <translation-team-sl@lists.sourceforge.net>
glibc-arm-linux-gnu,2841,1509,3727,551,336,586,2970,8077,35.17395072427882,Slovenian <translation-team-sl@lists.sourceforge.net>
glom,4971,0,4003,870,0,201,4426,8974,55.39335859148652,Slovenian GNOME Translation Team <gnome-si@googlegroups.com>
glpi,4388,0,9229,1424,0,2062,4113,13617,32.22442535066461,Slovenian (Slovenia) (https://www.transifex.com/glpi/teams/1637/sl_SI/)
gmpc,4,0,0,1,0,0,4,4,100.0,Slovenian <sl@li.org>
gnome-2048,301,0,0,48,0,0,296,301,100.0,Slovenian <sl@li.org>
gnome-activity-journal,316,0,0,94,0,0,328,316,100.0,Slovenian <sl@li.org>
gnome-backgrounds,31,0,0,16,0,0,33,31,100.0,Slovenian GNOME Translation Team <gnome-si@googlegroups.com>
gnome-bluetooth,373,0,0,111,0,0,391,373,100.0,Slovenian GNOME Translation Team <gnome-si@googlegroups.com>
gnome-boxes,1282,0,0,294,0,0,1352,1282,100.0,Slovenian GNOME Translation Team <gnome-si@googlegroups.com>
gnome-builder,4183,83,128,1078,26,24,4268,4394,95.19799726900318,Slovenian GNOME Translation Team <gnome-si@googlegroups.com>
gnome-calculator,3218,0,0,819,0,0,2918,3218,100.0,Slovenian GNOME Translation Team <gnome-si@googlegroups.com>
gnome-calendar,669,0,0,220,0,0,695,669,100.0,Slovenian GNOME Translation Team <gnome-si@googlegroups.com>
gnome-characters,186,0,0,58,0,0,192,186,100.0,Slovenian GNOME Translation Team <gnome-si@googlegroups.com>
gnome-chess,1446,0,2976,253,0,124,1367,4422,32.70013568521031,Slovenian GNOME Translation Team <gnome-si@googlegroups.com>
gnome-clocks,283,0,0,100,0,0,282,283,100.0,Slovenian GNOME Translation Team <gnome-si@googlegroups.com>
gnome-color-manager,1796,0,0,345,0,0,1591,1796,100.0,Slovenian <gnome-si@googlegroups.com>
gnome-commander,10217,7540,12850,2821,1071,844,9270,30607,33.38125265462149,Slovenian GNOME Translation Team <gnome-si@googlegroups.com>
gnome-contacts,586,0,0,166,0,0,549,586,100.0,Slovenian <gnome-si@googlegroups.com>
gnome-control-center,6037,88,704,2087,69,166,6069,6829,88.40240152291697,Slovenian <translation-team-sl@lists.sourceforge.net>
gnome-desktop,438,0,0,61,0,0,420,438,100.0,Slovenian GNOME Translation Team <gnome-si@googlegroups.com>
gnome-desktop3,9737,0,0,267,0,0,8714,9737,100.0,
gnome-devel-docs,141,0,25332,63,0,987,141,25473,0.553527264162054,Slovenian GNOME Translation Team <gnome-si@googlegroups.com>
gnome-dictionary,717,0,1130,161,0,80,705,1847,38.819707634001084,
gnome-directory-thumbnailer,85,0,0,12,0,0,84,85,100.0,Slovenščina <gnome-si@googlegroups.com>
gnome-disk-utility,3822,0,0,714,0,0,3775,3822,100.0,Slovenian GNOME Translation Team <gnome-si@googlegroups.com>
gnome-do,473,0,139,119,0,25,447,612,77.2875816993464,Slovenian <sl@li.org>
gnome-doc-utils,251,0,0,101,0,0,258,251,100.0,Slovenian GNOME Translation Team <gnome-si@googlegroups.com>
gnome-documents,1574,110,21,293,7,1,1562,1705,92.316715542522,Slovenian GNOME translation team <gnome-si@googlegroups.com>
gnome-dvb-daemon,790,0,0,190,0,0,752,790,100.0,Slovenian GNOME Translation Team <gnome-si@googlegroups.com>
gnome-font-viewer,201,0,269,67,0,115,195,470,42.765957446808514,Slovenian GNOME Translation Team <gnome-si@googlegroups.com>
gnome-icon-theme,43,0,0,38,0,0,45,43,100.0,Slovenian <sl@li.org>
gnome-initial-setup,848,0,0,122,0,0,738,848,100.0,Slovenian GNOME Translation Team <gnome-si@googlegroups.com>
gnome-keyring,509,0,0,103,0,0,472,509,100.0,Slovenian GNOME Translation Team <gnome-si@googlegroups.com>
gnome-klotski,218,0,1134,73,0,57,214,1352,16.124260355029584,Slovenian GNOME Translation Team <gnome-si@googlegroups.com>
gnome-libs,988,45,52,381,6,8,959,1085,91.05990783410138,Slovenian <sl@li.org>
gnome-logs,378,0,0,124,0,0,357,378,100.0,Slovenian <gnome-si@googlegroups.com>
gnome-mahjongg,333,0,2155,78,0,100,270,2488,13.384244372990354,Slovenian GNOME Translation Team <gnome-si@googlegroups.com>
gnome-maps,1236,0,0,315,0,0,1202,1236,100.0,Slovenian <gnome-si@googlegroups.com>
gnome-menus,70,0,0,27,0,0,72,70,100.0,Slovenian GNOME Translation Team <gnome-si@googlegroups.com>
gnome-mime-data,887,0,0,362,0,0,956,887,100.0,Slovenian <sl@li.org>
gnome-mines,1622,0,0,200,0,0,1372,1622,100.0,Slovenian gnome translation team <gnome-si@googlegroups.com>
gnome-multi-writer,12,92,283,10,25,25,21,387,3.10077519379845,Slovenian GNOME Translation Team <gnome-si@googlegroups.com>
gnome-music,555,0,0,117,0,0,563,555,100.0,Slovenian GNOME Translation Team <gnome-si@googlegroups.com>
gnome-nettool,664,0,0,219,0,0,662,664,100.0,Slovenian GNOME Translation Team <gnome-si@googlegroups.com>
gnome-nibbles,447,0,0,110,0,0,424,447,100.0,Slovenian GNOME Translation Team <gnome-si@googlegroups.com>
gnome-online-accounts,693,0,0,155,0,0,712,693,100.0,Slovenian GNOME Translation Team <gnome-si@googlegroups.com>
gnome-packagekit,3593,0,0,583,0,0,3446,3593,100.0,Slovenian <gnome-si@googlegroups.com>
gnome-phone-manager,563,0,0,98,0,0,518,563,100.0,Slovenian GNOME Translation Team <gnome-si@googlegroups.com>
gnome-photos,556,0,0,217,0,0,616,556,100.0,Slovenian GNOME Translation Team <gnome-si@googlegroups.com>
gnome-power-manager,489,0,0,151,0,0,517,489,100.0,Slovenian GNOME Translation Team <gnome-si@googlegroups.com>
gnome-robots,617,0,1945,108,0,95,591,2562,24.082747853239656,Slovenian GNOME Translation Team <gnome-si@googlegroups.com>
gnome-screensaver,291,0,0,58,0,0,282,291,100.0,Slovenian GNOME Translation Team <gnome-si@googlegroups.com>
gnome-screenshot,457,0,0,80,0,0,428,457,100.0,Slovenian GNOME Translation Team <gnome-si@googlegroups.com>
gnome-search-tool,1279,0,1790,205,0,139,1202,3069,41.67481264255458,Slovenian GNOME Translation Team <gnome-si@googlegroups.com>
gnome-session,364,0,0,58,0,0,350,364,100.0,Slovenian GNOME Translation Team <gnome-si@googlegroups.com>
gnome-settings-daemon,2549,0,0,371,0,0,2505,2549,100.0,Slovenian GNOME Translation Team <gnome-si@googlegroups.com>
gnome-shell,1841,0,0,425,0,0,1996,1841,100.0,Slovenian GNOME Translation Team <gnome-si@googlegroups.com>
gnome-shell-extensions,388,0,0,70,0,0,358,388,100.0,Slovenian GNOME Translation Team <gnome-si@googlegroups.com>
gnome-software,3818,0,0,783,0,0,3973,3818,100.0,Slovenščina <gnome-si@googlegroups.com>
gnome-sound-recorder,292,0,0,73,0,0,291,292,100.0,Slovenian <gnome-si@googlegroups.com>
gnome-subtitles,2672,0,236,506,0,2,2388,2908,91.88445667125173,Slovenian <gnome-si@googlegroups.com>
gnome-sudoku,437,0,2521,87,0,118,413,2958,14.773495605138606,Slovenian GNOME Translation Team <gnome-si@googlegroups.com>
gnome-system-log,1226,0,0,144,0,0,1079,1226,100.0,Slovenian gnome translation team <gnome-si@googlegroups.com>
gnome-system-monitor,1440,0,0,305,0,0,1478,1440,100.0,Slovenian GNOME Translation Team <gnome-si@googlegroups.com>
gnome-taquin,232,0,0,49,0,0,230,232,100.0,Slovenian <gnome-si@googlegroups.com>
gnome-terminal,2503,0,0,486,0,0,2373,2503,100.0,Slovenian GNOME Translation Team <gnome-si@googlegroups.com>
gnome-tetravex,1176,12,0,145,3,0,980,1188,98.98989898989899,Slovenian GNOME Translation Team <gnome-si@googlegroups.com>
gnome-themes,109,0,0,30,0,0,117,109,100.0,Slovenian GNOME Translation Team <gnome-si@googlegroups.com>
gnome-themes-extra,15,0,0,6,0,0,17,15,100.0,Slovenian GNOME Translation Team <gnome-si@googlegroups.com>
gnome-todo,684,0,0,149,0,0,690,684,100.0,Slovenian GNOME Translation Team <gnome-si@googlegroups.com>
gnome-tweaks,665,0,0,187,0,0,742,665,100.0,Slovenian GNOME Translation Team <gnome-si@googlegroups.com>
gnome-usage,91,56,53,41,12,4,112,200,45.5,Slovenian GNOME Translation Team <gnome-si@googlegroups.com>
gnome-user-docs,52634,4255,1761,2939,190,70,44589,58650,89.74254049445865,
gnome-user-share,52,0,0,10,0,0,53,52,100.0,Slovenian GNOME Translation Team <gnome-si@googlegroups.com>
gnome-vfs2,1519,0,0,305,0,0,1443,1519,100.0,Slovenian GNOME Translation Team <gnome-si@googlegroups.com>
gnome-video-arcade,1373,0,2222,246,0,120,1231,3595,38.19193324061197,Slovenian GNOME Translation Team <gnome-si@googlegroups.com>
gnome-video-effects,256,0,0,68,0,0,229,256,100.0,Slovenian GNOME Translation Team <gnome-si@googlegroups.com>
gnome-weather,192,0,0,42,0,0,167,192,100.0,Slovenian GNOME Translation Team <gnome-si@googlegroups.com>
gnomebaker,55,0,1131,24,0,267,50,1186,4.63743676222597,Slovenian <sl@li.org>
gnote,6861,0,0,815,0,0,6191,6861,100.0,Slovenian GNOME Translation Team <gnome-si@googlegroups.com>
gnubik,265,13,1,81,1,1,290,279,94.98207885304659,Slovenian <translation-team-sl@lists.sourceforge.net>
gnumeric,37043,0,0,5874,0,0,37030,37043,100.0,Slovenian GNOME Translation Team <gnome-si@googlegroups.com>
godot,3673,2,3355,977,1,914,3607,7030,52.2475106685633,Slovenian <https://hosted.weblate.org/projects/godot-engine/godot/sl/>
goffice,6426,0,179,2067,0,50,6270,6605,97.28993186979561,Slovenian GNOME Translation Team <gnome-si@googlegroups.com>
goffice08,4827,0,0,1610,0,0,4787,4827,100.0,Slovenian GNOME Translation Team <gnome-si@googlegroups.com>
gourmet,2711,122,1106,667,13,212,2697,3939,68.82457476516882,Slovenian <sl@li.org>
gparted,2406,0,4621,446,0,351,2337,7027,34.23936245908638,Slovenian GNOME Translation Team <gnome-si@googlegroups.com>
gramps,38713,2,0,6636,1,0,37360,38715,99.99483404365233,lugos.si
granatier,239,0,8,66,0,2,217,247,96.76113360323887,Slovenian <lugos-slo@lugos.si>
granite,116,8,26,50,3,15,120,150,77.33333333333333,Slovenian <https://weblate.elementary.io/projects/desktop/granite/sl/>
grantlee-editor,530,0,0,158,0,0,539,530,100.0,Slovenian <lugos-slo@lugos.si>
grass,1565,36881,38445,266,6162,4815,1513,76891,2.0353487404247574,Slovenščina <grass-translations@lists.osgeo.org>
grep,612,262,7,93,13,1,647,881,69.46651532349603,Slovenian <translation-team-sl@lists.sourceforge.net>
grilo,191,0,0,36,0,0,214,191,100.0,Slovenščina <gnome-si@googlegroups.com>
grilo-plugins,537,0,0,133,0,0,528,537,100.0,Slovenščina <gnome-si@googlegroups.com>
grub2,5382,719,1018,1067,119,158,5546,7119,75.60050568900127,Slovenian <translation-team-sl@lists.sourceforge.net>
gscan2pdf,946,0,894,286,0,220,942,1840,51.41304347826087,Slovenian <sl@li.org>
gsettings-desktop-schemas,6378,0,0,572,0,0,5778,6378,100.0,Slovenian GNOME Translation Team <gnome-si@googlegroups.com>
gspell,78,0,0,32,0,0,80,78,100.0,Slovenian GNOME Translation Team <gnome-si@googlegroups.com>
gstreamer,1914,3,0,347,1,0,1899,1917,99.8435054773083,Slovenian <translation-team-sl@lists.sourceforge.net>
gstreamer-plugins-bad-free,96,0,0,14,0,0,86,96,100.0,Slovenian <translation-team-sl@lists.sourceforge.net>
gstreamer-plugins-base,902,0,6,176,0,2,848,908,99.33920704845815,Slovenian <translation-team-sl@lists.sourceforge.net>
gstreamer-plugins-good,814,0,0,190,0,0,770,814,100.0,Slovenian <translation-team-sl@lists.sourceforge.net>
gstreamer1,1951,47,80,351,6,18,1918,2078,93.88835418671799,Slovenian <translation-team-sl@lists.sourceforge.net>
gstreamer1-plugins-bad-free,73,22,102,10,3,16,63,197,37.055837563451774,Slovenian <translation-team-sl@lists.sourceforge.net>
gstreamer1-plugins-base,677,55,236,136,11,55,628,968,69.93801652892562,Slovenian <translation-team-sl@lists.sourceforge.net>
gstreamer1-plugins-good,582,152,78,68,20,11,540,812,71.67487684729063,Slovenian <translation-team-sl@lists.sourceforge.net>
gstreamer1-plugins-ugly-free,80,0,0,10,0,0,66,80,100.0,Slovenian <translation-team-sl@lists.sourceforge.net>
gthumb,8475,0,0,1544,0,0,7734,8475,100.0,Slovenian GNOME Translation Team <gnome-si@googlegroups.com>
gtk+,202,0,0,105,0,0,203,202,100.0,slovenian <sl@li.org>
gtk-doc,25,0,7626,22,0,330,26,7651,0.32675467259181806,Slovenian GNOME Translation Team <gnome-si@googlegroups.com>
gtk-murrine-engine,134,0,0,46,0,0,140,134,100.0,Slovenian GNOME Translation Team <gnome-si@googlegroups.com>
gtk-vnc,81,0,0,22,0,0,83,81,100.0,Slovenian GNOME Translation Team <gnome-si@googlegroups.com>
gtk2,12381,0,0,2582,0,0,11342,12381,100.0,Slovenian GNOME Translation Team <gnome-si@googlegroups.com>
gtk2-engines,119,0,0,47,0,0,112,119,100.0,Slovenian GNOME Translation Team <gnome-si@googlegroups.com>
gtk3,16056,0,0,3601,0,0,15010,16056,100.0,Slovenian GNOME Translation Team <gnome-si@googlegroups.com>
gtk4,12416,0,0,2969,0,0,11678,12416,100.0,Slovenian GNOME Translation Team <gnome-si@googlegroups.com>
gtkhtml3,522,0,0,317,0,0,537,522,100.0,Slovenian GNOME Translation Team <gnome-si@googlegroups.com>
gtksourceview2,1413,0,0,538,0,0,1370,1413,100.0,Slovenian GNOME Translation Team <gnome-si@googlegroups.com>
gtksourceview3,322,0,0,106,0,0,308,322,100.0,Slovenian GNOME Translation Team <gnome-si@googlegroups.com>
gtksourceview4,308,0,0,94,0,0,294,308,100.0,Slovenian GNOME Translation Team <gnome-si@googlegroups.com>
gtkspell,11,0,0,5,0,0,11,11,100.0,Slovenian <translation-team-sl@lists.sourceforge.net>
gtkspell3,15,0,0,6,0,0,15,15,100.0,Slovenian <translation-team-sl@lists.sourceforge.net>
gtranslator,1360,0,0,320,0,0,1368,1360,100.0,Slovenian GNOME Translation Team <gnome-si@googlegroups.com>
gucharmap,1229,0,1694,411,0,144,1187,2923,42.0458433116661,Slovenian GNOME Translation Team <gnome-si@googlegroups.com>
gupnp-tools,278,0,0,102,0,0,292,278,100.0,Slovenian <gnome-si@googlegroups.com>
gutenprint,8860,6263,639,2560,1918,222,8534,15762,56.211140718182975,Slovenian <translation-team-sl@lists.sourceforge.net>
gvfs,2069,0,0,402,0,0,2140,2069,100.0,Slovenian GNOME Translation Team <gnome-si@googlegroups.com>
gweled,151,0,5,43,0,1,135,156,96.7948717948718,Slovenian <sl@li.org>
gwenview,1224,76,197,339,27,25,1452,1497,81.76352705410822,Slovenian <lugos-slo@lugos.si>
hamster-time-tracker,1638,1,0,222,1,0,1486,1639,99.93898718730934,Slovenian GNOME Translation Team <gnome-si@googlegroups.com>
harvey,0,0,57,0,0,12,0,57,0.0,none
hexchat,2436,0,3535,750,0,696,2386,5971,40.79718640093787,Slovenian (http://www.transifex.com/hexchat/hexchat/language/sl/)
hitori,914,4,0,85,1,0,773,918,99.56427015250546,Slovenian GNOME Translation Team <gnome-si@googlegroups.com>
homebank,2100,5,335,747,1,36,2010,2440,86.0655737704918,Slovenian GNOME Translation Team <gnome-si@googlegroups.com>
homerun,504,0,0,135,0,0,506,504,100.0,Slovenian <lugos-slo@lugos.si>
iagno,366,0,2427,87,0,107,348,2793,13.10418904403867,Slovenian GNOME Translation Team <gnome-si@googlegroups.com>
icewm,0,0,0,0,0,0,0,0,0.0,Slovenian <translator-team-sl@lists.sourceforge.net>
im-chooser,2,0,237,1,0,55,0,239,0.8368200836820083,LANGUAGE <LL@li.org>
imsettings,0,0,456,0,0,84,0,456,0.0,LANGUAGE <LL@li.org>
initial-setup,0,0,33,0,0,7,0,33,0.0,Slovenian
initscripts,768,54,150,118,10,20,772,972,79.01234567901234,Slovenian (http://www.transifex.com/projects/p/fedora/language/sl/)
inkscape,25083,6149,6982,5623,1680,842,24375,38214,65.6382477626001,Martin Srebotnjak <miles@filmsi.net>
iso-codes,5575,8957,8582,3680,6276,5264,5305,23114,24.119581206195377,Slovenian <translation-team-sl@lists.sourceforge.net>
isomaster,674,0,0,107,0,0,557,674,100.0,Slovenian <sl@li.org>
jmol,393,15,2758,218,9,794,387,3166,12.413139608338597,Slovenian <sl@li.org>
json-glib,303,0,0,44,0,0,275,303,100.0,Slovenian GNOME Translation Team <gnome-si@googlegroups.com>
juk,1457,4,36,355,1,7,1437,1497,97.32798931195725,Slovenian <lugos-slo@lugos.si>
k3b,20206,11,4,2517,2,2,19030,20221,99.92581969239899,Slovenian <lugos-slo@lugos.si>
kBuild,204,136,165,38,29,14,230,505,40.396039603960396,Slovenian <translation-team-sl@lists.sourceforge.net>
kaccounts-integration,82,0,0,12,0,0,72,82,100.0,Slovenian <lugos-slo@lugos.si>
kaccounts-providers,60,0,0,20,0,0,62,60,100.0,Slovenian <lugos-slo@lugos.si>
kactivitymanagerd,5,2,0,2,1,0,5,7,71.42857142857143,Slovenian <lugos-slo@lugos.si>
kaddressbook,748,2,0,167,1,0,663,750,99.73333333333333,Slovenian <lugos-slo@lugos.si>
kajongg,2444,0,0,510,0,0,2354,2444,100.0,Slovenian <lugos-slo@lugos.si>
kalarm,7256,13,0,1017,3,0,6818,7269,99.82115834365112,Slovenian <lugos-slo@lugos.si>
kalgebra,167,0,0,82,0,0,164,167,100.0,Slovenian <lugos-slo@lugos.si>
kalzium,10428,9,0,1528,2,0,9711,10437,99.9137683242311,Slovenian <lugos-slo@lugos.si>
kamera,342,0,0,37,0,0,319,342,100.0,Slovenian <lugos-slo@lugos.si>
kamoso,102,0,0,27,0,0,123,102,100.0,Slovenian <lugos-slo@lugos.si>
kanagram,525,3,0,144,1,0,517,528,99.43181818181817,Slovenian <lugos-slo@lugos.si>
kapman,114,0,0,36,0,0,121,114,100.0,Slovenian <lugos-slo@lugos.si>
kapptemplate,272,0,0,52,0,0,252,272,100.0,Slovenian <lugos-slo@lugos.si>
kate,4823,105,115,1163,14,25,4799,5043,95.63751735078327,Slovenian <lugos-slo@lugos.si>
katomic,185,0,0,59,0,0,206,185,100.0,Slovenian <lugos-slo@lugos.si>
kaudiocreator,589,168,379,161,43,69,552,1136,51.848591549295776,slovenian <sl@li.org>
kblackbox,1364,0,0,102,0,0,1177,1364,100.0,Slovenian <lugos-slo@lugos.si>
kblocks,159,0,0,38,0,0,166,159,100.0,Slovenian <lugos-slo@lugos.si>
kbounce,154,0,0,42,0,0,161,154,100.0,Slovenian <lugos-slo@lugos.si>
kbrickbuster,152,0,0,40,0,0,142,152,100.0,Slovenian <lugos-slo@lugos.si>
kbruch,1345,0,0,195,0,0,1103,1345,100.0,Slovenian <lugos-slo@lugos.si>
kcachegrind,180,47,1509,100,23,73,181,1736,10.368663594470046,Slovenian <translation-team-sl@lists.sourceforge.net>
kcalc,976,0,16,326,0,2,935,992,98.38709677419355,Slovenian <lugos-slo@lugos.si>
kcharselect,88,0,0,34,0,0,104,88,100.0,Slovenian <lugos-slo@lugos.si>
kcm_wacomtablet,936,60,60,215,13,12,934,1056,88.63636363636364,Slovenian <lugos-slo@lugos.si>
kcolorchooser,29,0,0,10,0,0,30,29,100.0,Slovenian <lugos-slo@lugos.si>
kcoloredit,8,92,178,5,29,61,9,278,2.877697841726619,Slovenian <sl@li.org>
kcron,534,0,0,190,0,0,507,534,100.0,Slovenian <lugos-slo@lugos.si>
kde-cli-tools,2188,0,0,228,0,0,1949,2188,100.0,Slovenian <lugos-slo@lugos.si>
kde-dev-utils,89,7,0,34,1,0,96,96,92.70833333333334,Slovenian <lugos-slo@lugos.si>
kde-gtk-config,309,0,0,76,0,0,312,309,100.0,Slovenian <lugos-slo@lugos.si>
kde-l10n,105083,77,0,21168,8,0,103224,105160,99.92677824267783,Slovenian <lugos-slo@lugos.si>
kde-partitionmanager,2200,53,46,488,10,25,2233,2299,95.69377990430623,Slovenian <lugos-slo@lugos.si>
kde-print-manager,952,8,7,270,2,2,938,967,98.4488107549121,Slovenian <lugos-slo@lugos.si>
kdebugsettings,128,18,11,37,7,5,134,157,81.52866242038218,Slovenian <lugos-slo@lugos.si>
kdenetwork-filesharing,42,0,0,12,0,0,39,42,100.0,Slovenian <lugos-slo@lugos.si>
kdepim-addons,3994,6,50,768,3,6,3721,4050,98.61728395061729,Slovenian <lugos-slo@lugos.si>
kdepim-apps-libs,59,0,0,34,0,0,66,59,100.0,Slovenian <lugos-slo@lugos.si>
kdepim-runtime,6534,73,27,1049,12,6,6429,6634,98.49261380765752,Slovenian <lugos-slo@lugos.si>
kdeplasma-addons,984,592,38,324,259,14,998,1614,60.966542750929364,Slovenian <lugos-slo@lugos.si>
kdesdk-kioslaves,82,0,0,17,0,0,83,82,100.0,Slovenian <lugos-slo@lugos.si>
kdesdk-thumbnailers,4,0,0,4,0,0,5,4,100.0,Slovenian <lugos-slo@lugos.si>
kdesvn,4929,8,0,913,1,0,4888,4937,99.83795827425563,Slovenian <lugos-slo@lugos.si>
kdevelop,11147,923,302,2299,119,48,10966,12372,90.09860976398318,Slovenian <lugos-slo@lugos.si>
kdevelop-php,407,62,42,56,8,5,403,511,79.6477495107632,Slovenian <lugos-slo@lugos.si>
kdevelop-python,543,39,0,91,10,0,544,582,93.29896907216495,Slovenian <lugos-slo@lugos.si>
kdf,181,0,0,69,0,0,191,181,100.0,Slovenian <lugos-slo@lugos.si>
kdialog,347,0,0,70,0,0,377,347,100.0,Slovenian <lugos-slo@lugos.si>
kdiamond,122,0,0,32,0,0,120,122,100.0,Slovenian <lugos-slo@lugos.si>
kdiff3,2898,415,186,507,54,33,2861,3499,82.82366390397257,Slovenian <lugos-slo@lugos.si>
kdnssd,30,0,0,7,0,0,30,30,100.0,Slovenian <lugos-slo@lugos.si>
kdump-anaconda-addon,51,8,24,2,2,8,42,83,61.44578313253012,Slovenian <sl@li.org>
keditbookmarks,466,0,0,132,0,0,500,466,100.0,Slovenian <lugos-slo@lugos.si>
kexi,1903,3676,1757,658,617,216,1889,7336,25.940567066521265,Slovenian <lugos-slo@lugos.si>
kf5-akonadi-calendar,1877,0,0,288,0,0,1886,1877,100.0,Slovenian <lugos-slo@lugos.si>
kf5-akonadi-contacts,1414,4,0,295,1,0,1377,1418,99.71791255289139,Slovenian <lugos-slo@lugos.si>
kf5-akonadi-mime,572,0,0,107,0,0,634,572,100.0,Slovenian <lugos-slo@lugos.si>
kf5-akonadi-notes,2,0,0,1,0,0,2,2,100.0,Slovenian <lugos-slo@lugos.si>
kf5-akonadi-search,48,0,0,11,0,0,61,48,100.0,Slovenian <lugos-slo@lugos.si>
kf5-akonadi-server,2486,6,22,423,1,5,2703,2514,98.8862370723946,Slovenian <lugos-slo@lugos.si>
kf5-audiocd-kio,840,0,0,176,0,0,833,840,100.0,Slovenian <lugos-slo@lugos.si>
kf5-baloo,482,75,155,119,13,37,475,712,67.69662921348315,Slovenian <lugos-slo@lugos.si>
kf5-calendarsupport,2938,34,4,407,6,4,2567,2976,98.72311827956989,Slovenian <lugos-slo@lugos.si>
kf5-eventviews,2901,11,44,311,3,5,2640,2956,98.13937753721245,Slovenian <lugos-slo@lugos.si>
kf5-grantleetheme,14,0,0,6,0,0,14,14,100.0,Slovenian <lugos-slo@lugos.si>
kf5-incidenceeditor,2196,159,9,408,26,2,1909,2364,92.89340101522842,Slovenian <lugos-slo@lugos.si>
kf5-kalarmcal,198,0,0,101,0,0,248,198,100.0,Slovenian <lugos-slo@lugos.si>
kf5-kauth,73,0,0,8,0,0,76,73,100.0,Slovenian <lugos-slo@lugos.si>
kf5-kblog,243,0,0,27,0,0,215,243,100.0,Slovenian <lugos-slo@lugos.si>
kf5-kbookmarks,230,0,0,49,0,0,223,230,100.0,Slovenian <lugos-slo@lugos.si>
kf5-kcalendarutils,1630,0,0,427,0,0,1970,1630,100.0,Slovenian <lugos-slo@lugos.si>
kf5-kcmutils,516,48,0,69,3,0,549,564,91.48936170212765,Slovenian <lugos-slo@lugos.si>
kf5-kcodecs,348,0,0,53,0,0,301,348,100.0,Slovenian <lugos-slo@lugos.si>
kf5-kcompletion,18,0,0,11,0,0,18,18,100.0,Slovenian <lugos-slo@lugos.si>
kf5-kconfig,261,0,0,100,0,0,255,261,100.0,Slovenian <lugos-slo@lugos.si>
kf5-kconfigwidgets,321,0,0,117,0,0,327,321,100.0,Slovenian <lugos-slo@lugos.si>
kf5-kcontacts,177,0,0,108,0,0,184,177,100.0,Slovenian <lugos-slo@lugos.si>
kf5-kcoreaddons,301,0,32,95,0,30,347,333,90.39039039039038,Slovenian <lugos-slo@lugos.si>
kf5-kdbusaddons,48,0,0,6,0,0,55,48,100.0,Slovenian <lugos-slo@lugos.si>
kf5-kdeclarative,109,1,0,14,1,0,105,110,99.0909090909091,Slovenian <lugos-slo@lugos.si>
kf5-kdelibs4support,4813,0,0,2364,0,0,5242,4813,100.0,Slovenian <lugos-slo@lugos.si>
kf5-kdesignerplugin,54,0,0,9,0,0,50,54,100.0,Slovenian <lugos-slo@lugos.si>
kf5-kdesu,19,0,0,7,0,0,24,19,100.0,Slovenian <lugos-slo@lugos.si>
kf5-kdnssd,3,0,0,3,0,0,3,3,100.0,Slovenian <lugos-slo@lugos.si>
kf5-kdoctools,8,0,0,4,0,0,10,8,100.0,Slovenian <lugos-slo@lugos.si>
kf5-kfilemetadata,136,7,165,71,5,51,150,308,44.15584415584416,Slovenian <lugos-slo@lugos.si>
kf5-kglobalaccel,71,0,0,9,0,0,59,71,100.0,Slovenian <lugos-slo@lugos.si>
kf5-kholidays,109,0,0,77,0,0,105,109,100.0,Slovenian <lugos-slo@lugos.si>
kf5-khtml,1629,92,0,306,4,0,1549,1721,94.6542707728065,Slovenian <lugos-slo@lugos.si>
kf5-ki18n,124,0,0,110,0,0,126,124,100.0,Slovenian <lugos-slo@lugos.si>
kf5-kiconthemes,26,11,0,17,1,0,27,37,70.27027027027027,Slovenian <lugos-slo@lugos.si>
kf5-kidentitymanagement,165,0,9,21,0,2,145,174,94.82758620689656,Slovenian <lugos-slo@lugos.si>
kf5-kimap,99,0,11,48,0,1,110,110,90.0,Slovenian <lugos-slo@lugos.si>
kf5-kinit,134,0,0,14,0,0,128,134,100.0,Slovenian <lugos-slo@lugos.si>
kf5-kio,11608,442,159,1292,41,16,10631,12209,95.07740191661888,Slovenian <lugos-slo@lugos.si>
kf5-kipi-plugins,5583,5,0,1202,1,0,5473,5588,99.91052254831783,Slovenian <lugos-slo@lugos.si>
kf5-kirigami,2,0,0,2,0,0,2,2,100.0,Slovenian <lugos-slo@lugos.si>
kf5-kirigami2,6,4,16,4,2,11,6,26,23.076923076923077,Slovenian <lugos-slo@lugos.si>
kf5-kitemviews,6,1,0,3,1,0,7,7,85.71428571428571,Slovenian <lugos-slo@lugos.si>
kf5-kjobwidgets,123,0,0,36,0,0,179,123,100.0,Slovenian <lugos-slo@lugos.si>
kf5-kjsembed,248,0,0,44,0,0,272,248,100.0,Slovenian <lugos-slo@lugos.si>
kf5-kldap,158,6,18,50,1,3,192,182,86.81318681318682,Slovenian <lugos-slo@lugos.si>
kf5-kmailtransport,626,2,26,104,2,3,584,654,95.71865443425077,Slovenian <lugos-slo@lugos.si>
kf5-kmime,159,0,0,10,0,0,141,159,100.0,Slovenian <lugos-slo@lugos.si>
kf5-knewstuff,688,2,12,156,2,1,698,702,98.00569800569801,Slovenian <lugos-slo@lugos.si>
kf5-knotifications,18,0,0,6,0,0,15,18,100.0,Slovenian <lugos-slo@lugos.si>
kf5-knotifyconfig,129,0,0,17,0,0,111,129,100.0,Slovenian <lugos-slo@lugos.si>
kf5-kontactinterface,4,0,0,2,0,0,5,4,100.0,Slovenian <lugos-slo@lugos.si>
kf5-kpackage,427,68,0,95,2,0,437,495,86.26262626262627,Slovenian <lugos-slo@lugos.si>
kf5-kparts,104,0,0,26,0,0,104,104,100.0,Slovenian <lugos-slo@lugos.si>
kf5-kpeople,21,0,0,11,0,0,20,21,100.0,Slovenian <lugos-slo@lugos.si>
kf5-kpimtextedit,343,14,6,151,1,2,354,363,94.49035812672176,Slovenian <lugos-slo@lugos.si>
kf5-kpty,15,0,0,4,0,0,27,15,100.0,Slovenian <lugos-slo@lugos.si>
kf5-kross,100,0,0,35,0,0,110,100,100.0,Slovenian <lugos-slo@lugos.si>
kf5-kservice,170,0,0,28,0,0,173,170,100.0,Slovenian <lugos-slo@lugos.si>
kf5-ksmtp,63,3,31,7,1,5,62,97,64.94845360824742,Slovenian <lugos-slo@lugos.si>
kf5-ktexteditor,8011,265,99,1163,35,16,7382,8375,95.65373134328358,Slovenian <lugos-slo@lugos.si>
kf5-ktextwidgets,462,0,0,122,0,0,468,462,100.0,Slovenian <lugos-slo@lugos.si>
kf5-ktnef,355,0,0,143,0,0,385,355,100.0,Slovenian <lugos-slo@lugos.si>
kf5-kunitconversion,5266,26,20,2244,10,12,7908,5312,99.1340361445783,Slovenian <lugos-slo@lugos.si>
kf5-kwallet,1624,0,0,131,0,0,1488,1624,100.0,Slovenian <lugos-slo@lugos.si>
kf5-kwidgetsaddons,1250,71,0,448,10,0,1203,1321,94.62528387585164,Slovenian <lugos-slo@lugos.si>
kf5-kwindowsystem,2,0,0,1,0,0,2,2,100.0,Slovenian <lugos-slo@lugos.si>
kf5-kxmlgui,1511,91,0,227,1,0,1472,1602,94.31960049937578,Slovenian <lugos-slo@lugos.si>
kf5-kxmlrpcclient,13,0,0,2,0,0,16,13,100.0,Slovenian <lugos-slo@lugos.si>
kf5-libgravatar,22,0,0,10,0,0,24,22,100.0,Slovenian <lugos-slo@lugos.si>
kf5-libkcddb,557,0,0,251,0,0,566,557,100.0,Slovenian <lugos-slo@lugos.si>
kf5-libkcompactdisc,15,0,0,10,0,0,16,15,100.0,Slovenian <lugos-slo@lugos.si>
kf5-libkdepim,465,0,0,127,0,0,471,465,100.0,Slovenian <lugos-slo@lugos.si>
kf5-libkgeomap,139,0,0,46,0,0,131,139,100.0,Slovenian <lugos-slo@lugos.si>
kf5-libkleo,838,70,300,197,36,76,853,1208,69.37086092715232,Slovenian <lugos-slo@lugos.si>
kf5-libksane,272,0,0,83,0,0,321,272,100.0,Slovenian <lugos-slo@lugos.si>
kf5-libksieve,3269,17,13,548,5,4,3118,3299,99.09063352531071,Slovenian <lugos-slo@lugos.si>
kf5-libktorrent,471,0,0,106,0,0,543,471,100.0,Slovenian <lugos-slo@lugos.si>
kf5-mailcommon,2640,42,145,451,6,13,2551,2827,93.3852140077821,Slovenian <lugos-slo@lugos.si>
kf5-mailimporter,1408,0,0,127,0,0,1481,1408,100.0,Slovenian <lugos-slo@lugos.si>
kf5-messagelib,7384,160,70,1150,20,17,7896,7614,96.9792487522984,Slovenian <lugos-slo@lugos.si>
kf5-pimcommon,1013,2,19,244,2,3,970,1034,97.96905222437138,Slovenian <lugos-slo@lugos.si>
kf5-plasma,492,6,6,141,3,3,509,504,97.61904761904762,Slovenian <lugos-slo@lugos.si>
kf5-solid,672,6,4,220,1,2,620,682,98.53372434017595,Slovenian <lugos-slo@lugos.si>
kf5-sonnet,663,0,4,72,0,1,581,667,99.40029985007496,Slovenian <lugos-slo@lugos.si>
kf5-syntax-highlighting,444,13,65,290,9,23,468,522,85.0574712643678,Slovenian <lugos-slo@lugos.si>
kfind,501,3,0,116,1,0,527,504,99.40476190476191,Slovenian <lugos-slo@lugos.si>
kflickr,190,0,142,53,0,34,187,332,57.22891566265061,Slovenian <sl@li.org>
kfloppy,641,0,0,100,0,0,665,641,100.0,Slovenian <lugos-slo@lugos.si>
kfourinline,392,0,0,157,0,0,393,392,100.0,Slovenian <lugos-slo@lugos.si>
kgamma,130,0,0,16,0,0,112,130,100.0,Slovenian <lugos-slo@lugos.si>
kgeography,9646,48,4,7092,35,4,9539,9698,99.46380697050938,Slovenian <lugos-slo@lugos.si>
kget,2953,0,0,794,0,0,3081,2953,100.0,Slovenian <lugos-slo@lugos.si>
kgoldrunner,23427,129,0,907,1,0,19382,23556,99.45236882322975,Slovenian <lugos-slo@lugos.si>
kgpg,5282,0,0,698,0,0,5362,5282,100.0,Slovenian <lugos-slo@lugos.si>
khangman,473,0,0,119,0,0,448,473,100.0,Slovenian <lugos-slo@lugos.si>
khelpcenter,251,5,9,86,1,3,276,265,94.71698113207547,Slovenian <lugos-slo@lugos.si>
khotkeys,422,16,0,128,1,0,428,438,96.34703196347031,Slovenian <lugos-slo@lugos.si>
kicad,627,6759,18904,331,2412,3100,627,26290,2.3849372384937237,kicad team <bojerko@gmail.com>
kiconedit,682,11,33,135,5,15,599,726,93.93939393939394,Slovenian <sl@li.org>
kig,7715,160,0,1281,20,0,6501,7875,97.96825396825398,Slovenian <lugos-slo@lugos.si>
kigo,500,0,0,129,0,0,504,500,100.0,Slovenian <lugos-slo@lugos.si>
killbots,641,0,0,128,0,0,618,641,100.0,Slovenian <lugos-slo@lugos.si>
kinfocenter,2919,2,18,1010,1,7,3052,2939,99.31949642735624,Slovenian <lugos-slo@lugos.si>
kio-extras,897,156,3,127,7,1,875,1056,84.94318181818183,Slovenian <lugos-slo@lugos.si>
kio-gdrive,30,0,0,5,0,0,26,30,100.0,Slovenian <lugos-slo@lugos.si>
kio_gopher,17,0,0,5,0,0,18,17,100.0,Slovenian <lugos-slo@lugos.si>
kiriki,144,0,0,50,0,0,145,144,100.0,Slovenian <lugos-slo@lugos.si>
kiten,641,0,0,179,0,0,672,641,100.0,Slovenian <lugos-slo@lugos.si>
kjots,360,9,30,96,4,6,360,399,90.22556390977444,Slovenian <lugos-slo@lugos.si>
kjumpingcube,412,0,0,95,0,0,380,412,100.0,Slovenian <lugos-slo@lugos.si>
klavaro,1891,40,73,229,6,4,1680,2004,94.36127744510978,Slovenian <translation-team-sl@lists.sourceforge.net>
kleopatra,7126,740,961,1067,173,118,7179,8827,80.72957969865186,Slovenian <lugos-slo@lugos.si>
klettres,435,0,1,82,0,1,442,436,99.77064220183486,Slovenian <lugos-slo@lugos.si>
klickety,178,0,0,62,0,0,177,178,100.0,Slovenian <lugos-slo@lugos.si>
klines,99,0,0,28,0,0,101,99,100.0,Slovenian <lugos-slo@lugos.si>
kmag,432,0,0,98,0,0,389,432,100.0,Slovenian <lugos-slo@lugos.si>
kmahjongg,340,0,0,98,0,0,351,340,100.0,Slovenian <lugos-slo@lugos.si>
kmail,8537,95,102,1307,23,10,8330,8734,97.74444698877949,Slovenian <lugos-slo@lugos.si>
kmail-account-wizard,799,0,0,128,0,0,754,799,100.0,Slovenian <lugos-slo@lugos.si>
kmenuedit,277,0,0,61,0,0,253,277,100.0,Slovenian <lugos-slo@lugos.si>
kmines,108,0,11,38,0,4,117,119,90.75630252100841,Slovenian <lugos-slo@lugos.si>
kmix,785,97,48,187,14,7,783,930,84.40860215053763,Slovenian <lugos-slo@lugos.si>
kmousetool,147,0,0,32,0,0,133,147,100.0,Slovenian <lugos-slo@lugos.si>
kmouth,1515,0,0,204,0,0,1323,1515,100.0,Slovenian <lugos-slo@lugos.si>
kmplot,2436,28,3,465,7,1,2091,2467,98.74341305229024,Slovenian <lugos-slo@lugos.si>
knavalbattle,399,0,0,102,0,0,414,399,100.0,Slovenian <lugos-slo@lugos.si>
knetwalk,230,0,0,54,0,0,255,230,100.0,Slovenian <lugos-slo@lugos.si>
knotes,789,0,0,239,0,0,791,789,100.0,Slovenian <lugos-slo@lugos.si>
koffice-kivio,6314,668,1435,1862,213,286,6159,8417,75.01485089699418,Slovenian <sl@li.org>
kolf,382,19,0,144,4,0,402,401,95.26184538653366,Slovenian <lugos-slo@lugos.si>
kollision,109,0,0,30,0,0,139,109,100.0,Slovenian <lugos-slo@lugos.si>
kolourpaint,2623,0,0,452,0,0,2452,2623,100.0,Slovenian <lugos-slo@lugos.si>
kompare,1430,0,0,196,0,0,1393,1430,100.0,Slovenian <lugos-slo@lugos.si>
konqueror,9062,7,24,1400,2,3,8614,9093,99.65907841196525,Slovenian <lugos-slo@lugos.si>
konquest,246,0,0,98,0,0,281,246,100.0,Slovenian <lugos-slo@lugos.si>
konsole5,2569,145,82,535,15,12,2498,2796,91.88125894134478,Slovenian <lugos-slo@lugos.si>
kontact,584,15,0,97,1,0,613,599,97.49582637729549,Slovenian <lugos-slo@lugos.si>
konversation,10204,51,39,1617,11,10,9628,10294,99.12570429376336,Slovenian <lugos-slo@lugos.si>
kopete,18427,0,0,3457,0,0,17436,18427,100.0,Slovenian <sl@li.org>
korganizer,6536,102,158,873,22,19,6154,6796,96.17422012948794,Slovenian <lugos-slo@lugos.si>
kpat,436,0,37,132,0,8,484,473,92.17758985200845,Slovenian <lugos-slo@lugos.si>
kpilot,2383,1799,2974,511,179,171,2341,7156,33.300726662940185,Slovenian <lugos-slo@lugos.si>
kpmcore,3105,45,21,461,8,8,3186,3171,97.918637653737,Slovenian <lugos-slo@lugos.si>
krb5-auth-dialog,1783,0,1029,372,0,59,1865,2812,63.4068278805121,Slovenian GNOME Translation Team <gnome-si@googlegroups.com>
krdc,1256,14,24,284,4,7,1235,1294,97.06336939721793,Slovenian <lugos-slo@lugos.si>
krecipes,3646,0,0,765,0,0,3715,3646,100.0,Slovenian <lugos-slo@lugos.si>
kreport,0,318,196,0,178,56,0,514,0.0,Slovenian <lugos-slo@lugos.si>
kreversi,428,0,0,141,0,0,469,428,100.0,Slovenian <lugos-slo@lugos.si>
krfb,644,0,0,88,0,0,627,644,100.0,Slovenian <lugos-slo@lugos.si>
krita,3108,9374,13557,1483,3678,1154,3153,26039,11.935942240485426,Slovenian <lugos-slo@lugos.si>
kruler,184,0,0,47,0,0,177,184,100.0,Slovenian <lugos-slo@lugos.si>
krusader,7803,43,92,1719,13,10,7729,7938,98.29931972789116,Slovenian <lugos-slo@lugos.si>
kscreen,173,0,20,52,0,7,184,193,89.63730569948186,Slovenian <lugos-slo@lugos.si>
kscreenlocker,190,62,0,33,2,0,187,252,75.39682539682539,Slovenian <lugos-slo@lugos.si>
kshisen,568,0,0,70,0,0,526,568,100.0,Slovenian <lugos-slo@lugos.si>
ksig,71,2,12,17,1,8,58,85,83.52941176470588,Slovenian <sl@li.org>
ksirk,5763,0,0,762,0,0,5391,5763,100.0,Slovenian <lugos-slo@lugos.si>
ksnakeduel,231,0,0,53,0,0,254,231,100.0,Slovenian <lugos-slo@lugos.si>
kspaceduel,165,0,0,81,0,0,192,165,100.0,Slovenian <lugos-slo@lugos.si>
ksquares,257,0,0,76,0,0,205,257,100.0,Slovenian <lugos-slo@lugos.si>
ksshaskpass,43,0,0,12,0,0,41,43,100.0,Slovenian <lugos-slo@lugos.si>
kstars,31998,6019,18695,9267,1251,5415,30947,56712,56.42192128650021,Slovenian <lugos-slo@lugos.si>
ksudoku,1567,154,25,156,6,1,1449,1746,89.74799541809851,Slovenian <lugos-slo@lugos.si>
ksysguard,1059,15,8,228,6,3,967,1082,97.87430683918669,Slovenian <lugos-slo@lugos.si>
ksystemlog,3034,0,0,479,0,0,2777,3034,100.0,Slovenian <lugos-slo@lugos.si>
kteatime,201,0,2,65,0,2,256,203,99.01477832512316,Slovenian <lugos-slo@lugos.si>
ktimer,241,15,2,51,1,1,205,258,93.4108527131783,Slovenian <lugos-slo@lugos.si>
ktorrent,7533,5,0,1381,1,0,7094,7538,99.93366940833113,Slovenian <lugos-slo@lugos.si>
ktouch,871,0,0,242,0,0,817,871,100.0,Slovenian <lugos-slo@lugos.si>
ktp-accounts-kcm,1100,0,0,309,0,0,1126,1100,100.0,Slovenian <lugos-slo@lugos.si>
ktp-approver,71,0,0,18,0,0,72,71,100.0,Slovenian <lugos-slo@lugos.si>
ktp-auth-handler,83,0,0,24,0,0,83,83,100.0,Slovenian <lugos-slo@lugos.si>
ktp-common-internals,989,0,0,206,0,0,1013,989,100.0,Slovenian <lugos-slo@lugos.si>
ktp-contact-list,528,0,152,120,0,7,550,680,77.64705882352942,Slovenian <lugos-slo@lugos.si>
ktp-contact-runner,208,0,0,43,0,0,233,208,100.0,Slovenian <lugos-slo@lugos.si>
ktp-desktop-applets,75,0,0,22,0,0,62,75,100.0,Slovenian <lugos-slo@lugos.si>
ktp-filetransfer-handler,141,0,0,39,0,0,171,141,100.0,Slovenian <lugos-slo@lugos.si>
ktp-kded-integration-module,338,0,152,52,0,7,352,490,68.9795918367347,Slovenian <lugos-slo@lugos.si>
ktp-send-file,60,0,0,18,0,0,71,60,100.0,Slovenian <lugos-slo@lugos.si>
ktp-text-ui,1441,0,0,321,0,0,1416,1441,100.0,Slovenian <lugos-slo@lugos.si>
ktuberling,158,0,0,38,0,0,127,158,100.0,Slovenian <lugos-slo@lugos.si>
kturtle,1527,0,0,346,0,0,1430,1527,100.0,Slovenian <lugos-slo@lugos.si>
kubrick,1203,0,0,165,0,0,1141,1203,100.0,Slovenian <lugos-slo@lugos.si>
kupfer,6126,0,0,1007,0,0,5741,6126,100.0,Slovenian GNOME Translation Team <gnome-si@googlegroups.com>
kwalletmanager5,800,0,0,165,0,0,773,800,100.0,Slovenian <lugos-slo@lugos.si>
kwebkitpart,642,0,0,147,0,0,622,642,100.0,Slovenian <lugos-slo@lugos.si>
kwin,6323,80,58,1195,32,28,5989,6461,97.86410772326265,Slovenian <lugos-slo@lugos.si>
kwordquiz,2021,5,0,411,3,0,1835,2026,99.75320829220138,Slovenian <lugos-slo@lugos.si>
l3afpad,113,0,17,61,0,3,130,130,86.92307692307692,Slovenian <translation-team-sl@lists.sourceforge.net>
lasem,29,0,0,10,0,0,32,29,100.0,Slovenian GNOME Translation Team <gnome-si@googlegroups.com>
latexila,2055,0,140,545,0,5,1885,2195,93.62186788154897,Slovenščina <gnome-si@googlegroups.com>
leafpad,125,0,0,68,0,0,139,125,100.0,Slovenian <translation-team-sl@lists.sourceforge.net>
libappstream-glib,197,0,0,44,0,0,178,197,100.0,Slovenian (http://www.transifex.com/freedesktop/appstream-glib/language/sl/)
libbonobo,543,0,0,107,0,0,521,543,100.0,Slovenian GNOME Translation Team <gnome-si@googlegroups.com>
libbonoboui,368,0,0,115,0,0,370,368,100.0,Slovenian GNOME Translation Team <gnome-si@gmail.com>
libbytesize,0,0,17,0,0,17,0,17,0.0,Slovenian
libcryptui,752,0,0,192,0,0,697,752,100.0,Slovenian GNOME Translation Team <gnome-si@googlegroups.com>
libepc,147,0,0,26,0,0,159,147,100.0,Slovenian GNOME Translation Team <gnome-si@googlegroups.com>
libfilezilla,402,0,0,76,0,0,395,402,100.0,Martin Srebotnjak <miles@filmsi.net>
libfm,1558,13,4,389,4,1,1443,1575,98.92063492063492,Slovenian <lugos-slo@lugos.si>
libgda,11890,62,5232,2182,2,229,11454,17184,69.19227188081936,Slovenian GNOME Translation Team <gnome-si@googlegroups.com>
libgdata,684,0,0,84,0,0,640,684,100.0,Slovenian <gnome-si@googlegroups.com>
libgdl,659,0,0,96,0,0,544,659,100.0,Slovenian GNOME Translation Team <gnome-si@googlegroups.com>
libgnome,1773,0,0,273,0,0,1651,1773,100.0,Slovenian GNOME Translation Team <gnome-si@googlegroups.com>
libgnome-games-support,43,0,0,14,0,0,50,43,100.0,Slovenščina <gnome-si@googlegroups.com>
libgnome-keyring,44,0,0,9,0,0,45,44,100.0,Slovenian GNOME Translation Team <gnome-si@googlegroups.com>
libgnomecanvas,378,0,0,95,0,0,354,378,100.0,Slovenian GNOME Translation Team <gnome-si@googlegroups.com>
libgnomekbd,188,0,0,40,0,0,173,188,100.0,Slovenian GNOME Translation Team <gnome-si@googlegroups.com>
libgnomeui,1309,0,0,334,0,0,1184,1309,100.0,Slovenian GNOME Translation Team <gnome-si@googlegroups.com>
libgovirt,102,0,0,23,0,0,107,102,100.0,Slovenian <gnome-si@googlegroups.com>
libgsf,720,0,0,150,0,0,700,720,100.0,Slovenian GNOME Translation Team <gnome-si@googlegroups.com>
libgtop2,126,0,0,40,0,0,145,126,100.0,Slovenian <sl@li.org>
libgweather,6365,0,0,4674,0,0,6515,6365,100.0,Slovenian GNOME Translation Team <gnome-si@googlegroups.com>
libgxim,0,0,124,0,0,24,0,124,0.0,LANGUAGE <LL@li.org>
libkdegames,370,0,0,132,0,0,338,370,100.0,Slovenian <lugos-slo@lugos.si>
libkeduvocdocument,171,0,0,81,0,0,178,171,100.0,Slovenian <lugos-slo@lugos.si>
libkfbapi,42,0,0,6,0,0,43,42,100.0,Slovenian <lugos-slo@lugos.si>
libkgapi,300,10,22,67,3,4,311,332,90.36144578313254,Slovenian <lugos-slo@lugos.si>
libkmahjongg,7,0,0,7,0,0,7,7,100.0,Slovenian <lugos-slo@lugos.si>
libkomparediff2,143,0,0,19,0,0,138,143,100.0,Slovenian <lugos-slo@lugos.si>
libksysguard,3129,27,4,395,2,2,3055,3160,99.01898734177215,Slovenian <lugos-slo@lugos.si>
libktorrent,261,207,51,68,39,8,286,519,50.28901734104046,Slovenian <lugos-slo@lugos.si>
libmatekbd,177,0,74,36,0,7,166,251,70.5179282868526,Slovenian (https://www.transifex.com/mate/teams/13566/sl/)
libmatemixer,223,0,19,117,0,9,234,242,92.14876033057851,Slovenian (https://www.transifex.com/mate/teams/13566/sl/)
libmateweather,6124,0,0,4557,0,0,6253,6124,100.0,Slovenian (https://www.transifex.com/mate/teams/13566/sl/)
libmypaint,102,150,1285,44,12,50,113,1537,6.636304489264802,Ubuntu Slovenia <ubuntu-l10n-slv@lists.ubuntu.com>
libosinfo,0,0,672,0,0,146,0,672,0.0,Slovenian
libpeas,112,0,0,34,0,0,114,112,100.0,Slovenian GNOME Translation Team <gnome-si@googlegroups.com>
libreoffice,564780,0,0,78190,0,0,504510,564780,100.0,sl.libreoffice.org
libreport,0,0,3501,0,0,452,0,3501,0.0,Slovenian (http://www.transifex.com/projects/p/libreport/language/sl/)
libsecret,59,0,0,9,0,0,59,59,100.0,Slovenian GNOME Translation Team <gnome-si@googlegroups.com>
libsoup,162,0,0,38,0,0,185,162,100.0,Slovenian <gnome-si@googlegroups.com>
libuser,904,25,508,197,5,99,968,1437,62.908837856645796,Slovenian (http://www.transifex.com/projects/p/fedora/language/sl/)
libvirt,0,0,63807,0,0,9846,0,63807,0.0,Slovenian (http://www.transifex.com/projects/p/fedora/language/sl/)
libvirt-glib,0,0,145,0,0,29,0,145,0.0,Slovenian (http://www.transifex.com/projects/p/libvirt-glib/language/sl/)
libvirt-sandbox,0,0,617,0,0,111,0,617,0.0,Slovenian (http://www.transifex.com/projects/p/fedora/language/sl/)
libwnck,1124,0,0,241,0,0,1070,1124,100.0,Slovenian GNOME Translation Team <gnome-si@googlegroups.com>
libwnck3,1086,0,0,231,0,0,1032,1086,100.0,Slovenian GNOME Translation Team <gnome-si@googlegroups.com>
libxfce4ui,900,0,0,175,0,0,837,900,100.0,Slovenian (http://www.transifex.com/xfce/libxfce4ui/language/sl/)
libzypp,447,570,1408,335,329,294,441,2425,18.432989690721648,Slovenian
light-locker,7,0,253,2,0,35,5,260,2.6923076923076925,Slovenian (http://www.transifex.com/the_cavalry/light-locker/language/sl/)
lightdm,163,0,0,21,0,0,158,163,100.0,Slovenian <sl@li.org>
lightdm-gtk,68,0,19,22,0,3,66,87,78.16091954022988,Slovenian <sl@li.org>
lightdm-settings,77,0,194,32,0,27,67,271,28.413284132841326,Slovenian <sl@li.org>
lightsoff,148,0,973,37,0,25,141,1121,13.202497769848351,
lokalize,3500,77,328,587,13,36,3337,3905,89.62868117797696,Slovenian <lugos-slo@lugos.si>
lskat,254,0,0,83,0,0,249,254,100.0,Slovenian <lugos-slo@lugos.si>
lxappearance,234,0,0,80,0,0,211,234,100.0,Slovenian <lugos-slo@lugos.si>
lxappearance-obconf,196,0,0,27,0,0,172,196,100.0,Slovenian <lugos-slo@lugos.si>
lxde-common,6,0,8,2,0,3,7,14,42.857142857142854,LANGUAGE <LL@li.org>
lxdm,47,0,0,25,0,0,45,47,100.0,Slovenian <lugos-slo@lugos.si>
lxinput,83,0,0,26,0,0,75,83,100.0,Slovenian <lugos-slo@lugos.si>
lxlauncher,58,0,0,17,0,0,50,58,100.0,Slovenian <lugos-slo@lugos.si>
lxmenu-data,97,0,0,37,0,0,98,97,100.0,Slovenian <lugos-slo@lugos.si>
lxmusic,203,0,0,89,0,0,213,203,100.0,Slovenian <lugos-slo@lugos.si>
lxrandr,94,50,23,25,8,8,88,167,56.287425149700596,Slovenian <lugos-slo@lugos.si>
lxsession,131,22,659,47,11,144,126,812,16.133004926108374,Slovenian <lugos-slo@lugos.si>
lxshortcut,43,0,0,19,0,0,42,43,100.0,Slovenian <paxmanpwnz@gmail.com>
lxtask,129,0,1,50,0,1,128,130,99.23076923076923,Slovenian <lugos-slo@lugos.si>
lxterminal,100,33,69,50,16,32,99,202,49.504950495049506,Slovenian <lugos-slo@lugos.si>
lynx,2512,338,5328,505,74,652,2483,8178,30.716556615309365,Slovenian <sl@li.org>
mailman,17727,3648,2899,1224,121,127,16113,24274,73.02875504655186,Slovenščina <sl@li.org>
man-db,163,40,0,42,7,0,164,203,80.29556650246306,Slovenian <translation-team-sl@lists.sourceforge.net>
marble,10368,443,631,2957,161,196,10057,11442,90.61352910330362,Slovenian <lugos-slo@lugos.si>
marco,3819,0,399,400,0,22,3516,4218,90.54054054054053,Slovenian (https://www.transifex.com/mate/teams/13566/sl/)
mate-applets,2287,0,13540,570,0,1026,2188,15827,14.4499905225248,Slovenian (https://www.transifex.com/mate/teams/13566/sl/)
mate-backgrounds,30,0,21,21,0,7,25,51,58.82352941176471,Slovenian (https://www.transifex.com/mate/teams/13566/sl/)
mate-calc,1347,0,1831,484,0,235,1317,3178,42.38514789175582,Slovenian (https://www.transifex.com/mate/teams/13566/sl/)
mate-control-center,3006,0,5527,1022,0,450,2869,8533,35.227938591351226,Slovenian (https://www.transifex.com/mate/teams/13566/sl/)
mate-desktop,2053,0,303,284,0,21,1900,2356,87.13921901528013,Slovenian (https://www.transifex.com/mate/teams/13566/sl/)
mate-icon-theme,4,0,0,2,0,0,4,4,100.0,Slovenian (https://www.transifex.com/mate/teams/13566/sl/)
mate-media,211,0,27,92,0,8,221,238,88.65546218487394,Slovenian (https://www.transifex.com/mate/teams/13566/sl/)
mate-menu,298,0,18,110,0,8,297,316,94.30379746835443,Slovenian (http://www.transifex.com/mate/MATE/language/sl/)
mate-menus,97,0,0,37,0,0,102,97,100.0,Slovenian (https://www.transifex.com/mate/teams/13566/sl/)
mate-notification-daemon,139,0,0,37,0,0,131,139,100.0,Slovenian (https://www.transifex.com/mate/teams/13566/sl/)
mate-panel,4299,0,2369,601,0,187,3757,6668,64.47210557888422,Slovenian (https://www.transifex.com/mate/teams/13566/sl/)
mate-polkit,118,0,4,19,0,1,96,122,96.72131147540983,Slovenian (https://www.transifex.com/mate/teams/13566/sl/)
mate-power-manager,2670,0,2524,428,0,153,2686,5194,51.40546784751636,Slovenian (https://www.transifex.com/mate/teams/13566/sl/)
mate-screensaver,974,0,22,154,0,4,858,996,97.79116465863453,Slovenian (https://www.transifex.com/mate/teams/13566/sl/)
mate-sensors-applet,302,0,1865,112,0,115,302,2167,13.93631748961698,Slovenian (https://www.transifex.com/mate/teams/13566/sl/)
mate-session-manager,557,0,134,113,0,11,520,691,80.60781476121564,Slovenian (https://www.transifex.com/mate/teams/13566/sl/)
mate-settings-daemon,1573,0,267,240,0,34,1426,1840,85.48913043478261,Slovenian (https://www.transifex.com/mate/teams/13566/sl/)
mate-system-monitor,1197,0,3282,308,0,307,1167,4479,26.72471533824514,Slovenian (https://www.transifex.com/mate/teams/13566/sl/)
mate-terminal,4351,0,4062,530,0,263,3768,8413,51.71757993581362,Slovenian (https://www.transifex.com/mate/teams/13566/sl/)
mate-themes,55,0,5,10,0,2,53,60,91.66666666666666,Slovenian (http://www.transifex.com/mate/MATE/language/sl/)
mate-user-admin,20,0,550,16,0,113,20,570,3.508771929824561,Slovenian (https://www.transifex.com/mate/teams/13566/sl/)
mate-user-guide,151,0,43037,90,0,3147,155,43188,0.3496341576363805,Slovenian (https://www.transifex.com/mate/teams/13566/sl/)
mate-utils,3445,0,6763,682,0,419,3219,10208,33.7480407523511,Slovenian (https://www.transifex.com/mate/teams/13566/sl/)
mbox-importer,40,0,0,13,0,0,42,40,100.0,Slovenian <lugos-slo@lugos.si>
mc,1133,0,3044,372,0,859,1200,4177,27.124730667943496,Slovenian (http://www.transifex.com/mc/mc/language/sl/)
meld,1567,270,908,443,48,62,1588,2745,57.0856102003643,Slovenian GNOME Translation Team <gnome-si@googlegroups.com>
menulibre,96,0,753,67,0,97,101,849,11.307420494699647,Slovenian <sl@li.org>
metacity,2042,0,0,311,0,0,2029,2042,100.0,Slovenian GNOME Translation Team <gnome-si@googlegroups.com>
midori,533,0,3008,201,0,595,518,3541,15.052245128494777,Slovenian <sl@li.org>
minetest,361,0,6045,114,0,910,339,6406,5.635341866999688,Slovenian <https://hosted.weblate.org/projects/minetest/minetest/sl/>
mingw-GConf2,4088,0,0,497,0,0,4084,4088,100.0,Slovenian GNOME Translation Team <gnome-si@googlegroups.com>
mingw-atk,440,0,0,169,0,0,393,440,100.0,Slovenian GNOME Translation Team <gnome-si@googlegroups.com>
mingw-colord,522,0,1363,127,0,76,496,1885,27.692307692307693,Slovenian (http://www.transifex.com/projects/p/colord/language/sl/)
mingw-gdk-pixbuf,1409,0,0,211,0,0,1477,1409,100.0,Slovenian GNOME Translation Team <gnome-si@googlegroups.com>
mingw-gettext,7783,0,0,827,0,0,7445,7783,100.0,Slovenian <translation-team-sl@lists.sourceforge.net>
mingw-glib-networking,163,0,0,29,0,0,176,163,100.0,Slovenian GNOME Translation Team <gnome-si@googlegroups.com>
mingw-glib2,7115,0,0,1140,0,0,7260,7115,100.0,Slovenian GNOME Translation Team <gnome-si@googlegroups.com>
mingw-gstreamer,1914,3,0,347,1,0,1899,1917,99.8435054773083,Slovenian <translation-team-sl@lists.sourceforge.net>
mingw-gstreamer-plugins-bad-free,96,0,0,14,0,0,86,96,100.0,Slovenian <translation-team-sl@lists.sourceforge.net>
mingw-gstreamer-plugins-base,902,0,6,176,0,2,848,908,99.33920704845815,Slovenian <translation-team-sl@lists.sourceforge.net>
mingw-gstreamer-plugins-good,814,0,0,190,0,0,770,814,100.0,Slovenian <translation-team-sl@lists.sourceforge.net>
mingw-gstreamer1,1951,47,80,351,6,18,1918,2078,93.88835418671799,Slovenian <translation-team-sl@lists.sourceforge.net>
mingw-gstreamer1-plugins-bad-free,73,22,102,10,3,16,63,197,37.055837563451774,Slovenian <translation-team-sl@lists.sourceforge.net>
mingw-gstreamer1-plugins-base,677,55,236,136,11,55,628,968,69.93801652892562,Slovenian <translation-team-sl@lists.sourceforge.net>
mingw-gstreamer1-plugins-good,582,134,78,68,18,11,540,794,73.29974811083123,Slovenian <translation-team-sl@lists.sourceforge.net>
mingw-gtk-vnc,81,0,0,22,0,0,83,81,100.0,Slovenian GNOME Translation Team <gnome-si@googlegroups.com>
mingw-gtk2,12381,0,0,2582,0,0,11342,12381,100.0,Slovenian GNOME Translation Team <gnome-si@googlegroups.com>
mingw-gtk3,16056,0,0,3601,0,0,15010,16056,100.0,Slovenian GNOME Translation Team <gnome-si@googlegroups.com>
mingw-gtksourceview3,1084,69,3,614,13,3,1103,1156,93.77162629757785,Slovenian GNOME Translation Team <gnome-si@googlegroups.com>
mingw-gtkspell3,15,0,0,6,0,0,15,15,100.0,Slovenian <translation-team-sl@lists.sourceforge.net>
mingw-json-glib,303,0,0,44,0,0,275,303,100.0,Slovenian GNOME Translation Team <gnome-si@googlegroups.com>
mingw-libcharset,303,33,0,45,1,0,320,336,90.17857142857143,Slovenian <translation-team-sl@lists.sourceforge.net>
mingw-libgovirt,102,0,0,23,0,0,107,102,100.0,Slovenian <gnome-si@googlegroups.com>
mingw-libgsf,720,0,0,150,0,0,700,720,100.0,Slovenian GNOME Translation Team <gnome-si@googlegroups.com>
mingw-libosinfo,0,0,672,0,0,146,0,672,0.0,Slovenian
mingw-libsoup,155,0,0,36,0,0,178,155,100.0,Slovenian <gnome-si@googlegroups.com>
mingw-libvirt,0,0,63557,0,0,9817,0,63557,0.0,Slovenian (http://www.transifex.com/projects/p/fedora/language/sl/)
mingw-libvirt-glib,0,0,145,0,0,29,0,145,0.0,Slovenian (http://www.transifex.com/projects/p/libvirt-glib/language/sl/)
mingw-p11-kit,476,0,0,81,0,0,404,476,100.0,Slovenian (http://www.transifex.com/freedesktop/p11-kit/language/sl/)
mingw-qt5-qtwebkit,1835,379,475,449,70,60,1720,2689,68.2409817776125,Slovenian GNOME Translation Team <gnome-si@googlegroups.com>
mingw-webkitgtk,1827,379,475,447,70,60,1711,2681,68.1462140992167,Slovenian GNOME Translation Team <gnome-si@googlegroups.com>
mingw-webkitgtk3,1827,379,475,447,70,60,1711,2681,68.1462140992167,Slovenian GNOME Translation Team <gnome-si@googlegroups.com>
mingw-wxWidgets,6679,0,0,1523,0,0,6589,6679,100.0,Martin Srebotnjak <miles@filmsi.net>
mingw-wxWidgets3,6880,372,443,1614,132,107,6753,7695,89.4087069525666,Martin Srebotnjak <miles@filmsi.net>
moin,5034,20,0,932,4,0,5026,5054,99.60427384250099,
monodevelop,1606,8545,13147,510,2628,2160,1584,23298,6.8932955618508025,Slovene
moodle,36,8,8,10,2,2,42,52,69.23076923076923,i18n@lists.horde.org
moserial,553,0,1871,129,0,78,508,2424,22.813531353135314,Slovenian GNOME Translation Team <gnome-si@googlegroups.com>
mousepad,1069,0,19,301,0,5,976,1088,98.25367647058823,Slovenian (http://www.transifex.com/xfce/xfce-apps/language/sl/)
mousetweaks,114,0,0,30,0,0,110,114,100.0,Slovenian GNOME Translation Team <gnome-si@googlegroups.com>
mozo,42,0,0,16,0,0,45,42,100.0,Slovenian (https://www.transifex.com/mate/teams/13566/sl/)
msitools,72,0,0,26,0,0,79,72,100.0,Slovenian <gnome-si@googlegroups.com>
muffin,2071,0,0,283,0,0,2034,2071,100.0,Slovenian GNOME Translation Team <gnome-si@googlegroups.com>
mutter,1069,0,0,137,0,0,999,1069,100.0,Slovenian GNOME Translation Team <gnome-si@googlegroups.com>
mutter328,1085,0,0,135,0,0,1009,1085,100.0,Slovenian GNOME Translation Team <gnome-si@googlegroups.com>
mypaint,492,1217,5148,186,336,664,482,6857,7.17514948228088,Ubuntu Slovenia <ubuntu-l10n-slv@lists.ubuntu.com>
nano,1782,847,482,303,134,95,1612,3111,57.28061716489875,Slovenian <translation-team-sl@lists.sourceforge.net>
nautilus,5524,0,0,1077,0,0,6157,5524,100.0,Slovenian GNOME Translation Team <gnome-si@googlegroups.com>
nautilus-sendto,56,0,0,10,0,0,64,56,100.0,Slovenian GNOME Translation Team <gnome-si@googlegroups.com>
nemiver,1408,0,2791,364,0,155,1313,4199,33.53179328411527,Slovenian GNOME Translation Team <gnome-si@googlegroups.com>
nemo-extensions,251,0,7,48,0,1,260,258,97.28682170542635,Slovenian <sl@li.org>
network-manager-applet,2002,1148,1253,545,181,202,2012,4403,45.46899841017488,Slovenian GNOME Translation Team <gnome-si@googlegroups.com>
newt,4,0,0,4,0,0,5,4,100.0,Slovenian <sl@li.org>
notification-daemon,17,0,0,7,0,0,21,17,100.0,Slovenian <gnome-si@googlegroups.com>
nutty,0,0,608,0,0,152,0,608,0.0,
office-runner,125,0,0,21,0,0,101,125,100.0,Slovenian GNOME Translation Team <gnome-si@googlegroups.com>
okteta,2489,22,0,591,11,0,2382,2511,99.12385503783354,Slovenian <lugos-slo@lugos.si>
okular,4486,64,22,878,16,10,4291,4572,98.11898512685914,Slovenian <lugos-slo@lugos.si>
olpc-switch-desktop,158,0,0,14,0,0,134,158,100.0,LANGUAGE <LL@li.org>
onboard,1987,0,331,468,0,42,2009,2318,85.72044866264021,Slovenian <sl@li.org>
openconnect,2505,0,3426,454,0,576,2850,5931,42.235710672736474,Slovenian <lugos-slo@lugos.si>
openerp,24883,0,31220,5656,0,3203,19183,56103,44.352351924139526,
optimizer,0,0,282,0,0,75,0,282,0.0,none
orca,17434,134,300,2812,8,9,16604,17868,97.57107678531453,Slovenian GNOME Translation Team <gnome-si@googlegroups.com>
osinfo-db-tools,0,0,202,0,0,40,0,202,0.0,Slovenian
p11-kit,476,0,0,81,0,0,404,476,100.0,Slovenian (http://www.transifex.com/freedesktop/p11-kit/language/sl/)
pacman,4362,0,1036,742,0,154,4470,5398,80.80770655798443,Slovenian (http://www.transifex.com/toofishes/archlinux-pacman/language/sl/)
palapeli,1512,0,0,180,0,0,1306,1512,100.0,Slovenian <lugos-slo@lugos.si>
pam,0,0,597,0,0,120,0,597,0.0,Slovenian (http://www.transifex.com/projects/p/fedora/language/sl/)
pan,3398,0,0,796,0,0,3561,3398,100.0,Slovenian GNOME Translation Team <gnome-si@googlegroups.com>
pantheon-agent-geoclue2,43,0,56,11,0,6,36,99,43.43434343434344,Slovenian <https://l10n.elementary.io/projects/desktop/pantheon-agent-geoclue2/sl/>
pantheon-agent-polkit,16,3,1,8,1,1,20,20,80.0,LANGUAGE <LL@li.org>
pantheon-greeter,29,0,0,10,0,0,25,29,100.0,Slovenian <sl@li.org>
parley,3840,2,8,750,2,1,3605,3850,99.74025974025975,Slovenian <lugos-slo@lugos.si>
parted,4060,292,64,513,29,8,3820,4416,91.93840579710145,Slovenian <translation-team-sl@lists.sourceforge.net>
passwd,306,0,30,54,0,3,319,336,91.07142857142857,Slovenian (http://www.transifex.com/projects/p/fedora/language/sl/)
pastebinit,195,0,0,29,0,0,186,195,100.0,Slovenian <sl@li.org>
pdfmod,322,0,542,95,0,41,413,864,37.26851851851852,Slovenian GNOME Translation Team <gnome-si@googlegroups.com>
pgadmin3,4501,8882,3515,1417,2317,668,4386,16898,26.636288318144157,pgAdmin Developers <pgadmin-hackers@postgresql.org>
phatch,1127,0,1426,394,0,430,1074,2553,44.14414414414414,Slovenian <sl@li.org>
phodav,40,0,0,12,0,0,49,40,100.0,Slovenian GNOME Translation Team <gnome-si@googlegroups.com>
php-horde-Horde-Alarm,1,4,8,1,2,2,2,13,7.6923076923076925,i18n@lists.horde.org
php-horde-Horde-Argv,1,3,56,1,3,9,1,60,1.6666666666666667,i18n@lists.horde.org
php-horde-Horde-Browser,52,0,14,5,0,1,49,66,78.78787878787878,i18n@lists.horde.org
php-horde-Horde-Cli,11,0,0,3,0,0,9,11,100.0,i18n@lists.horde.org
php-horde-Horde-Compress,10,15,0,3,3,0,10,25,40.0,i18n@lists.horde.org
php-horde-Horde-Core,446,148,177,154,32,25,407,771,57.84695201037614,i18n@lists.horde.org
php-horde-Horde-Crypt,348,34,14,89,5,3,340,396,87.87878787878788,i18n@lists.horde.org
php-horde-Horde-Data,7,0,0,2,0,0,7,7,100.0,i18n@lists.horde.org
php-horde-Horde-Date,4,12,20,4,3,4,4,36,11.11111111111111,i18n@lists.horde.org
php-horde-Horde-Exception,2,2,0,1,1,0,3,4,50.0,i18n@lists.horde.org
php-horde-Horde-Form,396,110,47,111,27,8,359,553,71.60940325497288,i18n@lists.horde.org
php-horde-Horde-Icalendar,0,3,0,0,1,0,0,3,0.0,i18n@lists.horde.org
php-horde-Horde-Image,23,132,426,22,74,189,23,581,3.9586919104991396,i18n@lists.horde.org
php-horde-Horde-Imsp,14,0,0,2,0,0,10,14,100.0,i18n@lists.horde.org
php-horde-Horde-Itip,0,3,53,0,1,9,0,56,0.0,i18n@lists.horde.org
php-horde-Horde-Kolab-Storage,32,22,66,1,3,5,24,120,26.666666666666668,i18n@lists.horde.org
php-horde-Horde-LoginTasks,6,0,0,5,0,0,6,6,100.0,i18n@lists.horde.org
php-horde-Horde-Mime,34,6,8,9,1,2,39,48,70.83333333333334,i18n@lists.horde.org
php-horde-Horde-Mime-Viewer,1,4,42,1,3,16,1,47,2.127659574468085,i18n@lists.horde.org
php-horde-Horde-Nls,395,26,9,248,10,5,372,430,91.86046511627907,i18n@lists.horde.org
php-horde-Horde-Perms,6,0,0,5,0,0,6,6,100.0,i18n@lists.horde.org
php-horde-Horde-Prefs,22,10,0,7,1,0,19,32,68.75,i18n@lists.horde.org
php-horde-Horde-Rpc,15,13,20,3,2,2,15,48,31.25,i18n@lists.horde.org
php-horde-Horde-Share,13,17,18,6,3,3,10,48,27.083333333333332,i18n@lists.horde.org
php-horde-Horde-SyncMl,0,3,0,0,1,0,0,3,0.0,i18n@lists.horde.org
php-horde-Horde-Text-Filter,1,0,0,1,0,0,1,1,100.0,i18n@lists.horde.org
php-horde-Horde-Token,0,0,35,0,0,2,0,35,0.0,i18n@lists.horde.org
php-horde-Horde-Vfs,10,0,0,3,0,0,11,10,100.0,i18n@lists.horde.org
php-horde-horde,2068,738,668,652,180,102,1980,3474,59.527921704087504,sl_SI <duck@obala.net>
php-horde-imp,5683,0,0,1148,0,0,5188,5683,100.0,sl_SI <duck@obala.net>
php-horde-ingo,863,0,0,231,0,0,836,863,100.0,Slovene <sl@li.org>
php-horde-kronolith,1720,0,0,450,0,0,1587,1720,100.0,sl_SI <duck@obala.net>
php-horde-mnemo,386,0,0,122,0,0,377,386,100.0,sl_SI <duck@obala.net>
php-horde-nag,814,0,0,236,0,0,774,814,100.0,sl_SI <duck@obala.net>
php-horde-passwd,403,0,0,64,0,0,339,403,100.0,sl_SI <duck@obala.net>
php-horde-turba,1471,0,0,345,0,0,1310,1471,100.0,Slovene <sl@li.org>
php-horde-wicked,489,143,39,119,42,14,453,671,72.87630402384501,Slovene <sl@li.org>
php-phpmyadmin-sql-parser,227,0,0,44,0,0,205,227,100.0,Slovenian <https://hosted.weblate.org/projects/phpmyadmin/sql-parser/sl/>
picard,981,0,2191,556,0,419,990,3172,30.92686002522068,Slovenian (http://www.transifex.com/musicbrainz/musicbrainz/language/sl/)
picmi,197,0,0,114,0,0,200,197,100.0,Slovenian <lugos-slo@lugos.si>
pidgin,15746,10,0,3432,1,0,15555,15756,99.93653211474994,Slovenian (http://www.transifex.com/pidgin/pidgin/language/sl/)
pidgin-libnotify,31,5,0,11,1,0,35,36,86.11111111111111,Slovenian <LL@li.org>
pidgin-musictracker,65,0,268,30,0,30,67,333,19.51951951951952,Slovenian <sl@li.org>
pim-data-exporter,723,0,0,181,0,0,747,723,100.0,Slovenian <lugos-slo@lugos.si>
pim-sieve-editor,415,17,0,113,2,0,414,432,96.06481481481481,Slovenian <lugos-slo@lugos.si>
pinta,1618,0,0,528,0,0,1600,1618,100.0,Slovenian <sl@li.org>
pitivi,7195,10,114,739,2,8,6241,7319,98.30577947807078,Slovenian GNOME translation team <gnome-si@googlegroups.com>
pix,8918,0,0,1645,0,0,8133,8918,100.0,Slovenian GNOME Translation Team <gnome-si@googlegroups.com>
plank,56,0,133,31,0,19,73,189,29.629629629629626,Slovenian <sl@li.org>
planner,1844,0,0,535,0,0,1815,1844,100.0,Slovenian GNOME Translation Team <gnome-si@googlegroups.com>
plasma-breeze,261,2,4,96,1,4,287,267,97.75280898876404,Slovenian <lugos-slo@lugos.si>
plasma-browser-integration,11,0,0,3,0,0,14,11,100.0,Slovenian <lugos-slo@lugos.si>
plasma-desktop,11267,302,363,2218,52,75,10974,11932,94.42675159235668,Slovenian <lugos-slo@lugos.si>
plasma-discover,1067,90,152,329,23,40,1080,1309,81.5126050420168,Slovenian <lugos-slo@lugos.si>
plasma-drkonqi,4015,0,0,377,0,0,3756,4015,100.0,Slovenian <lugos-slo@lugos.si>
plasma-integration,58,0,0,21,0,0,54,58,100.0,Slovenian <lugos-slo@lugos.si>
plasma-mediacenter,172,0,0,87,0,0,186,172,100.0,Slovenian <lugos-slo@lugos.si>
plasma-milou,42,0,0,17,0,0,38,42,100.0,Slovenian <lugos-slo@lugos.si>
plasma-nm,4367,5,1,1104,1,1,4399,4373,99.86279442030643,Slovenian <lugos-slo@lugos.si>
plasma-oxygen,808,0,0,295,0,0,855,808,100.0,Slovenian <lugos-slo@lugos.si>
plasma-pa,169,3,32,71,2,12,185,204,82.84313725490196,Slovenian <lugos-slo@lugos.si>
plasma-sdk,851,1,0,249,1,0,908,852,99.88262910798123,Slovenian <lugos-slo@lugos.si>
plasma-systemsettings,224,0,0,55,0,0,224,224,100.0,Slovenian <lugos-slo@lugos.si>
plasma-user-manager,295,0,0,49,0,0,354,295,100.0,Slovenian <lugos-slo@lugos.si>
plasma-vault,466,93,120,51,15,12,417,679,68.63033873343151,Slovenian <lugos-slo@lugos.si>
plasma-workspace,6894,133,100,2205,34,24,7106,7127,96.73074224779009,Slovenian <lugos-slo@lugos.si>
playonlinux,131,0,2597,21,0,428,115,2728,4.802052785923753,Slovenian <sl@li.org>
pluma,4612,0,8074,1114,0,663,4277,12686,36.35503704871512,Slovenian (https://www.transifex.com/mate/teams/13566/sl/)
plymouth-kcm,122,0,0,24,0,0,120,122,100.0,Slovenian <lugos-slo@lugos.si>
po4a,1720,86,48,182,7,6,1632,1854,92.77238403451996,Slovenian <ubuntu-l10n-slv@lists.ubuntu.com>
poedit,2772,0,0,620,0,0,2799,2772,100.0,Slovenian
pogo,19,0,557,8,0,93,22,576,3.298611111111111,Slovenian <sl@li.org>
polari,811,0,0,187,0,0,933,811,100.0,Slovenian GNOME Translation Team <gnome-si@googlegroups.com>
policycoreutils,18,0,4479,18,0,680,18,4497,0.40026684456304207,Slovenian
polkit-gnome,285,0,0,46,0,0,238,285,100.0,Slovenian GNOME Translation Team <gnome-si@googlegroups.com>
polkit-kde,90,2,2,27,1,2,95,94,95.74468085106383,Slovenian <lugos-slo@lugos.si>
popt,8,5,71,2,1,28,10,84,9.523809523809524,Slovenian <sl@li.org>
powerdevil,673,0,0,120,0,0,708,673,100.0,Slovenian <lugos-slo@lugos.si>
pspp,2851,2236,5246,892,607,506,2970,10333,27.59121261976193,Slovenian <translation-team-sl@lists.sourceforge.net>
pybliographer,5845,0,0,578,0,0,5072,5845,100.0,Slovenian GNOME Translation Team <gnome-si@googlegroups.com>
pychess,1776,0,2679,457,0,422,1697,4455,39.86531986531986,Slovenian (http://www.transifex.com/gbtami/pychess/language/sl/)
pykickstart,166,0,1355,13,0,157,134,1521,10.91387245233399,Slovenian (http://www.transifex.com/projects/p/pykickstart/language/sl/)
pyroom,266,0,145,55,0,19,216,411,64.72019464720195,Slovenian <sl@li.org>
python-blivet,37,0,487,3,0,72,29,524,7.061068702290077,Slovenian (http://www.transifex.com/projects/p/blivet/language/sl/)
python-blivet1,45,0,651,6,0,125,36,696,6.4655172413793105,Slovenian
python-caja,6,0,0,2,0,0,5,6,100.0,Slovenian (https://www.transifex.com/mate/teams/13566/sl/)
python-django,3657,0,0,825,0,0,3942,3657,100.0,Slovenian (http://www.transifex.com/django/django/language/sl/)
python-django-formtools,5,0,27,3,0,8,5,32,15.625,Slovenian (http://www.transifex.com/projects/p/django-formtools/language/sl/)
python-django-registration,84,0,0,17,0,0,71,84,100.0,Slovenian <domen@dev.si>
python-django-rest-framework,582,0,0,101,0,0,521,582,100.0,Slovenian (http://www.transifex.com/django-rest-framework-1/django-rest-framework/language/sl/)
python-fedora,0,0,214,0,0,29,0,214,0.0,Slovenian
python-formencode,699,73,41,103,8,4,560,813,85.97785977859779,
python-meh,0,0,109,0,0,23,0,109,0.0,Slovenian
python-simpleline,0,0,42,0,0,16,0,42,0.0,Slovenian
python-sphinx,327,0,930,121,0,156,322,1257,26.014319809069214,Slovenian (http://www.transifex.com/sphinx-doc/sphinx-1/language/sl/)
python-wxpython4,6880,372,443,1614,132,107,6753,7695,89.4087069525666,Martin Srebotnjak <miles@filmsi.net>
python2-django1.11,3600,0,0,816,0,0,3896,3600,100.0,Slovenian (http://www.transifex.com/django/django/language/sl/)
qtwebkit,1472,0,0,343,0,0,1361,1472,100.0,Slovenian GNOME Translation Team <gnome-si@googlegroups.com>
quadrapassel,441,0,1689,89,0,70,414,2130,20.704225352112676,Slovenian GNOME Translation Team <gnome-si@googlegroups.com>
quassel,5064,0,358,1132,0,93,5039,5422,93.3972703799336,Slovenian (http://www.transifex.com/ald/quassel/language/sl/)
rabbitvcs,139,0,1385,69,0,403,143,1524,9.120734908136482,Slovenian <sl@li.org>
radiotray,117,0,13,43,0,3,112,130,90.0,Slovenian (http://www.transifex.com/projects/p/radiotray/language/sl/)
realmd,778,0,11,125,0,2,775,789,98.60583016476554,Slovenian (http://www.transifex.com/freedesktop/realmd/language/sl/)
recode,672,115,42,62,7,10,678,829,81.0615199034982,Slovenian <sl@li.org>
redhat-menus,240,11,10,76,5,5,247,261,91.95402298850574,Slovenian <sl@li.org>
rednotebook,1125,0,22,236,0,4,1038,1147,98.0819529206626,Slovenian <sl@li.org>
regexxer,467,0,0,100,0,0,439,467,100.0,Slovenian GNOME Translation Team <gnome-si@googlegroups.com>
rekonq,2202,0,0,593,0,0,2221,2202,100.0,Slovenian <lugos-slo@lugos.si>
remmina,744,7,1751,218,1,400,790,2502,29.73621103117506,Slovenian <sl@li.org>
renameutils,133,107,25,35,14,5,121,265,50.18867924528302,Slovenian <translation-team-sl@lists.sourceforge.net>
rhn-client-tools,854,60,3143,165,6,248,776,4057,21.05003697313286,Slovenian (http://www.transifex.com/projects/p/spacewalk/language/sl/)
rhnsd,0,0,33,0,0,9,0,33,0.0,LANGUAGE <LL@li.org>
rhythmbox,8167,236,165,1346,2,15,7653,8568,95.31979458450047,Slovenian GNOME Translation Team <gnome-si@googlegroups.com>
rhythmbox-alternative-toolbar,294,0,0,60,0,0,306,294,100.0,Slovenian <sl@li.org>
ristretto,240,0,519,115,0,81,245,759,31.620553359683797,Slovenian (http://www.transifex.com/xfce/xfce-apps/language/sl/)
rocs,1376,4,15,283,2,1,1240,1395,98.63799283154123,Slovenian <lugos-slo@lugos.si>
rpm,690,47,3713,139,10,715,720,4450,15.505617977528091,Slovenian (http://www.transifex.com/rpm-team/rpm/language/sl/)
rsibreak,1175,0,0,158,0,0,1015,1175,100.0,Slovenian <lugos-slo@lugos.si>
rt,9012,0,2684,2187,0,455,8739,11696,77.05198358413132,Slovenian <sl@li.org>
rygel,1624,0,0,303,0,0,1791,1624,100.0,Slovenian GNOME Translation Team <gnome-si@googlegroups.com>
sawfish,6419,124,0,1026,10,0,6383,6543,98.1048448723827,Slovenian GNOME Translation Team <gnome-si@googlegroups.com>
scratch,1187,0,283,509,0,117,1218,1470,80.74829931972789,
sddm-kcm,104,4,0,43,1,0,109,108,96.29629629629629,Slovenian <lugos-slo@lugos.si>
seahorse,2267,337,155,571,43,17,2162,2759,82.16745197535339,Slovenian GNOME Translation Team <gnome-si@googlegroups.com>
seahorse-caja,487,0,0,121,0,0,542,487,100.0,Slovenian GNOME Translation Team <gnome-si@googlegroups.com>
seahorse-nautilus,487,0,0,121,0,0,542,487,100.0,Slovenian GNOME Translation Team <gnome-si@googlegroups.com>
seahorse-sharing,97,0,0,22,0,0,101,97,100.0,Slovenian <gnome-si@googlegroups.com>
sed,443,94,251,77,12,48,443,788,56.21827411167513,Slovenian <translation-team-sl@lists.sourceforge.net>
sequeler,0,0,1352,0,0,275,0,1352,0.0,
setroubleshoot,0,0,660,0,0,181,0,660,0.0,Slovenian (http://www.transifex.com/projects/p/fedora/language/sl/)
setroubleshoot-plugins,0,0,6208,0,0,221,0,6208,0.0,Slovenian (http://www.transifex.com/projects/p/fedora/language/sl/)
setuptool,47,0,8,13,0,1,46,55,85.45454545454545,Slovenian <translation-team-sl@lists.sourceforge.net>
shared-mime-info,1721,0,265,677,0,93,2161,1986,86.65659617321249,Slovenian (http://www.transifex.com/freedesktop/shared-mime-info/language/sl/)
shotwell,4170,35,348,887,6,53,4908,4553,91.58796397979354,Slovenian (http://www.transifex.com/projects/p/shotwell/language/sl/)
shutter,3093,0,0,606,0,0,3221,3093,100.0,Slovenian <sl@li.org>
simon,186,0,0,54,0,0,195,186,100.0,Slovenian <lugos-slo@lugos.si>
simple-scan,889,0,1314,204,0,100,934,2203,40.35406264185202,Slovenian <sl@li.org>
skanlite,183,0,0,63,0,0,179,183,100.0,Slovenian <lugos-slo@lugos.si>
slick-greeter,203,0,8,44,0,3,182,211,96.2085308056872,Slovenian <sl@li.org>
snapper,3,119,705,3,35,162,3,827,0.36275695284159615,Slovenščina <sl@li.org>
snownews,560,0,0,111,0,0,569,560,100.0,
sos,0,0,122,0,0,30,0,122,0.0,none
sound-juicer,914,0,2654,231,0,111,883,3568,25.61659192825112,Slovenian GNOME Translation Team <gnome-si@googlegroups.com>
soundconverter,174,0,203,64,0,53,185,377,46.15384615384615,Slovenian GNOME translation group <gnome-si@googlegroups.com>
soundkonverter,4002,0,60,558,0,12,3646,4062,98.52289512555392,Slovenian (http://www.transifex.com/hessijames/soundkonverter/language/sl/)
soundtracker,1140,136,372,340,54,75,1110,1648,69.1747572815534,slovenian <sl@li.org>
spacefm,450,8,8264,170,3,1395,408,8722,5.15936711763357,Slovenian (http://www.transifex.com/projects/p/spacefm/language/sl/)
sparkleshare,197,0,205,45,0,42,175,402,49.004975124378106,
spectacle,364,128,72,71,15,20,374,564,64.53900709219859,Slovenian <lugos-slo@lugos.si>
speedcrunch,0,0,93,0,0,10,0,93,0.0,Slovenian (Slovenia) (http://www.transifex.com/heldercorreia/speedcrunch/language/sl_SI/)
squirrelmail,3255,1579,2044,893,251,207,3220,6878,47.32480372201221,slovenščina <C@li.org>
sscg,78,0,16,29,0,5,76,94,82.97872340425532,Slovenian <translation-team-sl@lists.sourceforge.net>
steadyflow,423,0,47,88,0,5,432,470,90.0,Slovenian <sl@li.org>
stellarium,2324,0,70311,1120,0,26817,2198,72635,3.19955944104082,Slovenian (https://www.transifex.com/stellarium/teams/80998/sl/)
step,1902,3,13,674,1,4,1794,1918,99.16579770594369,Slovenian <lugos-slo@lugos.si>
subdownloader,968,0,0,272,0,0,848,968,100.0,Slovenian <sl@li.org>
sudo,3207,0,0,498,0,0,3211,3207,100.0,Slovenian <translation-team-sl@lists.sourceforge.net>
sugar,787,73,1445,258,8,263,761,2305,34.143167028199564,LANGUAGE <LL@li.org>
sugar-abacus,23,0,5,18,0,5,23,28,82.14285714285714,LANGUAGE <LL@li.org>
sugar-base,5,0,0,5,0,0,5,5,100.0,LANGUAGE <LL@li.org>
sugar-browse,73,1,260,32,1,38,100,334,21.856287425149702,LANGUAGE <LL@li.org>
sugar-calculator,163,0,708,96,0,68,161,871,18.714121699196326,LANGUAGE <LL@li.org>
sugar-chat,54,3,80,33,1,47,55,137,39.416058394160586,LANGUAGE <LL@li.org>
sugar-clock,0,0,66,0,0,21,0,66,0.0,LANGUAGE <LL@li.org>
sugar-connect,36,0,0,9,0,0,34,36,100.0,LANGUAGE <LL@li.org>
sugar-deducto,0,0,109,0,0,23,0,109,0.0,LANGUAGE <LL@li.org>
sugar-distance,72,4,23,14,1,11,70,99,72.72727272727273,LANGUAGE <LL@li.org>
sugar-finance,44,90,124,20,4,39,39,258,17.05426356589147,LANGUAGE <LL@li.org>
sugar-fototoon,83,3,35,36,3,7,98,121,68.59504132231406,LANGUAGE <LL@li.org>
sugar-fractionbounce,0,0,68,0,0,23,0,68,0.0,LANGUAGE <LL@li.org>
sugar-getiabooks,0,0,150,0,0,34,0,150,0.0,LANGUAGE <LL@li.org>
sugar-imageviewer,16,0,42,8,0,8,21,58,27.586206896551722,LANGUAGE <LL@li.org>
sugar-implode,0,3,74,0,3,17,0,77,0.0,LANGUAGE <LL@li.org>
sugar-infoslicer,0,2,234,0,2,60,0,236,0.0,LANGUAGE <LL@li.org>
sugar-jukebox,69,0,0,22,0,0,79,69,100.0,LANGUAGE <LL@li.org>
sugar-labyrinth,0,0,281,0,0,94,0,281,0.0,LANGUAGE <LL@li.org>
sugar-log,77,0,21,19,0,2,75,98,78.57142857142857,LANGUAGE <LL@li.org>
sugar-maze,1,0,6,1,0,3,1,7,14.285714285714285,LANGUAGE <LL@li.org>
sugar-measure,0,0,155,0,0,73,0,155,0.0,LANGUAGE <LL@li.org>
sugar-memorize,51,10,81,40,9,25,51,142,35.91549295774648,LANGUAGE <LL@li.org>
sugar-paint,37,0,69,34,0,27,39,106,34.90566037735849,LANGUAGE <LL@li.org>
sugar-physics,0,4,44,0,4,24,0,48,0.0,LANGUAGE <LL@li.org>
sugar-pippy,91,0,183,25,0,41,84,274,33.21167883211679,LANGUAGE <LL@li.org>
sugar-playgo,0,0,85,0,0,30,0,85,0.0,LANGUAGE <LL@li.org>
sugar-read,137,0,0,50,0,0,134,137,100.0,LANGUAGE <LL@li.org>
sugar-record,12,8,42,10,2,12,14,62,19.35483870967742,LANGUAGE <LL@li.org>
sugar-ruler,0,0,29,0,0,8,0,29,0.0,LANGUAGE <LL@li.org>
sugar-speak,23,0,204,23,0,51,23,227,10.13215859030837,LANGUAGE <LL@li.org>
sugar-stopwatch,5,0,0,5,0,0,5,5,100.0,LANGUAGE <LL@li.org>
sugar-story,24,0,0,11,0,0,25,24,100.0,LANGUAGE <LL@li.org>
sugar-terminal,6,0,115,4,0,22,5,121,4.958677685950414,LANGUAGE <LL@li.org>
sugar-toolkit,72,1,0,36,1,0,90,73,98.63013698630137,LANGUAGE <LL@li.org>
sugar-toolkit-gtk3,138,13,8,102,4,5,154,159,86.79245283018868,LANGUAGE <LL@li.org>
sugar-turtleart,6,3,1450,5,3,427,5,1459,0.411240575736806,LANGUAGE <walter@sugarlabs.org>
sugar-typing-turtle,0,2,597,0,2,125,0,599,0.0,LANGUAGE <LL@li.org>
sugar-view-slides,0,0,7,0,0,5,0,7,0.0,LANGUAGE <LL@li.org>
sugar-visualmatch,0,0,158,0,0,78,0,158,0.0,LANGUAGE <LL@li.org>
sugar-words,3,0,0,3,0,0,3,3,100.0,LANGUAGE <LL@li.org>
sugar-write,121,0,0,55,0,0,121,121,100.0,LANGUAGE <LL@li.org>
sugar-xoeditor,0,0,29,0,0,7,0,29,0.0,LANGUAGE <LL@li.org>
supertux,3223,0,0,985,0,0,3098,3223,100.0,Slovenian (http://www.transifex.com/arctic-games/supertux/language/sl/)
supertuxkart,3023,0,338,699,0,53,2884,3361,89.94346920559357,Slovenian (http://www.transifex.com/supertuxkart/supertuxkart/language/sl/)
sushi,24,0,0,11,0,0,27,24,100.0,Slovenian GNOME Translation Team <gnome-si@googlegroups.com>
svgpart,22,0,0,7,0,0,27,22,100.0,Slovenian <lugos-slo@lugos.si>
sweeper,229,0,0,50,0,0,210,229,100.0,Slovenian <lugos-slo@lugos.si>
swell-foop,312,0,1301,83,0,51,284,1613,19.342839429634225,Slovenian GNOME Translation Team <gnome-si@googlegroups.com>
switchboard,57,0,4,15,0,3,54,61,93.44262295081968,Slovenian <https://l10n.elementary.io/projects/switchboard/switchboard/sl/>
switchboard-plug-a11y,155,23,4,55,8,2,154,182,85.16483516483517,Slovenian <https://weblate.elementary.io/projects/switchboard/switchboard-plug-a11y/sl/>
switchboard-plug-about,80,14,0,24,4,0,84,94,85.1063829787234,Slovenian <https://weblate.elementary.io/projects/switchboard/switchboard-plug-about/sl/>
switchboard-plug-applications,65,15,6,22,8,2,60,86,75.5813953488372,Slovenian <https://l10n.elementary.io/projects/switchboard/switchboard-plug-applications/sl/>
switchboard-plug-bluetooth,69,1,4,25,1,2,78,74,93.24324324324324,Slovenian <https://weblate.elementary.io/projects/switchboard/switchboard-plug-bluetooth/sl/>
switchboard-plug-display,90,9,14,38,5,4,100,113,79.64601769911505,Slovenian <https://weblate.elementary.io/projects/switchboard/switchboard-plug-display/sl/>
switchboard-plug-keyboard,384,13,7,151,4,2,410,404,95.04950495049505,Slovenian <https://weblate.elementary.io/projects/switchboard/switchboard-plug-keyboard/sl/>
switchboard-plug-mouse-touchpad,64,31,55,26,13,12,66,150,42.66666666666667,Slovenian <https://weblate.elementary.io/projects/switchboard/switchboard-plug-mouse-touchpad/sl/>
switchboard-plug-networking,423,21,0,124,5,0,403,444,95.27027027027027,Slovenian <https://weblate.elementary.io/projects/switchboard/switchboard-plug-networking/sl/>
switchboard-plug-notifications,131,0,8,18,0,2,102,139,94.24460431654677,Slovenian <https://l10n.elementary.io/projects/switchboard/switchboard-plug-notifications/sl/>
switchboard-plug-onlineaccounts,161,0,0,49,0,0,160,161,100.0,Slovenian <https://l10n.elementary.io/projects/switchboard/switchboard-plug-onlineaccounts/sl/>
switchboard-plug-pantheon-shell,129,5,19,49,3,7,137,153,84.31372549019608,Slovenian <https://weblate.elementary.io/projects/switchboard/switchboard-plug-pantheon-shell/sl/>
switchboard-plug-printers,335,0,1,137,0,1,322,336,99.70238095238095,Slovenian <https://weblate.elementary.io/projects/switchboard/switchboard-plug-printers/sl/>
switchboard-plug-sharing,130,0,0,28,0,0,128,130,100.0,Slovenian <https://l10n.elementary.io/projects/switchboard/switchboard-plug-sharing/sl/>
switchboard-plug-sound,78,13,40,31,8,7,69,131,59.541984732824424,Slovenian <https://weblate.elementary.io/projects/switchboard/switchboard-plug-sound/sl/>
switchdesk,17,85,20,4,9,6,19,122,13.934426229508196,slovenščina <translation-team-sl@lists.sourceforge.net>
sylpheed,3518,2308,1388,1016,582,199,3656,7214,48.76628777377322,Slovenian <translator-team-sl@lists.sourceforge.net>
synapse,746,0,110,208,0,26,758,856,87.14953271028037,Slovenian <sl@li.org>
synaptic,2305,540,386,552,71,39,2281,3231,71.34014237078304,Slovenian <translation-team-sl@lists.sourceforge.net>
synfig,1631,6,3059,490,2,686,1476,4696,34.73168654173765,Slovenian (http://www.transifex.com/morevnaproject/synfig/language/sl/)
synfigstudio,352,0,6212,68,0,1499,328,6564,5.362583790371724,Slovenian (http://www.transifex.com/morevnaproject/synfig/language/sl/)
sysprof,57,76,157,38,26,19,64,290,19.655172413793103,Slovenian GNOME Translation Team <gnome-si@googlegroups.com>
system-config-bind,18,436,8965,8,125,931,19,9419,0.19110308949994692,slovenščina <translation-team-sl@lists.sourceforge.net>
system-config-firewall,59,581,2174,15,69,247,63,2814,2.0966595593461266,slovenščina <translation-team-sl@lists.sourceforge.net>
system-config-httpd,858,0,0,223,0,0,806,858,100.0,Slovenian <sl@li.org>
system-config-kdump,140,0,737,5,0,151,109,877,15.96351197263398,Slovenian (http://www.transifex.com/projects/p/fedora/language/sl/)
system-config-keyboard,169,18,0,71,10,0,153,187,90.37433155080214,Slovenian <translation-team-sl@lists.sourceforge.net>
system-config-kickstart,714,0,414,181,0,68,678,1128,63.297872340425535,Slovenian (http://www.transifex.com/projects/p/system-config-kickstart/language/sl/)
system-config-printer,3039,9,402,727,6,166,3027,3450,88.08695652173914,Slovenian (http://www.transifex.com/projects/p/system-config-printer/language/sl/)
system-config-rootpassword,15,26,75,3,5,11,13,116,12.931034482758621,Slovenian <translation-team-sl@lists.sourceforge.net>
system-config-users,450,0,1071,93,0,87,394,1521,29.585798816568047,LANGUAGE <LL@li.org>
system-config-users-docs,0,0,1061,0,0,82,0,1061,0.0,LANGUAGE <LL@li.org>
system-switch-mail,9,88,4,6,8,3,9,101,8.91089108910891,slovenščina <translation-team-sl@lists.sourceforge.net>
tali,448,0,1894,108,0,77,465,2342,19.128949615713065,Slovenian GNOME Translation Team <gnome-si@googlegroups.com>
tar,3405,114,120,559,17,15,3680,3639,93.5696619950536,Slovenian <translation-team-sl@lists.sourceforge.net>
taxi,23,0,39,11,0,4,27,62,37.096774193548384,LANGUAGE <LL@li.org>
tellico,5614,74,14,1186,22,9,5058,5702,98.45668186601193,Slovenian <lugos-slo@lugos.si>
template-glib,23,0,0,4,0,0,22,23,100.0,Slovenian GNOME Translation Team <gnome-si@googlegroups.com>
tepl,46,53,55,29,8,17,42,154,29.87012987012987,Slovenian GNOME Translation Team <gnome-si@googlegroups.com>
terminator,305,0,1105,108,0,309,263,1410,21.631205673758867,Slovenian <sl@li.org>
terminology,791,32,35,195,8,13,803,858,92.19114219114219,Slovenian <sl@li.org>
texinfo,1638,2439,1305,252,229,168,1556,5382,30.434782608695656,Slovenian <translation-team-sl@lists.sourceforge.net>
texlive,887,317,26,233,64,5,891,1230,72.11382113821139,TL Translation Team <tex-live@tug.org>
thunar-archive-plugin,86,0,0,13,0,0,105,86,100.0,Slovenian (http://www.transifex.com/xfce/thunar-plugins/language/sl/)
thunar-media-tags-plugin,156,0,0,58,0,0,122,156,100.0,Slovenian (http://www.transifex.com/xfce/thunar-plugins/language/sl/)
thunar-vcs-plugin,571,0,24,311,0,9,734,595,95.96638655462185,Slovenian (http://www.transifex.com/xfce/thunar-plugins/language/sl/)
thunar-volman,491,0,0,118,0,0,426,491,100.0,Slovenian (http://www.transifex.com/xfce/thunar-volman/language/sl/)
tilda,72,19,655,31,10,159,72,746,9.651474530831099,Slovenian <sl@li.org>
tomboy,6653,0,0,671,0,0,6110,6653,100.0,Slovenian GNOME Translation Team <gnome-si@googlegroups.com>
totem,1361,0,4526,400,0,256,1380,5887,23.118736198403262,Slovenian GNOME Translation Team <gnome-si@googlegroups.com>
totem-pl-parser,29,0,0,8,0,0,25,29,100.0,Slovenian GNOME Translation Team <gnome-si@googlegroups.com>
trac,5005,660,7476,1060,116,295,4902,13141,38.08690358420211,sl_SI <trac-dev@googlegroups.com>
tracker,2212,0,0,369,0,0,2344,2212,100.0,Slovenian GNOME Translation Team <gnome-si@googlegroups.com>
tracker-miners,828,0,0,118,0,0,800,828,100.0,Slovenian GNOME Translation Team <gnome-si@googlegroups.com>
transmageddon,250,0,0,72,0,0,275,250,100.0,Slovenian GNOME Translation Team <gnome-si@googlegroups.com>
transmission,1809,0,0,494,0,0,2174,1809,100.0,Slovenian <sl@li.org>
tryton,1574,0,0,421,0,0,1495,1574,100.0,
trytond,2646,0,0,1206,0,0,2271,2646,100.0,
trytond-account,2743,0,0,1220,0,0,2385,2743,100.0,
trytond-account-invoice,1028,0,0,372,0,0,920,1028,100.0,
trytond-account-invoice-history,2,0,0,1,0,0,2,2,100.0,
trytond-account-invoice-line-standalone,10,0,0,4,0,0,10,10,100.0,
trytond-account-product,296,0,5,95,0,1,257,301,98.33887043189368,
trytond-account-statement,231,0,0,127,0,0,205,231,100.0,
trytond-account-stock-anglo-saxon,74,0,0,12,0,0,62,74,100.0,
trytond-account-stock-continental,325,0,0,69,0,0,293,325,100.0,
trytond-analytic-account,184,0,0,95,0,0,162,184,100.0,
trytond-analytic-invoice,13,0,0,3,0,0,11,13,100.0,
trytond-analytic-purchase,22,0,0,4,0,0,20,22,100.0,
trytond-analytic-sale,13,0,0,3,0,0,11,13,100.0,
trytond-company,118,0,0,77,0,0,103,118,100.0,
trytond-company-work-time,18,0,0,5,0,0,18,18,100.0,
trytond-country,7539,0,0,5243,0,0,7483,7539,100.0,
trytond-currency,469,0,0,233,0,0,448,469,100.0,
trytond-dashboard,35,0,0,22,0,0,41,35,100.0,
trytond-google-maps,2,0,0,1,0,0,2,2,100.0,
trytond-ldap-authentication,10,0,0,1,0,0,8,10,100.0,
trytond-party,268,0,0,152,0,0,235,268,100.0,
trytond-party-siret,18,0,0,5,0,0,18,18,100.0,
trytond-product,375,0,0,210,0,0,318,375,100.0,
trytond-product-cost-fifo,24,0,0,4,0,0,24,24,100.0,
trytond-product-cost-history,27,0,0,14,0,0,22,27,100.0,
trytond-product-price-list,74,0,0,32,0,0,52,74,100.0,
trytond-project,143,0,0,62,0,0,130,143,100.0,
trytond-project-plan,83,0,0,46,0,0,75,83,100.0,
trytond-project-revenue,12,0,0,8,0,0,12,12,100.0,
trytond-purchase,571,0,0,291,0,0,538,571,100.0,
trytond-purchase-invoice-line-standalone,51,0,0,22,0,0,46,51,100.0,
trytond-sale,536,0,0,266,0,0,515,536,100.0,
trytond-sale-opportunity,320,0,0,174,0,0,295,320,100.0,
trytond-sale-price-list,5,0,0,2,0,0,3,5,100.0,
trytond-stock,1203,0,0,563,0,0,1059,1203,100.0,
trytond-stock-forecast,174,0,0,81,0,0,155,174,100.0,
trytond-stock-inventory-location,17,0,0,11,0,0,15,17,100.0,
trytond-stock-location-sequence,1,0,0,1,0,0,2,1,100.0,
trytond-stock-product-location,23,0,0,14,0,0,19,23,100.0,
trytond-stock-supply,147,0,0,58,0,0,139,147,100.0,
trytond-stock-supply-day,27,0,0,18,0,0,25,27,100.0,
trytond-timesheet,278,0,0,131,0,0,245,278,100.0,
tuxmath,228,115,1112,67,13,169,227,1455,15.670103092783505,Slovenian <sl@li.org>
tuxpaint,1591,0,0,291,0,0,1472,1591,100.0,Slovenian GNOME Translation Team <gnome-si@googlegroups.com>
tuxpaint-stamps,1904,701,666,533,200,80,1267,3271,58.208498929990824,Slovenian GNOME Translation Team <gnome-si@googlegroups.com>
udisks2,1498,207,453,406,28,78,1491,2158,69.41612604263206,Slovenian
ufw,874,0,5,180,0,1,933,879,99.43117178612059,Slovenian <sl@li.org>
umbrello,5350,69,37,1458,24,6,5127,5456,98.05718475073314,Slovenian <lugos-slo@lugos.si>
usermode,442,0,131,74,0,22,421,573,77.13787085514834,LANGUAGE <LL@li.org>
util-linux,1681,12236,9116,483,2380,1293,1757,23033,7.29822428689272,Slovenian <translation-team-sl@lists.sourceforge.net>
vdr,1079,0,277,451,0,83,1035,1356,79.57227138643069,Slovenian <vdr@linuxtv.org>
vdr-epgsearch,3,2,2462,3,1,390,3,2467,0.12160518848804217,Slovenian <vdr@linuxtv.org>
vdr-live,1,0,913,1,0,310,1,914,0.10940919037199125,see developers in README
vdr-skinenigmang,0,0,334,0,0,134,0,334,0.0,<vdr@linuxtv.org>
viking,630,20,4721,239,12,1109,688,5371,11.729659281325636,Slovenian <sl@li.org>
vinagre,2515,0,0,365,0,0,2322,2515,100.0,Slovenian GNOME Translation Team <gnome-si@googlegroups.com>
vino,1228,0,0,134,0,0,1080,1228,100.0,Slovenian GNOME Translation Team <gnome-si@googlegroups.com>
virt-viewer,0,0,835,0,0,183,0,835,0.0,Slovenian
vocal,123,0,711,34,0,138,120,834,14.748201438848922,Slovenian (http://www.transifex.com/needle-and-thread/vocal/language/sl/)
vte,80,0,0,13,0,0,89,80,100.0,Slovenian GNOME Translation Team <gnome-si@googlegroups.com>
vte291,31,0,0,5,0,0,37,31,100.0,Slovenian GNOME Translation Team <gnome-si@googlegroups.com>
warmux,1718,333,693,307,62,103,2093,2744,62.609329446064145,<sl@li.org>
warzone2100,8981,1271,3047,2174,322,356,9463,13299,67.53139333784495,Slovenian <sl@li.org>
wdiff,993,0,0,150,0,0,1042,993,100.0,Slovenian <translation-team-sl@lists.sourceforge.net>
webkit2gtk3,1889,355,466,469,62,60,1777,2710,69.70479704797047,Slovenian GNOME Translation Team <gnome-si@googlegroups.com>
wesnoth,11975,23207,256233,2128,2392,13479,10429,291415,4.109259990048556,Slovenian
wget,1253,1421,1322,254,206,184,1351,3996,31.356356356356358,Slovenian <translation-team-sl@lists.sourceforge.net>
wicd,515,0,623,154,0,100,533,1138,45.254833040421794,sl <LL@li.org>
widelands,964,0,57975,331,0,4894,915,58939,1.6355893381292521,Slovenian (http://www.transifex.com/widelands/widelands/language/sl/)
wine,12552,2149,2155,3059,347,388,12237,16856,74.46606549596582,Slovenian
wingpanel,6,0,0,1,0,0,4,6,100.0,Slovenian <https://l10n.elementary.io/projects/wingpanel/wingpanel/sl/>
wingpanel-applications-menu,211,6,5,66,3,4,199,222,95.04504504504504,Slovenian <https://weblate.elementary.io/projects/wingpanel/applications-menu/sl/>
wingpanel-indicator-bluetooth,15,0,0,9,0,0,20,15,100.0,Slovenian <https://l10n.elementary.io/projects/wingpanel/wingpanel-indicator-bluetooth/sl/>
wingpanel-indicator-datetime,14,0,0,4,0,0,14,14,100.0,Slovenian <https://weblate.elementary.io/projects/wingpanel/wingpanel-indicator-datetime/sl/>
wingpanel-indicator-keyboard,10,0,0,4,0,0,11,10,100.0,Slovenian <https://weblate.elementary.io/projects/wingpanel/wingpanel-indicator-keyboard/sl/>
wingpanel-indicator-network,76,0,0,22,0,0,83,76,100.0,Slovenian <https://weblate.elementary.io/projects/wingpanel/wingpanel-indicator-network/sl/>
wingpanel-indicator-nightlight,16,0,0,6,0,0,20,16,100.0,Slovenian <https://weblate.elementary.io/projects/wingpanel/indicator-nightlight/sl/>
wingpanel-indicator-notifications,16,0,0,7,0,0,15,16,100.0,Slovenian <https://l10n.elementary.io/projects/wingpanel/wingpanel-indicator-notifications/sl/>
wingpanel-indicator-power,93,0,0,27,0,0,163,93,100.0,Slovenian <https://weblate.elementary.io/projects/wingpanel/wingpanel-indicator-power/sl/>
wingpanel-indicator-session,57,0,0,18,0,0,50,57,100.0,Slovenian <https://weblate.elementary.io/projects/wingpanel/wingpanel-indicator-session/sl/>
wingpanel-indicator-sound,14,0,0,6,0,0,13,14,100.0,Slovenian <https://l10n.elementary.io/projects/wingpanel/wingpanel-indicator-sound/sl/>
workrave,2169,222,251,410,66,48,1983,2642,82.09689629068887,Slovenian <sl@li.org>
wxGTK,6679,0,0,1523,0,0,6589,6679,100.0,Martin Srebotnjak <miles@filmsi.net>
wxGTK3,6880,372,443,1614,132,107,6753,7695,89.4087069525666,Martin Srebotnjak <miles@filmsi.net>
wxPython,8813,356,970,2283,108,191,8627,10139,86.92178715849688,Martin Srebotnjak <miles@filmsi.net>
xdg-desktop-portal-kde,7,4,49,5,2,16,8,60,11.666666666666666,Slovenian <lugos-slo@lugos.si>
xdg-user-dirs,28,0,0,28,0,0,28,28,100.0,Slovenian <translation-team-sl@lists.sourceforge.net>
xdg-user-dirs-gtk,81,0,0,11,0,0,75,81,100.0,Slovenian GNOME Translation Team <gnome-si@googlegroups.com>
xed,3295,0,1318,787,0,206,3301,4613,71.42857142857143,Slovenian (http://www.transifex.com/projects/p/MATE/language/sl/)
xfce4-appfinder,324,0,71,72,0,6,299,395,82.02531645569621,Slovenian (http://www.transifex.com/xfce/xfce4-appfinder/language/sl/)
xfce4-battery-plugin,149,0,0,43,0,0,152,149,100.0,Slovenian (http://www.transifex.com/projects/p/xfce/language/sl/)
xfce4-clipman-plugin,413,0,65,64,0,8,359,478,86.40167364016736,Slovenian (http://www.transifex.com/xfce/xfce-panel-plugins/language/sl/)
xfce4-datetime-plugin,52,0,0,19,0,0,54,52,100.0,Slovenian (http://www.transifex.com/projects/p/xfce-panel-plugins/language/sl/)
xfce4-dict,175,0,352,70,0,49,176,527,33.206831119544596,Slovenian (http://www.transifex.com/xfce/xfce-apps/language/sl/)
xfce4-embed-plugin,219,0,0,33,0,0,185,219,100.0,Slovenian <lugos-slo@lugos.si>
xfce4-eyes-plugin,15,0,0,4,0,0,14,15,100.0,Slovenian (http://www.transifex.com/projects/p/xfce/language/sl/)
xfce4-fsguard-plugin,71,0,0,19,0,0,73,71,100.0,Slovenian (http://www.transifex.com/projects/p/xfce/language/sl/)
xfce4-genmon-plugin,25,0,31,11,0,3,24,56,44.642857142857146,Slovenian (http://www.transifex.com/xfce/xfce-panel-plugins/language/sl/)
xfce4-hardware-monitor-plugin,356,0,0,129,0,0,327,356,100.0,Slovenian GNOME Translation Team <gnome-si@googlegroups.com>
xfce4-notes-plugin,163,0,0,57,0,0,154,163,100.0,Slovenian (http://www.transifex.com/projects/p/xfce-panel-plugins/language/sl/)
xfce4-notifyd,98,0,0,29,0,0,104,98,100.0,Slovenian (http://www.transifex.com/projects/p/xfce-apps/language/sl/)
xfce4-panel,1682,0,41,404,0,10,1559,1723,97.62042948345908,Slovenian (http://www.transifex.com/xfce/xfce4-panel/language/sl/)
xfce4-places-plugin,160,0,0,45,0,0,144,160,100.0,Slovenian (http://www.transifex.com/xfce/xfce-panel-plugins/language/sl/)
xfce4-power-manager,762,0,255,196,0,6,787,1017,74.92625368731564,Slovenian (http://www.transifex.com/xfce/xfce4-power-manager/language/sl/)
xfce4-pulseaudio-plugin,126,0,0,28,0,0,124,126,100.0,Slovenian (http://www.transifex.com/xfce/xfce-panel-plugins/language/sl/)
xfce4-screenshooter,300,0,131,58,0,6,258,431,69.60556844547564,Slovenian (http://www.transifex.com/xfce/xfce-apps/language/sl/)
xfce4-session,836,0,33,173,0,5,775,869,96.20253164556962,Slovenian (http://www.transifex.com/xfce/xfce4-session/language/sl/)
xfce4-settings,1559,0,148,368,0,11,1443,1707,91.32981839484475,Slovenian (http://www.transifex.com/xfce/xfce4-settings/language/sl/)
xfce4-statusnotifier-plugin,116,0,13,24,0,1,103,129,89.92248062015504,Slovenian (https://www.transifex.com/xfce/teams/16840/sl/)
xfce4-systemload-plugin,70,0,3,21,0,1,95,73,95.8904109589041,Slovenian (http://www.transifex.com/xfce/xfce-panel-plugins/language/sl/)
xfce4-taskmanager,223,0,0,75,0,0,214,223,100.0,Slovenian (http://www.transifex.com/projects/p/xfce-apps/language/sl/)
xfce4-terminal,1119,0,334,312,0,49,1061,1453,77.01307639366827,Slovenian (http://www.transifex.com/xfce/xfce-apps/language/sl/)
xfce4-weather-plugin,1328,0,2340,280,0,50,1225,3668,36.205016357688116,Slovenian (http://www.transifex.com/xfce/xfce-panel-plugins/language/sl/)
xfce4-whiskermenu-plugin,349,0,0,118,0,0,364,349,100.0,Slovenian (http://www.transifex.com/gottcode/xfce4-whiskermenu-plugin/language/sl/)
xfce4-xkb-plugin,48,0,0,21,0,0,50,48,100.0,Slovenian (http://www.transifex.com/xfce/xfce-panel-plugins/language/sl/)
xfdesktop,982,0,3,229,0,3,932,985,99.69543147208122,Slovenian (http://www.transifex.com/xfce/xfdesktop/language/sl/)
xfmpc,167,0,0,70,0,0,187,167,100.0,Slovenian <lugos-slo@lugos.si>
xfpanel-switch,62,0,39,24,0,2,60,101,61.386138613861384,Slovenian <sl@li.org>
xfwm4,664,0,4,171,0,1,641,668,99.40119760479041,Slovenian (http://www.transifex.com/xfce/xfwm4/language/sl/)
xiphos,3944,849,42,908,207,10,3823,4835,81.57187176835575,Slovenščina (Slovene) <xiphos-devel@crosswire.org>
xkeyboard-config,3114,0,0,943,0,0,3268,3114,100.0,Slovenian <translation-team-sl@lists.sourceforge.net>
xmms,3269,44,130,1018,13,14,3233,3443,94.94626778971826,Slovenian <sl@li.org>
xpad,191,0,222,50,0,77,197,413,46.246973365617436,Slovenian <translation-team-sl@lists.sourceforge.net>
xplayer,1969,0,4478,500,0,258,1873,6447,30.541337055995037,Slovenian GNOME Translation Team <gnome-si@googlegroups.com>
xplayer-plparser,29,0,0,8,0,0,25,29,100.0,Slovenian GNOME Translation Team <gnome-si@googlegroups.com>
xreader,3037,0,523,544,0,41,2682,3560,85.30898876404494,Slovenian MATE Translation Team <mate-si@googlegroups.com>
xsane,2358,764,102,588,113,27,2394,3224,73.13895781637717,slovenščina <sl@li.org>
xviewer,6724,0,0,754,0,0,5824,6724,100.0,Slovenian GNOME Translation Team <gnome-si@googlegroups.com>
xviewer-plugins,342,0,0,89,0,0,327,342,100.0,Slovenian GNOME Translation Team <gnome-si@googlegroups.com>
yelp,348,0,0,73,0,0,319,348,100.0,Slovenian GNOME Translation Team <gnome-si@googlegroups.com>
yelp-xsl,85,0,0,62,0,0,91,85,100.0,Slovenian <gnome-si@googlegroups.com>
yum-rhn-plugin,0,0,147,0,0,17,0,147,0.0,LANGUAGE <LL@li.org>
zanshin,19,225,649,12,62,171,20,893,2.127659574468085,Slovenian <lugos-slo@lugos.si>
zenity,966,0,2309,234,0,224,955,3275,29.496183206106867,Slovenian GNOME Translation Team <gnome-si@googlegroups.com>
zypper,19,1492,7563,18,300,915,19,9074,0.20938946440379105,Slovenščina <sl@li.org>
