package,translatedsourcewords,fuzzysourcewords,untranslatedsourcewords,translated,fuzzy,untranslated,translatedtargetwords,totalsourcewordssum,progress,team
GConf2,4088,0,0,497,0,0,1300,4088,100.0,Chinese (Taiwan) <zh-l10n@lists.linux.org.tw>
LabPlot,301,1979,6398,150,853,1439,185,8678,3.4685411385111777,Chinese Traditional <kde-tw@googlegroups.com>
NetworkManager,4133,2987,14766,720,469,775,1934,21886,18.884218221694233,Traditional Chinese <zh@li.org>
NetworkManager-fortisslvpn,22,1,151,9,1,23,10,174,12.643678160919542,Chinese/Traditional <community@linuxhall.org>
NetworkManager-l2tp,264,0,642,58,0,78,118,906,29.13907284768212,Chinese/Traditional <community@linuxhall.org>
NetworkManager-libreswan,137,2,0,35,1,0,63,139,98.56115107913669,Chinese (traditional) <community@linuxhall.org>
NetworkManager-openconnect,86,11,3144,23,2,571,44,3241,2.6535020055538414,
NetworkManager-openvpn,102,134,813,42,16,111,68,1049,9.723546234509056,Chinese (traditional) <community@linuxhall.org>
NetworkManager-pptp,144,0,0,44,0,0,74,144,100.0,Chinese/Traditional <community@linuxhall.org>
NetworkManager-ssh,70,46,456,30,18,90,40,572,12.237762237762238,Chinese (traditional) <community@linuxhall.org>
NetworkManager-sstp,144,0,0,44,0,0,74,144,100.0,Chinese/Traditional <community@linuxhall.org>
NetworkManager-vpnc,156,0,0,41,0,0,80,156,100.0,Chinese (traditional) <community@linuxhall.org>
PackageKit,1282,0,0,321,0,0,354,1282,100.0,Chinese (Taiwan) (http://www.transifex.com/freedesktop/packagekit/language/zh_TW/)
R,11613,0,0,1973,0,0,4893,11613,100.0,Chinese (traditional) <zh-l10n@linux.org.tw>
Thunar,4413,0,0,762,0,0,1029,4413,100.0,Chinese (Taiwan) (https://www.transifex.com/xfce/teams/16840/zh_TW/)
WindowMaker,4106,0,169,818,0,2,1433,4275,96.046783625731,chinese <zh@li.org>
WoeUSB,165,0,0,30,0,0,71,165,100.0,chinese-l10n <chinese-l10n@googlegroups.com>
Zim,2103,0,712,560,0,130,769,2815,74.7069271758437,Simplified Chinese <zh_CN@li.org>
abattis-cantarell-fonts,27,0,0,3,0,0,6,27,100.0,Chinese (Taiwan) <chinese-l10n@googlegroups.com>
abrt,3969,0,0,476,0,0,1335,3969,100.0,Chinese (Taiwan) (http://www.transifex.com/projects/p/fedora-abrt/language/zh_TW/)
accerciser,659,0,0,224,0,0,286,659,100.0,Chinese/Traditional <zh-l10n@lists.linux.org.tw>
accountsservice,59,0,0,10,0,0,13,59,100.0,Chinese (Taiwan) (http://www.transifex.com/projects/p/freedesktop/language/zh_TW/)
ailurus,8258,0,20,1251,0,2,3288,8278,99.75839574776516,none
aisleriot,3075,0,0,679,0,0,1362,3075,100.0,Chinese (traditional)
akonadi-calendar-tools,842,0,0,173,0,0,298,842,100.0,Chinese <zh-l10n@linux.org.tw>
akonadi-import-wizard,391,0,0,83,0,0,171,391,100.0,Chinese <zh-l10n@linux.org.tw>
akregator,1773,0,3,430,0,1,680,1776,99.83108108108108,Chinese <zh-l10n@linux.org.tw>
alacarte,31,0,0,12,0,0,12,31,100.0,Chinese/Traditional <zh-l10n@linux.org.tw>
alexandria,1073,39,69,281,11,14,425,1181,90.85520745131245,Chinese/Traditional
amarok,15323,391,105,2740,35,5,5136,15819,96.86452999557494,Chinese Traditional <kde-tw@googlegroups.com>
anaconda,7751,0,89,1282,0,6,2342,7840,98.86479591836735,Chinese (Taiwan) (http://www.transifex.com/projects/p/anaconda/language/zh_TW/)
analitza,988,0,0,221,0,0,380,988,100.0,Chinese <zh-l10n@linux.org.tw>
anjuta,8398,0,0,2059,0,0,2949,8398,100.0,Chinese (traditional) <zh-l10n@lists.linux.org.tw>
appcenter,754,2,9,174,2,5,217,765,98.56209150326798,Chinese (Traditional) <https://weblate.elementary.io/projects/appcenter/appcenter/zh_Hant/>
appstream,891,0,0,195,0,0,292,891,100.0,Chinese (Traditional) <https://hosted.weblate.org/projects/appstream/translations/zh_Hant/>
arduino,4444,0,1742,882,0,298,1186,6186,71.83963789201422,Chinese (Taiwan) (http://www.transifex.com/mbanzi/arduino-ide-15/language/zh_TW/)
aria2,4166,0,3320,315,0,84,1415,7486,55.650547689019504,Chinese (Taiwan) <chinese-l10n@googlegroups.com>
ark,1854,0,0,336,0,0,520,1854,100.0,Chinese <zh-l10n@linux.org.tw>
arm-none-eabi-binutils-cs,7074,2663,2747,1378,238,397,3360,12484,56.66453059916693,Chinese (traditional) <zh-l10n@linux.org.tw>
arm-none-eabi-gcc-cs,15455,70143,20823,2432,8984,2064,6651,106421,14.522509655049284,Chinese (traditional) <zh-l10n@linux.org.tw>
artikulate,436,0,0,156,0,0,189,436,100.0,Chinese <zh-l10n@linux.org.tw>
asunder,405,29,61,73,7,11,120,495,81.81818181818183,Chien Cheng Wei <e.cwchien@gmail.com>
at-spi2-core,10,0,0,2,0,0,2,10,100.0,Chinese (Taiwan) <chinese-l10n@googlegroups.com>
atk,440,0,0,169,0,0,186,440,100.0,Chinese (Taiwan) <zh-l10n@lists.linux.org.tw>
atomix,146,0,0,59,0,0,71,146,100.0,Chinese (Taiwan) <community@linuxhall.org>
atril,1885,0,1957,446,0,193,661,3842,49.06298802706923,Chinese (Taiwan) (https://www.transifex.com/mate/teams/13566/zh_TW/)
audacious,758,0,22,325,0,8,403,780,97.17948717948718,Chinese (Taiwan) (http://www.transifex.com/audacious/audacious/language/zh_TW/)
audacious-plugins,3820,0,158,874,0,26,2551,3978,96.02815485168426,Chinese (Taiwan) (http://www.transifex.com/audacious/audacious/language/zh_TW/)
audacity,11899,3176,1913,2801,777,303,4813,16988,70.04356016011302,
audit-viewer,611,0,0,185,0,0,290,611,100.0,LANGUAGE <LL@li.org>
authconfig,879,16,34,130,2,5,295,929,94.6178686759957,Chinese (Taiwan) (http://www.transifex.com/projects/p/authconfig/language/zh_TW/)
authselect,1783,0,24,309,0,4,703,1807,98.67183176535694,
avahi,865,2,1,165,2,1,391,868,99.65437788018433,Chinese (Taiwan) (http://www.transifex.com/lennart/avahi/language/zh_TW/)
avogadro,4597,0,2010,1870,0,502,3094,6607,69.57772059936431,Traditional Chinese <zh_TW@li.org>
avogadro2,137,67,258,84,25,40,151,462,29.653679653679653,Traditional Chinese <zh_TW@li.org>
avogadro2-libs,304,594,1751,236,240,352,408,2649,11.476028690071725,Traditional Chinese <zh_TW@li.org>
avr-binutils,7074,2663,2747,1378,238,397,3360,12484,56.66453059916693,Chinese (traditional) <zh-l10n@linux.org.tw>
avr-gcc,15455,70143,20823,2432,8984,2064,6651,106421,14.522509655049284,Chinese (traditional) <zh-l10n@linux.org.tw>
backintime,362,0,1621,103,0,233,113,1983,18.255168935955624,Chinese (Traditional) <zh_TW@li.org>
baloo-widgets,42,0,0,25,0,0,27,42,100.0,Chinese <zh-l10n@linux.org.tw>
balsa,5623,3,0,1341,1,0,2156,5626,99.94667614646285,Chinese (traditional) <community@linuxhall.org>
banshee,5958,0,0,1543,0,0,2366,5958,100.0,Chinese (Taiwan) <chinese-l10n@googlegroups.com>
baobab,247,0,0,65,0,0,116,247,100.0,Chinese (traditional)
bash,6279,5009,68,519,50,12,2362,11356,55.2923564635435,Chinese (traditional) <zh-l10n@linux.org.tw>
bibletime,11,0,9709,8,0,636,8,9720,0.11316872427983539,Chinese (Taiwan) (http://www.transifex.com/bibletime/bibletime/language/zh_TW/)
bijiben,425,0,0,139,0,0,156,425,100.0,Chinese (Taiwan) <chinese-l10n@googlegroups.com>
binutils,7074,2663,2747,1378,238,397,3360,12484,56.66453059916693,Chinese (traditional) <zh-l10n@linux.org.tw>
bison,1361,28,0,204,5,0,614,1389,97.98416126709864,Chinese (traditional) <zh-l10n@linux.org.tw>
bleachbit,1300,0,0,276,0,0,396,1300,100.0,Chinese (Traditional) <zh_TW@li.org>
blender,68413,0,0,15729,0,0,21020,68413,100.0,chinese-l10n <chinese-l10n@googlegroups.com>
blinken,133,0,0,47,0,0,69,133,100.0,Chinese Traditional <zh-l10n@linux.org.tw>
blivet-gui,753,0,62,218,0,5,344,815,92.39263803680981,Chinese (Taiwan)
blogilo,1364,28,0,330,7,0,457,1392,97.98850574712644,Chinese Traditional <kde-i18n-doc@kde.org>
blueberry,141,0,0,34,0,0,55,141,100.0,Chinese (Traditional) <zh_TW@li.org>
bluedevil,572,0,0,191,0,0,262,572,100.0,Chinese <zh-l10n@linux.org.tw>
bluefish,680,1677,2548,340,693,506,423,4905,13.863404689092762,zh_TW <i18n-translation@b2d.org.tw>
blueman,1271,0,64,330,0,5,548,1335,95.20599250936328,Chinese (Taiwan) (http://www.transifex.com/mate/MATE/language/zh_TW/)
boinc-client,19188,0,2063,3275,0,223,4866,21251,90.29222154251565,Chinese (Taiwan) (http://www.transifex.com/boinc/boinc/language/zh_TW/)
bomber,103,0,0,27,0,0,51,103,100.0,Chinese <kde-i18n-doc@kde.org>
bovo,81,0,0,25,0,0,34,81,100.0,Chinese Traditional <kde-i18n-doc@kde.org>
brasero,7892,236,1792,1188,16,58,2037,9920,79.55645161290322,Chinese (Hong Kong) <community@linuxhall.org>
cacti,932,25949,212,653,3317,13,687,27093,3.4400029527922342,
cairo-clock,270,0,2491,60,0,1,92,2761,9.779065555957986,zh_TW <zh-l10n at linux.org.tw>
cairo-dock,3706,0,3758,477,0,350,751,7464,49.651661307609864,Traditional Chinese <zh_TW@li.org>
cairo-dock-plug-ins,7128,0,3075,1282,0,440,1931,10203,69.86180535136725,Traditional Chinese <zh_TW@li.org>
caja,9520,0,0,1567,0,0,2228,9520,100.0,Chinese (Taiwan) (https://www.transifex.com/mate/teams/13566/zh_TW/)
caja-actions,846,444,264,114,30,26,213,1554,54.440154440154444,Chinese (traditional) <community@linuxhall.org>
caja-extensions,584,0,0,135,0,0,203,584,100.0,Chinese (Taiwan) (https://www.transifex.com/mate/teams/13566/zh_TW/)
calamares,443,0,0,84,0,0,241,443,100.0,Chinese (Taiwan) (https://www.transifex.com/calamares/teams/20061/zh_TW/)
calibre,37510,0,121492,5593,0,12655,9300,159002,23.59089822769525,Chinese (Taiwan) (http://www.transifex.com/calibre/calibre/language/zh_TW/)
california,990,0,0,315,0,0,444,990,100.0,Chinese (Taiwan) <chinese-l10n@googlegroups.com>
calligra,31122,1836,2904,6958,435,362,12230,35862,86.78266688974402,Chinese Traditional <kde-tw@googlegroups.com>
calligraplan,5350,1476,2804,1373,293,375,1737,9630,55.55555555555556,Chinese Traditional <zh-l10n@linux.org.tw>
camorama,468,114,193,102,26,38,139,775,60.38709677419355,Chinese (traditional) <community@linuxhall.org>
cantor,2210,0,0,512,0,0,838,2210,100.0,Chinese <zh-l10n@linux.org.tw>
caribou,169,0,0,57,0,0,67,169,100.0,Chinese (Taiwan) <chinese-l10n@googlegroups.com>
catfish,247,0,430,87,0,24,110,677,36.484490398818316,Chinese (Traditional) <zh_TW@li.org>
ccgo,559,0,0,233,0,0,274,559,100.0,Traditional Chinese
celestia,2270,6,0,1085,1,0,1430,2276,99.73637961335676,Tryneeds in Taiwan <tryneeds@gmail.com>
certmonger,534,53,5075,105,11,830,236,5662,9.431296361709643,Chinese (Taiwan) (http://www.transifex.com/projects/p/certmonger/language/zh_TW/)
cervisia,1619,0,0,421,0,0,633,1619,100.0,Chinese <kde-i18n-doc@kde.org>
cheese,614,0,0,123,0,0,153,614,100.0,Chinese/Traditional <zh-l10n@lists.linux.org.tw>
chkconfig,503,0,52,94,0,9,265,555,90.63063063063062,Chinese (Taiwan) <trans-zh_TW@lists.fedoraproject.org>
choqok,2257,0,0,569,0,0,893,2257,100.0,Chinese <kde-i18n-doc@kde.org>
chromium-bsu,1021,50,21,176,7,7,548,1092,93.4981684981685,Chinese (traditional) <zh-l10n@linux.org.tw>
cinnamon-control-center,1313,0,0,756,0,0,886,1313,100.0,Chinese (traditional) <zh-l10n@linux.org.tw>
cinnamon-desktop,234,0,0,32,0,0,113,234,100.0,Chinese/Traditional <zh-l10n@lists.linux.org.tw>
cinnamon-translations,19030,0,2288,4204,0,485,5998,21318,89.2672858617131,Chinese (Traditional) <zh_TW@li.org>
clamtk,472,0,0,141,0,0,169,472,100.0,Chinese Traditional <>
claws-mail,20517,0,0,4013,0,0,6689,20517,100.0,Mark Chang <mark.cyj@gmail.com>
clawsker,1400,0,0,259,0,0,378,1400,100.0,LANGUAGE <mark.cyj@gmail.com>
clementine,3562,0,1565,1011,0,350,1413,5127,69.47532670177492,Chinese (Taiwan) (http://www.transifex.com/davidsansome/clementine/language/zh_TW/)
clutter,3057,0,0,675,0,0,932,3057,100.0,Chinese Traditional <zh_TW@li.org>
cmake-fedora,0,0,0,0,0,0,0,0,0.0,
cockpit,7565,0,617,2063,0,145,2528,8182,92.45905646541188,Chinese (Traditional)
cogl,378,0,0,76,0,0,141,378,100.0,Chinese (Taiwan) <chinese-l10n@googlegroups.com>
colord,1990,0,0,253,0,0,546,1990,100.0,Chinese (Taiwan) (http://www.transifex.com/freedesktop/colord/language/zh_TW/)
colorhug-client,1400,0,32,292,0,5,456,1432,97.76536312849163,Chinese (Taiwan) (http://www.transifex.com/hughsie/colorhug-client/language/zh_TW/)
comix,1326,0,0,262,0,0,405,1326,100.0,
compiz,3125,969,291,689,142,48,750,4385,71.26567844925884,Chinese (Taiwan) <opensuse-translation@opensuse.org>
console-setup,985,12,4,175,2,1,344,1001,98.4015984015984,Debian-user in Chinese [Big5] <debian-chinese-big5@lists.debian.org>
corebird,583,0,3,209,0,2,260,586,99.48805460750853,Chinese (Taiwan) (http://www.transifex.com/corebird/corebird/language/zh_TW/)
coreutils,2618,8412,10003,371,662,745,1246,21033,12.447106927209623,Chinese (traditional) <zh-l10n@linux.org.tw>
cpio,899,240,763,178,39,96,458,1902,47.26603575184017,Chinese (traditional)  <zh-l10n@linux.org.tw>
cracklib,93,0,3,15,0,1,17,96,96.875,Novell Language <language@novell.com>
cross-binutils,7074,2663,2747,1378,238,397,3360,12484,56.66453059916693,Chinese (traditional) <zh-l10n@linux.org.tw>
cross-gcc,16428,67774,18437,2580,8677,1841,7131,102639,16.00561190190863,Chinese (traditional) <zh-l10n@linux.org.tw>
cups-pk-helper,149,0,0,22,0,0,22,149,100.0,Chinese (Taiwan) (http://www.transifex.net/projects/p/freedesktop/language/zh_TW/)
cura,18147,0,0,2112,0,0,3036,18147,100.0,Zhang Heh Ji <dinowchang@gmail.com>
cura-lulzbot,15560,0,0,1859,0,0,2702,15560,100.0,
dasher,634,0,0,209,0,0,264,634,100.0,Chinese (Taiwan) <zh-l10n@lists.linux.org.tw>
dconf-editor,2132,185,260,279,5,8,456,2577,82.73185875048506,Chinese (Taiwan) <chinese-l10n@googlegroups.com>
dcraw,603,0,0,121,0,0,351,603,100.0,
debconf,747,53,60,85,5,4,237,860,86.86046511627907,Debian-user in Chinese [Big5] <debian-chinese-big5@lists.debian.org>
deepin-daemon,1191,0,232,399,0,41,595,1423,83.69641602248771,Chinese (Taiwan) (http://www.transifex.com/linuxdeepin/deepin-desktop-environment/language/zh_TW/)
deepin-metacity,4030,82,116,615,3,3,1294,4228,95.31693472090824,Chinese (traditional) <zh-l10n@lists.linux.org.tw>
deepin-mutter,2646,0,0,362,0,0,699,2646,100.0,Chinese (Taiwan) <zh-l10n@lists.linux.org.tw>
deepin-qml-widgets,18,0,0,13,0,0,13,18,100.0,Chinese (Taiwan) (http://www.transifex.com/projects/p/deepin-qml-widgets/language/zh_TW/)
deepin-terminal,409,0,0,164,0,0,181,409,100.0,Chinese (Taiwan) (https://www.transifex.com/linuxdeepin/teams/3976/zh_TW/)
deepin-wm,636,0,96,68,0,21,91,732,86.88524590163934,
deja-dup,2302,0,1880,385,0,109,736,4182,55.04543280726924,Chinese (Traditional) <zh_TW@li.org>
deluge,2441,0,287,859,0,19,1028,2728,89.47947214076247,Chinese (Traditional) <zh_TW@li.org>
devhelp,383,0,0,95,0,0,139,383,100.0,Chinese (Taiwan) <zh-l10n@lists.linux.org.tw>
dia,5283,408,910,2008,178,173,2907,6601,80.03332828359339,Chinese (Traditional) <zh-l10n@linux.org.tw>
dialog,25,0,0,23,0,0,23,25,100.0,Chinese (traditional) <zh-l10n@linux.org.tw>
diffuse,987,0,0,186,0,0,378,987,100.0,Chinese (traditional) <zh-l10n@linux.org.tw>
diffutils,421,1079,386,85,124,57,250,1886,22.32237539766702,Chinese (traditional) <zh-l10n@linux.org.tw>
digikam,26798,11158,10920,4681,1862,1039,6857,48876,54.8285457075047,Chinese <zh-l10n@linux.org.tw>
dino,43,0,754,14,0,195,20,797,5.395232120451694,none
dippi,0,0,397,0,0,53,0,397,0.0,none
dnf,3327,0,391,677,0,74,1176,3718,89.48359332974718,Chinese (Taiwan)
dnf-plugins-core,953,0,227,147,0,41,344,1180,80.76271186440678,Chinese (Taiwan)
dnf-plugins-extras,302,0,15,47,0,2,102,317,95.26813880126183,Chinese (Taiwan)
dnfdragora,846,0,13,359,0,5,509,859,98.48661233993015,Chinese (Taiwan) (https://www.transifex.com/MageiaLinux/teams/9361/zh_TW/)
docker-anaconda-addon,0,0,27,0,0,4,0,27,0.0,Chinese (Taiwan)
dolphin,1667,0,0,523,0,0,663,1667,100.0,Chinese <zh-l10n@linux.org.tw>
dolphin-emu,2109,0,4856,706,0,583,1190,6965,30.27997128499641,Chinese (Taiwan) (http://www.transifex.com/delroth/dolphin-emu/language/zh_TW/)
dolphin-plugins,1215,0,0,339,0,0,634,1215,100.0,Chinese Traditional <zh-l10n@linux.org.tw>
dos2unix,649,266,123,73,31,21,403,1038,62.52408477842004,Chinese (traditional) <zh-l10n@linux.org.tw>
dpkg,9121,1854,157,1193,161,26,3408,11132,81.93496227093065,Chinese (traditional) <debian-l10n-chinese@lists.debian.org>
dragon,278,0,0,87,0,0,123,278,100.0,Chinese <zh-l10n@linux.org.tw>
drgeo,1886,91,8,447,10,4,734,1985,95.01259445843829,Chinese (traditional) <zh-l10n@linux.org.tw>
easystroke,451,0,19,129,0,8,146,470,95.95744680851064,Chinese (Traditional) <zh_TW@li.org>
easytag,3801,0,1438,881,0,139,1291,5239,72.55201374308075,
eiciel,168,0,0,53,0,0,68,168,100.0,Chinese (Taiwan) <http://10n.opensuse.org/projects/eiciel/master/zh_TW/>
ekiga,4468,11,0,739,4,0,1270,4479,99.75440946639876,Chinese (Taiwan) <zh-l10n@lists.linux.org.tw>
electrum,2229,0,4657,525,0,722,632,6886,32.37002613999419,Chinese Traditional
elementary-calculator,75,0,5,34,0,3,37,80,93.75,LANGUAGE <LL@li.org>
elementary-calendar,364,109,11,151,28,5,170,484,75.20661157024794,Chinese (Traditional) <https://weblate.elementary.io/projects/calendar/calendar/zh_Hant/>
elementary-camera,59,3,0,14,2,0,15,62,95.16129032258065,Chinese (Traditional) <https://l10n.elementary.io/projects/camera/camera/zh_Hant/>
elementary-capnet-assist,32,0,49,5,0,8,5,81,39.50617283950617,Chinese (Traditional) <zh_TW@li.org>
elementary-code,673,118,21,170,23,5,218,812,82.88177339901478,Chinese (Traditional) <https://weblate.elementary.io/projects/code/code/zh_TW/>
elementary-files,2406,135,277,470,29,49,690,2818,85.37970191625266,Chinese (Traditional) <https://weblate.elementary.io/projects/files/files/zh_Hant/>
elementary-greeter,72,0,4,17,0,1,17,76,94.73684210526315,Chinese (Traditional) <https://weblate.elementary.io/projects/desktop/greeter/zh_Hant/>
elementary-music,1102,30,5,320,8,1,432,1137,96.9217238346526,Chinese (Traditional) <https://weblate.elementary.io/projects/music/music/zh_Hant/>
elementary-photos,3324,377,74,718,59,16,1142,3775,88.05298013245033,Chinese (Traditional) <https://weblate.elementary.io/projects/photos/photos/zh_TW/>
elementary-screenshot-tool,121,1,7,37,1,3,38,129,93.7984496124031,Chinese (Traditional) <https://weblate.elementary.io/projects/screenshot-tool/screenshot-tool/zh_TW/>
elementary-shortcut-overlay,77,0,5,35,0,2,35,82,93.90243902439023,Chinese (Traditional) <https://weblate.elementary.io/projects/desktop/shortcut-overlay/zh_TW/>
elementary-terminal,161,4,121,39,2,25,49,286,56.29370629370629,Chinese (Traditional) <https://weblate.elementary.io/projects/terminal/terminal/zh_TW/>
elementary-videos,145,0,5,49,0,3,51,150,96.66666666666667,Chinese (Traditional) <zh_TW@li.org>
elisa-player,18,6,226,7,1,94,10,250,7.199999999999999,Traditional Chinese <zh-l10n@linux.org.tw>
emerald,652,39,5,215,4,1,262,696,93.67816091954023,Chinese (Taiwan) <zh_TW@li.org>
empathy,8105,0,0,1726,0,0,2503,8105,100.0,Chinese (Hong Kong) <community@linuxhall.org>
engrampa,2051,0,5750,401,0,442,765,7801,26.291501089603898,Chinese (Taiwan) (https://www.transifex.com/mate/teams/13566/zh_TW/)
enlightenment,3301,1592,3794,1265,257,710,1559,8687,37.9993093127662,General
entangle,31,0,922,13,0,216,15,953,3.2528856243441764,Chinese (Taiwan) (http://www.transifex.com/projects/p/entangle/language/zh_TW/)
eog,3224,0,39,441,0,19,827,3263,98.80478087649402,LANGUAGE <LL@li.org>
eog-plugins,23,0,0,7,0,0,10,23,100.0,Chinese (Taiwan) <community@linuxhall.org>
eom,1793,0,3269,350,0,207,526,5062,35.42078229948637,Chinese (Taiwan) (https://www.transifex.com/mate/teams/13566/zh_TW/)
ephemeral,0,0,1809,0,0,207,0,1809,0.0,none
epiphany,3876,0,0,717,0,0,1088,3876,100.0,Chinese (Taiwan) <zh-l10n@lists.linux.org.tw>
evince,3569,0,0,623,0,0,944,3569,100.0,Chinese (Taiwan) <chinese-l10n@googlegroups.com>
evolution,27064,0,0,5454,0,0,7334,27064,100.0,
evolution-data-server,7493,0,0,1449,0,0,2627,7493,100.0,Chinese (traditional)
evolution-mapi,518,0,0,107,0,0,179,518,100.0,Chinese/Traditional <zh-l10n@lists.linux.org.tw>
exaile,2008,515,1545,591,167,316,803,4068,49.36086529006883,Chinese (Traditional) <https://hosted.weblate.org/projects/exaile/master/zh_Hant/>
exo,1454,0,0,299,0,0,496,1454,100.0,Chinese (Taiwan) (http://www.transifex.com/xfce/exo/language/zh_TW/)
expendable,56,0,171,27,0,66,29,227,24.669603524229075,Chinese (Taiwan) (http://www.transifex.com/projects/p/expendable/language/zh_TW/)
falkon,4309,0,0,1370,0,0,1923,4309,100.0,Chinese <zh-l10n@linux.org.tw>
fcitx,3172,0,131,701,0,27,1226,3303,96.03390856796852,Chinese (Taiwan) (http://www.transifex.com/fcitx/fcitx/language/zh_TW/)
fcitx-anthy,287,0,69,114,0,29,124,356,80.6179775280899,Chinese (Taiwan) (http://www.transifex.com/projects/p/fcitx/language/zh_TW/)
fcitx-chewing,55,0,0,26,0,0,33,55,100.0,Chinese (Taiwan) (http://www.transifex.com/fcitx/fcitx/language/zh_TW/)
fcitx-cloudpinyin,63,0,0,15,0,0,15,63,100.0,Chinese (Taiwan) (http://www.transifex.com/fcitx/fcitx/language/zh_TW/)
fcitx-configtool,105,0,1,32,0,1,34,106,99.05660377358491,Chinese (Taiwan) (http://www.transifex.com/fcitx/fcitx/language/zh_TW/)
fcitx-hangul,37,0,0,18,0,0,26,37,100.0,Chinese (Taiwan) (http://www.transifex.com/fcitx/fcitx/language/zh_TW/)
fcitx-kkc,65,0,53,26,0,20,31,118,55.08474576271186,Chinese (Taiwan) (http://www.transifex.com/projects/p/fcitx/language/zh_TW/)
fcitx-libpinyin,118,0,143,62,0,41,85,261,45.21072796934866,Chinese (Taiwan) (http://www.transifex.com/fcitx/fcitx/language/zh_TW/)
fcitx-m17n,45,0,0,17,0,0,24,45,100.0,Chinese (Taiwan) (http://www.transifex.com/fcitx/fcitx/language/zh_TW/)
fcitx-qt5,99,0,0,33,0,0,50,99,100.0,Chinese (Taiwan) (http://www.transifex.com/fcitx/fcitx/language/zh_TW/)
fcitx-skk,6,0,64,2,0,31,5,70,8.571428571428571,Chinese (Taiwan) (http://www.transifex.com/projects/p/fcitx/language/zh_TW/)
fcitx-sunpinyin,104,0,0,40,0,0,68,104,100.0,Chinese (Taiwan) (http://www.transifex.com/fcitx/fcitx/language/zh_TW/)
fcitx-table-extra,24,0,0,20,0,0,21,24,100.0,Chinese (Taiwan) (http://www.transifex.com/projects/p/fcitx/language/zh_TW/)
fcitx-table-other,24,0,0,22,0,0,22,24,100.0,Chinese (Taiwan) (http://www.transifex.com/projects/p/fcitx/language/zh_TW/)
fcitx-ui-light,0,0,121,0,0,41,0,121,0.0,Chinese (Taiwan) (http://www.transifex.net/projects/p/fcitx/team/zh_TW/)
fcitx-unikey,91,0,5,40,0,2,61,96,94.79166666666666,Chinese (Taiwan) (http://www.transifex.com/fcitx/fcitx/language/zh_TW/)
feedreader,5,0,794,3,0,218,3,799,0.6257822277847309,Chinese (Traditional) <https://hosted.weblate.org/projects/feedreader/translations/zh_Hant/>
file-roller,2396,0,0,543,0,0,658,2396,100.0,Chinese (traditional) <zh-l10n@lists.linux.org.tw>
filelight,419,0,0,94,0,0,146,419,100.0,Chinese <kde-i18n-doc@kde.org>
filezilla,9372,0,0,1641,0,0,2979,9372,100.0,milo <milo.tw@gmail.com>
findutils,447,598,1523,42,57,140,224,2568,17.406542056074766,Chinese (traditional) <zh-l10n@linux.org.tw>
firewalld,2217,0,0,415,0,0,620,2217,100.0,Chinese (Taiwan) (http://www.transifex.com/projects/p/firewalld/language/zh_TW/)
five-or-more,274,0,0,61,0,0,100,274,100.0,Chinese (traditional)
flatpak,3989,476,267,816,104,38,1533,4732,84.29839391377853,Chinese <zh-l10n@linux.org.tw>
flex,791,339,2,164,2,1,384,1132,69.87632508833921,Chinese (traditional) <zh-l10n@linux.org.tw>
focuswriter,129,0,0,7,0,0,9,129,100.0,Chinese (Taiwan) (http://www.transifex.com/projects/p/focuswriter/language/zh_TW/)
foliate,614,20,301,277,8,48,313,935,65.66844919786097,none
folks,1056,0,0,130,0,0,263,1056,100.0,Chinese (Taiwan) <chinese-l10n@googlegroups.com>
fontaine,15,0,0,1,0,0,8,15,100.0,LANGUAGE
fontforge,25648,14052,2004,6104,951,192,10059,41704,61.500095914061006,Chinese (traditional) <zh-l10n@linux.org.tw>
fonts-tweak-tool,21,6,169,9,2,54,11,196,10.714285714285714,"Chinese (Traditional, Taiwan)"
four-in-a-row,256,0,0,73,0,0,103,256,100.0,Chinese (traditional)
fprintd,419,0,0,57,0,0,90,419,100.0,Chinese (Taiwan) (http://www.transifex.com/freedesktop/fprintd/language/zh_TW/)
freeciv,5825,2255,97572,2366,693,5995,3208,105652,5.513383561125203,Chinese (Traditional) <zero00072@gmail.com>
freedink,5,78,0,2,13,0,2,83,6.024096385542169,Chinese (traditional) <zh-l10n@linux.org.tw>
frepple,2683,0,0,748,0,0,913,2683,100.0,frepple
frescobaldi,502,166,15019,286,82,1792,352,15687,3.2001019952827185,Chinese (traditional) <zh-l10n@linux.org.tw>
fuse-encfs,4,0,1285,1,0,136,2,1289,0.3103180760279286,Traditional Chinese <zh_TW@li.org>
fvwm,248,0,0,112,0,0,144,248,100.0,zh_TW <zh-l10n@linux.org.tw>
fwupd,1109,0,0,228,0,0,308,1109,100.0,Chinese (Taiwan) (http://www.transifex.com/freedesktop/fwupd/language/zh_TW/)
gajim,6182,3026,1592,1385,589,221,2021,10800,57.24074074074073,Chinese (traditional) <zh-l10n@linux.org.tw>
gala,477,200,17,67,10,2,71,694,68.73198847262248,Chinese (Traditional) <https://weblate.elementary.io/projects/desktop/gala/zh_Hant/>
galculator,935,0,0,275,0,0,488,935,100.0,Chinese (Taiwan) (http://www.transifex.com/mate/MATE/language/zh_TW/)
gambas3,3995,526,1889,1193,168,627,1694,6410,62.324492979719196,LANGUAGE <LL@li.org>
gammu,51,198,3746,42,54,1015,48,3995,1.276595744680851,none
garcon,122,0,0,36,0,0,40,122,100.0,Chinese (Taiwan) (http://www.transifex.com/xfce/garcon/language/zh_TW/)
gbrainy,2214,292,3174,469,14,267,841,5680,38.978873239436616,Chinese (traditional) <zh-l10n@linux.org.tw>
gcc,16402,67858,18542,2577,8686,1851,7120,102802,15.954942510846093,Chinese (traditional) <zh-l10n@linux.org.tw>
gcin,211,0,0,148,0,0,211,211,100.0,LANGUAGE <LL@li.org>
gcompris,25468,206,160,2920,18,28,4984,25834,98.58326236742278,Chinese (Hong Kong) <community@linuxhall.org>
gcompris-qt,26307,0,0,2337,0,0,4681,26307,100.0,Chinese <zh-l10n@linux.org.tw>
gconf-editor,2834,0,0,238,0,0,413,2834,100.0,Chinese (Taiwan) <chinese-l10n@googlegroups.com>
gcr,704,0,0,255,0,0,317,704,100.0,Chinese (traditional)
gdesklets,887,0,641,156,0,48,266,1528,58.04973821989529,Chinese (traditional) <zh-l10n@linux.org.tw>
gdk-pixbuf2,1415,0,0,212,0,0,488,1415,100.0,Chinese (Taiwan) <zh-l10n@lists.linux.org.tw>
gdm,629,0,0,88,0,0,160,629,100.0,Chinese (Taiwan) <zh-l10n@lists.linux.org.tw>
geany,6025,0,29,1309,0,5,1735,6054,99.5209778658738,Chinese (traditional) <zh-l10n@linux.org.tw>
geary,1598,0,0,430,0,0,667,1598,100.0,Chinese (Taiwan) (http://www.transifex.com/projects/p/geary/language/zh_TW/)
geda-gaf,390,0,3057,170,0,602,216,3447,11.314186248912097,gEDA developers <geda-dev@seul.org>
gedit,9583,0,0,1154,0,0,2002,9583,100.0,LANGUAGE <LL@li.org>
gedit-latex,412,5,51,206,2,18,252,468,88.03418803418803,Chinese (Taiwan) <chinese-l10n@googlegroups.com>
gedit-plugins,5742,0,463,551,0,30,1169,6205,92.53827558420629,LANGUAGE <LL@li.org>
geeqie,1208,1225,1915,526,464,460,637,4348,27.782888684452622,Traditional Chinese <zh-l10n@linux.org.tw>
genius,2015,0,3912,390,0,419,807,5927,33.99696305044711,Chinese (traditional) <community@linuxhall.org>
gettext,4609,1940,1245,532,163,134,1837,7794,59.135232229920454,Chinese (traditional) <zh-l10n@linux.org.tw>
gftp,3096,230,49,560,70,4,1085,3375,91.73333333333333,Chinese (Taiwan) <community@linuxhall.org>
ggz-base-libs,72,0,0,16,0,0,16,72,100.0,Chinese (Taiwan) <community@linuxhall.org>
ggz-gtk-client,759,0,0,226,0,0,296,759,100.0,Chinese (Taiwan) <community@linuxhall.org>
ghdl,16402,67858,18542,2577,8686,1851,7120,102802,15.954942510846093,Chinese (traditional) <zh-l10n@linux.org.tw>
ghex,2566,0,22,350,0,15,641,2588,99.1499227202473,LANGUAGE <LL@li.org>
gigolo,521,0,0,142,0,0,174,521,100.0,Chinese (Taiwan) (http://www.transifex.com/projects/p/xfce/language/zh_TW/)
gimagereader,1309,121,131,413,5,8,530,1561,83.85650224215246,Chinese (Traditional) <https://hosted.weblate.org/projects/gimagereader/translations/zh_Hant/>
gimmix,678,0,0,125,0,0,366,678,100.0,
gimp,23464,6163,8382,6346,1636,1289,7847,38009,61.73274750716935,Chinese (Taiwan) <community@linuxhall.org>
gimp-gap,423,1120,3248,159,252,457,223,4791,8.829054477144647,Traditional Chinese <zh-l10n@linux.org.tw>
gimp-lqr-plugin,208,9,711,42,3,86,58,928,22.413793103448278,zh_TW
gip,103,0,0,31,0,0,54,103,100.0,Chinese (traditional) <zh-l10n@linux.org.tw>
git-cola,2713,26,96,730,11,30,1098,2835,95.69664902998237,Chinese l10n <chinese-l10n@googlegroups.com>
gitg,2034,0,0,365,0,0,608,2034,100.0,Chinese (Taiwan) <chinese-l10n@googlegroups.com>
glabels,2210,0,248,701,0,76,1004,2458,89.91049633848658,zh-l10n <zh-l10n@linux.org.tw>
glade,6515,212,219,1688,36,30,2402,6946,93.79498992225741,Chinese (Taiwan) <zh-l10n@lists.linux.org.tw>
glade2,5902,0,0,1311,0,0,1653,5902,100.0,Chinese (traditional) <community@linuxhall.org>
glade3,4210,34,75,1085,17,7,1586,4319,97.47626765454966,Chinese (Taiwan) <zh-l10n@lists.linux.org.tw>
glib-networking,258,0,0,39,0,0,96,258,100.0,Chinese (Taiwan) <chinese-l10n@googlegroups.com>
glib2,5877,938,291,988,114,37,1967,7106,82.70475654376584,Chinese (traditional)
glibc,7314,435,317,1356,65,41,3117,8066,90.67691544755765,Chinese (traditional) <zh-l10n@linux.org.tw>
glibc-arm-linux-gnu,7944,0,0,1450,0,0,3463,7944,100.0,Chinese (traditional) <zh-l10n@linux.org.tw>
glpi,10340,0,3277,2794,0,692,3556,13617,75.93449364764633,Chinese (Taiwan) (https://www.transifex.com/glpi/teams/1637/zh_TW/)
gmpc,1,0,1477,1,0,507,66,1478,0.06765899864682003,Chinese (Traditional) <zh_TW@li.org>
gmusicbrowser,1540,0,3808,643,0,967,737,5348,28.79581151832461,Chinese (Taiwan) (http://www.transifex.com/projects/p/gmusicbrowser/language/zh_TW/)
gnome-abrt,397,0,0,73,0,0,127,397,100.0,Chinese (Taiwan) (http://www.transifex.com/projects/p/gnome-abrt/language/zh_TW/)
gnome-activity-journal,31,0,285,11,0,83,12,316,9.81012658227848,Chinese (Traditional) <zh_TW@li.org>
gnome-backgrounds,31,0,0,16,0,0,18,31,100.0,Chinese (Taiwan) <community@linuxhall.org>
gnome-bluetooth,373,0,0,111,0,0,139,373,100.0,Traditional Chinese <zh-l10n@lists.linux.org.tw>
gnome-boxes,1282,0,0,294,0,0,459,1282,100.0,Chinese (Taiwan) <chinese-l10n@googlegroups.com>
gnome-builder,2519,802,1034,662,231,228,950,4355,57.84156142365098,Chinese (Taiwan) <chinese-l10n@googlegroups.com>
gnome-calculator,3173,0,0,816,0,0,1212,3173,100.0,Chinese (Taiwan) <chinese-l10n@googlegroups.com>
gnome-calendar,669,0,0,220,0,0,270,669,100.0,Chinese (Taiwan) <chinese-l10n@googlegroups.com>
gnome-characters,186,0,0,58,0,0,72,186,100.0,Chinese (Taiwan) <chinese-l10n@googlegroups.com>
gnome-chemistry-utils,4071,298,194,1130,87,50,2002,4563,89.21761998685076,Tryneeds in Tawian <tryneeds@gmail.com>
gnome-chess,1390,0,0,237,0,0,573,1390,100.0,Chinese (traditional)
gnome-clocks,283,0,0,100,0,0,116,283,100.0,Chinese (Taiwan) <chinese-l10n@googlegroups.com>
gnome-color-manager,2116,0,748,377,0,20,611,2864,73.88268156424581,Chinese (Taiwan) <chinese-l10n@googlegroups.com>
gnome-commander,506,321,7069,236,167,1020,292,7896,6.408308004052684,Chinese/Traditional <community@linuxhall.org>
gnome-contacts,586,0,0,166,0,0,224,586,100.0,Chinese (Taiwan) <chinese-l10n@googlegroups.com>
gnome-control-center,6841,0,0,2328,0,0,2985,6841,100.0,Chinese (traditional) <zh-l10n@linux.org.tw>
gnome-desktop,438,0,0,61,0,0,173,438,100.0,Chinese/Traditional <zh-l10n@lists.linux.org.tw>
gnome-desktop3,152,0,0,27,0,0,80,152,100.0,Chinese/Traditional <zh-l10n@lists.linux.org.tw>
gnome-dictionary,664,0,0,141,0,0,209,664,100.0,Chinese (traditional)
gnome-disk-utility,3887,0,0,727,0,0,1132,3887,100.0,Chinese (traditional)
gnome-do,505,0,107,121,0,23,185,612,82.51633986928104,Traditional Chinese <zh_TW@li.org>
gnome-doc-utils,251,0,0,101,0,0,238,251,100.0,Chinese (Taiwan) <community@linuxhall.or>
gnome-documents,655,0,0,208,0,0,274,655,100.0,Chinese (Taiwan) <chinese-l10n@googlegroups.com>
gnome-font-viewer,142,0,385,45,0,156,113,527,26.944971537001898,Chinese (traditional)
gnome-getting-started-docs,2639,0,0,339,0,0,605,2639,100.0,Chinese (Taiwan) <chinese-l10n@googlegroups.com>
gnome-gmail,45,17,125,11,3,17,22,187,24.06417112299465,Chinese (Traditional) <zh_TW@li.org>
gnome-icon-theme,20,0,0,16,0,0,18,20,100.0,Chinese (traditional) <zh-l10n@lists.linux.org.tw>
gnome-initial-setup,848,0,0,122,0,0,146,848,100.0,Chinese (Taiwan) <chinese-l10n@googlegroups.com>
gnome-keyring,509,0,0,103,0,0,136,509,100.0,Chinese (traditional)
gnome-klotski,194,0,0,59,0,0,88,194,100.0,Chinese (traditional)
gnome-libs,2156,3,48,779,3,9,1047,2207,97.68917082011781,traditional Chinese <zh-l10n@linux.org.tw>
gnome-logs,378,0,0,124,0,0,153,378,100.0,Chinese (Taiwan) <chinese-l10n@googlegroups.com>
gnome-mahjongg,304,0,0,63,0,0,88,304,100.0,Chinese (traditional)
gnome-maps,1236,0,0,315,0,0,473,1236,100.0,Chinese (Taiwan) <chinese-l10n@googlegroups.com>
gnome-menus,70,0,0,27,0,0,31,70,100.0,Chinese/Traditional <zh-l10n@lists.linux.org.tw>
gnome-mime-data,887,0,0,362,0,0,742,887,100.0,Chinese (traditional) <community@linuxhall.org>
gnome-mines,344,0,0,72,0,0,110,344,100.0,Chinese (traditional)
gnome-multi-writer,390,0,0,61,0,0,139,390,100.0,Chinese (Taiwan) (http://www.transifex.com/projects/p/gnome-multi-writer/language/zh_TW/)
gnome-music,938,0,0,178,0,0,346,938,100.0,Chinese (Taiwan) <chinese-l10n@googlegroups.com>
gnome-nettool,664,0,0,219,0,0,369,664,100.0,Chinese (Taiwan) <zh-l10n@lists.linux.org.tw>
gnome-nibbles,447,0,0,110,0,0,144,447,100.0,Chinese (traditional)
gnome-online-accounts,693,0,0,155,0,0,243,693,100.0,Chinese (Taiwan) <chinese-l10n@googlegroups.com>
gnome-packagekit,3500,0,0,553,0,0,702,3500,100.0,Chinese (traditional)
gnome-phone-manager,559,0,0,97,0,0,148,559,100.0,Chinese (traditional) <zh-l10n@linux.org.tw>
gnome-photos,556,0,0,217,0,0,282,556,100.0,Chinese (Taiwan) <chinese-l10n@googlegroups.com>
gnome-power-manager,489,0,0,151,0,0,185,489,100.0,Chinese (Taiwan) <zh-l10n@lists.linux.org.tw>
gnome-robots,597,0,0,97,0,0,129,597,100.0,Chinese (traditional)
gnome-screensaver,291,0,0,58,0,0,90,291,100.0,Chinese (Taiwan) <zh-l10n@lists.linux.org.tw>
gnome-screenshot,457,0,0,80,0,0,111,457,100.0,Chinese (traditional)
gnome-search-tool,2498,0,0,372,0,0,486,2498,100.0,Chinese (Hong Kong) <community@linuxhall.org>
gnome-session,299,0,0,50,0,0,99,299,100.0,Chinese (Taiwan) <zh-l10n@lists.linux.org.tw>
gnome-settings-daemon,2549,0,0,371,0,0,601,2549,100.0,Chinese (Taiwan) <zh-l10n@lists.linux.org.tw>
gnome-shell,1841,0,0,425,0,0,597,1841,100.0,Chinese (Taiwan) <zh-l10n@lists.linux.org.tw>
gnome-shell-extension-dash-to-dock,458,0,0,115,0,0,166,458,100.0,Chinese (Traditional) <>
gnome-shell-extension-freon,94,0,0,27,0,0,35,94,100.0,
gnome-shell-extension-gsconnect,526,0,4,217,0,2,245,530,99.24528301886792,Chinese Traditional
gnome-shell-extension-media-player-indicator,50,18,18,15,4,3,15,86,58.139534883720934,
gnome-shell-extension-netspeed,29,0,7,17,0,2,17,36,80.55555555555556,
gnome-shell-extension-openweather,619,0,0,201,0,0,271,619,100.0,Chinese (Traditional) <>
gnome-shell-extensions,388,0,0,70,0,0,103,388,100.0,Chinese (Taiwan) <chinese-l10n@googlegroups.com>
gnome-software,3818,0,0,783,0,0,1049,3818,100.0,Chinese (Taiwan) <chinese-l10n@googlegroups.com>
gnome-sound-recorder,484,0,0,125,0,0,177,484,100.0,Chinese (Hong Kong) <community@linuxhall.org>
gnome-subtitles,1728,160,200,544,66,28,628,2088,82.75862068965517,Chinese (traditional) <kentxchang@gmail.com>
gnome-sudoku,399,0,0,72,0,0,106,399,100.0,Chinese (traditional)
gnome-system-log,884,0,0,152,0,0,320,884,100.0,Chinese (Hong Kong) <community@linuxhall.org>
gnome-system-monitor,1440,0,0,305,0,0,439,1440,100.0,Chinese (Taiwan) <zh-l10n@lists.linux.org.tw>
gnome-taquin,451,0,0,94,0,0,184,451,100.0,Chinese (Hong Kong) <community@linuxhall.org>
gnome-terminal,2503,0,0,486,0,0,705,2503,100.0,Chinese (traditional)
gnome-tetravex,220,0,0,45,0,0,67,220,100.0,Chinese (traditional)
gnome-themes,109,0,0,30,0,0,30,109,100.0,Chinese (Taiwan) <zh-l10n@lists.linux.org.tw>
gnome-themes-extra,15,0,0,6,0,0,6,15,100.0,Chinese (Taiwan) <chinese-l10n@googlegroups.com>
gnome-todo,684,0,0,149,0,0,250,684,100.0,Chinese (Taiwan) <chinese-l10n@googlegroups.com>
gnome-tweaks,665,0,0,187,0,0,255,665,100.0,Chinese (traditional) <zh-l10n@lists.linux.org.tw>
gnome-usage,257,0,0,60,0,0,85,257,100.0,Chinese (Taiwan) <chinese-l10n@googlegroups.com>
gnome-user-share,52,0,0,10,0,0,13,52,100.0,Chinese (traditional)
gnome-vfs2,1519,0,0,305,0,0,546,1519,100.0,Chinese (Taiwan) <zh-l10n@lists.linux.org.tw>
gnome-video-effects,256,0,0,68,0,0,69,256,100.0,Chinese/Traditional <zh-l10n@lists.linux.org.tw>
gnome-weather,356,0,0,79,0,0,117,356,100.0,Chinese (Taiwan) <chinese-l10n@googlegroups.com>
gnomebaker,546,0,640,172,0,119,280,1186,46.0370994940978,Chinese (Taiwan) <zh_TW@li.org>
gnote,2930,44,19,436,6,9,487,2993,97.8950885399265,Chinese (traditional)
gnucash,12074,7504,14997,3044,1334,1008,3898,34575,34.92118582791034,Chinese (traditional) <zh-l10n@linux.org.tw>
gnumed,99,78,29224,47,39,4779,51,29401,0.33672324070609844,LANGUAGE <LL@li.org>
gnumeric,21527,177,15302,4378,30,1518,8290,37006,58.171647840890664,"Chinese (traditional) <zh-l10n@linux.org.tw, tryneeds@gmail.com>"
gnupg,8595,29,16,1291,4,2,3608,8640,99.47916666666666,Chinese (traditional) <zh-l10n@linux.org.tw>
gnupg2,11418,1244,770,1930,171,91,5331,13432,85.00595592614651,Chinese (traditional) <zh-l10n@linux.org.tw>
gobby,669,0,231,175,0,15,233,900,74.33333333333333,Chinese (Traditional) <zh_TW@li.org>
gobby05,922,72,479,206,23,53,254,1473,62.59334691106585,Chinese (traditional) <zh-l10n@linux.org.tw>
godot,1266,501,5263,370,161,1361,494,7030,18.008534850640114,Chinese (Traditional) <https://hosted.weblate.org/projects/godot-engine/godot/zh_Hant/>
goffice,4635,201,1365,1631,90,280,2663,6201,74.74600870827285,Chinese (traditional) <zh-l10n@linux.org.tw>
goffice08,2117,394,2088,909,143,508,1518,4599,46.03174603174603,Chinese (traditional) <zh-l10n@linux.org.tw>
googsystray,759,0,0,199,0,0,289,759,100.0,Chinese Traditional <jim.duchek@gmail.com>
gourmet,1,0,3938,1,0,891,5,3939,0.02538715410002539,Chinese (Taiwan) <zh_TW@li.org>
gparted,2987,0,0,493,0,0,983,2987,100.0,Chinese (traditional) <zh-l10n@lists.linux.org.tw>
gphoto2,1674,82,0,335,4,0,613,1756,95.33029612756265,Chinese (traditional) <zh-l10n@linux.org.tw>
gpicview,236,0,0,52,0,0,93,236,100.0,zh_TW <LL@li.org>
gramps,24696,8167,5804,4664,1375,583,7548,38667,63.868414927457515,Chinese (traditional) <zh-l10n@linux.org.tw>
granatier,247,0,0,68,0,0,100,247,100.0,Chinese <zh-l10n@linux.org.tw>
granite,139,0,11,65,0,3,82,150,92.66666666666666,Chinese (Traditional) <https://l10n.elementary.io/projects/desktop/granite/zh_Hant/>
grantlee-editor,495,35,0,152,6,0,201,530,93.39622641509435,Chinese <zh-l10n@linux.org.tw>
grep,615,259,7,94,12,1,352,881,69.80703745743473,Chinese (traditional) <zh-l10n@linux.org.tw>
gretl,11939,2149,2346,3050,631,432,7973,16434,72.64816843130096,Chinese
grilo,191,0,0,36,0,0,58,191,100.0,Chinese (Taiwan) <chinese-l10n@googlegroups.com>
grilo-plugins,537,0,0,133,0,0,220,537,100.0,Chinese (Taiwan) <chinese-l10n@googlegroups.com>
grip,1332,522,488,394,110,94,642,2342,56.87446626814688,Chinese (traditional) <zh-l10n@linux.org.tw>
grsync,1137,4,26,160,1,2,361,1167,97.42930591259639,Chinese (traditional) <zh-l10n@linux.org.tw>
grub-customizer,844,0,451,186,0,7,301,1295,65.17374517374517,Chinese (Traditional) <zh_TW@li.org>
grub2,1741,1296,4082,352,240,752,734,7119,24.45568197780587,Chinese (traditional) <zh-l10n@linux.org.tw>
gscan2pdf,133,0,1911,61,0,475,68,2044,6.506849315068493,Chinese (Taiwan) <zh_TW@li.org>
gsettings-desktop-schemas,6378,0,0,572,0,0,1080,6378,100.0,Chinese (Taiwan) <chinese-l10n@googlegroups.com>
gspell,78,0,0,32,0,0,34,78,100.0,chinese-l10n <chinese-l10n@googlegroups.com>
gstreamer,405,297,1215,97,61,190,156,1917,21.12676056338028,Chinese (traditional) <zh-l10n@linux.org.tw>
gstreamer-plugins-good,210,65,539,78,22,90,97,814,25.7985257985258,Chinese (traditional) <zh-l10n@linux.org.tw>
gstreamer1,1969,25,84,351,3,21,497,2078,94.75457170356111,Chinese (traditional) <zh-l10n@linux.org.tw>
gstreamer1-plugins-good,54,9,749,6,1,92,8,812,6.65024630541872,Chinese (traditional) <zh-l10n@linux.org.tw>
gthumb,3461,0,0,1144,0,0,1378,3461,100.0,Chinese/Traditional <ubuntu-l10n-zh-tw@lists.launchpad.net>
gtk+,202,0,0,105,0,0,125,202,100.0,traditional Chinese <zh-l10n@linux.org.hk>
gtk-vnc,150,0,12,42,0,2,56,162,92.5925925925926,Chinese (Hong Kong) <community@linuxhall.org>
gtk2,12381,0,0,2582,0,0,3272,12381,100.0,
gtk2-engines,119,0,0,47,0,0,53,119,100.0,Chinese (Taiwan) <zh-l10n@lists.linux.org.tw>
gtk3,16107,87,467,3606,49,252,4597,16661,96.67486945561491,<>
gtk4,12535,82,26,2956,36,8,3793,12643,99.14577236415407,<>
gtkhash,65,36,62,29,10,12,35,163,39.87730061349693,Chinese (Traditional) <zh_TW@li.org>
gtkhtml3,488,0,0,310,0,0,346,488,100.0,Chinese (Taiwan) <zh-l10n@lists.linux.org.tw>
gtkpod,190,47,7283,115,19,1228,151,7520,2.5265957446808507,Chinese (Taiwan) <None>
gtksourceview2,2826,0,0,1076,0,0,1396,2826,100.0,Chinese (Hong Kong) <community@linuxhall.org>
gtksourceview3,320,2,0,105,1,0,143,322,99.37888198757764,Chinese (traditional)
gtksourceview4,308,0,0,94,0,0,133,308,100.0,Chinese (traditional)
gtkspell,11,0,0,5,0,0,5,11,100.0,Chinese (traditional) <zh-l10n@linux.org.tw>
gtkspell3,16,0,0,7,0,0,11,16,100.0,Chinese (traditional) <zh-l10n@linux.org.tw>
gtranslator,1390,20,220,373,2,14,508,1630,85.2760736196319,Traditional Chinese <chinese-l10n@googlegroups.com>
gtypist,291,169,96,58,18,15,147,556,52.33812949640287,OLS3 <ols3@www.tnc.edu.tw>
gucharmap,1216,4,10,400,2,7,508,1230,98.86178861788618,Chinese (Taiwan) <zh-l10n@lists.linux.org.tw>
gummi,683,64,11,243,14,4,284,758,90.10554089709763,
gutenprint,1584,7790,6388,465,2524,1711,793,15762,10.049486105824133,Chinese (traditional) <zh-l10n@linux.org.tw>
gvfs,2069,0,0,402,0,0,636,2069,100.0,Chinese (traditional)
gwenview,1497,0,0,391,0,0,528,1497,100.0,Chinese <kde-i18n-doc@kde.org>
gwget,507,0,0,166,0,0,211,507,100.0,Chinese (Taiwan) <community@linuxhall.org>
hamster-time-tracker,934,6,317,197,2,13,379,1257,74.30389817024661,Chinese (Taiwan) <chinese-l10n@googlegroups.com>
harvey,0,0,57,0,0,12,0,57,0.0,none
heaptrack,0,0,1206,0,0,180,0,1206,0.0,Traditional Chinese <zh-l10n@linux.org.tw>
hexchat,2744,0,3227,846,0,600,1203,5971,45.95545134818288,Chinese (Taiwan) (http://www.transifex.com/hexchat/hexchat/language/zh_TW/)
hitori,174,0,0,36,0,0,57,174,100.0,Chinese (Taiwan) <chinese-l10n@googlegroups.com>
homebank,2219,5,216,752,1,31,978,2440,90.94262295081967,Traditional Chinese <zh_TW@li.org>
hugin,6405,956,1498,1253,209,129,2057,8859,72.29935658652218,Chinese Traditional <NA>
iagno,322,0,0,72,0,0,117,322,100.0,Chinese (traditional)
ibus,4129,0,205,1036,0,16,1482,4334,95.269958467928,Chinese (Taiwan) <trans-zh_TW@lists.fedoraproject.org>
ibus-cangjie,152,0,0,22,0,0,29,152,100.0,Chinese (Taiwan) (http://www.transifex.com/projects/p/ibus-cangjie/language/zh_TW/)
ibus-chewing,359,0,0,70,0,0,116,359,100.0,"Chinese (Traditional Han, Taiwan)"
ibus-input-pad,103,0,0,32,0,0,45,103,100.0,Traditional Chinese
ibus-libpinyin,117,93,170,59,27,55,61,380,30.789473684210527,BYVoid <byvoid1@gmail.com>
ibus-libzhuyin,204,0,0,70,0,0,113,204,100.0,Peng Huang <shawn.p.huang@gmail.com>
ibus-pinyin,168,0,0,74,0,0,90,168,100.0,BYVoid <byvoid1@gmail.com>
ibus-table,434,0,661,82,0,57,109,1095,39.63470319634703,Chinese (Taiwan)
ibus-typing-booster,1,0,1777,1,0,192,2,1778,0.05624296962879641,Chinese (Traditional) <https://translate.stg.fedoraproject.org/projects/ibus-typing-booster/app/zh_TW/>
ibus-xkbc,61,0,0,28,0,0,29,61,100.0,LANGUAGE <LL@li.org>
icewm,1313,2,31,229,1,13,663,1346,97.5482912332838,Chinese (traditional) <zh-l10n@linux.org.tw>
im-chooser,229,0,10,52,0,4,88,239,95.81589958158996,Chinese (Taiwan) (http://www.transifex.net/projects/p/im-chooser/team/zh_TW/)
imsettings,440,5,11,80,1,3,162,456,96.49122807017544,Chinese (Taiwan) (http://www.transifex.net/projects/p/imsettings/team/zh_TW/)
initial-setup,33,0,106,7,0,20,9,139,23.741007194244602,Chinese (Taiwan) (http://www.transifex.com/projects/p/initial-setup/language/zh_TW/)
initscripts,775,54,143,119,10,19,342,972,79.73251028806584,Chinese (Taiwan) <trans-zh_TW@lists.fedoraproject.org>
inkscape,35228,2624,362,7596,528,21,11780,38214,92.18610980269011,Chinese Traditional <zh-l10n@linux.org.tw>
input-pad,423,2,1414,213,1,471,253,1839,23.00163132137031,Chinese (Taiwan) <trans-zh_TW@lists.fedoraproject.org>
iok,142,5,59,36,1,3,58,206,68.93203883495146,Traditional Chinese <zh@li.org>
iptux,727,0,72,233,0,7,281,799,90.98873591989988,Chinese Traditional
ircp-tray,238,0,1,60,0,1,128,239,99.581589958159,Traditional Chinese <zh_TW@li.org>
iso-codes,3443,9618,10053,2021,7020,6179,2097,23114,14.89573418707277,Chinese (Traditional) <https://hosted.weblate.org/projects/iso-codes/iso-15924/zh_Hant/>
isomaster,674,0,0,107,0,0,161,674,100.0,Chinese (traditional) <zh-l10n@linux.org.tw>
jmol,2533,169,464,869,44,108,1269,3166,80.00631711939356,Traditional Chinese <zh_TW@li.org>
joe,1265,525,237,285,134,59,512,2027,62.40749876665023,Chinese (traditional) <zh-l10n@linux.org.tw>
jpilot,1497,624,953,495,118,150,825,3074,48.69876382563435,Chinese (traditional) <zh-l10n@linux.org.tw>
json-glib,303,0,0,44,0,0,80,303,100.0,Chinese (Taiwan) <chinese-l10n@googlegroups.com>
juk,1497,0,0,363,0,0,508,1497,100.0,Chinese <zh-l10n@linux.org.tw>
jwhois,396,11,33,64,2,5,168,440,90.0,Chinese (traditional) <zh-l10n@linux.org.tw>
jwm,336,21,0,91,5,0,144,357,94.11764705882352,
k3b,20221,0,0,2521,0,0,6883,20221,100.0,Chinese <zh-l10n@linux.org.tw>
kaccounts-integration,82,0,0,12,0,0,19,82,100.0,Chinese <kde-i18n-doc@kde.org>
kaccounts-providers,60,0,0,20,0,0,31,60,100.0,Chinese <kde-i18n-doc@kde.org>
kactivitymanagerd,7,0,0,3,0,0,4,7,100.0,Chinese <zh-l10n@linux.org.tw>
kaddressbook,750,0,0,168,0,0,201,750,100.0,Chinese <zh-l10n@linux.org.tw>
kajongg,2444,0,0,510,0,0,718,2444,100.0,Chinese <kde-i18n-doc@kde.org>
kalarm,7269,0,0,1020,0,0,1438,7269,100.0,Chinese <zh-l10n@linux.org.tw>
kalgebra,226,0,57,108,0,2,140,283,79.85865724381625,Chinese <zh-l10n@linux.org.tw>
kalzium,10437,0,0,1530,0,0,2300,10437,100.0,Chinese <kde-i18n-doc@kde.org>
kamera,347,0,0,38,0,0,71,347,100.0,Chinese <kde-i18n-doc@kde.org>
kamoso,71,28,3,19,7,1,39,102,69.6078431372549,Chinese <kde-i18n-doc@kde.org>
kanagram,528,0,0,145,0,0,205,528,100.0,Chinese <kde-i18n-doc@kde.org>
kapman,114,0,0,36,0,0,59,114,100.0,Chinese Traditional <zh-l10n@linux.org.tw>
kapptemplate,272,0,0,52,0,0,96,272,100.0,Chinese <zh-l10n@linux.org.tw>
kate,5043,0,0,1202,0,0,1734,5043,100.0,Chinese <kde-i18n-doc@kde.org>
katomic,185,0,0,59,0,0,101,185,100.0,Chinese Traditional <zh-l10n@linux.org.tw>
kaudiocreator,1136,0,0,273,0,0,403,1136,100.0,Chinese Traditional <zh-l10n@linux.org.tw>
kblackbox,1364,0,0,102,0,0,194,1364,100.0,Chinese <kde-i18n-doc@kde.org>
kblocks,159,0,0,38,0,0,86,159,100.0,Chinese <kde-i18n-doc@kde.org>
kbounce,154,0,0,42,0,0,85,154,100.0,Chinese Traditional <kde-tw@googlegroups.com>
kbrickbuster,152,0,0,40,0,0,66,152,100.0,Chinese <kde-i18n-doc@kde.org>
kbruch,1345,0,0,195,0,0,244,1345,100.0,Chinese Traditional <kde-i18n-doc@kde.org>
kcachegrind,4372,0,0,563,0,0,939,4372,100.0,Chinese <zh-l10n@linux.org.tw>
kcalc,992,0,0,328,0,0,401,992,100.0,Chinese <zh-l10n@linux.org.tw>
kcharselect,88,0,0,34,0,0,57,88,100.0,Chinese <kde-i18n-doc@kde.org>
kchmviewer,329,156,487,78,44,85,98,972,33.8477366255144,<zh@li.org>
kcm-fcitx,248,0,3,60,0,3,90,251,98.80478087649402,Chinese (Taiwan) (http://www.transifex.com/fcitx/fcitx/language/zh_TW/)
kcm_systemd,1304,29,52,151,7,10,323,1385,94.15162454873645,Chinese Traditional <rthomsen6@gmail.com>
kcm_wacomtablet,773,133,150,165,42,33,222,1056,73.20075757575758,Chinese Traditional <kde-tw@googlegroups.com>
kcolorchooser,29,0,0,10,0,0,23,29,100.0,Chinese <kde-i18n-doc@kde.org>
kcoloredit,278,0,0,95,0,0,140,278,100.0,Chinese Traditional <zh-l10n@linux.org.tw>
kcron,534,0,0,190,0,0,255,534,100.0,Chinese Traditional <zh-l10n@linux.org.tw>
kdb,0,0,1494,0,0,243,0,1494,0.0,Traditional Chinese <zh-l10n@linux.org.tw>
kde-cli-tools,2188,0,0,228,0,0,608,2188,100.0,Chinese Traditional <kde-i18n-doc@kde.org>
kde-connect,694,2,2,166,1,1,253,698,99.42693409742121,Chinese <kde-i18n-doc@kde.org>
kde-dev-utils,96,0,0,35,0,0,63,96,100.0,Chinese <zh-l10n@linux.org.tw>
kde-gtk-config,309,0,0,76,0,0,157,309,100.0,Chinese <zh-l10n@linux.org.tw>
kde-l10n,104873,273,14,21155,16,5,34958,105160,99.72708254089008,Chinese Traditional <zh-l10n@linux.org.tw>
kde-partitionmanager,2146,107,46,485,13,25,691,2299,93.34493257938234,Chinese <kde-i18n-doc@kde.org>
kde-print-manager,967,0,0,274,0,0,418,967,100.0,Chinese <zh-l10n@linux.org.tw>
kdebugsettings,157,0,0,49,0,0,63,157,100.0,Chinese <zh-l10n@linux.org.tw>
kdecoration,0,0,27,0,0,15,0,27,0.0,Chinese <kde-i18n-doc@kde.org>
kdenetwork-filesharing,42,0,0,12,0,0,20,42,100.0,Chinese <kde-i18n-doc@kde.org>
kdepim-addons,2230,35,1914,443,2,378,700,4179,53.362048336922705,Chinese Traditional <zh-l10n@linux.org.tw>
kdepim-apps-libs,59,0,321,34,0,47,37,380,15.526315789473685,Chinese Traditional <kde-i18n-doc@kde.org>
kdepim-runtime,6520,0,1411,1038,0,203,1920,7931,82.20905308283949,Chinese Traditional <kde-tw@googlegroups.com>
kdeplasma-addons,1603,0,45,593,0,15,706,1648,97.26941747572816,Chinese <zh-l10n@linux.org.tw>
kdesdk-kioslaves,82,0,0,17,0,0,57,82,100.0,Chinese Traditional <zh-l10n@linux.org.tw>
kdesdk-thumbnailers,4,0,0,4,0,0,4,4,100.0,Chinese Traditional <kde-tw@googlegroups.com>
kdesvn,0,0,4937,0,0,914,0,4937,0.0,Traditional Chinese <zh-l10n@linux.org.tw>
kdevelop,9422,1593,4319,1959,276,785,3091,15334,61.445154558497464,Chinese Traditional <kde-tw@googlegroups.com>
kdevelop-php,328,132,51,51,11,7,129,511,64.18786692759295,Chinese <zh-l10n@linux.org.tw>
kdevelop-python,399,138,45,78,14,9,131,582,68.55670103092784,Chinese Traditional <kde-tw@googlegroups.com>
kdf,181,0,0,69,0,0,111,181,100.0,Chinese <kde-i18n-doc@kde.org>
kdiagram,65,0,0,39,0,0,44,65,100.0,Chinese Traditional <kde-i18n-doc@kde.org>
kdialog,347,0,0,70,0,0,146,347,100.0,Chinese <zh-l10n@linux.org.tw>
kdiamond,122,0,0,32,0,0,47,122,100.0,Chinese Traditional <zh-l10n@linux.org.tw>
kdiff3,889,112,2587,234,31,352,371,3588,24.777034559643255,Chinese <zh-l10n@linux.org.tw>
kdnssd,30,0,0,7,0,0,16,30,100.0,Chinese <kde-i18n-doc@kde.org>
kdump-anaconda-addon,83,0,0,12,0,0,26,83,100.0,Traditional Chinese <zh_TW@li.org>
keditbookmarks,466,0,0,132,0,0,254,466,100.0,Chinese <kde-i18n-doc@kde.org>
kexi,2673,3674,1004,785,570,138,921,7351,36.362399673513806,Chinese Traditional <zh-l10n@linux.org.tw>
kf5-akonadi-calendar,1877,0,0,288,0,0,418,1877,100.0,Chinese Traditional <kde-i18n-doc@kde.org>
kf5-akonadi-contacts,1414,4,0,295,1,0,413,1418,99.71791255289139,Chinese Traditional <kde-i18n-doc@kde.org>
kf5-akonadi-mime,534,38,0,101,6,0,125,572,93.35664335664336,Chinese Traditional <kde-tw@googlegroups.com>
kf5-akonadi-notes,2,0,0,1,0,0,1,2,100.0,Chinese Traditional <zh-l10n@linux.org.tw>
kf5-akonadi-search,48,0,0,11,0,0,15,48,100.0,Chinese <zh-l10n@linux.org.tw>
kf5-akonadi-server,2172,117,225,378,23,28,715,2514,86.39618138424821,Chinese Traditional <zh-l10n@linux.org.tw>
kf5-audiocd-kio,840,0,0,176,0,0,329,840,100.0,Chinese Traditional <zh-l10n@linux.org.tw>
kf5-baloo,883,0,0,197,0,0,364,883,100.0,Chinese <zh-l10n@linux.org.tw>
kf5-calendarsupport,2976,0,0,417,0,0,537,2976,100.0,Chinese <zh-l10n@linux.org.tw>
kf5-eventviews,2893,16,47,308,5,6,388,2956,97.86874154262517,Chinese Traditional <kde-i18n-doc@kde.org>
kf5-grantleetheme,3,0,11,1,0,5,1,14,21.428571428571427,Chinese Traditional <kde-tw@googlegroups.com>
kf5-incidenceeditor,2167,190,7,403,30,3,509,2364,91.66666666666666,Chinese Traditional <kde-i18n-doc@kde.org>
kf5-kalarmcal,198,0,0,101,0,0,114,198,100.0,Chinese Traditional <kde-i18n-doc@kde.org>
kf5-kauth,73,0,0,8,0,0,15,73,100.0,Chinese <kde-i18n-doc@kde.org>
kf5-kblog,243,0,0,27,0,0,36,243,100.0,Chinese Traditional <zh-l10n@linux.org.tw>
kf5-kbookmarks,230,0,0,49,0,0,72,230,100.0,Chinese <kde-i18n-doc@kde.org>
kf5-kcalendarutils,1016,586,28,312,105,10,455,1630,62.33128834355828,Chinese Traditional <kde-i18n-doc@kde.org>
kf5-kcmutils,564,0,0,72,0,0,121,564,100.0,Chinese <zh-l10n@linux.org.tw>
kf5-kcodecs,348,0,0,53,0,0,57,348,100.0,Chinese Traditional <kde-i18n-doc@kde.org>
kf5-kcompletion,18,0,0,11,0,0,11,18,100.0,Chinese Traditional <kde-tw@googlegroups.com>
kf5-kconfig,261,0,0,100,0,0,110,261,100.0,Chinese <kde-i18n-doc@kde.org>
kf5-kconfigwidgets,321,0,0,117,0,0,128,321,100.0,Chinese <kde-i18n-doc@kde.org>
kf5-kcontacts,177,0,0,108,0,0,108,177,100.0,Chinese <zh-l10n@linux.org.tw>
kf5-kcoreaddons,333,0,0,125,0,0,231,333,100.0,Chinese <zh-l10n@linux.org.tw>
kf5-kdav,0,0,185,0,0,20,0,185,0.0,Chinese <kde-i18n-doc@kde.org>
kf5-kdbusaddons,48,0,0,6,0,0,18,48,100.0,Chinese <zh-l10n@linux.org.tw>
kf5-kdeclarative,110,0,0,15,0,0,33,110,100.0,Chinese <zh-l10n@linux.org.tw>
kf5-kdelibs4support,4813,0,0,2364,0,0,3374,4813,100.0,Chinese <kde-i18n-doc@kde.org>
kf5-kdesignerplugin,54,0,0,9,0,0,22,54,100.0,Chinese Traditional <kde-tw@googlegroups.com>
kf5-kdesu,19,0,0,7,0,0,19,19,100.0,Chinese Traditional <kde-tw@googlegroups.com>
kf5-kdnssd,3,0,0,3,0,0,3,3,100.0,Chinese Traditional <kde-tw@googlegroups.com>
kf5-kdoctools,8,0,0,4,0,0,4,8,100.0,Chinese Traditional <zh-l10n@linux.org.tw>
kf5-kfilemetadata,308,0,0,127,0,0,147,308,100.0,Chinese <zh-l10n@linux.org.tw>
kf5-kglobalaccel,71,0,0,9,0,0,22,71,100.0,Chinese Traditional <kde-i18n-doc@kde.org>
kf5-kholidays,109,0,0,77,0,0,87,109,100.0,Chinese <kde-i18n-doc@kde.org>
kf5-khtml,1721,0,0,310,0,0,505,1721,100.0,Chinese <zh-l10n@linux.org.tw>
kf5-ki18n,124,0,0,110,0,0,120,124,100.0,Chinese Traditional <kde-i18n-doc@kde.org>
kf5-kiconthemes,37,0,0,18,0,0,28,37,100.0,Chinese <zh-l10n@linux.org.tw>
kf5-kidentitymanagement,174,0,0,23,0,0,34,174,100.0,Chinese <zh-l10n@linux.org.tw>
kf5-kimap,96,1,13,45,1,3,55,110,87.27272727272727,Chinese Traditional <kde-tw@googlegroups.com>
kf5-kinit,134,0,0,14,0,0,29,134,100.0,Chinese <kde-i18n-doc@kde.org>
kf5-kio,12209,0,0,1349,0,0,2678,12209,100.0,Chinese <zh-l10n@linux.org.tw>
kf5-kipi-plugins,5273,146,276,1133,29,68,1947,5695,92.58999122036874,Chinese <zh-l10n@linux.org.tw>
kf5-kirigami,0,0,2,0,0,2,0,2,0.0,Traditional Chinese <zh-l10n@linux.org.tw>
kf5-kirigami2,26,0,0,17,0,0,18,26,100.0,Chinese <zh-l10n@linux.org.tw>
kf5-kitemviews,7,0,0,4,0,0,4,7,100.0,Chinese <zh-l10n@linux.org.tw>
kf5-kitinerary,0,0,106,0,0,22,0,106,0.0,Chinese <kde-i18n-doc@kde.org>
kf5-kjobwidgets,123,0,0,36,0,0,65,123,100.0,Chinese Traditional <kde-tw@googlegroups.com>
kf5-kjsembed,248,0,0,44,0,0,110,248,100.0,Chinese Traditional <kde-tw@googlegroups.com>
kf5-kldap,156,6,20,49,1,4,78,182,85.71428571428571,Chinese Traditional <zh-l10n@linux.org.tw>
kf5-kmailtransport,622,6,26,102,4,3,165,654,95.10703363914374,Chinese Traditional <kde-i18n-doc@kde.org>
kf5-kmime,159,0,0,10,0,0,49,159,100.0,Chinese Traditional <zh-l10n@linux.org.tw>
kf5-knewstuff,702,0,0,159,0,0,205,702,100.0,Chinese <zh-l10n@linux.org.tw>
kf5-knotifications,18,0,0,6,0,0,8,18,100.0,Chinese Traditional <kde-tw@googlegroups.com>
kf5-knotifyconfig,129,0,0,17,0,0,27,129,100.0,Chinese Traditional <kde-i18n-doc@kde.org>
kf5-kontactinterface,4,0,0,2,0,0,6,4,100.0,Chinese Traditional <zh-l10n@linux.org.tw>
kf5-kpackage,495,0,0,97,0,0,167,495,100.0,Chinese <zh-l10n@linux.org.tw>
kf5-kparts,104,0,0,26,0,0,46,104,100.0,Chinese Traditional <kde-tw@googlegroups.com>
kf5-kpeople,21,0,0,11,0,0,11,21,100.0,Chinese Traditional <kde-i18n-doc@kde.org>
kf5-kpimtextedit,119,10,234,62,5,87,69,363,32.78236914600551,Chinese Traditional <kde-tw@googlegroups.com>
kf5-kpty,15,0,0,4,0,0,11,15,100.0,Chinese Traditional <kde-tw@googlegroups.com>
kf5-kross,100,0,0,35,0,0,56,100,100.0,Chinese Traditional <kde-tw@googlegroups.com>
kf5-kservice,170,0,0,28,0,0,59,170,100.0,Chinese <kde-i18n-doc@kde.org>
kf5-ksmtp,0,0,97,0,0,13,0,97,0.0,Chinese <kde-i18n-doc@kde.org>
kf5-ktexteditor,8338,33,4,1209,3,2,1962,8375,99.55820895522388,Chinese <zh-l10n@linux.org.tw>
kf5-ktextwidgets,462,0,0,122,0,0,144,462,100.0,Chinese <zh-l10n@linux.org.tw>
kf5-ktnef,355,0,0,143,0,0,188,355,100.0,Chinese Traditional <zh-l10n@linux.org.tw>
kf5-kunitconversion,5312,0,0,2266,0,0,3600,5312,100.0,Chinese <zh-l10n@linux.org.tw>
kf5-kwallet,1624,0,0,131,0,0,339,1624,100.0,Chinese Traditional <kde-i18n-doc@kde.org>
kf5-kwidgetsaddons,1321,0,0,458,0,0,543,1321,100.0,Chinese <zh-l10n@linux.org.tw>
kf5-kwindowsystem,2,0,0,1,0,0,2,2,100.0,Chinese Traditional <kde-tw@googlegroups.com>
kf5-kxmlgui,1602,0,0,228,0,0,401,1602,100.0,Chinese <zh-l10n@linux.org.tw>
kf5-kxmlrpcclient,13,0,0,2,0,0,7,13,100.0,Chinese Traditional <zh-l10n@linux.org.tw>
kf5-libgravatar,0,0,22,0,0,10,0,22,0.0,Traditional Chinese <zh-l10n@linux.org.tw>
kf5-libkcddb,557,0,0,251,0,0,304,557,100.0,Chinese Traditional <zh-l10n@linux.org.tw>
kf5-libkcompactdisc,15,0,0,10,0,0,11,15,100.0,Chinese Traditional <zh-l10n@linux.org.tw>
kf5-libkdepim,391,50,24,109,13,5,154,465,84.08602150537634,Chinese Traditional <kde-i18n-doc@kde.org>
kf5-libkgeomap,139,0,0,46,0,0,56,139,100.0,Chinese Traditional <kde-tw@googlegroups.com>
kf5-libkleo,723,79,406,168,32,109,240,1208,59.85099337748344,Chinese Traditional <kde-i18n-doc@kde.org>
kf5-libksane,272,0,0,83,0,0,110,272,100.0,Chinese <kde-i18n-doc@kde.org>
kf5-libksieve,2992,146,161,490,33,34,776,3299,90.69414974234617,Chinese Traditional <zh-l10n@linux.org.tw>
kf5-libktorrent,471,0,0,106,0,0,195,471,100.0,Chinese Traditional <kde-tw@googlegroups.com>
kf5-mailcommon,2619,60,148,442,12,16,620,2827,92.64237707817475,Chinese Traditional <kde-i18n-doc@kde.org>
kf5-mailimporter,1314,84,10,108,11,8,420,1408,93.32386363636364,Chinese Traditional <kde-i18n-doc@kde.org>
kf5-messagelib,7136,270,208,1098,44,45,1815,7614,93.72209088521146,Chinese Traditional <kde-i18n-doc@kde.org>
kf5-pimcommon,745,50,239,202,17,30,255,1034,72.05029013539652,Chinese Traditional <kde-i18n-doc@kde.org>
kf5-plasma,504,0,0,147,0,0,176,504,100.0,Chinese <zh-l10n@linux.org.tw>
kf5-purpose,264,0,0,72,0,0,93,264,100.0,Chinese <kde-i18n-doc@kde.org>
kf5-solid,682,0,0,223,0,0,344,682,100.0,Chinese <zh-l10n@linux.org.tw>
kf5-sonnet,667,0,0,73,0,0,97,667,100.0,Chinese <zh-l10n@linux.org.tw>
kf5-syntax-highlighting,518,0,4,321,0,1,446,522,99.23371647509579,Chinese <zh-l10n@linux.org.tw>
kfind,504,0,0,117,0,0,203,504,100.0,Chinese <kde-i18n-doc@kde.org>
kfloppy,641,0,0,100,0,0,239,641,100.0,Chinese <kde-i18n-doc@kde.org>
kfourinline,392,0,0,157,0,0,197,392,100.0,Chinese Traditional <kde-tw@googlegroups.com>
kgamma,130,0,0,16,0,0,35,130,100.0,Chinese Traditional <zh-l10n@linux.org.tw>
kgeography,9698,0,0,7131,0,0,8953,9698,100.0,Chinese <zh-l10n@linux.org.tw>
kget,2953,0,0,794,0,0,1122,2953,100.0,Chinese <kde-i18n-doc@kde.org>
kgoldrunner,23556,0,0,908,0,0,1729,23556,100.0,Chinese <zh-l10n@linux.org.tw>
kgpg,5282,0,0,698,0,0,1255,5282,100.0,Chinese <kde-i18n-doc@kde.org>
kgrab,370,0,0,53,0,0,107,370,100.0,Chinese Traditional <zh-l10n@linux.org.tw>
kgraphviewer,963,283,14,220,17,6,342,1260,76.42857142857142,Chinese Traditional <kde-tw@googlegroups.com>
khangman,473,0,0,119,0,0,183,473,100.0,Chinese <zh-l10n@linux.org.tw>
khelpcenter,265,0,0,90,0,0,132,265,100.0,Chinese <zh-l10n@linux.org.tw>
khotkeys,438,0,0,129,0,0,172,438,100.0,Chinese <kde-i18n-doc@kde.org>
kiconedit,726,0,0,155,0,0,245,726,100.0,Chinese Traditional <zh-l10n@linux.org.tw>
kid3,1884,9,440,816,4,133,1050,2333,80.75439348478353,Chinese (traditional) <kde-i18n-doc@kde.org>
kig,7875,0,0,1301,0,0,1754,7875,100.0,Chinese Traditional <zh-l10n@linux.org.tw>
kigo,500,0,0,129,0,0,224,500,100.0,Chinese <kde-i18n-doc@kde.org>
kile,4105,45,7012,1019,23,860,1432,11162,36.77656333990325,Chinese Traditional <zh-l10n@linux.org.tw>
killbots,641,0,0,128,0,0,150,641,100.0,Chinese <kde-i18n-doc@kde.org>
kimchi,3946,0,0,617,0,0,1299,3946,100.0,English
kinfocenter,2939,0,0,1018,0,0,1615,2939,100.0,Chinese <kde-i18n-doc@kde.org>
kio-extras,1056,0,0,135,0,0,301,1056,100.0,Chinese Traditional <zh-l10n@linux.org.tw>
kio-gdrive,30,0,0,5,0,0,11,30,100.0,Chinese <zh-l10n@linux.org.tw>
kio_gopher,17,0,0,5,0,0,11,17,100.0,Chinese Traditional <zh-l10n@linux.org.tw>
kiriki,144,0,0,50,0,0,69,144,100.0,Chinese <kde-i18n-doc@kde.org>
kiten,641,0,0,179,0,0,286,641,100.0,Chinese Traditional <zh-l10n@linux.org.tw>
kjots,387,7,5,101,3,2,136,399,96.99248120300751,Chinese Traditional <kde-tw@googlegroups.com>
kjumpingcube,412,0,0,95,0,0,188,412,100.0,Chinese Traditional <kde-tw@googlegroups.com>
kleopatra,6413,964,1450,977,224,157,1910,8827,72.65209017786337,Chinese Traditional <kde-i18n-doc@kde.org>
klettres,436,0,0,83,0,0,132,436,100.0,Chinese <kde-i18n-doc@kde.org>
klickety,178,0,0,62,0,0,96,178,100.0,Chinese <kde-i18n-doc@kde.org>
klines,99,0,0,28,0,0,58,99,100.0,Chinese <kde-i18n-doc@kde.org>
kmag,432,0,0,98,0,0,134,432,100.0,Chinese <kde-i18n-doc@kde.org>
kmahjongg,340,0,0,98,0,0,152,340,100.0,Chinese <kde-i18n-doc@kde.org>
kmail,7807,490,468,1199,96,59,1905,8765,89.07016543069024,Chinese <zh-l10n@linux.org.tw>
kmail-account-wizard,799,0,0,128,0,0,193,799,100.0,Chinese <zh-l10n@linux.org.tw>
kmenuedit,277,0,0,61,0,0,104,277,100.0,Chinese Traditional <kde-tw@googlegroups.com>
kmines,119,0,0,42,0,0,61,119,100.0,Chinese <zh-l10n@linux.org.tw>
kmix,930,0,0,208,0,0,351,930,100.0,Chinese <kde-i18n-doc@kde.org>
kmousetool,147,0,0,32,0,0,66,147,100.0,Chinese <kde-i18n-doc@kde.org>
kmouth,1515,0,0,204,0,0,292,1515,100.0,Chinese <kde-i18n-doc@kde.org>
kmplayer,1248,1,0,370,1,0,573,1249,99.919935948759,Chinese Traditional <zh-l10n@linux.org.tw>
kmplot,2467,0,0,473,0,0,640,2467,100.0,Chinese <zh-l10n@linux.org.tw>
kmymoney,12910,3223,5277,2681,566,335,3611,21410,60.29892573563755,Chinese Traditional <kde-tw@googlegroups.com>
knavalbattle,399,0,0,102,0,0,170,399,100.0,Chinese <kde-i18n-doc@kde.org>
knetwalk,230,0,0,54,0,0,84,230,100.0,Chinese Traditional <kde-tw@googlegroups.com>
knotes,789,0,0,239,0,0,319,789,100.0,Chinese <zh-l10n@linux.org.tw>
koffice-kivio,8417,0,0,2361,0,0,3618,8417,100.0,Chinese Traditional <zh-l10n@linux.org.tw>
kolf,401,0,0,148,0,0,199,401,100.0,Chinese <zh-l10n@linux.org.tw>
kollision,109,0,0,30,0,0,59,109,100.0,Chinese <kde-i18n-doc@kde.org>
kolourpaint,2623,0,0,452,0,0,675,2623,100.0,Chinese <kde-i18n-doc@kde.org>
kompare,1430,0,0,196,0,0,432,1430,100.0,Chinese <zh-l10n@linux.org.tw>
konqueror,9093,0,0,1405,0,0,2456,9093,100.0,Chinese Traditional <zh-l10n@linux.org.tw>
konquest,246,0,0,98,0,0,143,246,100.0,Chinese Traditional <kde-tw@googlegroups.com>
konsole5,2796,0,0,562,0,0,814,2796,100.0,Chinese <kde-i18n-doc@kde.org>
kontact,557,0,42,96,0,2,233,599,92.98831385642737,Chinese <zh-l10n@linux.org.tw>
konversation,10294,0,0,1638,0,0,3100,10294,100.0,Chinese <zh-l10n@linux.org.tw>
kopete,18427,0,0,3457,0,0,5396,18427,100.0,Traditional Chinese <zh_l10n@linux.org.tw>
korganizer,6427,206,163,861,32,21,1258,6796,94.57033549146556,Chinese Traditional <kde-tw@googlegroups.com>
kpat,473,0,0,140,0,0,222,473,100.0,Chinese <kde-i18n-doc@kde.org>
kphotoalbum,6533,1262,1769,783,110,126,1540,9564,68.30823923044751,Chinese Traditional <kde-tw@googlegroups.com>
kpilot,7156,0,0,861,0,0,1831,7156,100.0,Chinese Traditional <zh-l10n@linux.org.tw>
kpmcore,350,1842,979,95,235,147,119,3171,11.037527593818984,Chinese Traditional <kde-tw@googlegroups.com>
kproperty,0,0,145,0,0,82,0,145,0.0,Traditional Chinese <zh-l10n@linux.org.tw>
krb5-auth-dialog,1369,20,299,280,5,49,461,1688,81.10189573459715,Chinese (traditional) <zh-l10n@lists.linux.org.tw>
krdc,1294,0,0,295,0,0,483,1294,100.0,Chinese <zh-l10n@linux.org.tw>
krecipes,3633,13,0,755,10,0,1159,3646,99.6434448710916,Chinese Traditional <kde-tw@googlegroups.com>
kreport,0,339,175,0,183,51,0,514,0.0,Chinese Traditional <kde-tw@googlegroups.com>
kreversi,428,0,0,141,0,0,199,428,100.0,Chinese <zh-l10n@linux.org.tw>
krfb,644,0,0,88,0,0,199,644,100.0,Chinese <kde-i18n-doc@kde.org>
krita,15529,3046,7464,5010,833,472,6231,26039,59.63746687660817,Chinese <zh-l10n@linux.org.tw>
kruler,184,0,0,47,0,0,74,184,100.0,Chinese <kde-i18n-doc@kde.org>
krusader,590,840,6508,330,337,1075,362,7938,7.432602670697909,Chinese Traditional <zh-l10n@linux.org.tw>
kscreen,193,0,74,59,0,10,87,267,72.28464419475655,Chinese <kde-i18n-doc@kde.org>
kscreenlocker,252,0,0,35,0,0,56,252,100.0,Chinese <zh-l10n@linux.org.tw>
kshisen,568,0,0,70,0,0,114,568,100.0,Chinese <zh-l10n@linux.org.tw>
ksig,85,0,0,26,0,0,37,85,100.0,Chinese Traditional <zh-l10n@linux.org.tw>
ksirk,5763,0,0,762,0,0,1321,5763,100.0,Chinese <kde-i18n-doc@kde.org>
ksnakeduel,231,0,0,53,0,0,108,231,100.0,Chinese Traditional <zh-l10n@linux.org.tw>
kspaceduel,165,0,0,81,0,0,100,165,100.0,Chinese Traditional <zh-l10n@linux.org.tw>
ksquares,257,0,0,76,0,0,98,257,100.0,Chinese Traditional <kde-tw@googlegroups.com>
ksshaskpass,43,0,0,12,0,0,31,43,100.0,Chinese Traditional <kde-i18n-doc@kde.org>
kstars,26135,7491,23086,8264,1822,5847,11298,56712,46.08372125828748,Chinese <zh-l10n@linux.org.tw>
ksudoku,1746,0,0,163,0,0,334,1746,100.0,Chinese <kde-i18n-doc@kde.org>
ksysguard,1082,0,0,237,0,0,346,1082,100.0,Chinese <zh-l10n@linux.org.tw>
ksystemlog,3034,0,0,479,0,0,856,3034,100.0,Chinese <kde-i18n-doc@kde.org>
kteatime,203,0,0,67,0,0,100,203,100.0,Chinese <zh-l10n@linux.org.tw>
ktimer,258,0,0,53,0,0,61,258,100.0,Chinese <kde-i18n-doc@kde.org>
ktorrent,7505,33,0,1377,5,0,2436,7538,99.56221809498541,Chinese <kde-i18n-doc@kde.org>
ktouch,871,0,0,242,0,0,291,871,100.0,Chinese <zh-l10n@linux.org.tw>
ktp-accounts-kcm,1100,0,0,309,0,0,519,1100,100.0,Chinese Traditional <kde-tw@googlegroups.com>
ktp-approver,71,0,0,18,0,0,40,71,100.0,Chinese Traditional <kde-i18n-doc@kde.org>
ktp-auth-handler,83,0,0,24,0,0,36,83,100.0,Chinese Traditional <kde-i18n-doc@kde.org>
ktp-common-internals,989,0,0,206,0,0,281,989,100.0,Chinese <zh-l10n@linux.org.tw>
ktp-contact-list,680,0,0,127,0,0,190,680,100.0,Chinese <kde-i18n-doc@kde.org>
ktp-contact-runner,208,0,0,43,0,0,58,208,100.0,Chinese <kde-i18n-doc@kde.org>
ktp-desktop-applets,75,0,0,22,0,0,23,75,100.0,Chinese <kde-i18n-doc@kde.org>
ktp-filetransfer-handler,141,0,0,39,0,0,68,141,100.0,Chinese Traditional <kde-tw@googlegroups.com>
ktp-kded-integration-module,490,0,0,59,0,0,120,490,100.0,Chinese <kde-i18n-doc@kde.org>
ktp-send-file,60,0,0,18,0,0,27,60,100.0,Chinese Traditional <kde-i18n-doc@kde.org>
ktp-text-ui,1441,0,0,321,0,0,502,1441,100.0,Chinese <zh-l10n@linux.org.tw>
ktuberling,158,0,0,38,0,0,57,158,100.0,Chinese <zh-l10n@linux.org.tw>
kturtle,1527,0,0,346,0,0,476,1527,100.0,Chinese Traditional <kde-tw@googlegroups.com>
kubrick,1203,0,0,165,0,0,321,1203,100.0,Chinese <kde-i18n-doc@kde.org>
kwalletmanager5,800,0,0,165,0,0,241,800,100.0,Chinese <kde-i18n-doc@kde.org>
kwave,728,360,4880,450,205,671,547,5968,12.198391420911529,Chinese Traditional <kde-tw@googlegroups.com>
kwebkitpart,625,3,14,145,1,1,211,642,97.35202492211839,Chinese Traditional <kde-tw@googlegroups.com>
kwin,6461,0,0,1255,0,0,1813,6461,100.0,Chinese <zh-l10n@linux.org.tw>
kwordquiz,2026,0,0,414,0,0,504,2026,100.0,Chinese <zh-l10n@linux.org.tw>
kxstitch,0,0,1966,0,0,560,0,1966,0.0,Traditional Chinese <zh-l10n@linux.org.tw>
l3afpad,113,0,17,61,0,3,72,130,86.92307692307692,Chinese (traditional) <zh-l10n@linux.org.tw>
ldm,0,0,55,0,0,19,0,55,0.0,Chinese (Traditional) <zh_TW@li.org>
leafpad,125,0,0,68,0,0,80,125,100.0,Chinese (traditional) <zh-l10n@linux.org.tw>
lekhonee-gnome,21,23,68,14,11,19,17,112,18.75,Chinese <fedora-trans-zh@redhat.com>
lftp,4025,0,0,500,0,0,1691,4025,100.0,Chinese <chinese-l10n@googlegroups.com>
libappstream-glib,450,0,0,98,0,0,199,450,100.0,Chinese (Taiwan) (http://www.transifex.com/freedesktop/appstream-glib/language/zh_TW/)
libbonobo,543,0,0,107,0,0,190,543,100.0,Chinese (Taiwan) <community@linuxhall.org>
libbonoboui,368,0,0,115,0,0,190,368,100.0,Chinese (Taiwan) <zh-l10n@lists.linux.org.tw>
libbytesize,17,0,0,17,0,0,17,17,100.0,Chinese (Taiwan)
libcryptui,3012,0,0,654,0,0,902,3012,100.0,Chinese (Taiwan) <zh-l10n@lists.linux.org.tw>
libdnf,640,0,383,111,0,62,233,1023,62.56109481915934,Chinese (Taiwan)
libfilezilla,307,0,0,65,0,0,117,307,100.0,milo <milo.tw@gmail.com>
libfm,1446,125,4,367,26,1,506,1575,91.80952380952381,zh_TW <zh_TW@li.org>
libgda,1081,3809,6252,282,875,897,527,11142,9.702028361155985,Chinese (Taiwan) <community@linuxhall.org>
libgdata,684,0,0,84,0,0,148,684,100.0,Chinese (Taiwan) <zh-l10n@lists.linux.org.tw>
libgdl,592,0,0,86,0,0,164,592,100.0,Chinese/Traditional <community@linuxhall.org>
libgnome,1773,0,0,273,0,0,450,1773,100.0,Chinese (Taiwan) <zh-l10n@lists.linux.org.tw>
libgnome-games-support,43,0,0,14,0,0,16,43,100.0,Chinese (Taiwan) <chinese-l10n@googlegroups.com>
libgnome-keyring,44,0,0,9,0,0,12,44,100.0,Chinese (Taiwan) <chinese-l10n@googlegroups.com>
libgnomecanvas,378,0,0,95,0,0,120,378,100.0,Chinese (Taiwan) <zh-l10n@lists.linux.org.tw>
libgnomekbd,242,0,0,55,0,0,68,242,100.0,Chinese (traditional)
libgnomeui,1226,0,0,320,0,0,385,1226,100.0,Chinese (Taiwan) <zh-l10n@lists.linux.org.tw>
libgpg-error,978,270,172,327,75,42,445,1420,68.87323943661971,Chinese (traditional) <zh-l10n@linux.org.tw>
libgphoto2,462,0,0,76,0,0,197,462,100.0,Chinese (traditional) <zh-l10n@linux.org.tw>
libgsf,696,0,0,146,0,0,275,696,100.0,Chinese (Taiwan) <community@linuxhall.org>
libgtop2,126,0,0,40,0,0,62,126,100.0,Chinese (Taiwan) <zh-l10n@lists.linux.org.tw>
libgweather,5974,129,78,4414,107,57,4540,6181,96.65102734185407,Chinese (Taiwan) <community@linuxhall.org>
libgxim,0,22,102,0,6,18,0,124,0.0,"Chinese (Traditional, Taiwan)"
libkdegames,370,0,0,132,0,0,155,370,100.0,Chinese Traditional <kde-tw@googlegroups.com>
libkeduvocdocument,171,0,0,81,0,0,101,171,100.0,Chinese <kde-i18n-doc@kde.org>
libkfbapi,42,0,0,6,0,0,18,42,100.0,Chinese Traditional <kde-tw@googlegroups.com>
libkgapi,300,10,22,67,3,4,81,332,90.36144578313254,Chinese Traditional <kde-i18n-doc@kde.org>
libkmahjongg,7,0,0,7,0,0,7,7,100.0,Chinese Traditional <zh-l10n@linux.org.tw>
libkomparediff2,143,0,0,19,0,0,37,143,100.0,Chinese Traditional <kde-tw@googlegroups.com>
libksysguard,3160,0,0,399,0,0,867,3160,100.0,Chinese <kde-i18n-doc@kde.org>
libktorrent,519,0,0,115,0,0,217,519,100.0,Chinese Traditional <zh-l10n@linux.org.tw>
libmatekbd,251,0,0,43,0,0,78,251,100.0,Chinese (Taiwan) (https://www.transifex.com/mate/teams/13566/zh_TW/)
libmatemixer,242,0,0,126,0,0,158,242,100.0,Chinese (Taiwan) (https://www.transifex.com/mate/teams/13566/zh_TW/)
libmateweather,5538,431,116,4137,317,66,4289,6085,91.01068200493016,Chinese (Taiwan) (https://www.transifex.com/mate/teams/13566/zh_TW/)
libmypaint,1537,0,0,106,0,0,347,1537,100.0,Chinese (Taiwan) <https://hosted.weblate.org/projects/mypaint/libmypaint/zh_TW/>
libosinfo,0,0,672,0,0,146,0,672,0.0,Chinese (Taiwan)
libpeas,112,0,0,34,0,0,37,112,100.0,Chinese (Taiwan) <chinese-l10n@googlegroups.com>
libpwquality,343,0,0,53,0,0,81,343,100.0,LANGUAGE <LL@li.org>
libreoffice,453483,3,111283,68918,2,9246,121696,564769,80.29530657667117,LANGUAGE <LL@li.org>
libreport,4987,0,0,607,0,0,1829,4987,100.0,Chinese (Taiwan) (http://www.transifex.com/projects/p/libreport/language/zh_TW/)
libsecret,118,0,0,18,0,0,18,118,100.0,Chinese (Hong Kong) <community@linuxhall.org>
libsmbios,0,0,2174,0,0,359,0,2174,0.0,Chinese (traditional)
libsoup,162,0,0,38,0,0,78,162,100.0,Chinese (Taiwan) <chinese-l10n@googlegroups.com>
libuser,1374,45,18,290,8,3,539,1437,95.61586638830897,Chinese (Taiwan) (http://www.transifex.com/projects/p/fedora/language/zh_TW/)
libvirt,1135,0,62672,270,0,9576,475,63807,1.7788016988731645,Chinese (Taiwan) (http://www.transifex.com/projects/p/libvirt/language/zh_TW/)
libvirt-glib,0,0,145,0,0,29,0,145,0.0,Chinese (Taiwan) (http://www.transifex.com/projects/p/libvirt-glib/language/zh_TW/)
libvirt-sandbox,0,0,617,0,0,111,0,617,0.0,Chinese (Taiwan) <trans-zh_TW@lists.fedoraproject.org>
libwnck,1124,0,0,241,0,0,365,1124,100.0,Chinese (Taiwan) <zh-l10n@lists.linux.org.tw>
libwnck3,1086,0,0,231,0,0,353,1086,100.0,Chinese (Taiwan) <zh-l10n@lists.linux.org.tw>
libxfce4ui,900,0,0,175,0,0,296,900,100.0,Chinese (Taiwan) (http://www.transifex.com/xfce/libxfce4ui/language/zh_TW/)
libxfce4util,424,0,0,7,0,0,278,424,100.0,Chinese (Taiwan) (http://www.transifex.com/xfce/libxfce4util/language/zh_TW/)
libzypp,2425,0,0,958,0,0,1415,2425,100.0,Chinese (Taiwan) <https://l10n.opensuse.org/projects/libzypp/master/zh_TW/>
liferea,666,720,827,160,187,148,221,2213,30.09489380930863,Chinese/Traditional <zh-l10n@linux.org.tw>
light-locker,234,0,26,33,0,4,50,260,90.0,Chinese (Taiwan) (http://www.transifex.com/the_cavalry/light-locker/language/zh_TW/)
lightdm,49,0,114,7,0,14,9,163,30.061349693251532,Chinese (Traditional) <zh_TW@li.org>
lightdm-gtk,68,0,19,22,0,3,22,87,78.16091954022988,Chinese (Traditional) <zh_TW@li.org>
lightdm-settings,271,0,0,59,0,0,66,271,100.0,Chinese (Traditional) <zh_TW@li.org>
lightsoff,110,0,0,20,0,0,42,110,100.0,Chinese (traditional)
lilypond,1243,4,1303,249,1,230,615,2550,48.745098039215684,Chinese (traditional) <zh-l10n@linux.org.tw>
lilyterm,1648,0,0,295,0,0,574,1648,100.0,Tetralet <tetralet@gmail.com>
linphone,962,127,314,263,44,93,489,1403,68.56735566642908,
linux_logo,45,3,6,15,3,5,45,54,83.33333333333334,SayyaBBS <>
lokalize,3905,0,0,636,0,0,1024,3905,100.0,Chinese <zh-l10n@linux.org.tw>
lollypop,1122,0,151,424,0,37,546,1273,88.13825608798115,Chinese (Traditional) <https://hosted.weblate.org/projects/gnumdk/lollypop/zh_Hant/>
lskat,254,0,0,83,0,0,130,254,100.0,Chinese Traditional <zh-l10n@linux.org.tw>
lutris,268,0,0,35,0,0,89,268,100.0,Chinese <zh-l10n@linux.org.tw>
lxappearance,233,1,0,79,1,0,99,234,99.57264957264957,zh_TW <zh@li.org>
lxappearance-obconf,196,0,0,27,0,0,71,196,100.0,Chinese (traditional) <zh-l10n@linux.org.tw>
lxde-common,14,0,0,5,0,0,8,14,100.0,LANGUAGE <LL@li.org>
lxdm,47,0,0,25,0,0,26,47,100.0,Chinese (traditional)
lxinput,83,0,0,26,0,0,30,83,100.0,zh_TW <LL@li.org>
lxlauncher,58,0,0,17,0,0,21,58,100.0,zh_TW <LL@li.org>
lxmenu-data,97,0,0,37,0,0,37,97,100.0,Chinese/Traditional <zh-l10n@linux.org.tw>
lxmusic,203,0,0,89,0,0,116,203,100.0,pcman.tw@gmail.com
lxrandr,165,2,0,40,1,0,73,167,98.80239520958084,zh_TW
lxsession,680,40,35,149,14,3,241,755,90.06622516556291,LANGUAGE <LL@li.org>
lxshortcut,43,0,0,19,0,0,24,43,100.0,Chinese/Traditional <zh-l10n@linux.org.tw>
lxtask,129,1,0,50,1,0,90,130,99.23076923076923,Tradictional Chinese <zh-l10n@linux.org.tw>
lxterminal,197,3,2,95,1,2,113,202,97.52475247524752,LXDE Contributors <admin@lxde.org>
lynx,3148,110,4791,632,35,551,1185,8049,39.11044850291962,Chinese (traditional) <zh-l10n@linux.org.tw>
lyx,19218,3055,3323,6093,807,390,10920,25596,75.08204406938584,Chinese (traditional) <zh-l10n@linux.org.tw>
mailman,9915,2425,11934,925,191,356,2411,24274,40.84617285985004,Chinese (traditional) <zh-L10n@linux.org.tw>
mailnag,135,0,70,46,0,13,59,205,65.85365853658537,Chinese (Traditional) <zh_TW@li.org>
man-db,1052,123,74,203,25,21,486,1249,84.22738190552442,Chinese (traditional) <zh-l10n@linux.org.tw>
manaplus,579,0,3805,237,0,1169,266,4384,13.20711678832117,Chinese (Taiwan) (http://www.transifex.com/projects/p/manaplus/language/zh_TW/)
marble,7112,2111,2219,2004,628,682,3526,11442,62.15696556546059,Chinese <zh-l10n@linux.org.tw>
marco,4218,0,0,422,0,0,875,4218,100.0,Chinese (Taiwan) (https://www.transifex.com/mate/teams/13566/zh_TW/)
massif-visualizer,251,20,86,69,8,32,128,357,70.30812324929971,Chinese Traditional <kde-tw@googlegroups.com>
mate-applets,2819,0,13008,691,0,905,1272,15827,17.811335060339925,Chinese (Taiwan) (https://www.transifex.com/mate/teams/13566/zh_TW/)
mate-backgrounds,51,0,0,28,0,0,43,51,100.0,Chinese (Taiwan) (https://www.transifex.com/mate/teams/13566/zh_TW/)
mate-calc,1593,0,1585,517,0,202,778,3178,50.125865324103216,Chinese (Taiwan) (https://www.transifex.com/mate/teams/13566/zh_TW/)
mate-control-center,3283,0,5250,1142,0,330,1375,8533,38.47415914684167,Chinese (Taiwan) (https://www.transifex.com/mate/teams/13566/zh_TW/)
mate-desktop,2356,0,0,305,0,0,581,2356,100.0,Chinese (Taiwan) (https://www.transifex.com/mate/teams/13566/zh_TW/)
mate-icon-theme,4,0,0,2,0,0,4,4,100.0,Chinese (Taiwan) (https://www.transifex.com/mate/teams/13566/zh_TW/)
mate-media,238,0,0,100,0,0,114,238,100.0,Chinese (Taiwan) (https://www.transifex.com/mate/teams/13566/zh_TW/)
mate-menu,316,0,0,118,0,0,139,316,100.0,Chinese (Taiwan) (http://www.transifex.com/mate/MATE/language/zh_TW/)
mate-menus,97,0,0,37,0,0,37,97,100.0,Chinese (Taiwan) (https://www.transifex.com/mate/teams/13566/zh_TW/)
mate-notification-daemon,139,0,0,37,0,0,48,139,100.0,Chinese (Taiwan) (https://www.transifex.com/mate/teams/13566/zh_TW/)
mate-panel,4535,0,2133,638,0,150,1027,6668,68.01139772045592,Chinese (Taiwan) (https://www.transifex.com/mate/teams/13566/zh_TW/)
mate-polkit,122,0,0,20,0,0,28,122,100.0,Chinese (Taiwan) (https://www.transifex.com/mate/teams/13566/zh_TW/)
mate-power-manager,2747,0,2447,452,0,129,717,5194,52.88794763188294,Chinese (Taiwan) (https://www.transifex.com/mate/teams/13566/zh_TW/)
mate-screensaver,996,0,0,158,0,0,230,996,100.0,Chinese (Taiwan) (https://www.transifex.com/mate/teams/13566/zh_TW/)
mate-sensors-applet,332,0,1835,119,0,108,183,2167,15.320719889247808,Chinese (Taiwan) (https://www.transifex.com/mate/teams/13566/zh_TW/)
mate-session-manager,653,0,38,122,0,2,167,691,94.50072358900144,Chinese (Taiwan) (https://www.transifex.com/mate/teams/13566/zh_TW/)
mate-settings-daemon,1840,0,0,274,0,0,396,1840,100.0,Chinese (Taiwan) (https://www.transifex.com/mate/teams/13566/zh_TW/)
mate-system-monitor,1507,0,2972,351,0,264,555,4479,33.64590310337129,Chinese (Taiwan) (https://www.transifex.com/mate/teams/13566/zh_TW/)
mate-terminal,4646,0,3767,544,0,249,958,8413,55.224058005467725,Chinese (Taiwan) (https://www.transifex.com/mate/teams/13566/zh_TW/)
mate-themes,60,0,0,12,0,0,14,60,100.0,Chinese (Taiwan) (http://www.transifex.com/mate/MATE/language/zh_TW/)
mate-user-admin,570,0,0,129,0,0,166,570,100.0,Chinese (Taiwan) (https://www.transifex.com/mate/teams/13566/zh_TW/)
mate-user-guide,615,0,42573,273,0,2964,485,43188,1.4240066685190331,Chinese (Taiwan) (https://www.transifex.com/mate/teams/13566/zh_TW/)
mate-utils,3921,0,6287,730,0,371,1063,10208,38.41105015673981,Chinese (Taiwan) (https://www.transifex.com/mate/teams/13566/zh_TW/)
mbox-importer,36,4,0,12,1,0,22,40,90.0,Chinese <zh-l10n@linux.org.tw>
mc,943,0,3234,316,0,915,535,4177,22.576011491501077,Chinese (Taiwan) (http://www.transifex.com/mc/mc/language/zh_TW/)
mcomix,2483,46,38,516,11,7,726,2567,96.7276977015972,
meiga,86,0,277,37,0,53,47,363,23.69146005509642,Taiwaneese <zh_TW@li.org>
meld,2745,0,0,553,0,0,760,2745,100.0,Babycaseny Gavèrnmènt
menulibre,292,0,557,111,0,53,130,849,34.39340400471143,Chinese (Traditional) <zh_TW@li.org>
mercurial,3096,33,30299,640,8,2372,1480,33428,9.261696781141557,Traditional Chinese
metacity,1990,82,116,305,3,3,646,2188,90.95063985374772,Chinese (traditional) <zh-l10n@lists.linux.org.tw>
midori,3541,0,0,796,0,0,1123,3541,100.0,chinese-l10n <chinese-l10n@googlegroups.com>
minetest,5080,547,779,816,95,113,1758,6406,79.30065563534187,Chinese (Taiwan) <https://hosted.weblate.org/projects/minetest/minetest/zh_TW/>
mingw-GConf2,4088,0,0,497,0,0,1300,4088,100.0,Chinese (Taiwan) <zh-l10n@lists.linux.org.tw>
mingw-atk,440,0,0,169,0,0,186,440,100.0,Chinese (Taiwan) <zh-l10n@lists.linux.org.tw>
mingw-binutils,7074,2663,2747,1378,238,397,3360,12484,56.66453059916693,Chinese (traditional) <zh-l10n@linux.org.tw>
mingw-colord,1885,0,0,203,0,0,475,1885,100.0,Chinese (Taiwan) (http://www.transifex.com/projects/p/colord/language/zh_TW/)
mingw-colorhug-client,1236,0,173,257,0,37,393,1409,87.72178850248403,Chinese (Taiwan) (http://www.transifex.com/projects/p/colorhug-client/language/zh_TW/)
mingw-gcc,16402,67858,18542,2577,8686,1851,7120,102802,15.954942510846093,Chinese (traditional) <zh-l10n@linux.org.tw>
mingw-gdk-pixbuf,1409,0,0,211,0,0,485,1409,100.0,Chinese (Taiwan) <zh-l10n@lists.linux.org.tw>
mingw-gettext,4609,1936,1238,532,162,133,1837,7783,59.21881022741873,Chinese (traditional) <zh-l10n@linux.org.tw>
mingw-glib-networking,163,0,0,29,0,0,72,163,100.0,Chinese (Taiwan) <chinese-l10n@googlegroups.com>
mingw-glib2,5877,938,291,988,114,37,1967,7106,82.70475654376584,Chinese (traditional)
mingw-gstreamer,405,297,1215,97,61,190,156,1917,21.12676056338028,Chinese (traditional) <zh-l10n@linux.org.tw>
mingw-gstreamer-plugins-good,210,65,539,78,22,90,97,814,25.7985257985258,Chinese (traditional) <zh-l10n@linux.org.tw>
mingw-gstreamer1,1969,25,84,351,3,21,497,2078,94.75457170356111,Chinese (traditional) <zh-l10n@linux.org.tw>
mingw-gstreamer1-plugins-good,54,9,731,6,1,90,8,794,6.801007556675064,Chinese (traditional) <zh-l10n@linux.org.tw>
mingw-gtk-vnc,150,0,12,42,0,2,56,162,92.5925925925926,Chinese (Hong Kong) <community@linuxhall.org>
mingw-gtk2,12381,0,0,2582,0,0,3272,12381,100.0,
mingw-gtk3,16042,10,4,3594,3,4,4578,16056,99.91280518186348,<>
mingw-gtksourceview3,1156,0,0,630,0,0,766,1156,100.0,Chinese (traditional)
mingw-gtkspell3,16,0,0,7,0,0,11,16,100.0,Chinese (traditional) <zh-l10n@linux.org.tw>
mingw-json-glib,303,0,0,44,0,0,80,303,100.0,Chinese (Taiwan) <chinese-l10n@googlegroups.com>
mingw-libcharset,15,31,290,4,8,34,14,336,4.464285714285714,Chinese (traditional) <zh-l10n@linux.org.tw>
mingw-libgpg-error,978,270,172,327,75,42,445,1420,68.87323943661971,Chinese (traditional) <zh-l10n@linux.org.tw>
mingw-libgsf,696,0,0,146,0,0,275,696,100.0,Chinese (Taiwan) <community@linuxhall.org>
mingw-libosinfo,0,0,672,0,0,146,0,672,0.0,Chinese (Taiwan)
mingw-libsoup,155,0,0,36,0,0,76,155,100.0,Chinese (Taiwan) <chinese-l10n@googlegroups.com>
mingw-libvirt,1135,0,62422,270,0,9547,475,63557,1.7857985745079221,Chinese (Taiwan) (http://www.transifex.com/projects/p/libvirt/language/zh_TW/)
mingw-libvirt-glib,0,0,145,0,0,29,0,145,0.0,Chinese (Taiwan) (http://www.transifex.com/projects/p/libvirt-glib/language/zh_TW/)
mingw-p11-kit,2,0,474,1,0,80,1,476,0.42016806722689076,Chinese (Taiwan) (http://www.transifex.com/freedesktop/p11-kit/language/zh_TW/)
mingw-postgresql,2114,0,0,317,0,0,900,2114,100.0,EnterpriseDB translation team <dev-escalations@enterprisedb.com>
mingw-webkitgtk,2681,0,0,580,0,0,830,2681,100.0,none
mingw-webkitgtk3,2681,0,0,580,0,0,830,2681,100.0,none
mingw-wxWidgets,5220,496,675,1088,143,244,2454,6391,81.67735878579252,wxWidgets tranlators <wx-translators@wxwidgets.org>
mingw-wxWidgets3,7383,212,100,1710,82,61,3268,7695,95.94541910331384,Chinese (traditional) <zh-l10n@linux.org.tw>
minicom,1574,215,0,387,4,0,918,1789,87.98211291224148,Chinese (traditional) <zh-l10n@linux.org.tw>
minuet,215,44,150,59,16,83,91,409,52.567237163814184,Chinese <kde-i18n-doc@kde.org>
mkvtoolnix,22507,0,0,2756,0,0,7349,22507,100.0,Chinese (Taiwan) (http://www.transifex.com/moritz-bunkus/mkvtoolnix/language/zh_TW/)
mlocate,406,175,0,50,1,0,153,581,69.87951807228916,Chinese (Taiwan) <trans-zh_TW@lists.fedoraproject.org>
moin,3601,547,906,688,105,143,1262,5054,71.25049465769688,
monodevelop,14017,4887,4394,3207,1317,774,5215,23298,60.16396257189458,Chinese/Traditional <zh-l10n@linux.org.tw>
moodle,50,2,0,13,1,0,23,52,96.15384615384616,i18n@lists.horde.org
mousepad,1088,0,0,306,0,0,364,1088,100.0,Chinese (Taiwan) (http://www.transifex.com/xfce/xfce-apps/language/zh_TW/)
mousetweaks,114,0,0,30,0,0,38,114,100.0,Chinese (Taiwan) <zh-l10n@lists.linux.org.tw>
mozo,42,0,0,16,0,0,16,42,100.0,Chinese (Taiwan) (https://www.transifex.com/mate/teams/13566/zh_TW/)
mtpaint,2348,27,756,617,9,246,1052,3131,74.99201533056531,Chinese (traditional) <zh-l10n@linux.org.tw>
muffin,2038,0,0,272,0,0,613,2038,100.0,Chinese (Taiwan) <zh-l10n@lists.linux.org.tw>
multimedia-menus,56,0,0,22,0,0,24,56,100.0,Chinese (traditional) <zh-l10n@linux.org.tw>
mutt,3090,1673,1151,722,306,207,1143,5914,52.248900913087596,Chinese <zh@li.org>
mutter,1069,0,0,137,0,0,284,1069,100.0,Chinese (Taiwan) <zh-l10n@lists.linux.org.tw>
mutter328,1085,0,0,135,0,0,284,1085,100.0,Chinese (Taiwan) <zh-l10n@lists.linux.org.tw>
mypaint,6630,0,227,1178,0,8,1786,6857,96.6895143648826,Chinese (Taiwan) <https://hosted.weblate.org/projects/mypaint/libmypaint/zh_TW/>
nacl-arm-binutils,9335,0,0,1476,0,0,4395,9335,100.0,Chinese (traditional) <zh-l10n@linux.org.tw>
nacl-binutils,8791,0,0,1400,0,0,4004,8791,100.0,Chinese (traditional) <zh-l10n@linux.org.tw>
nacl-gcc,30743,9469,13698,4686,1293,1366,12433,53910,57.02652569096642,Chinese (traditional) <zh-l10n@linux.org.tw>
nano,2959,114,38,512,13,7,863,3111,95.11411121825779,Chinese (traditional) <zh-l10n@linux.org.tw>
nautilus,5524,0,0,1077,0,0,1480,5524,100.0,Chinese(Taiwan) <zh-l10n@lists.linux.org.tw>
nautilus-sendto,56,0,0,10,0,0,18,56,100.0,Chinese (traditional)
nemiver,2682,0,0,680,0,0,860,2682,100.0,Chinese (Hong Kong) <community@linuxhall.org>
nemo-extensions,254,0,0,48,0,0,87,254,100.0,Chinese (Traditional) <zh_TW@li.org>
nesc,1095,63,20,186,10,3,407,1178,92.9541595925297,Chinese (traditional) <zh-l10n@linux.org.tw>
network-manager-applet,1974,1164,1592,540,181,251,921,4730,41.733615221987314,Traditional Chinese <zh-l10n@lists.linux.org.tw>
neverball,2294,0,441,287,0,72,526,2735,83.87568555758683,Chinese (Taiwan) (http://www.transifex.com/projects/p/neverball/language/zh_TW/)
newsbeuter,1177,111,54,310,13,11,459,1342,87.70491803278688,Traditional Chinese <aeglos.lin@gmail.com>
newsboat,1095,216,109,292,28,21,420,1420,77.11267605633803,Traditional Chinese <aeglos.lin@gmail.com>
newt,4,0,0,4,0,0,4,4,100.0,Debian-user in Chinese [Big5] <debian-chinese-big5@lists.debian.org>
notification-daemon,17,0,0,7,0,0,7,17,100.0,Chinese (Taiwan) <chinese-l10n@googlegroups.com>
nutty,19,0,589,4,0,148,8,608,3.125,Chinese (Traditional) <https://hosted.weblate.org/projects/nutty/translations/zh_Hant/>
obconf,578,0,160,135,0,21,220,738,78.31978319783198,Chinese (traditional) <zh-l10n@linux.org.tw>
oggconvert,68,0,64,17,0,27,27,132,51.515151515151516,Traditional Chinese <zh_TW@li.org>
okteta,2489,22,0,591,11,0,713,2511,99.12385503783354,Chinese Traditional <zh-l10n@linux.org.tw>
okular,4572,0,0,904,0,0,1582,4572,100.0,Chinese <kde-i18n-doc@kde.org>
olpc-switch-desktop,158,0,0,14,0,0,47,158,100.0,LANGUAGE <LL@li.org>
onboard,1286,0,1032,344,0,166,490,2318,55.4788610871441,Chinese (Traditional) <zh_TW@li.org>
openbox,479,0,27,91,0,3,162,506,94.66403162055336,Chinese (traditional) <zh-l10n@linux.org.tw>
openconnect,32,0,5899,7,0,1023,10,5931,0.539538020569887,Chinese (Taiwan) (http://www.transifex.com/projects/p/meego/language/zh_TW/)
openerp,29719,0,27128,6676,0,2250,8164,56847,52.27892412968143,
openteacher,1893,0,502,424,0,40,622,2395,79.03966597077245,Chinese (Traditional) <zh_TW@li.org>
optimizer,0,0,282,0,0,75,0,282,0.0,none
orage,2931,0,0,1030,0,0,1386,2931,100.0,Chinese (Taiwan) (http://www.transifex.com/projects/p/xfce-apps/language/zh_TW/)
orca,4397,896,174,1440,298,41,1953,5467,80.42802268154381,Traditional Chinese
origin,12,0,0,4,0,0,7,12,100.0,chai2010(团队) <chaishushan@gmail.com>
osinfo-db-tools,0,0,202,0,0,40,0,202,0.0,Chinese (Taiwan)
p11-kit,2,0,474,1,0,80,1,476,0.42016806722689076,Chinese (Taiwan) (http://www.transifex.com/freedesktop/p11-kit/language/zh_TW/)
pacman,5382,0,16,893,0,3,2001,5398,99.70359392367544,Chinese (Taiwan) (http://www.transifex.com/toofishes/archlinux-pacman/language/zh_TW/)
palapeli,1512,0,0,180,0,0,232,1512,100.0,Chinese <kde-i18n-doc@kde.org>
pam,575,22,0,117,3,0,215,597,96.31490787269682,Chinese (Taiwan) <trans-zh_TW@lists.fedoraproject.org>
pam_krb5,7,0,0,4,0,0,7,7,100.0,Chinese (Taiwan) (http://www.transifex.com/projects/p/pam_krb5/language/zh_TW/)
pan,232,1683,1253,82,451,219,100,3168,7.3232323232323235,Chinese (traditional) <zh-l10n@linux.org.tw>
pantheon-agent-geoclue2,43,0,56,11,0,6,16,99,43.43434343434344,Chinese (Traditional) <https://weblate.elementary.io/projects/desktop/pantheon-agent-geoclue2/zh_TW/>
pantheon-agent-polkit,16,3,1,8,1,1,8,20,80.0,Chinese (Traditional) <https://weblate.elementary.io/projects/desktop/pantheon-agent-polkit/zh_TW/>
pantheon-greeter,29,0,0,10,0,0,10,29,100.0,Chinese (Traditional) <https://weblate.elementary.io/projects/desktop/greeter/zh_TW/>
parcellite,212,0,458,75,0,31,102,670,31.64179104477612,CHINESE
parley,3850,0,0,753,0,0,998,3850,100.0,Chinese <zh-l10n@linux.org.tw>
parole,1071,0,0,298,0,0,436,1071,100.0,Chinese (Taiwan) (http://www.transifex.com/xfce/xfce-apps/language/zh_TW/)
partclone,129,61,30,23,10,11,85,220,58.63636363636363,Chinese (traditional) <zh-l10n@linux.org.tw>
parted,4290,86,40,535,8,7,1578,4416,97.14673913043478,Chinese (traditional) <zh-l10n@linux.org.tw>
passwd,329,0,7,56,0,1,125,336,97.91666666666666,Chinese (Taiwan) <trans-zh_TW@lists.fedoraproject.org>
pastebinit,173,0,22,26,0,3,59,195,88.71794871794872,Traditional Chinese <debian-chinese-big5@debian.org>
pcmanx-gtk2,484,0,78,135,0,5,291,562,86.12099644128114,<zh@li.org>
peek,497,5,35,85,3,1,157,537,92.5512104283054,Chinese (Traditional) <https://hosted.weblate.org/projects/peek/translations/zh_Hant/>
perl-Padre,3154,0,2392,896,0,368,1461,5546,56.869816083663906,Chinese/Traditional <BlueT@ubuntu-tw.org>
perl-SVK,3437,0,3355,531,0,327,1413,6792,50.60365135453475,Chinese <cpan@audreyt.org>
pgadmin3,9616,6167,1115,2772,1442,188,3843,16898,56.90614273878566,The pgAdmin Development Team <pgadmin-hackers@postgresql.org>
phatch,262,0,2291,141,0,683,149,2553,10.262436349392871,Traditional Chinese <zh_TW@li.org>
phd2,19220,0,49,3529,0,5,7012,19269,99.74570553739166,天體暨宇宙事件攝影觀測聯萌 <tc.wooo@gmail.com>
php-horde-Horde-Alarm,1,7,5,1,3,1,1,13,7.6923076923076925,i18n@lists.horde.org
php-horde-Horde-Argv,1,3,56,1,3,9,1,60,1.6666666666666667,i18n@lists.horde.org
php-horde-Horde-Browser,52,0,14,5,0,1,14,66,78.78787878787878,i18n@lists.horde.org
php-horde-Horde-Cli,11,0,0,3,0,0,4,11,100.0,i18n@lists.horde.org
php-horde-Horde-Compress,10,15,0,3,3,0,5,25,40.0,i18n@lists.horde.org
php-horde-Horde-Core,544,110,117,171,24,16,230,771,70.55771725032426,i18n@lists.horde.org
php-horde-Horde-Crypt,375,9,12,94,1,2,165,396,94.6969696969697,i18n@lists.horde.org
php-horde-Horde-Data,7,0,0,2,0,0,4,7,100.0,i18n@lists.horde.org
php-horde-Horde-Date,6,12,18,5,3,3,5,36,16.666666666666664,i18n@lists.horde.org
php-horde-Horde-Exception,2,2,0,1,1,0,1,4,50.0,i18n@lists.horde.org
php-horde-Horde-Form,529,12,12,137,6,3,171,553,95.66003616636529,i18n@lists.horde.org
php-horde-Horde-Icalendar,3,0,0,1,0,0,1,3,100.0,i18n@lists.horde.org
php-horde-Horde-Image,22,136,423,21,78,186,21,581,3.7865748709122204,i18n@lists.horde.org
php-horde-Horde-Imsp,14,0,0,2,0,0,3,14,100.0,i18n@lists.horde.org
php-horde-Horde-Itip,0,3,53,0,1,9,0,56,0.0,i18n@lists.horde.org
php-horde-Horde-Kolab-Storage,68,15,37,5,2,2,25,120,56.666666666666664,i18n@lists.horde.org
php-horde-Horde-LoginTasks,6,0,0,5,0,0,5,6,100.0,i18n@lists.horde.org
php-horde-Horde-Mime,48,0,0,12,0,0,22,48,100.0,i18n@lists.horde.org
php-horde-Horde-Mime-Viewer,1,4,42,1,3,16,1,47,2.127659574468085,i18n@lists.horde.org
php-horde-Horde-Nls,430,0,0,263,0,0,652,430,100.0,i18n@lists.horde.org
php-horde-Horde-Perms,6,0,0,5,0,0,5,6,100.0,i18n@lists.horde.org
php-horde-Horde-Prefs,32,0,0,8,0,0,12,32,100.0,i18n@lists.horde.org
php-horde-Horde-Rpc,43,5,0,6,1,0,20,48,89.58333333333334,i18n@lists.horde.org
php-horde-Horde-Share,32,6,10,9,1,2,15,48,66.66666666666666,i18n@lists.horde.org
php-horde-Horde-SyncMl,3,0,0,1,0,0,1,3,100.0,i18n@lists.horde.org
php-horde-Horde-Text-Filter,1,0,0,1,0,0,1,1,100.0,i18n@lists.horde.org
php-horde-Horde-Token,0,0,35,0,0,2,0,35,0.0,i18n@lists.horde.org
php-horde-Horde-Vfs,10,0,0,3,0,0,5,10,100.0,i18n@lists.horde.org
php-horde-horde,2592,453,429,771,99,64,1070,3474,74.61139896373057,Traditional Chinese <i18n@lists.horde.org>
php-horde-imp,6314,12,0,1296,1,0,1990,6326,99.81030667088207,Traditional Chinese <i18n@lists.horde.org>
php-horde-ingo,880,3,0,235,1,0,351,883,99.66024915062289,Traditional Chinese <i18n@lists.horde.org>
php-horde-kronolith,2179,14,0,546,1,0,759,2193,99.36160510715915,Traditional Chinese <i18n@lists.horde.org>
php-horde-mnemo,517,0,0,146,0,0,206,517,100.0,Traditional Chinese <i18n@lists.horde.org>
php-horde-nag,1035,0,0,271,0,0,402,1035,100.0,Traditional Chinese <i18n@lists.horde.org>
php-horde-passwd,468,0,0,76,0,0,154,468,100.0,Traditional Chinese <i18n@lists.horde.org>
php-horde-turba,1617,6,0,385,3,0,612,1623,99.63031423290202,Traditional Chinese <i18n@lists.horde.org>
php-horde-wicked,489,143,39,119,42,14,213,671,72.87630402384501,Traditional Chinese <i18n@lists.horde.org>
php-phpmyadmin-sql-parser,227,0,0,44,0,0,56,227,100.0,Chinese (Traditional) <https://hosted.weblate.org/projects/phpmyadmin/sql-parser/zh_Hant/>
picard,4065,0,2982,1210,0,1173,1508,7047,57.6841209025117,Chinese (Taiwan) (http://www.transifex.com/musicbrainz/musicbrainz/language/zh_TW/)
picmi,197,0,0,114,0,0,140,197,100.0,Chinese <kde-i18n-doc@kde.org>
pidgin,14660,10,1086,3295,1,137,4777,15756,93.04391977659304,Chinese (Taiwan) (http://www.transifex.com/pidgin/pidgin/language/zh_TW/)
pidgin-guifications,505,0,0,192,0,0,217,505,100.0,Chinese (Traditional) <zh-l10n@linux.org.tw>
pidgin-sipe,709,0,410,178,0,95,267,1119,63.360142984807865,Chinese (Taiwan) (http://www.transifex.com/stefanb/pidgin-sipe/language/zh_TW/)
pim-data-exporter,419,213,91,107,51,23,162,723,57.95297372060858,Chinese Traditional <kde-i18n-doc@kde.org>
pim-sieve-editor,432,0,0,115,0,0,198,432,100.0,Chinese <zh-l10n@linux.org.tw>
pingus,4570,182,6038,440,4,448,578,10790,42.35403151065802,Chinese (traditional) <zh-l10n@linux.org.tw>
pinta,1327,0,291,494,0,34,570,1618,82.01483312731767,Chinese (Traditional) <zh_TW@li.org>
pitivi,1633,0,2,375,0,2,578,1635,99.8776758409786,Chinese/Traditional <community@linuxhall.org>
pix,3718,0,0,1202,0,0,1487,3718,100.0,Chinese/Traditional <ubuntu-l10n-zh-tw@lists.launchpad.net>
plank,181,0,8,45,0,5,85,189,95.76719576719577,Chinese (Traditional) <zh_TW@li.org>
planner,1763,27,6,520,2,4,666,1796,98.16258351893096,Chinese/Traditional <community@linuxhall.org>
plasma-applet-redshift-control,62,0,0,30,0,0,39,62,100.0,Chinese <chinese-l10n@googlegroups.com>
plasma-applet-weather-widget,166,0,0,56,0,0,80,166,100.0,Chinese <chinese-l10n@googlegroups.com>
plasma-breeze,267,0,0,101,0,0,109,267,100.0,Chinese <zh-l10n@linux.org.tw>
plasma-browser-integration,0,0,19,0,0,5,0,19,0.0,Chinese <kde-i18n-doc@kde.org>
plasma-desktop,11884,0,96,2323,0,40,3494,11980,99.19866444073456,Chinese <kde-i18n-doc@kde.org>
plasma-discover,1309,0,0,392,0,0,527,1309,100.0,Chinese <kde-i18n-doc@kde.org>
plasma-drkonqi,4015,0,0,377,0,0,633,4015,100.0,Chinese <zh-l10n@linux.org.tw>
plasma-integration,58,0,0,21,0,0,24,58,100.0,Chinese <kde-i18n-doc@kde.org>
plasma-mediacenter,172,0,0,87,0,0,94,172,100.0,Chinese Traditional <kde-i18n-doc@kde.org>
plasma-milou,42,0,0,17,0,0,20,42,100.0,Chinese <zh-l10n@linux.org.tw>
plasma-nm,4330,0,43,1091,0,15,2018,4373,99.01669334552938,Chinese <zh-l10n@linux.org.tw>
plasma-oxygen,808,0,0,295,0,0,312,808,100.0,Chinese <zh-l10n@linux.org.tw>
plasma-pa,204,0,0,85,0,0,106,204,100.0,Chinese <zh-l10n@linux.org.tw>
plasma-pass,26,0,0,5,0,0,8,26,100.0,Chinese <zh-l10n@linux.org.tw>
plasma-pk-updates,0,0,2081,0,0,400,0,2081,0.0,Traditional Chinese <zh-l10n@linux.org.tw>
plasma-sdk,852,0,0,250,0,0,365,852,100.0,Chinese <kde-i18n-doc@kde.org>
plasma-systemsettings,224,0,0,55,0,0,83,224,100.0,Chinese <zh-l10n@linux.org.tw>
plasma-user-manager,295,0,0,49,0,0,68,295,100.0,Chinese <zh-l10n@linux.org.tw>
plasma-vault,0,0,679,0,0,78,0,679,0.0,Chinese <kde-i18n-doc@kde.org>
plasma-workspace,7116,0,20,2260,0,5,4629,7136,99.71973094170403,Chinese Traditional <zh-l10n@linux.org.tw>
playonlinux,1816,0,912,370,0,79,584,2728,66.56891495601172,Chinese (Traditional) <zh_TW@li.org>
pluma,4972,0,7714,1151,0,626,1930,12686,39.19281097272584,Chinese (Taiwan) (https://www.transifex.com/mate/teams/13566/zh_TW/)
plymouth-kcm,122,0,0,24,0,0,44,122,100.0,Chinese <kde-i18n-doc@kde.org>
poedit,2772,0,0,620,0,0,927,2772,100.0,Chinese Traditional
polari,811,0,0,187,0,0,332,811,100.0,Chinese (Taiwan) <chinese-l10n@googlegroups.com>
policycoreutils,30,0,7884,5,0,1101,7,7914,0.37907505686125853,Chinese (Taiwan)
polkit,228,0,0,26,0,0,94,228,100.0,Chinese (Taiwan) <chinese-l10n@googlegroups.com>
polkit-gnome,562,0,0,92,0,0,104,562,100.0,Chinese (traditional)
polkit-kde,94,0,0,30,0,0,46,94,100.0,Chinese <zh-l10n@linux.org.tw>
popt,61,8,15,24,2,5,26,84,72.61904761904762,zh_TW <zh-l10n@linux.org.tw>
postgresql,6707,0,5,1359,0,1,3131,6712,99.92550655542313,EnterpriseDB translation team <dev-escalations@enterprisedb.com>
postgresql-jdbc,981,303,1258,112,38,159,293,2542,38.59166011014949,The PostgreSQL Development Team <Kuo.ChaoYi@gmail.com>
powerdevil,673,0,0,120,0,0,181,673,100.0,Chinese Traditional <kde-tw@googlegroups.com>
powertop,406,111,181,110,35,57,258,698,58.16618911174785,Chinese (Taiwan) (http://www.transifex.com/projects/p/PowerTOP/language/zh_TW/)
proftpd,823,0,0,198,0,0,408,823,100.0,Chinese (traditional) <zh-l10n@linux.org.tw>
psmisc,497,495,0,75,10,0,243,992,50.1008064516129,Chinese (traditional) <zh-l10n@linux.org.tw>
publican,1831,82,3530,143,4,469,485,5443,33.63953702002572,Traditional Chinese <zh@li.org>
publican-fedora,6,0,101,1,0,7,2,107,5.607476635514018,Traditional Chinese <zh-TW@li.org>
publican-jboss,120,3,109,9,1,4,29,232,51.724137931034484,<zh@li.org>
pulseaudio,3573,0,0,534,0,0,1526,3573,100.0,zh_TW
pulsecaster,108,2,37,17,1,2,22,147,73.46938775510205,LANGUAGE <LL@li.org>
pykickstart,337,0,1184,36,0,134,114,1521,22.156476002629848,Chinese (Taiwan) (http://www.transifex.com/projects/p/pykickstart/language/zh_TW/)
python-blivet,524,0,0,75,0,0,250,524,100.0,Chinese (Taiwan) (http://www.transifex.com/projects/p/blivet/language/zh_TW/)
python-blivet1,379,0,328,94,0,38,223,707,53.6067892503536,Chinese (Taiwan)
python-caja,6,0,0,2,0,0,4,6,100.0,Chinese (Taiwan) (https://www.transifex.com/mate/teams/13566/zh_TW/)
python-colander,172,0,10,32,0,2,72,182,94.5054945054945,zh_Hant
python-django,3549,0,108,814,0,11,1299,3657,97.0467596390484,Chinese (Taiwan) (http://www.transifex.com/django/django/language/zh_TW/)
python-django-formtools,10,1,53,6,1,15,6,64,15.625,Chinese (Taiwan) (http://www.transifex.com/projects/p/django-formtools/language/zh_TW/)
python-django-mptt,249,0,0,40,0,0,64,249,100.0,zh-Hant <zh-hant@li.org>
python-django-registration,81,0,0,15,0,0,24,81,100.0,LANGUAGE <LL@li.org>
python-django-rest-framework,0,0,1164,0,0,202,0,1164,0.0,Chinese (Taiwan) (http://www.transifex.com/django-rest-framework-1/django-rest-framework/language/zh_TW/)
python-fedora,61,0,153,18,0,11,32,214,28.504672897196258,Chinese (Taiwan) (http://www.transifex.com/projects/p/python-fedora/language/zh_TW/)
python-flask-admin,320,0,47,97,0,15,131,367,87.19346049046321,Chinese Traditional
python-formencode,813,0,0,115,0,0,302,813,100.0,zh_TW <LL@li.org>
python-meh,109,0,109,23,0,23,30,218,50.0,Chinese (Taiwan) (Big5)  (http://www.transifex.com/projects/p/python-meh/language/zh_TW.Big5/)
python-oslo-cache,65,0,0,10,0,0,39,65,100.0,Chinese (Taiwan)
python-simpleline,0,0,42,0,0,16,0,42,0.0,Chinese (Taiwan)
python-sphinx,584,0,673,206,0,71,334,1257,46.45982498011138,Chinese (Taiwan) (http://www.transifex.com/sphinx-doc/sphinx-1/language/zh_TW/)
python-uranium,752,0,0,154,0,0,239,752,100.0,Zhang Heh Ji <dinowchang@gmail.com>
python-uranium-lulzbot,589,0,0,151,0,0,220,589,100.0,TEAM
python-wtforms,178,0,10,33,0,2,62,188,94.68085106382979,zh_TW <ron@hng.tw>
python-wxpython4,7383,212,100,1710,82,61,3268,7695,95.94541910331384,Chinese (traditional) <zh-l10n@linux.org.tw>
python2-django1.11,3500,0,113,806,0,13,1295,3613,96.87240520343205,Chinese (Taiwan) (http://www.transifex.com/django/django/language/zh_TW/)
quadrapassel,428,0,0,79,0,0,107,428,100.0,Chinese (traditional)
quassel,0,0,5422,0,0,1225,0,5422,0.0,Chinese (Taiwan) (http://www.transifex.com/ald/quassel/language/zh_TW/)
quodlibet,1127,1044,3545,358,358,661,528,5716,19.71658502449265,Hsin-lin Cheng <lancetw@gmail.com>
rabbitvcs,163,0,1361,114,0,358,125,1524,10.695538057742782,Chinese (Traditional) <zh_TW@li.org>
radiotray,57,0,73,26,0,20,32,130,43.84615384615385,Chinese (Taiwan) (http://www.transifex.com/projects/p/radiotray/language/zh_TW/)
ravada,0,0,945,0,0,249,0,945,0.0,Chinese (Taiwan) (https://www.transifex.com/ravada/teams/70385/zh_TW/)
realmd,0,0,789,0,0,127,0,789,0.0,Chinese (Taiwan) (http://www.transifex.com/freedesktop/realmd/language/zh_TW/)
redhat-menus,261,0,0,86,0,0,125,261,100.0,<zh@li.org>
rednotebook,786,0,361,161,0,79,263,1147,68.52659110723627,Chinese (Traditional) <zh_TW@li.org>
redshift,1028,0,0,151,0,0,426,1028,100.0,Chinese (Traditional) <zh_TW@li.org>
regexxer,466,0,1,99,0,1,161,467,99.78586723768737,Chinese (traditional) <community@linuxhall.org>
rekonq,2189,10,3,589,3,1,863,2202,99.40962761126248,Chinese Traditional <kde-tw@googlegroups.com>
remmina,2451,0,51,615,0,4,1077,2502,97.96163069544365,Chinese (Traditional) <zh_TW@li.org>
renameutils,82,109,74,16,23,15,87,265,30.943396226415093,Chinese (traditional) <zh-l10n@linux.org.tw>
resapplet,106,0,0,22,0,0,34,106,100.0,Novell Language <language@novell.com>
retrace-server,0,0,381,0,0,51,0,381,0.0,Chinese (traditional)
rhn-client-tools,4147,1248,2719,576,55,207,1098,8114,51.109193985703726,Chinese (Taiwan) (http://www.transifex.com/projects/p/spacewalk/language/zh_TW/)
rhnsd,24,9,0,7,2,0,16,33,72.72727272727273,Chinese (Taiwan) <trans-zh_TW@lists.fedoraproject.org>
rhythmbox,3756,0,0,969,0,0,1564,3756,100.0,Chinese (Taiwan) <community@linuxhall.org>
rhythmbox-alternative-toolbar,294,0,0,60,0,0,74,294,100.0,Chinese (Traditional) <zh_TW@li.org>
ristretto,598,0,0,193,0,0,233,598,100.0,Chinese (Taiwan) (http://www.transifex.com/xfce/xfce-apps/language/zh_TW/)
rocs,1244,87,64,277,6,3,382,1395,89.17562724014337,Chinese <zh-l10n@linux.org.tw>
rpm,2513,60,1877,519,14,331,1064,4450,56.471910112359545,Chinese (Taiwan) (http://www.transifex.com/rpm-team/rpm/language/zh_TW/)
rpm-ostree,640,0,383,111,0,62,233,1023,62.56109481915934,Chinese (Taiwan)
rsibreak,922,148,105,135,13,10,173,1175,78.46808510638297,Chinese Traditional <zh-l10n@linux.org.tw>
rt,7258,0,4438,1718,0,924,2404,11696,62.05540355677155,Chinese (Traditional) <zh_TW@li.org>
rygel,1624,0,0,303,0,0,587,1624,100.0,Chinese (Taiwan) <zh-l10n@lists.linux.org.tw>
samba,187,67,270,31,18,79,41,524,35.68702290076336,Novell Language <language@novell.com>
sawfish,1872,1794,2777,424,338,220,459,6443,29.054788142169798,traditional Chinese <zh-l10n@linux.org.tw>
scilab,15021,0,36454,2136,0,5399,7847,51475,29.18115590092278,Traditional Chinese <zh_TW@li.org>
scim-array,104,0,0,25,0,0,26,104,100.0,scim-array
scim-chewing,308,0,0,64,0,0,111,308,100.0,Chewing Developers <http://chewing.csie.net>
scim-hangul,19,0,0,8,0,0,14,19,100.0,<en@li.org>
scim-pinyin,204,430,0,56,28,2,94,634,32.17665615141956,James Su<suzhe@tsinghua.org.cn>
scim-tables,1037,115,3,163,4,4,218,1155,89.78354978354979,scim@freedesktop.org
scratch,1467,0,3,625,0,1,783,1470,99.79591836734694,
sdcv,131,0,0,21,0,0,67,131,100.0,Chinese (traditional) <zh-l10n@linux.org.tw>
sddm-kcm,108,0,0,44,0,0,60,108,100.0,Chinese <zh-l10n@linux.org.tw>
seahorse,2759,0,0,631,0,0,826,2759,100.0,Chinese (Taiwan) <zh-l10n@lists.linux.org.tw>
seahorse-caja,421,0,0,110,0,0,223,421,100.0,Chinese (Taiwan) <zh-l10n@lists.linux.org.tw>
seahorse-nautilus,421,0,0,110,0,0,223,421,100.0,Chinese (Taiwan) <zh-l10n@lists.linux.org.tw>
sed,443,94,251,77,12,48,167,788,56.21827411167513,Chinese (traditional) <zh-l10n@linux.org.tw>
sequeler,0,0,1352,0,0,275,0,1352,0.0,
setroubleshoot,633,0,0,168,0,0,322,633,100.0,Chinese (Taiwan) (http://www.transifex.com/projects/p/fedora/language/zh_TW/)
setroubleshoot-plugins,6224,0,0,222,0,0,1913,6224,100.0,Chinese (Taiwan) (http://www.transifex.com/projects/p/fedora/language/zh_TW/)
setuptool,55,0,0,14,0,0,32,55,100.0,Traditional Chinese <zh@li.org>
sflphone,738,0,323,243,0,94,351,1061,69.55702167766258,SavoirFaireLinux Inc <sflphoneteam@savoirfairelinux.com>
shadow-utils,786,1323,1984,160,213,226,322,4093,19.203518201807963,Chinese (traditional) <zh-l10n@linux.org.tw>
shared-mime-info,1986,0,0,770,0,0,1730,1986,100.0,Chinese (Taiwan) (http://www.transifex.com/freedesktop/shared-mime-info/language/zh_TW/)
sharutils,115,326,2706,33,65,206,64,3147,3.6542739116619005,Chinese (traditional) <zh-l10n@linux.org.tw>
shotwell,6873,0,0,1282,0,0,2044,6873,100.0,Chinese (Taiwan) <chinese-l10n@googlegroups.com>
shutter,2521,0,572,561,0,45,829,3093,81.50662786938247,Traditional Chinese <zh_TW@li.org>
simon,2627,379,2259,715,83,253,1084,5265,49.89553656220323,Chinese Traditional <kde-tw@googlegroups.com>
simple-ccsm,60,17,85,41,7,16,43,162,37.03703703703704,Chinese (Taiwan) <zh_TW@li.org>
simple-scan,898,0,1306,212,0,93,332,2204,40.74410163339383,Chinese (Traditional) <zh_TW@li.org>
simsu,81,0,0,4,0,0,4,81,100.0,Chinese (Taiwan) (http://www.transifex.com/gottcode/simsu/language/zh_TW/)
skanlite,183,0,0,63,0,0,99,183,100.0,Chinese Traditional <kde-tw@googlegroups.com>
skrooge,666,4691,6315,322,1319,789,383,11672,5.705962988348183,Chinese Traditional <zh-l10n@linux.org.tw>
skychart,3091,22,1581,1027,1,444,1199,4694,65.85002130379208,
slick-greeter,211,0,0,47,0,0,69,211,100.0,Chinese (Traditional) <zh_TW@li.org>
smb4k,1036,1238,4283,179,274,280,247,6557,15.79990849473845,Chinese <kde-i18n-doc@kde.org>
snapd,0,0,4307,0,0,481,0,4307,0.0,Chinese (Traditional) <zh_TW@li.org>
snapper,827,0,0,200,0,0,386,827,100.0,Chinese (Taiwan) <https://l10n.opensuse.org/projects/snapper/master/zh_TW/>
snownews,696,93,2,141,21,1,326,791,87.98988621997471,"Alan, Cheng-Lung Sung <clsung@dragon2.net>"
sos,54,33,35,11,7,12,14,122,44.26229508196721,Chinese (traditional) <zh-l10n@linux.org.tw>
sound-juicer,1273,0,0,229,0,0,553,1273,100.0,Chinesei (Taiwan) <zh-l10n@lists.linux.org.tw>
soundconverter,377,0,0,117,0,0,181,377,100.0,Chinese (Traditional) <zh_TW@li.org>
soundkonverter,2278,0,1784,455,0,115,686,4062,56.08074839980305,Chinese (Taiwan) (http://www.transifex.com/hessijames/soundkonverter/language/zh_TW/)
spacefm,471,8,8243,180,3,1385,266,8722,5.400137583123136,Chinese (Taiwan) (http://www.transifex.com/projects/p/spacefm/language/zh_TW/)
sparkleshare,138,0,264,30,0,57,46,402,34.32835820895522,
spectacle,564,0,0,106,0,0,157,564,100.0,Chinese <kde-i18n-doc@kde.org>
speedcrunch,0,0,93,0,0,10,0,93,0.0,Chinese (Taiwan) (http://www.transifex.com/heldercorreia/speedcrunch/language/zh_TW/)
squirrelmail,4662,0,2213,1177,0,176,1617,6875,67.81090909090909,Traditional Chinese <squirrelmail-i18n@lists.sourceforge.net>
sscg,78,0,16,29,0,5,37,94,82.97872340425532,Chinese (traditional) <zh-l10n@linux.org.tw>
sssd,582,6,3344,107,1,528,153,3932,14.801627670396744,Chinese (Taiwan) (http://www.transifex.com/projects/p/sssd/language/zh_TW/)
stardict,2320,1727,7031,424,238,537,716,11078,20.94240837696335,LANGUAGE <LL@li.org>
steadyflow,416,0,54,87,0,6,152,470,88.51063829787233,Chinese (Traditional) <zh_TW@li.org>
stellarium,72635,0,0,27937,0,0,42919,72635,100.0,Chinese (Taiwan) (https://www.transifex.com/stellarium/teams/80998/zh_TW/)
step,1918,0,0,679,0,0,956,1918,100.0,Chinese <kde-i18n-doc@kde.org>
subdownloader,904,0,64,254,0,18,377,968,93.38842975206612,Traditional Chinese <zh_TW@li.org>
subscription-manager,6074,0,0,1066,0,0,1806,6074,100.0,"Chinese (Traditional, Taiwan)"
subtitleeditor,3515,0,0,883,0,0,1148,3515,100.0,Chinese (traditional) <zh-l10n@linux.org.tw>
subversion,7873,7385,4602,1195,527,421,3823,19860,39.64249748237664,Traditional Chinese <dev@subversion.tigris.org>
sudo,4251,0,0,609,0,0,1576,4251,100.0,Chinese (traditional) <zh-l10n@linux.org.tw>
sugar,1844,8,453,431,3,95,627,2305,80.0,Yuan CHAO <yuanchao@gmail.com>
sugar-abacus,28,0,0,23,0,0,23,28,100.0,LANGUAGE <LL@li.org>
sugar-base,5,0,0,5,0,0,5,5,100.0,LANGUAGE <LL@li.org>
sugar-browse,82,0,107,36,0,16,42,189,43.386243386243386,Yuan CHAO <yuanchao@gmail.com>
sugar-calculator,406,81,384,100,11,53,225,871,46.61308840413318,Yuan Chao <yuanchao@gmail.com>
sugar-calendario,0,0,43,0,0,27,0,43,0.0,LANGUAGE <LL@li.org>
sugar-chat,56,3,78,34,1,46,37,137,40.87591240875913,Yuan CHAO <yuanchao@gmail.com>
sugar-clock,66,0,0,21,0,0,560,66,100.0,LANGUAGE <LL@li.org>
sugar-connect,31,0,0,8,0,0,8,31,100.0,Yuan CHAO <yuanchao@gmail.com>
sugar-deducto,0,0,109,0,0,23,0,109,0.0,LANGUAGE <LL@li.org>
sugar-distance,99,0,0,26,0,0,34,99,100.0,Yuan CHAO <yuanchao@gmail.com>
sugar-finance,75,86,97,35,2,26,41,258,29.069767441860467,LANGUAGE <LL@li.org>
sugar-fototoon,35,8,34,20,2,11,20,77,45.45454545454545,LANGUAGE <LL@li.org>
sugar-fractionbounce,0,0,68,0,0,23,0,68,0.0,LANGUAGE <LL@li.org>
sugar-getiabooks,110,0,40,30,0,4,33,150,73.33333333333333,LANGUAGE <LL@li.org>
sugar-imageviewer,58,0,0,16,0,0,16,58,100.0,LANGUAGE <LL@li.org>
sugar-implode,77,0,0,20,0,0,20,77,100.0,LANGUAGE <LL@li.org>
sugar-infoslicer,202,2,32,57,1,4,89,236,85.59322033898306,LANGUAGE <LL@li.org>
sugar-jukebox,11,0,58,8,0,14,8,69,15.942028985507244,LANGUAGE <LL@li.org>
sugar-labyrinth,254,0,27,93,0,1,133,281,90.39145907473309,LANGUAGE <LL@li.org>
sugar-log,98,0,0,21,0,0,35,98,100.0,LANGUAGE <LL@li.org>
sugar-maze,7,0,0,4,0,0,5,7,100.0,LANGUAGE <LL@li.org>
sugar-measure,155,0,0,73,0,0,88,155,100.0,LANGUAGE <LL@li.org>
sugar-memorize,142,0,0,74,0,0,74,142,100.0,Yuan CHAO <yuanchao@gmail.com>
sugar-paint,61,0,45,47,0,14,47,106,57.54716981132076,Yuan CHAO <yuanchao@gmail.com>
sugar-physics,28,0,20,27,0,1,28,48,58.333333333333336,LANGUAGE <LL@li.org>
sugar-pippy,91,0,183,25,0,41,27,274,33.21167883211679,LANGUAGE <LL@li.org>
sugar-playgo,0,0,85,0,0,30,0,85,0.0,LANGUAGE <LL@li.org>
sugar-read,112,0,25,41,0,9,48,137,81.75182481751825,Yuan CHAO <yuanchao@gmail.com>
sugar-record,31,2,29,19,1,4,22,62,50.0,LANGUAGE <LL@li.org>
sugar-ruler,14,0,15,5,0,3,5,29,48.275862068965516,LANGUAGE <LL@li.org>
sugar-speak,134,0,93,64,0,10,73,227,59.03083700440529,LANGUAGE <LL@li.org>
sugar-stopwatch,5,0,0,5,0,0,6,5,100.0,LANGUAGE <LL@li.org>
sugar-terminal,121,0,0,26,0,0,41,121,100.0,LANGUAGE <LL@li.org>
sugar-toolkit,73,0,0,37,0,0,48,73,100.0,LANGUAGE <LL@li.org>
sugar-toolkit-gtk3,159,0,0,111,0,0,125,159,100.0,LANGUAGE <LL@li.org>
sugar-turtleart,1254,25,180,384,7,44,415,1459,85.94928032899246,LANGUAGE <LL@li.org>
sugar-typing-turtle,0,0,599,0,0,127,0,599,0.0,LANGUAGE <LL@li.org>
sugar-view-slides,0,0,7,0,0,5,0,7,0.0,LANGUAGE <LL@li.org>
sugar-visualmatch,158,0,0,78,0,0,84,158,100.0,LANGUAGE <LL@li.org>
sugar-words,3,0,0,3,0,0,3,3,100.0,LANGUAGE <LL@li.org>
sugar-write,121,0,0,55,0,0,55,121,100.0,Yuan CHAO <yuanchao@gmail.com>
supertux,1332,1,1647,363,1,554,484,2980,44.69798657718121,Chinese (Taiwan) (http://www.transifex.com/arctic-games/supertux/language/zh_TW/)
supertuxkart,3361,0,0,752,0,0,1032,3361,100.0,Chinese (Taiwan) (http://www.transifex.com/supertuxkart/supertuxkart/language/zh_TW/)
sushi,24,0,0,11,0,0,13,24,100.0,Chinese (Taiwan) <chinese-l10n@googlegroups.com>
svgpart,22,0,0,7,0,0,19,22,100.0,<zh@li.org>
sweeper,229,0,0,50,0,0,79,229,100.0,Chinese Traditional <zh-l10n@linux.org.tw>
swell-foop,266,0,0,55,0,0,88,266,100.0,Chinese (traditional)
switchboard,59,0,2,17,0,1,18,61,96.72131147540983,Chinese (Traditional) <https://weblate.elementary.io/projects/switchboard/switchboard/zh_TW/>
switchboard-plug-a11y,155,23,4,55,8,2,55,182,85.16483516483517,Chinese (Traditional) <https://weblate.elementary.io/projects/switchboard/switchboard-plug-a11y/zh_TW/>
switchboard-plug-about,80,14,0,24,4,0,28,94,85.1063829787234,Chinese (Traditional) <https://weblate.elementary.io/projects/switchboard/switchboard-plug-about/zh_TW/>
switchboard-plug-applications,65,15,6,22,8,2,23,86,75.5813953488372,Chinese (Traditional) <https://weblate.elementary.io/projects/switchboard/switchboard-plug-applications/zh_TW/>
switchboard-plug-bluetooth,69,1,4,25,1,2,25,74,93.24324324324324,Chinese (Traditional) <https://weblate.elementary.io/projects/switchboard/switchboard-plug-bluetooth/zh_TW/>
switchboard-plug-display,32,18,63,14,9,24,14,113,28.31858407079646,Chinese (Traditional) <zh_TW@li.org>
switchboard-plug-keyboard,377,13,14,149,4,4,209,404,93.31683168316832,Chinese (Traditional) <https://weblate.elementary.io/projects/switchboard/switchboard-plug-keyboard/zh_TW/>
switchboard-plug-mouse-touchpad,64,31,55,26,13,12,28,150,42.66666666666667,Chinese (Traditional) <https://weblate.elementary.io/projects/switchboard/switchboard-plug-mouse-touchpad/zh_TW/>
switchboard-plug-networking,422,22,0,123,6,0,165,444,95.04504504504504,Chinese (Traditional) <https://weblate.elementary.io/projects/switchboard/switchboard-plug-networking/zh_TW/>
switchboard-plug-notifications,131,0,8,18,0,2,21,139,94.24460431654677,Chinese (Traditional) <https://weblate.elementary.io/projects/switchboard/switchboard-plug-notifications/zh_TW/>
switchboard-plug-onlineaccounts,161,0,0,49,0,0,68,161,100.0,
switchboard-plug-pantheon-shell,124,5,24,46,3,10,58,153,81.04575163398692,Chinese (Traditional) <https://weblate.elementary.io/projects/switchboard/switchboard-plug-pantheon-shell/zh_TW/>
switchboard-plug-printers,335,0,1,137,0,1,151,336,99.70238095238095,Chinese (Traditional) <https://weblate.elementary.io/projects/switchboard/switchboard-plug-printers/zh_TW/>
switchboard-plug-sharing,130,0,0,28,0,0,30,130,100.0,Chinese (Traditional) <https://weblate.elementary.io/projects/switchboard/switchboard-plug-sharing/zh_TW/>
switchboard-plug-sound,78,13,40,31,8,7,31,131,59.541984732824424,Chinese (Traditional) <zh_TW@li.org>
switchdesk,93,0,29,8,0,11,18,122,76.22950819672131,Traditional Chinese <zh@li.org>
sylpheed,6797,345,72,1713,66,18,2585,7214,94.21957305239812,Chinese (traditional) <zh-l10n@linux.org.tw>
sympa,6436,6230,9711,1130,993,723,1292,22377,28.761674934084102,繁體中文 <zh_TW@li.org>
synapse,603,0,253,174,0,60,274,856,70.44392523364486,Chinese (Traditional) <zh_TW@li.org>
synaptic,3133,87,11,650,9,3,1015,3231,96.96688331785825,Chinese/Traditional <zh-l10n@linux.org.tw>
syncevolution,1132,0,0,163,0,0,258,1132,100.0,Chinese (Taiwan) (http://www.transifex.net/projects/p/meego/team/zh_TW/)
synfig,692,3,13393,387,2,3145,414,14088,4.91198182850653,Chinese (Taiwan) (Big5)  (http://www.transifex.com/projects/p/synfig/language/zh_TW.Big5/)
synfigstudio,2349,0,17330,917,0,3781,1095,19679,11.936582143401596,Chinese (Taiwan) (Big5)  (http://www.transifex.com/projects/p/synfig/language/zh_TW.Big5/)
sysstat,293,6,0,36,1,0,196,299,97.9933110367893,Chinese (traditional)  <zh-l10n@linux.org.tw>
system-config-bind,9434,0,0,1065,0,0,2513,9434,100.0,Traditional Chinese <zh@li.org>
system-config-firewall,2807,0,7,330,0,1,665,2814,99.75124378109453,Traditional Chinese <zh_TW@li.org>
system-config-httpd,1754,0,0,454,0,0,1035,1754,100.0,Traditional Chinese
system-config-kdump,877,0,0,156,0,0,300,877,100.0,Chinese (Taiwan) <trans-zh_TW@lists.fedoraproject.org>
system-config-keyboard,187,0,0,81,0,0,133,187,100.0,Traditional Chinese <en@li.org>
system-config-kickstart,1128,0,0,249,0,0,472,1128,100.0,Chinese (Taiwan) (http://www.transifex.com/projects/p/system-config-kickstart/language/zh_TW/)
system-config-language,197,17,1,29,1,1,41,215,91.62790697674419,Traditional Chinese <en@li.org>
system-config-printer,3147,4,299,752,2,145,1117,3450,91.21739130434783,Chinese (Taiwan) (http://www.transifex.com/projects/p/system-config-printer/language/zh_TW/)
system-config-rootpassword,116,0,0,19,0,0,42,116,100.0,Traditional Chinese <zh@li.org>
system-config-users,1436,0,85,172,0,8,345,1521,94.41157133464826,Chinese (Taiwan) <trans-zh_TW@lists.fedoraproject.org>
system-config-users-docs,1061,0,0,82,0,0,176,1061,100.0,Traditional Chinese <en@li.org>
system-switch-java,81,0,0,11,0,0,33,81,100.0,Traditional Chinese <zh@li.org>
system-switch-mail,9,88,4,6,8,3,9,101,8.91089108910891,Traditional Chinese <zh@li.org>
systemd,968,0,0,113,0,0,154,968,100.0,chinese-l10n <chinese-l10n@googlegroups.com>
tali,418,0,0,96,0,0,162,418,100.0,Chinese (traditional)
tar,3497,92,50,574,11,6,1335,3639,96.0978290739214,Chinese (traditional) <zh-l10n@linux.org.tw>
taxi,57,0,5,11,0,4,12,62,91.93548387096774,LANGUAGE <LL@li.org>
tellico,5364,243,95,1125,65,27,1650,5702,94.07225534900036,Chinese <zh-l10n@linux.org.tw>
terminator,528,0,882,178,0,239,218,1410,37.4468085106383,Traditional Chinese <zh_TW@li.org>
termit,29,1,20,10,1,11,12,50,57.99999999999999,
texi2html,175,482,986,29,70,82,110,1643,10.651247717589776,Chinese (traditional) <zh-l10n@linux.org.tw>
texinfo,992,1457,2933,171,212,266,351,5382,18.43180973615756,Chinese (traditional) <zh-l10n@linux.org.tw>
texlive,174,93,963,40,40,222,85,1230,14.146341463414632,TL Translation Team <tex-live@tug.org>
thunar-archive-plugin,86,0,0,13,0,0,14,86,100.0,Chinese (Taiwan) (http://www.transifex.com/xfce/thunar-plugins/language/zh_TW/)
thunar-media-tags-plugin,156,0,0,58,0,0,73,156,100.0,Chinese (Taiwan) (http://www.transifex.com/xfce/thunar-plugins/language/zh_TW/)
thunar-vcs-plugin,774,0,0,307,0,0,318,774,100.0,Chinese (Taiwan) (http://www.transifex.com/xfce/thunar-plugins/language/zh_TW/)
thunar-vfs,387,0,0,86,0,0,131,387,100.0,Chinese (traditional) <zh-l10n@linux.org.tw>
thunar-volman,499,0,0,120,0,0,186,499,100.0,Chinese (Taiwan) (http://www.transifex.com/xfce/thunar-volman/language/zh_TW/)
thunderbird,978,274,172,327,77,42,445,1424,68.67977528089888,Chinese (traditional) <zh-l10n@linux.org.tw>
tilda,690,7,49,186,3,11,260,746,92.49329758713137,Chinese (Traditional) <zh_TW@li.org>
tilix,1420,105,583,492,41,82,616,2108,67.36242884250474,Chinese (Traditional) <https://hosted.weblate.org/projects/tilix/translations/zh_Hant/>
timeshift,0,0,2920,0,0,572,0,2920,0.0,Chinese (Traditional) <zh_TW@li.org>
tin,10820,306,54,1509,26,7,4011,11180,96.77996422182468,Chinese (traditional) <zh-l10n@linux.org.tw>
tomboy,6556,0,0,942,0,0,1664,6556,100.0,Chinese (Hong Kong) <community@linuxhall.org>
tortoisehg,5835,0,7308,1633,0,778,2038,13143,44.39625656242867,Traditional Chinese <zh_TW@li.org>
totem,3287,38,604,547,1,33,936,3929,83.65996436752354,Traditional Chinese
totem-pl-parser,29,0,0,8,0,0,11,29,100.0,Chinese/Traditional <zh-l10n@linux.org.tw>
trac,5706,188,7359,1235,11,244,2598,13253,43.054402776729795,zh_TW <trac-dev@googlegroups.com>
trac-accountmanager-plugin,0,0,1208,0,0,204,0,1208,0.0,Chinese (Taiwan) <trac-dev@googlegroups.com>
tracker,2212,0,0,369,0,0,656,2212,100.0,Chinese (Taiwan) <chinese-l10n@googlegroups.com>
tracker-miners,828,0,0,118,0,0,239,828,100.0,Chinese (Taiwan) <chinese-l10n@googlegroups.com>
transmission,1809,0,0,494,0,0,908,1809,100.0,Traditional Chinese <zh_TW@li.org>
transmission-remote-gtk,373,0,432,154,0,193,193,805,46.33540372670807,Chinese (Traditional) <zh_TW@li.org>
trojita,1556,1063,1769,380,235,278,721,4388,35.46034639927073,Chinese Traditional <kde-tw@googlegroups.com>
tumbler,241,0,0,39,0,0,51,241,100.0,Chinese (Taiwan) (http://www.transifex.com/xfce/tumbler/language/zh_TW/)
tuxmath,854,174,427,166,25,58,257,1455,58.69415807560138,Chinese (traditional) <zh-l10n@linux.org.tw>
tuxpaint,1591,0,0,291,0,0,292,1591,100.0,Chinese (traditional) <zh-l10n@linux.org.tw>
tuxpaint-stamps,2874,382,15,686,123,4,866,3271,87.86303882604707,
udisks2,1499,176,483,396,23,93,798,2158,69.46246524559777,Chinese (Taiwan)
ufw,753,0,126,174,0,7,374,879,85.6655290102389,Chinese (traditional) <chinese-l10n@googlegroups.com>
uget,990,0,69,352,0,18,450,1059,93.48441926345609,Chinese (Taiwan) (http://www.transifex.com/uget/uget/language/zh_TW/)
umbrello,5127,0,329,1431,0,57,1934,5456,93.9699413489736,Chinese <zh-l10n@linux.org.tw>
usermode,573,0,0,96,0,0,148,573,100.0,Chinese (Taiwan) <trans-zh_TW@lists.fedoraproject.org>
util-linux,2758,14966,5309,713,2617,826,1439,23033,11.974124082837667,Chinese (traditional) <zh-l10n@linux.org.tw>
vdr-femon,303,0,11,122,0,3,138,314,96.4968152866242,Chinese (traditional) <vdr@linuxtv.org>
viewnior,377,0,48,137,0,7,155,425,88.70588235294117,Chinese (Traditional) <zh_TW@li.org>
viking,598,28,4745,245,15,1100,331,5371,11.133867063861478,
vim,6612,0,0,1411,0,0,3854,6612,100.0,"Hung-Te Lin <piaip@csie.ntu.edu.tw>, Cecil Sheng <b7506022@csie.ntu.edu.tw>"
vinagre,1510,0,0,277,0,0,465,1510,100.0,Chinese (traditional) <zh-l10n@lists.linux.org.tw>
vino,973,0,0,94,0,0,223,973,100.0,Chinese (traditional)
virt-manager,4804,49,2744,1263,9,273,1890,7597,63.235487692510205,Chinese (Taiwan) (http://www.transifex.com/projects/p/virt-manager/language/zh_TW/)
virt-top,5,0,356,3,0,74,5,361,1.3850415512465373,Chinese (Taiwan) <None>
virt-viewer,594,0,241,129,0,54,264,835,71.13772455089821,Chinese (Taiwan) (http://www.transifex.com/projects/p/virt-viewer/language/zh_TW/)
virtaal,1092,24,0,286,4,0,407,1116,97.84946236559139,Chinese
visualboyadvance-m,1392,0,3114,483,0,1167,969,4506,30.892143808255657,Chinese (Taiwan) (http://www.transifex.com/bgk/vba-m/language/zh_TW/)
vocal,0,0,377,0,0,79,0,377,0.0,Chinese (Traditional) <zh_TW@li.org>
volume_key,745,10,8,151,2,1,283,763,97.64089121887287,Chinese (Taiwan) <trans-zh_TW@lists.fedoraproject.org>
vte,80,0,0,13,0,0,27,80,100.0,Chinese (Taiwan) <community@linuxhall.org>
vte291,31,0,0,5,0,0,10,31,100.0,Chinese (Taiwan) <community@linuxhall.org>
w3m,875,0,5,219,0,3,422,880,99.43181818181817,AOSC zh_TW fuzzy <aosc@members.fsf.org>
wammu,2264,706,2320,507,110,306,563,5290,42.79773156899811,none
warmux,1278,662,804,252,104,116,416,2744,46.57434402332362,Simplified Chinese <lililjlj@gmail.com>
warzone2100,8671,1431,3197,2095,373,384,2252,13299,65.20039100684262,zh_TW
wdiff,878,100,15,121,21,8,386,993,88.41893252769385,Chinese (traditional) <zh-l10n@linux.org.tw>
wesnoth,201292,4484,85639,14068,164,3767,17644,291415,69.07400099514437,Wesnoth Traditional Chinese Team
wget,3955,10,31,639,1,4,1938,3996,98.97397397397397,Chinese (traditional) <zh-l10n@linux.org.tw>
whaawmp,525,0,274,113,0,47,178,799,65.70713391739675,Traditional Chinese <zh_TW@li.org>
wicd,868,0,270,224,0,30,334,1138,76.27416520210897,zh_TW <LL@li.org>
wicd-kde,358,0,0,122,0,0,188,358,100.0,Chinese Traditional <zh-l10n@linux.org.tw>
widelands,634,0,58305,241,0,4984,250,58939,1.0756884236244253,Chinese (Taiwan) (http://www.transifex.com/widelands/widelands/language/zh_TW/)
wine,12228,2788,1840,3124,307,363,4476,16856,72.54390128144281,Chinese (traditional) <zh-l10n@linux.org.tw>
wingpanel,6,0,0,1,0,0,1,6,100.0,LANGUAGE <LL@li.org>
wingpanel-applications-menu,211,6,5,66,3,4,88,222,95.04504504504504,Chinese (Traditional) <https://weblate.elementary.io/projects/wingpanel/applications-menu/zh_TW/>
wingpanel-indicator-bluetooth,15,0,0,9,0,0,9,15,100.0,LANGUAGE <LL@li.org>
wingpanel-indicator-datetime,12,2,0,3,1,0,3,14,85.71428571428571,LANGUAGE <LL@li.org>
wingpanel-indicator-keyboard,10,0,0,4,0,0,4,10,100.0,Chinese (Traditional) <https://weblate.elementary.io/projects/wingpanel/wingpanel-indicator-keyboard/zh_TW/>
wingpanel-indicator-network,45,25,6,14,5,3,15,76,59.210526315789465,Chinese (Traditional) <https://weblate.elementary.io/projects/wingpanel/wingpanel-indicator-network/zh_TW/>
wingpanel-indicator-nightlight,16,0,0,6,0,0,6,16,100.0,Chinese (Traditional) <https://weblate.elementary.io/projects/wingpanel/indicator-nightlight/zh_TW/>
wingpanel-indicator-notifications,16,0,0,7,0,0,7,16,100.0,Chinese (Traditional) <https://weblate.elementary.io/projects/wingpanel/wingpanel-indicator-notifications/zh_TW/>
wingpanel-indicator-power,89,0,4,24,0,3,35,93,95.6989247311828,LANGUAGE <LL@li.org>
wingpanel-indicator-session,57,0,0,18,0,0,18,57,100.0,Chinese (Traditional) <https://weblate.elementary.io/projects/wingpanel/wingpanel-indicator-session/zh_TW/>
wingpanel-indicator-sound,14,0,0,6,0,0,6,14,100.0,Chinese (Traditional) <https://weblate.elementary.io/projects/wingpanel/wingpanel-indicator-sound/zh_TW/>
wlassistant,702,163,226,95,27,31,148,1091,64.34463794683776,<zh@li.org>
workrave,1293,24,4,246,15,1,327,1321,97.88039364118092,Chinese/Traditional <zh-l10n@linux.org.tw>
wqy-zenhei-fonts,44,0,0,9,0,0,9,44,100.0,
wxGTK,5220,496,675,1088,143,244,2454,6391,81.67735878579252,wxWidgets tranlators <wx-translators@wxwidgets.org>
wxGTK3,7383,212,100,1710,82,61,3268,7695,95.94541910331384,Chinese (traditional) <zh-l10n@linux.org.tw>
wxMaxima,2527,852,6261,719,215,697,1057,9640,26.213692946058092,American English <kde-i18n-doc@kde.org>
wxPython,8881,193,1065,2273,57,252,3937,10139,87.59246474011245,Chinese (traditional) <zh-l10n@linux.org.tw>
x-tile,732,0,0,150,0,0,303,732,100.0,漢語 <chinese-l10n@googlegroups.com>
xarchiver,904,236,52,247,31,19,330,1192,75.83892617449665,
xboard,873,223,1477,237,98,389,287,2573,33.929265448892345,LANGUAGE <LL@li.org>
xcdroast,3593,0,4451,660,0,188,1283,8044,44.66683242168076,Chinese (traditional) <zh-l10n@linux.org.tw>
xchm,142,28,64,59,12,25,68,234,60.68376068376068,Chinese (traditional) <zh-l10n@linux.org.tw>
xdg-desktop-portal,88,25,19,12,3,5,15,132,66.66666666666666,Chinese (Taiwan) <chinese-l10n@googlegroups.com>
xdg-desktop-portal-gtk,170,0,3,48,0,1,56,173,98.26589595375722,Chinese (Taiwan) <chinese-l10n@googlegroups.com>
xdg-desktop-portal-kde,0,0,60,0,0,23,0,60,0.0,Chinese <kde-i18n-doc@kde.org>
xdg-user-dirs,28,0,0,28,0,0,28,28,100.0,Chinese (traditional) <zh-l10n@linux.org.tw>
xdg-user-dirs-gtk,81,0,0,11,0,0,11,81,100.0,Chinese (Taiwan) <chinese-l10n@googlegroups.com>
xed,9229,0,696,1284,0,142,2356,9925,92.98740554156171,LANGUAGE <LL@li.org>
xfbib,185,0,157,54,0,21,77,342,54.09356725146199,chinese-l10n <chinese-l10n@googlegroups.com>
xfburn,1342,0,0,302,0,0,454,1342,100.0,Chinese (Taiwan) (http://www.transifex.com/xfce/xfce-apps/language/zh_TW/)
xfce4-appfinder,406,0,0,81,0,0,95,406,100.0,Chinese (Taiwan) (http://www.transifex.com/xfce/xfce4-appfinder/language/zh_TW/)
xfce4-battery-plugin,149,0,0,43,0,0,55,149,100.0,Chinese (traditional) <xfce-i18n@xfce.org>
xfce4-calculator-plugin,35,0,0,15,0,0,20,35,100.0,Chinese (Taiwan) (https://www.transifex.com/xfce/teams/16840/zh_TW/)
xfce4-clipman-plugin,478,0,0,72,0,0,112,478,100.0,Chinese (Taiwan) (http://www.transifex.com/xfce/xfce-panel-plugins/language/zh_TW/)
xfce4-cpufreq-plugin,145,0,0,41,0,0,72,145,100.0,Chinese (Taiwan) (http://www.transifex.com/xfce/xfce-panel-plugins/language/zh_TW/)
xfce4-cpugraph-plugin,71,0,0,35,0,0,47,71,100.0,
xfce4-datetime-plugin,52,0,0,19,0,0,19,52,100.0,Chinese (Taiwan) (http://www.transifex.com/xfce/xfce-panel-plugins/language/zh_TW/)
xfce4-dict,527,0,0,119,0,0,190,527,100.0,Chinese (Taiwan) (http://www.transifex.com/xfce/xfce-apps/language/zh_TW/)
xfce4-diskperf-plugin,183,0,0,38,0,0,78,183,100.0,Chinese (Taiwan) (http://www.transifex.com/projects/p/xfce/language/zh_TW/)
xfce4-embed-plugin,219,0,0,33,0,0,60,219,100.0,Chinese (Taiwan) (http://www.transifex.com/projects/p/xfce/language/zh_TW/)
xfce4-eyes-plugin,15,0,0,4,0,0,4,15,100.0,<>
xfce4-fsguard-plugin,71,0,0,19,0,0,32,71,100.0,Chinese (traditional) <zh-l10n@linux.org.tw>
xfce4-genmon-plugin,56,0,0,14,0,0,26,56,100.0,Chinese (Taiwan) (http://www.transifex.com/xfce/xfce-panel-plugins/language/zh_TW/)
xfce4-hardware-monitor-plugin,352,0,0,128,0,0,184,352,100.0,Chinese (traditional) <community@linuxhall.org>
xfce4-mailwatch-plugin,660,0,0,108,0,0,246,660,100.0,Chinese (Taiwan) (http://www.transifex.com/projects/p/xfce/language/zh_TW/)
xfce4-mount-plugin,374,0,0,56,0,0,91,374,100.0,Chinese (Taiwan) (http://www.transifex.com/xfce/xfce-panel-plugins/language/zh_TW/)
xfce4-mpc-plugin,78,0,0,24,0,0,41,78,100.0,Chinese (Taiwan) (http://www.transifex.com/xfce/xfce-panel-plugins/language/zh_TW/)
xfce4-netload-plugin,92,0,0,35,0,0,56,92,100.0,Chinese (Taiwan) (http://www.transifex.com/projects/p/xfce-panel-plugins/language/zh_TW/)
xfce4-notes-plugin,163,0,0,57,0,0,67,163,100.0,Chinese (Taiwan) (http://www.transifex.com/projects/p/xfce/language/zh_TW/)
xfce4-notifyd,243,0,0,70,0,0,87,243,100.0,Chinese (Taiwan) (http://www.transifex.com/xfce/xfce-apps/language/zh_TW/)
xfce4-panel,1686,0,0,412,0,0,490,1686,100.0,Chinese (Taiwan) (http://www.transifex.com/xfce/xfce4-panel/language/zh_TW/)
xfce4-places-plugin,160,0,0,45,0,0,49,160,100.0,Chinese (Taiwan) (http://www.transifex.com/xfce/xfce-panel-plugins/language/zh_TW/)
xfce4-power-manager,1033,0,0,207,0,0,350,1033,100.0,Chinese (Taiwan) (http://www.transifex.com/xfce/xfce4-power-manager/language/zh_TW/)
xfce4-pulseaudio-plugin,129,0,0,29,0,0,50,129,100.0,Chinese (Taiwan) (http://www.transifex.com/xfce/xfce-panel-plugins/language/zh_TW/)
xfce4-screensaver,681,0,0,151,0,0,193,681,100.0,Chinese (Taiwan) (https://www.transifex.com/xfce/teams/16840/zh_TW/)
xfce4-screenshooter,399,0,0,56,0,0,82,399,100.0,Chinese (Taiwan) (http://www.transifex.com/xfce/xfce-apps/language/zh_TW/)
xfce4-sensors-plugin,359,0,0,75,0,0,142,359,100.0,Chinese (Taiwan) (http://www.transifex.com/xfce/xfce-panel-plugins/language/zh_TW/)
xfce4-session,869,0,0,178,0,0,288,869,100.0,Chinese (Taiwan) (http://www.transifex.com/xfce/xfce4-session/language/zh_TW/)
xfce4-settings,1763,0,0,396,0,0,507,1763,100.0,Chinese (Taiwan) (http://www.transifex.com/xfce/xfce4-settings/language/zh_TW/)
xfce4-smartbookmark-plugin,22,0,0,9,0,0,13,22,100.0,Chinese (traditional) <zh-l10n@linux.org.tw>
xfce4-statusnotifier-plugin,129,0,0,25,0,0,26,129,100.0,Chinese (Taiwan) (https://www.transifex.com/xfce/teams/16840/zh_TW/)
xfce4-systemload-plugin,87,0,0,23,0,0,43,87,100.0,Chinese (Taiwan) (http://www.transifex.com/xfce/xfce-panel-plugins/language/zh_TW/)
xfce4-taskmanager,257,0,0,85,0,0,127,257,100.0,Chinese (Taiwan) (http://www.transifex.com/xfce/xfce-apps/language/zh_TW/)
xfce4-terminal,1647,0,0,390,0,0,548,1647,100.0,Chinese (Taiwan) (http://www.transifex.com/xfce/xfce-apps/language/zh_TW/)
xfce4-time-out-plugin,89,0,0,32,0,0,44,89,100.0,Chinese-l10n <chinese-l10n@googlegroups.com>
xfce4-timer-plugin,138,0,0,49,0,0,84,138,100.0,Chinese (Taiwan) (http://www.transifex.com/xfce/xfce-panel-plugins/language/zh_TW/)
xfce4-verve-plugin,108,0,0,28,0,0,55,108,100.0,Chinese (Taiwan) (http://www.transifex.com/xfce/xfce-panel-plugins/language/zh_TW/)
xfce4-wavelan-plugin,66,0,0,17,0,0,25,66,100.0,Chinese (Taiwan) (http://www.transifex.com/projects/p/xfce-panel-plugins/language/zh_TW/)
xfce4-weather-plugin,3668,0,0,330,0,0,690,3668,100.0,Chinese (Taiwan) (http://www.transifex.com/xfce/xfce-panel-plugins/language/zh_TW/)
xfce4-whiskermenu-plugin,349,0,0,118,0,0,142,349,100.0,Chinese (Taiwan) (http://www.transifex.com/gottcode/xfce4-whiskermenu-plugin/language/zh_TW/)
xfce4-xkb-plugin,57,0,0,22,0,0,22,57,100.0,Chinese (Taiwan) (http://www.transifex.com/xfce/xfce-panel-plugins/language/zh_TW/)
xfconf,458,0,0,68,0,0,128,458,100.0,Chinese (Taiwan) (http://www.transifex.com/xfce/xfconf/language/zh_TW/)
xfdesktop,1006,0,24,235,0,8,305,1030,97.66990291262137,Chinese (Taiwan) (http://www.transifex.com/xfce/xfdesktop/language/zh_TW/)
xfe,2595,3255,187,876,184,32,1213,6037,42.984926287891334,Chinese (traditional) <zh-l10n@linux.org.tw>
xfmpc,167,0,0,70,0,0,108,167,100.0,chinese-l10n <chinese-l10n@googlegroups.com>
xfwm4,636,0,0,169,0,0,197,636,100.0,Chinese (Taiwan) (http://www.transifex.com/xfce/xfwm4/language/zh_TW/)
xiphos,4527,19,289,1035,9,81,1532,4835,93.62978283350569,threelegcat@gmail.com
xkeyboard-config,3378,0,0,1003,0,0,2253,3378,100.0,Chinese (traditional) <zh-l10n@linux.org.tw>
xlockmore,200,0,0,44,0,0,87,200,100.0,Chinese (traditional) <zh-l10n@linux.org.tw>
xmlcopyeditor,937,293,456,320,85,85,416,1686,55.575326215895615,Chinese Traditional Team <LL@li.org>
xmms,3177,66,200,1003,18,24,1928,3443,92.27417949462678,Chinese Traditional
xmoto,3310,0,529,702,0,120,883,3839,86.22036988799167,X-Moto
xournal,1016,0,0,282,0,0,501,1016,100.0,Chinese (traditional) <zh-l10n@linux.org.tw>
xpad,178,0,235,47,0,80,74,413,43.09927360774818,Chinese (traditional) <zh-l10n@linux.org.tw>
xplayer,5800,38,617,1138,1,37,1718,6455,89.85282726568552,Traditional Chinese
xplayer-plparser,29,0,0,8,0,0,11,29,100.0,Chinese/Traditional <zh-l10n@linux.org.tw>
xreader,1613,0,28,362,0,10,493,1641,98.29372333942717,Chinese (Taiwan) (http://www.transifex.com/mate/MATE/language/zh_TW/)
xscreensaver,1207,1025,8958,416,374,1044,607,11190,10.786416443252904,traditional Chinese <zh-l10n@linux.org.tw>
xviewer,3167,0,37,439,0,19,715,3204,98.84519350811486,LANGUAGE <LL@li.org>
xviewer-plugins,23,0,0,7,0,0,10,23,100.0,Chinese (Taiwan) <community@linuxhall.org>
yad,1081,162,86,250,28,21,358,1329,81.33935289691497,Chinese (traditional) <zh-l10n@linux.org.tw>
yakuake,1303,19,251,211,3,7,268,1573,82.8353464717101,Chinese Traditional <kde-i18n-doc@kde.org>
yelp,348,0,0,73,0,0,105,348,100.0,Chinese (Taiwan) <zh-l10n@lists.linux.org.tw>
yelp-xsl,85,0,0,62,0,0,58,85,100.0,Chinese (Taiwan) <zh-l10n@lists.linux.org.tw>
yum,0,0,3069,0,0,660,0,3069,0.0,Chinese (Taiwan) (http://www.transifex.net/projects/p/yum/team/zh_TW/)
yum-rhn-plugin,60,39,48,10,3,4,23,147,40.816326530612244,Chinese (Taiwan) <trans-zh_TW@lists.fedoraproject.org>
zabbix,7877,50,7194,2156,9,1035,2673,15121,52.09311553468686,Zabbix <info@zabbix.com>
zanshin,0,0,893,0,0,245,0,893,0.0,Traditional Chinese <zh-l10n@linux.org.tw>
zenity,896,0,0,199,0,0,272,896,100.0,Chinese (Taiwan) <zh-l10n@lists.linux.org.tw>
zypper,9028,0,46,1231,0,2,2523,9074,99.49305708618029,Chinese (Taiwan) <https://l10n.opensuse.org/projects/zypper/master/zh_TW/>
