package,translatedsourcewords,fuzzysourcewords,untranslatedsourcewords,translated,fuzzy,untranslated,translatedtargetwords,totalsourcewordssum,progress,team
4Pane,486,0,12198,317,0,1568,564,12684,3.8315988647114474,Catalan (http://www.transifex.com/davidgh/4Pane/language/ca/)
GConf2,4074,0,0,496,0,0,5384,4074,100.0,Catalan <tradgnome@softcatala.org>
LabPlot,16370,0,0,4088,0,0,20543,16370,100.0,Catalan <kde-i18n-ca@kde.org>
ModemManager,147,0,0,19,0,0,192,147,100.0,Catalan <gnome@llistes.softcatala.org>
NetworkManager,9331,3257,17655,1250,458,617,11265,30243,30.853420626260625,Catalan <tradgnome@softcatala.org>
NetworkManager-fortisslvpn,321,0,0,60,0,0,417,321,100.0,Catalan <tradgnome@softcatala.org>
NetworkManager-iodine,75,0,0,21,0,0,100,75,100.0,Catalan <gnome@llistes.softcatala.org>
NetworkManager-l2tp,424,0,875,85,0,117,543,1299,32.640492686682066,Catalan <info@softcatala.org>
NetworkManager-libreswan,333,133,0,73,5,0,429,466,71.45922746781116,Catalan <tradgnome@softcatala.org>
NetworkManager-openconnect,6781,1626,1113,1190,250,156,8872,9520,71.22899159663866,Catalan <kde-i18n-ca@kde.org>
NetworkManager-openvpn,1994,120,111,263,30,17,2438,2225,89.61797752808988,Catalan <info@softcatala.org>
NetworkManager-pptp,519,5,5,87,2,5,668,529,98.10964083175804,Catalan <tradgnome@softcatala.org>
NetworkManager-ssh,76,103,393,33,29,76,82,572,13.286713286713287,Catalan <tradgnome@softcatala.org>
NetworkManager-sstp,422,100,356,68,24,57,541,878,48.063781321184514,Catalan <tradgnome@softcatala.org>
NetworkManager-vpnc,570,51,42,98,11,12,717,663,85.97285067873304,Catalan <tradgnome@softcatala.org>
PackageKit,1259,0,0,318,0,0,1586,1259,100.0,Catalan (http://app.transifex.com/freedesktop/packagekit/language/ca/)
R,11649,29587,263,1871,4192,40,14410,41499,28.070555917010047,
Thunar,5847,0,0,1039,0,0,6639,5847,100.0,Catalan (https://app.transifex.com/xfce/teams/16840/ca/)
WindowMaker,5083,0,0,999,0,0,6254,5083,100.0,Catalan <ca@dodds.net>
Zim,2442,478,609,603,106,93,2743,3529,69.19807310852933,Catalan <ca@li.org>
a2ps,567,713,252,131,35,18,678,1532,37.010443864229764,Catalan <mvaro@dlsi.ua.es>
abattis-cantarell-fonts,27,0,0,3,0,0,40,27,100.0,Catalan <gnome@llistes.softcatala.org>
abiword,4617,145,748,1534,66,186,5440,5510,83.79310344827586,<ca@li.org>
abrt,3676,0,0,417,0,0,4759,3676,100.0,Catalan <https://translate.fedoraproject.org/projects/abrt/abrt/ca/>
accerciser,1423,0,3211,336,0,111,1697,4634,30.7078118256366,Catalan <tradgnome@softcatala.org>
accessibility-inspector,197,0,0,126,0,0,229,197,100.0,Catalan <kde-i18n-ca@kde.org>
accountsservice,73,0,0,12,0,0,93,73,100.0,Catalan (http://www.transifex.com/freedesktop/accountsservice/language/ca/)
aegisub,5923,0,0,1477,0,0,7400,5923,100.0,
agenda,8,4,5,3,1,2,12,17,47.05882352941176,Catalan <ca@li.org>
aisleriot,23663,0,0,1604,0,0,26222,23663,100.0,Catalan <tradgnome@softcatala.org>
akonadi-calendar,2380,0,0,391,0,0,2705,2380,100.0,Catalan <kde-i18n-ca@kde.org>
akonadi-calendar-tools,760,0,0,166,0,0,1003,760,100.0,Catalan <kde-i18n-ca@kde.org>
akonadi-contacts,1129,0,0,281,0,0,1318,1129,100.0,Catalan <kde-i18n-ca@kde.org>
akonadi-import-wizard,394,0,0,84,0,0,513,394,100.0,Catalan <kde-i18n-ca@kde.org>
akonadi-mime,581,0,0,115,0,0,675,581,100.0,Catalan <kde-i18n-ca@kde.org>
akonadi-notes,2,0,0,1,0,0,2,2,100.0,Catalan <kde-i18n-ca@kde.org>
akonadi-search,67,0,0,18,0,0,90,67,100.0,Catalan <kde-i18n-ca@kde.org>
akonadi-server,3062,0,0,513,0,0,3961,3062,100.0,Catalan <kde-i18n-ca@kde.org>
akonadiconsole,777,0,0,369,0,0,958,777,100.0,Catalan <kde-i18n-ca@kde.org>
akregator,1893,0,0,435,0,0,2301,1893,100.0,Catalan <kde-i18n-ca@kde.org>
alacarte,41,0,0,16,0,0,49,41,100.0,catalan <tradgnome@softcatala.org>
alligator,190,0,0,85,0,0,256,190,100.0,Catalan <kde-i18n-ca@kde.org>
almanah,805,0,0,143,0,0,1123,805,100.0,Catalan <tradgnome@softcatala.org>
amarok,14307,0,0,2497,0,0,17540,14307,100.0,Catalan <kde-i18n-ca@kde.org>
amtk,11,0,0,3,0,0,12,11,100.0,Catalan <gnome@llistes.softcatala.org>
anaconda,8244,0,0,1357,0,0,9702,8244,100.0,Catalan <https://translate.fedoraproject.org/projects/anaconda/f42/ca/>
anaconda-webui,1345,0,0,251,0,0,1551,1345,100.0,Catalan <https://translate.fedoraproject.org/projects/anaconda-webui/anaconda-webui/ca/>
analitza,999,0,0,223,0,0,1156,999,100.0,Catalan <kde-i18n-ca@kde.org>
android-tools,12912,1459,1917,2085,194,253,17339,16288,79.27308447937132,Catalan <ca@dodds.net>
angelfish,769,0,0,195,0,0,887,769,100.0,Catalan <kde-i18n-ca@kde.org>
anjuta,10320,165,8696,2201,7,588,12286,19181,53.803242792346595,Catalan <tradgnome@softcatala.org>
anope,2337,13186,4673,344,1020,371,2633,20196,11.571598336304218,Catalan
appeditor,583,0,0,119,0,0,668,583,100.0,
appstream,6931,62,92,766,6,6,7918,7085,97.82639378969654,Catalan <https://hosted.weblate.org/projects/appstream/translations/ca/>
apptainer,7784,1409,1067,1253,186,127,11026,10260,75.86744639376218,Catalan <ca@dodds.net>
apt,5558,0,8,747,0,1,6808,5566,99.85627021200145,Catalan <debian-l10n-catalan@lists.debian.org>
arandr,173,0,0,38,0,0,201,173,100.0,Catalan <https://hosted.weblate.org/projects/arandr/translations/ca/>
ardour7,16369,0,4555,3862,0,741,20221,20924,78.23073982030205,Catalan (https://www.transifex.com/softcatala/teams/131830/ca/)
ardour8,17348,0,4627,4064,0,750,21380,21975,78.94425483503981,Catalan (https://www.transifex.com/softcatala/teams/131830/ca/)
aria2,917,0,6579,141,0,259,1099,7496,12.233191035218784,Catalan <ca@li.org>
arianna,175,0,0,85,0,0,212,175,100.0,Catalan <kde-i18n-ca@kde.org>
ark,1982,0,0,371,0,0,2243,1982,100.0,Catalan <kde-i18n-ca@kde.org>
arm-none-eabi-binutils-cs,16019,0,0,2698,0,0,20154,16019,100.0,Catalan <ca@dodds.net>
arm-none-eabi-gcc-cs,432,960,615,71,150,94,529,2007,21.524663677130047,Catalan <ca@dodds.net>
artikulate,313,0,0,134,0,0,386,313,100.0,Catalan <kde-i18n-ca@kde.org>
aspell,1660,62,76,283,11,9,1891,1798,92.32480533926585,Catalan <ca@dodds.net>
asunder,492,0,1,91,0,1,639,493,99.79716024340772,Catalan <toni.estevez@gmail.com>
at-spi2-core,465,0,0,176,0,0,559,465,100.0,català; valencià <<tradgnome@softcatala.org>>
atlantik,566,0,0,161,0,0,705,566,100.0,Catalan <kde-i18n-ca@kde.org>
atomix,208,0,0,60,0,0,259,208,100.0,Catalan <tradgnome@softcatala.org>
atril,7638,8,179,1000,2,27,8150,7825,97.61022364217253,Catalan (https://app.transifex.com/mate/teams/13566/ca/)
audacious,878,0,33,363,0,9,1148,911,96.37760702524699,Catalan (http://app.transifex.com/audacious/audacious/language/ca/)
audacious-plugins,3511,0,914,877,0,117,4270,4425,79.34463276836158,Catalan (http://app.transifex.com/audacious/audacious/language/ca/)
audacity,9385,34,10108,2555,10,1940,12010,19527,48.06165821682798,Catalan (https://app.transifex.com/audacity/teams/164520/ca/)
audex,2542,0,0,396,0,0,3231,2542,100.0,Catalan <kde-i18n-ca@kde.org>
audiocd-kio,905,0,0,204,0,0,1108,905,100.0,Catalan <kde-i18n-ca@kde.org>
audiotube,236,0,0,93,0,0,333,236,100.0,Catalan <kde-i18n-ca@kde.org>
aurorae,72,0,0,17,0,0,83,72,100.0,Catalan <kde-i18n-ca@kde.org>
authselect,616,59,4908,116,11,428,766,5583,11.033494536987282,Catalan <https://translate.fedoraproject.org/projects/authselect/master-application/ca/>
avahi,868,0,0,168,0,0,1148,868,100.0,Catalan <https://translate.fedoraproject.org/projects/avahi/master/ca/>
avogadro2,107,54,300,57,34,89,325,461,23.210412147505423,Catalan <https://hosted.weblate.org/projects/avogadro/avogadroapp/ca/>
avogadro2-libs,706,448,4522,390,198,1124,972,5676,12.438336856941508,Catalan <https://hosted.weblate.org/projects/avogadro/avogadrolibs/ca/>
avr-binutils,16019,0,0,2698,0,0,20154,16019,100.0,Catalan <ca@dodds.net>
avr-gcc,914,425,422,149,65,60,1104,1761,51.902328222600794,Catalan <ca@dodds.net>
backintime,2022,291,467,356,31,40,2285,2780,72.73381294964028,Catalan <https://translate.codeberg.org/projects/backintime/common/ca/>
baloo-widgets,70,0,0,40,0,0,75,70,100.0,Catalan <kde-i18n-ca@kde.org>
baobab,1395,0,0,148,0,0,1590,1395,100.0,Catalan <tradgnome@softcatala.org>
bash,11740,0,0,597,0,0,12940,11740,100.0,Catalan <ca@dodds.net>
bijiben,1278,0,0,246,0,0,1538,1278,100.0,Catalan (https://www.transifex.com/softcatala/teams/62837/ca/)
binutils,7424,4087,1932,1452,390,302,9413,13443,55.22576805772521,Catalan <ca@dodds.net>
bison,778,530,498,149,66,93,979,1806,43.078626799557036,Catalan <ca@dodds.net>
bleachbit,1902,1,20,360,1,3,2279,1923,98.90795631825273,
blender,191171,0,0,36559,0,0,239582,191171,100.0,Catalan <https://translate.blender.org/projects/blender-ui/ui/ca/>
blinken,134,0,0,47,0,0,162,134,100.0,Catalan <kde-i18n-ca@kde.org>
blivet-gui,685,136,290,201,26,40,849,1111,61.65616561656165,Catalan
blobwars,1238,0,0,367,0,0,1346,1238,100.0,Catalan Localization <debian-l10n-catalan@lists.debian.org>
blogilo,1392,0,0,337,0,0,1666,1392,100.0,Catalan <kde-i18n-ca@kde.org>
bluedevil,636,0,0,229,0,0,751,636,100.0,Catalan <kde-i18n-ca@kde.org>
bluefish,4773,197,128,1505,49,21,6179,5098,93.62495096116123,Catalan
blueman,1191,324,850,362,104,358,1480,2365,50.35940803382664,Catalan <https://hosted.weblate.org/projects/blueman/2-4/ca/>
boinc-client,13675,0,2237,2423,0,189,15644,15912,85.94142785319256,Catalan (http://app.transifex.com/boinc/boinc/language/ca/)
bomber,110,0,0,27,0,0,130,110,100.0,Catalan <kde-i18n-ca@kde.org>
bookworm,685,12,98,138,1,10,884,795,86.16352201257862,Catalan <https://hosted.weblate.org/projects/bookworm/bookworm/ca/>
bottles,2217,626,608,483,121,72,2652,3451,64.24224862358736,Catalan <https://hosted.weblate.org/projects/bottles/bottles/ca/>
bovo,82,0,0,26,0,0,106,82,100.0,Catalan <kde-i18n-ca@kde.org>
brasero,7751,0,0,1113,0,0,8596,7751,100.0,Catalan <tradgnome@softcatala.org>
breezy,0,0,36640,0,0,2552,0,36640,0.0,Catalan <ca@li.org>
bubblemail,0,0,478,0,0,141,0,478,0.0,none
budgie-control-center,8439,33,406,2615,4,103,9942,8878,95.05519261094841,Catalan (https://app.transifex.com/buddiesofbudgie/teams/129844/ca/)
budgie-desktop,1859,0,0,481,0,0,2253,1859,100.0,Catalan (https://app.transifex.com/buddiesofbudgie/teams/129844/ca/)
budgie-screensaver,582,0,0,116,0,0,690,582,100.0,Catalan <tradgnome@softcatala.net>
budgie-session,435,0,0,68,0,0,504,435,100.0,Catalan <tradgnome@softcatala.org>
cairo-dock,3061,0,4494,552,0,274,3371,7555,40.51621442753144,Catalan <ca@li.org>
cairo-dock-plug-ins,1761,0,8425,223,0,1485,1827,10186,17.28843510700962,Catalan <ca@li.org>
caja,9605,0,551,1591,0,5,10868,10156,94.5746356833399,Catalan (https://app.transifex.com/mate/teams/13566/ca/)
caja-actions,515,0,18297,105,0,1411,562,18812,2.7376142887518604,Catalan (https://app.transifex.com/mate/teams/13566/ca/)
caja-extensions,798,0,47,170,0,11,986,845,94.43786982248521,Catalan (https://app.transifex.com/mate/teams/13566/ca/)
calamares,478,0,0,83,0,0,647,478,100.0,Catalan (https://app.transifex.com/calamares/teams/20061/ca/)
calendarsupport,2759,0,0,385,0,0,3039,2759,100.0,Catalan <kde-i18n-ca@kde.org>
calibre,55812,0,126002,12788,0,7596,63018,181814,30.697306038038874,Catalan (http://app.transifex.com/calibre/calibre/language/ca/)
calindori,550,0,0,184,0,0,678,550,100.0,Catalan <kde-i18n-ca@kde.org>
calligra,30218,0,0,6159,0,0,33695,30218,100.0,Catalan <kde-i18n-ca@kde.org>
calligraplan,9943,0,0,2165,0,0,11940,9943,100.0,Catalan <kde-i18n-ca@kde.org>
calls,41,0,0,18,0,0,52,41,100.0,Catalan <gnome@llistes.softcatala.org>
camorama,455,132,248,96,29,44,563,835,54.49101796407185,Catalan <tradgnome@softcatala.org>
cantor,3987,0,0,767,0,0,4905,3987,100.0,Catalan <kde-i18n-ca@kde.org>
caribou,169,0,0,57,0,0,205,169,100.0,Catalan <tradgnome@softcatala.org>
catfish,560,0,0,144,0,0,681,560,100.0,Catalan (https://app.transifex.com/xfce/teams/16840/ca/)
ccsm,591,0,0,163,0,0,671,591,100.0,Catalan <ca@li.org>
celluloid,1430,149,309,271,35,41,1968,1888,75.74152542372882,Catalan <https://hosted.weblate.org/projects/celluloid/celluloid/ca/>
certmonger,2458,156,217,414,21,38,3242,2831,86.82444365948429,Catalan
cervisia,1615,0,0,420,0,0,1936,1615,100.0,Catalan <kde-i18n-ca@kde.org>
cgit,31142,5354,0,4850,667,0,38156,36496,85.32989916703201,Catalan
cheese,2170,0,0,242,0,0,2449,2170,100.0,Catalan <tradgnome@softcatala.net>
chkconfig,500,89,8,94,14,1,611,597,83.75209380234506,Catalan <https://translate.fedoraproject.org/projects/fedora-sysv/chkconfig/ca/>
cinnamon-desktop,234,0,0,32,0,0,293,234,100.0,Catalan <tradgnome@softcatala.org>
cinnamon-translations,24112,0,89,5432,0,9,28085,24201,99.6322466013801,Catalan <ca@li.org>
clamtk,755,0,50,216,0,3,860,805,93.7888198757764,
clapper,294,0,99,118,0,23,369,393,74.80916030534351,Catalan
claws-mail,20932,0,0,4118,0,0,24936,20932,100.0,David Medina <opensusecatala@gmail.com>
clawsker,1693,0,0,303,0,0,2180,1693,100.0,
clementine,3803,0,0,1061,0,0,4851,3803,100.0,Catalan (http://app.transifex.com/davidsansome/clementine/language/ca/)
clutter,3057,0,0,675,0,0,3514,3057,100.0,Catalan <tradgnome@softcatala.org>
codeblocks,613,0,0,79,0,0,705,613,100.0,Catalan <https://hosted.weblate.org/projects/hunspell/translations/ca/>
cogl,393,0,0,80,0,0,552,393,100.0,Catalan <tradgnome@softcatala.org>
colord,349,0,1617,23,0,228,427,1966,17.75178026449644,Catalan (https://app.transifex.com/freedesktop/teams/12151/ca/)
colord-kde,282,0,0,104,0,0,359,282,100.0,Catalan <kde-i18n-ca@kde.org>
compiz,4385,0,0,879,0,0,5691,4385,100.0,Catalan <opensusecatala@gmail.com>
compiz-plugins-experimental,3153,8,1312,727,3,162,4104,4473,70.48960429242119,Catalan <ca@li.org>
compiz-plugins-extra,1568,182,2023,408,33,309,2188,3773,41.55844155844156,Catalan <ca@li.org>
compiz-plugins-main,4217,0,1,810,0,1,5703,4218,99.97629208155524,Catalan <ca@li.org>
console-setup,992,0,0,180,0,0,1059,992,100.0,Catalan <debian-l10n-catalan@lists.debian.org>
coolreader,641,19,35,241,10,18,780,695,92.23021582733813,Catalan LoCo Team
coreutils,19725,2125,191,1762,123,17,25088,22041,89.49230978630733,Catalan <ca@dodds.net>
cosmic-store,1259,0,0,318,0,0,1586,1259,100.0,Catalan (http://app.transifex.com/freedesktop/packagekit/language/ca/)
cpeditor,647,0,0,383,0,0,737,647,100.0,Catalan <kde-i18n-ca@kde.org>
cpu-x,494,98,1119,141,20,216,594,1711,28.872004675628286,Catalan <https://hosted.weblate.org/projects/cpu-x/translations/ca/>
cracklib,90,0,0,15,0,0,104,90,100.0,Catalan
cross-binutils,7424,4087,1932,1452,390,302,9413,13443,55.22576805772521,Catalan <ca@dodds.net>
cross-gcc,432,960,615,71,150,94,529,2007,21.524663677130047,Catalan <ca@dodds.net>
crow-translate,1574,0,0,511,0,0,1919,1574,100.0,Catalan <kde-i18n-ca@kde.org>
cups,5790,0,7252,1300,0,2716,7508,13042,44.39503143689618,Catalan <ca@dodds.net>
cups-pk-helper,149,0,0,22,0,0,208,149,100.0,Catalan (http://www.transifex.com/freedesktop/cups-pk-helper/language/ca/)
d-spy,123,0,0,58,0,0,145,123,100.0,
dasher,6517,44,672,406,13,52,7114,7233,90.1009263099682,Catalan <tradgnome@softcatala.org>
dconf-editor,2955,0,0,394,0,0,3427,2955,100.0,Catalan <info@softcatala.org>
dcraw,583,0,0,115,0,0,761,583,100.0,
debconf,862,0,0,94,0,0,990,862,100.0,Catalan <debian-l10n-catalan@lists.debian.org>
decibels,223,0,0,58,0,0,269,223,100.0,Catalan <Catalan>
deepin-daemon,1231,0,4,255,0,1,1586,1235,99.67611336032388,Catalan (https://app.transifex.com/linuxdeepin/teams/3617/ca/)
deepin-pw-check,84,0,0,13,0,0,106,84,100.0,Catalan (https://www.transifex.com/linuxdeepin/teams/3617/ca/)
deja-dup,3635,39,47,438,7,1,4420,3721,97.68879333512497,Catalan (https://www.transifex.com/softcatala/teams/62837/ca/)
deluge,4257,0,133,1323,0,18,5240,4390,96.97038724373577,Catalan <ca@li.org>
denemo,44620,0,0,5698,0,0,51950,44620,100.0,Catalan <ca@dodds.net>
devhelp,1148,0,0,146,0,0,1285,1148,100.0,Catalan <gnome@llistes.softcatala.org>
dia,12785,82,368,4666,29,30,16631,13235,96.5999244427654,Catalan <tradgnome@softcatala.org>
dialect,1045,78,73,713,16,10,1142,1196,87.37458193979933,
dialog,37,0,0,25,0,0,47,37,100.0,Catalan <ca@dodds.net>
diffutils,396,1072,415,82,123,60,516,1883,21.03027084439724,Catalan <ca@dodds.net>
digikam,63466,0,0,10572,0,0,76931,63466,100.0,Catalan <kde-i18n-ca@kde.org>
dino,1083,0,68,297,0,18,1251,1151,94.09209383145091,Catalan; Valencian <tradgnome@softcatala.org>
dippi,0,0,1537,0,0,254,0,1537,0.0,none
dnf,2415,151,2152,554,23,302,3148,4718,51.18694362017804,Catalan (https://fedora.zanata.org/language/view/ca) <fedora@llistes.softcatala.org>
dnf-plugins-core,755,100,1282,134,19,163,969,2137,35.32990173139916,Catalan <https://translate.fedoraproject.org/projects/dnf/dnf-plugins-core-l10n-master/ca/>
dnf-plugins-extras,91,0,30,13,0,8,113,121,75.20661157024794,Catalan
dnf5,3194,0,0,439,0,0,3893,3194,100.0,Catalan <https://translate.fedoraproject.org/projects/dnf5/dnf5-plugin-builddep/ca/>
dnfdragora,1814,0,0,481,0,0,2216,1814,100.0,Catalan (https://app.transifex.com/MageiaLinux/teams/9361/ca/)
dolphin,6943,0,0,978,0,0,8046,6943,100.0,Catalan <kde-i18n-ca@kde.org>
dolphin-emu,1670,0,17704,905,0,2042,1862,19374,8.61979973159905,Catalan (http://app.transifex.com/dolphinemu/dolphin-emu/language/ca/)
dolphin-plugins,1607,0,0,446,0,0,2172,1607,100.0,Catalan <kde-i18n-ca@kde.org>
dos2unix,1011,54,12,122,5,2,1207,1077,93.87186629526462,Catalan <ca@dodds.net>
doublecmd,3608,1239,7557,1312,517,1675,4011,12404,29.0873911641406,
dpkg,18664,0,0,2160,0,0,23609,18664,100.0,Catalan <debian-l10n-catalan@lists.debian.org>
dragon,170,0,0,29,0,0,219,170,100.0,Catalan <kde-i18n-ca@kde.org>
drawing,1327,119,460,445,22,38,1550,1906,69.62224554039874,Catalan <ca@dodds.net>
drgeo,1912,65,8,450,7,4,2143,1985,96.32241813602015,Catalan <tradgnome@softcatala.ogr>
duplicity,0,0,2377,0,0,351,0,2377,0.0,Catalan
e16,2569,45,2,503,11,2,3049,2616,98.20336391437309,Catalan <ca@li.org>
e2fsprogs,7784,1409,1067,1253,186,127,11026,10260,75.86744639376218,Catalan <ca@dodds.net>
easyeffects,122,12,1345,69,5,523,137,1479,8.248816768086545,Catalan <https://hosted.weblate.org/projects/easyeffects/main/ca/>
easytag,7500,143,7,1181,6,1,8637,7650,98.0392156862745,Catalan <gnome@llistes.softcatala.org>
ecryptfs-utils,82,0,0,5,0,0,88,82,100.0,Catalan
efl,155,1,0,58,1,0,172,156,99.35897435897436,Catalan
eiciel,331,0,0,85,0,0,369,331,100.0,Catalan <https://l10n.opensuse.org/projects/eiciel/master/ca/>
elementary-calculator,174,0,0,62,0,0,204,174,100.0,Catalan <https://l10n.elementary.io/projects/calculator/calculator/ca/>
elementary-calendar,670,0,0,233,0,0,750,670,100.0,Catalan <https://l10n.elementaryos.org/projects/calendar/calendar/ca/>
elementary-camera,141,0,0,36,0,0,175,141,100.0,Catalan <https://l10n.elementary.io/projects/camera/camera/ca/>
elementary-code,2227,0,1,383,0,1,2729,2228,99.95511669658886,Catalan <https://l10n.elementaryos.org/projects/code/code/ca/>
elementary-files,2656,0,0,567,0,0,3160,2656,100.0,Catalan <https://l10n.elementaryos.org/projects/files/files/ca/>
elementary-icon-theme,349,0,0,63,0,0,470,349,100.0,Catalan <https://l10n.elementary.io/projects/desktop/icons-extra/ca/>
elementary-mail,861,0,0,207,0,0,1071,861,100.0,Catalan <https://l10n.elementary.io/projects/mail/mail/ca/>
elementary-music,223,8,0,43,2,0,266,231,96.53679653679653,Catalan <https://l10n.elementaryos.org/projects/music/music/ca/>
elementary-notifications,42,0,0,9,0,0,60,42,100.0,Catalan <https://l10n.elementary.io/projects/desktop/notifications-extra/ca/>
elementary-onboarding,317,0,0,66,0,0,381,317,100.0,Catalan <https://l10n.elementary.io/projects/installer/onboarding/ca/>
elementary-photos,2862,0,0,662,0,0,3641,2862,100.0,Catalan <https://l10n.elementary.io/projects/photos/photos/ca/>
elementary-screenshot,128,0,0,37,0,0,176,128,100.0,Catalan <https://l10n.elementary.io/projects/screenshot/screenshot/ca/>
elementary-settings-daemon,303,0,0,70,0,0,409,303,100.0,Catalan <https://l10n.elementary.io/projects/desktop/settings-daemon/ca/>
elinks,354,1638,11752,171,520,1189,406,13744,2.5756693830034925,Catalan <ca@dodds.net>
elisa-player,822,0,0,303,0,0,1073,822,100.0,Catalan <kde-i18n-ca@kde.org>
emerald,696,0,0,220,0,0,1081,696,100.0,Catalan <ca@li.org>
engrampa,3991,0,3824,617,0,266,4380,7815,51.06845809341011,Catalan (https://app.transifex.com/mate/teams/13566/ca/)
enlightenment,5273,2884,568,1864,284,112,6175,8725,60.43553008595989,Català <enlightenment-devel@lists.sourceforge.net>
enscript,1056,650,127,167,25,16,1348,1833,57.61047463175123,Catalan <ca@dodds.net>
entangle,836,0,129,206,0,27,1108,965,86.6321243523316,Catalan (http://www.transifex.com/projects/p/entangle/language/ca/)
eog,6125,0,0,641,0,0,6798,6125,100.0,Catalan (https://www.transifex.com/softcatala/teams/62837/ca/)
eog-plugins,403,0,0,100,0,0,512,403,100.0,Catalan <tradgnome@softcatala.org>
eom,2588,0,2370,423,0,119,3003,4958,52.19846712384025,Catalan (https://app.transifex.com/mate/teams/13566/ca/)
epiphany,7464,0,0,1125,0,0,8798,7464,100.0,Catalan (https://www.transifex.com/softcatala/teams/62837/ca/)
eventviews,3564,0,0,345,0,0,4248,3564,100.0,Catalan <kde-i18n-ca@kde.org>
evince,8600,0,0,1016,0,0,9424,8600,100.0,Catalan (https://www.transifex.com/softcatala/teams/62837/ca/)
evolution,55759,657,414,7954,152,47,64536,56830,98.11543199014605,"Catalan <info@softcatala.org>
ca/)"
evolution-data-server,8342,0,0,1540,0,0,11074,8342,100.0,Catalan <info@softcatala.org>
evolution-ews,1879,0,0,341,0,0,2396,1879,100.0,Catalan <info@softcatala.org>
evolution-mapi,1039,0,0,226,0,0,1440,1039,100.0,Catalan <info@softcatala.org>
exaile,4687,0,3,1124,0,1,6133,4690,99.9360341151386,Catalan <https://hosted.weblate.org/projects/exaile/master/ca/>
exiv2,26000,0,18321,4726,0,2619,33342,44321,58.66293630558877,Catalan
exo,738,0,15,146,0,2,853,753,98.00796812749005,Catalan (http://app.transifex.com/xfce/exo/language/ca/)
falkon,4853,0,0,1530,0,0,6090,4853,100.0,Catalan <kde-i18n-ca@kde.org>
fantasdic,267,35,26,88,15,8,365,328,81.40243902439023,Catalan <tradgnome@softcatala.net>
fcitx,3295,0,13,725,0,5,4235,3308,99.60701330108827,Catalan (http://www.transifex.com/fcitx/fcitx/language/ca/)
fcitx-anthy,365,0,0,144,0,0,438,365,100.0,Catalan (http://www.transifex.com/fcitx/fcitx/language/ca/)
fcitx-chewing,55,0,0,26,0,0,63,55,100.0,Catalan (http://www.transifex.com/fcitx/fcitx/language/ca/)
fcitx-cloudpinyin,63,0,0,15,0,0,85,63,100.0,Catalan (http://www.transifex.com/fcitx/fcitx/language/ca/)
fcitx-configtool,106,0,0,33,0,0,138,106,100.0,Catalan (http://www.transifex.com/fcitx/fcitx/language/ca/)
fcitx-hangul,37,0,0,18,0,0,43,37,100.0,Catalan (http://www.transifex.com/fcitx/fcitx/language/ca/)
fcitx-kkc,118,0,0,47,0,0,134,118,100.0,Catalan (http://www.transifex.com/fcitx/fcitx/language/ca/)
fcitx-libpinyin,261,0,0,103,0,0,337,261,100.0,Catalan (http://www.transifex.com/fcitx/fcitx/language/ca/)
fcitx-m17n,45,0,0,17,0,0,49,45,100.0,Catalan (http://www.transifex.com/fcitx/fcitx/language/ca/)
fcitx-qt5,99,0,0,33,0,0,132,99,100.0,Catalan (https://www.transifex.com/fcitx/teams/12005/ca/)
fcitx-skk,84,0,0,37,0,0,99,84,100.0,Catalan (http://www.transifex.com/fcitx/fcitx/language/ca/)
fcitx-sunpinyin,104,0,0,40,0,0,117,104,100.0,Catalan (http://www.transifex.com/fcitx/fcitx/language/ca/)
fcitx-table-extra,24,0,0,20,0,0,28,24,100.0,Catalan (http://www.transifex.com/fcitx/fcitx/language/ca/)
fcitx-table-other,24,0,0,22,0,0,24,24,100.0,Catalan (http://www.transifex.com/fcitx/fcitx/language/ca/)
fcitx-unikey,96,0,0,42,0,0,120,96,100.0,Catalan (http://www.transifex.com/fcitx/fcitx/language/ca/)
fcitx5-mozc,37,0,74,17,0,26,44,111,33.33333333333333,Catalan (http://www.transifex.com/fcitx/fcitx/language/ca/)
fielding,41,0,0,19,0,0,49,41,100.0,Catalan <kde-i18n-ca@kde.org>
file-roller,3038,0,0,481,0,0,3383,3038,100.0,Catalan <tradgnome@softcatala.org>
filelight,284,0,0,88,0,0,335,284,100.0,Catalan <kde-i18n-ca@kde.org>
filezilla,10708,0,126,1865,0,13,12871,10834,98.83699464648329,Català
findutils,302,794,1413,44,61,142,402,2509,12.036667995217218,Catalan <ca@dodds.net>
firewalld,2026,28,29,380,4,5,2414,2083,97.26356216994719,Catalan (http://www.transifex.com/projects/p/firewalld/language/ca/)
five-or-more,1607,0,0,216,0,0,1737,1607,100.0,Catalan (https://www.transifex.com/softcatala/teams/62837/ca/)
flare,245,0,5573,138,0,1119,300,5818,4.211069095909247,Catalan (https://www.transifex.com/flareorg/teams/84925/ca/)
flare-engine,966,0,957,296,0,221,1076,1923,50.23400936037441,Catalan (https://www.transifex.com/flareorg/teams/84925/ca/)
flatpak-kcm,361,0,0,104,0,0,473,361,100.0,Catalan <kde-i18n-ca@kde.org>
flatseal,464,1,15,138,1,4,583,480,96.66666666666667,
flaw,84,0,0,53,0,0,88,84,100.0,
fldigi,7973,158,294,2212,63,59,10278,8425,94.63501483679525,"Català Xavi Pérez, EA3W ea3wxavi@gmail.com"
flex,791,329,11,164,2,3,1066,1131,69.93810786914236,Catalan <ca@dodds.net>
focuswriter,129,0,0,7,0,0,148,129,100.0,Catalan (http://www.transifex.com/gottcode/focuswriter/language/ca/)
folder-color-switcher,65,0,0,23,0,0,68,65,100.0,Catalan <ca@li.org>
folio,286,0,668,109,0,107,309,954,29.979035639413,
folks,1056,0,0,130,0,0,1421,1056,100.0,Catalan <tradgnome@softcatala.org>
fontforge,20444,0,0,4501,0,0,24419,20444,100.0,Catalan
fonts-tweak-tool,0,0,195,0,0,64,0,195,0.0,Catalan
four-in-a-row,1283,0,0,196,0,0,1366,1283,100.0,Catalan (https://www.transifex.com/softcatala/teams/62837/ca/)
fprintd,405,28,0,56,4,0,408,433,93.53348729792148,Catalan (http://www.transifex.com/freedesktop/fprintd/language/ca/)
fractal,866,0,0,240,0,0,1034,866,100.0,
fragments,850,0,0,239,0,0,1005,850,100.0,Catalan <gnome@llistes.softcatala.org>
francis,78,0,0,36,0,0,81,78,100.0,Catalan <kde-i18n-ca@kde.org>
freeciv,85293,24520,10294,7889,1860,812,94962,120107,71.01417902370386,Catalan <kde-i18n-ca@kde.org>
freedink,183,75,5,43,12,1,222,263,69.58174904942965,Catalan <ca@dodds.net>
freedink-data,13770,0,0,2221,0,0,13718,13770,100.0,Catalan <ca@dodds.net>
freedink-dfarc,773,0,0,134,0,0,899,773,100.0,Catalan <ca@dodds.net>
freeipa,245,0,0,181,0,0,289,245,100.0,Catalan
frogr,695,0,0,189,0,0,883,695,100.0,Catalan <info@softcatala.org>
frozen-bubble,698,0,0,148,0,0,766,698,100.0,Catalan <bennybeat@gmail.com>
fuse-encfs,699,16,574,90,2,45,836,1289,54.22808378588053,Catalan <ca@li.org>
fwupd,4494,0,0,831,0,0,5694,4494,100.0,Catalan <https://hosted.weblate.org/projects/fwupd/fwupd/ca/>
gajim,95,1778,4476,53,655,1008,108,6349,1.4962986297054655,
gala,319,0,0,67,0,0,429,319,100.0,Catalan <https://l10n.elementaryos.org/projects/desktop/gala/ca/>
gambas3,7723,1171,2236,2374,337,730,8735,11130,69.38903863432165,
gamehub,1097,16,2,358,6,1,1458,1115,98.38565022421525,Catalan <https://hosted.weblate.org/projects/gamehub/translations/ca/>
gammastep,595,285,65,82,54,13,750,945,62.96296296296296,Catalan <ca@li.org>
gammu,106,128,3783,57,37,1019,127,4017,2.6387851630570074,none
garcon,125,0,0,38,0,0,162,125,100.0,Catalan (http://app.transifex.com/xfce/garcon/language/ca/)
gawk,2694,1902,500,440,273,62,3404,5096,52.864992150706435,Catalan <ca@dodds.net>
gbrainy,10305,0,0,1288,0,0,10608,10305,100.0,Catalan
gcal,4873,54,79,1406,19,23,5822,5006,97.34318817419097,Catalan <ca@dodds.net>
gcc,432,960,615,71,150,94,529,2007,21.524663677130047,Catalan <ca@dodds.net>
gcc14,914,425,422,149,65,60,1104,1761,51.902328222600794,Catalan <ca@dodds.net>
gcompris-qt,36856,0,0,4078,0,0,40227,36856,100.0,Catalan <kde-i18n-ca@kde.org>
gconf-editor,3170,0,0,336,0,0,3659,3170,100.0,Catalan <tradgnome@softcatala.org>
gcr,538,0,0,189,0,0,698,538,100.0,Catalan <tradgnome@softcatala.org>
gcr3,795,0,0,276,0,0,978,795,100.0,Catalan <tradgnome@softcatala.org>
gdk-pixbuf2,1325,0,0,198,0,0,1828,1325,100.0,Catalan <Catalan <info@softcatala.org>>
gdk-pixbuf2-modules-extra,1325,0,0,198,0,0,1828,1325,100.0,Catalan <Catalan <info@softcatala.org>>
gdm,10396,0,0,508,0,0,11344,10396,100.0,català; valencià <>
geany,5601,453,298,1245,85,47,6701,6352,88.17695214105792,Catalan <ca@dodds.net>
geany-plugins,1447,865,6767,639,279,928,1789,9079,15.937878620993501,ca <topi@elpiset.net>
geary,5780,0,0,823,0,0,6876,5780,100.0,Catalan (https://www.transifex.com/softcatala/teams/62837/ca/)
gedit,9805,0,0,1103,0,0,10797,9805,100.0,Catalan (https://www.transifex.com/softcatala/teams/62837/ca/)
gedit-latex,111,0,355,92,0,133,122,466,23.819742489270386,Catalan <tradgnome@softcatala.org>
gedit-plugins,3135,0,0,363,0,0,3454,3135,100.0,Catalan (https://www.transifex.com/softcatala/teams/62837/ca/)
geeqie,4838,660,903,1654,134,94,6276,6401,75.58194032182472,Catalan <ca@dodds.net> <>
gegl04,11331,0,0,2256,0,0,13732,11331,100.0,Catalan <tradgnome@softcatala.org>
genius,8632,0,0,1126,0,0,10079,8632,100.0,Catalan (https://www.transifex.com/softcatala/teams/62837/ca/)
gentoo,2204,49,0,596,2,0,2565,2253,97.82512205947626,Innocent De Marchi <tangram.peces@gmail.com>
gettext,7965,307,106,807,54,13,9414,8378,95.07042253521126,Catalan <ca@dodds.net>
gftp,3370,0,0,595,0,0,3960,3370,100.0,Catalan <tradgnome@softcatala.org>
ggz-base-libs,74,0,0,17,0,0,104,74,100.0,Catalan <tradgnome@softcatala.org>
ghdl,432,960,615,71,150,94,529,2007,21.524663677130047,Catalan <ca@dodds.net>
ghex,1107,0,0,284,0,0,1384,1107,100.0,Softcatalà <tradgnome@softcatala.org>
ghostwriter,1326,0,0,338,0,0,1644,1326,100.0,Catalan <kde-i18n-ca@kde.org>
gigolo,541,0,0,158,0,0,656,541,100.0,Catalan (http://app.transifex.com/xfce/xfce-apps/language/ca/)
gimagereader,0,0,1817,0,0,482,0,1817,0.0,none
gimp,47497,0,0,10772,0,0,59758,47497,100.0,Catalan <gnome@lists.softcatala.org>
gimp-help,243561,10146,8610,17023,418,534,255918,262317,92.84987248253069,none
git,40847,0,0,6163,0,0,50602,40847,100.0,Catalan
git-cinnabar,38416,0,0,5791,0,0,47330,38416,100.0,Catalan
gitg,2537,0,0,462,0,0,2964,2537,100.0,Catalan <info@softcatala.org>
glabels,1554,271,313,540,81,92,2052,2138,72.68475210477081,Catalan <tradgnome@softcatala.org>
glade,8629,0,0,1921,0,0,10340,8629,100.0,Catalan <tradgnome@softcatala.org>
glaxnimate,3571,0,0,1042,0,0,4322,3571,100.0,Catalan <kde-i18n-ca@kde.org>
glib-networking,460,0,0,68,0,0,685,460,100.0,Catalan <gnome-dl@llistes.softcatala.org>
glib2,7889,0,0,1253,0,0,10732,7889,100.0,Catalan <tradgnome@softcatala.org>
glibc,7745,0,0,1410,0,0,11155,7745,100.0,Catalan <ca@dodds.net>
gnome-2048,372,0,10,68,0,1,430,382,97.38219895287958,ca_ES <tradgnome@softcatala.net>
gnome-abrt,195,0,26,48,0,7,238,221,88.23529411764706,Catalan <https://translate.fedoraproject.org/projects/abrt/gnome-abrt/ca/>
gnome-applets,17099,0,0,1834,0,0,19717,17099,100.0,catalan <tradgnome@softcatala.org>
gnome-bluetooth,316,0,0,92,0,0,346,316,100.0,Catalan <tradgnome@softcatala.org>
gnome-bluetooth3.34,373,0,0,110,0,0,428,373,100.0,Catalan <tradgnome@softcatala.org>
gnome-boxes,3989,0,0,493,0,0,4633,3989,100.0,Catalan (https://www.transifex.com/softcatala/teams/62837/ca/)
gnome-builder,5882,0,0,1447,0,0,7433,5882,100.0,Catalan <info@softcatala.org>
gnome-calculator,3718,0,0,907,0,0,4262,3718,100.0,Catalan <tradgnome@softcatala.org>
gnome-calendar,1135,0,0,307,0,0,1354,1135,100.0,Catalan <tradgnome@softcatala.org>
gnome-characters,161,0,0,56,0,0,196,161,100.0,
gnome-chess,2558,0,0,335,0,0,2838,2558,100.0,Catalan (https://www.transifex.com/softcatala/teams/62837/ca/)
gnome-clocks,1346,0,0,233,0,0,1413,1346,100.0,Catalan <Catalan <info@softcatala.org>>
gnome-color-manager,2330,0,0,371,0,0,2719,2330,100.0,gnome
gnome-commander,10682,0,28,1909,0,5,12377,10710,99.73856209150327,Catalan (https://www.transifex.com/softcatala/teams/62837/ca/)
gnome-connections,672,0,0,121,0,0,748,672,100.0,Catalan (https://www.transifex.com/softcatala/teams/62837/ca/)
gnome-console,346,0,0,104,0,0,435,346,100.0,
gnome-contacts,757,0,0,215,0,0,851,757,100.0,Catalan <tradgnome@softcatala.org>
gnome-control-center,9296,2,406,2771,1,103,11223,9704,95.79554822753504,Catalan <fedora@softcatala.net>
gnome-desktop3,9777,0,0,279,0,0,10158,9777,100.0,Catalan <tradgnome@softcatala.org>
gnome-devel-docs,6072,1323,96102,278,128,2758,7119,103497,5.866836719904925,Catalan <tradgnome@softcatala.org>
gnome-dictionary,2162,0,0,323,0,0,2418,2162,100.0,Catalan (https://www.transifex.com/softcatala/teams/62837/ca/)
gnome-disk-utility,4091,0,0,754,0,0,5266,4091,100.0,Catalan <info@softcatala.org>
gnome-do,612,0,0,144,0,0,747,612,100.0,Catalan <ubuntu-l10n-ca@lists.ubuntu.com>
gnome-doc-utils,502,0,0,202,0,0,516,502,100.0,Catalan <tradgnome@softcatala.org>
gnome-extensions-app,3516,0,0,718,0,0,4170,3516,100.0,
gnome-feeds,490,2,468,122,1,82,584,960,51.041666666666664,Catalan <ca@dodds.net>
gnome-firmware,681,0,0,170,0,0,848,681,100.0,Catalan <gnome@llistes.softcatala.org>
gnome-flashback,1481,0,0,274,0,0,1555,1481,100.0,Catalan (https://www.transifex.com/softcatala/teams/62837/ca/)
gnome-font-viewer,539,0,0,209,0,0,676,539,100.0,Catalan <tradgnome@softcatala.org>
gnome-icon-theme,49,0,0,42,0,0,53,49,100.0,Catalan <tradgnome@softcatala.org>
gnome-initial-setup,915,0,0,135,0,0,971,915,100.0,Catalan <tradgnome@softcatala.org>
gnome-keyring,473,0,0,99,0,0,555,473,100.0,Catalan <tradgnome@softcatala.org>
gnome-klotski,1415,0,0,139,0,0,1537,1415,100.0,Catalan <tradgnome@softcatala.org>
gnome-logs,670,0,0,149,0,0,755,670,100.0,Catalan <gnome@llistes.softcatala.org>
gnome-mahjongg,1623,0,0,191,0,0,1710,1623,100.0,Catalan <tradgnome@softcatala.org>
gnome-maps,1355,0,0,457,0,0,1700,1355,100.0,Catalan <tradgnome@softcatala.org>
gnome-menus,81,0,0,38,0,0,87,81,100.0,Catalan <tradgnome@softcatala.org>
gnome-mime-data,887,0,0,362,0,0,1100,887,100.0,Catalan <tradgnome@softcatala.org>
gnome-mines,1434,0,0,165,0,0,1560,1434,100.0,Catalan <tradgnome@softcatala.org>
gnome-multi-writer,126,0,261,28,0,32,135,387,32.55813953488372,Catalan (http://www.transifex.com/projects/p/gnome-multi-writer/language/ca/)
gnome-music,890,0,0,194,0,0,1140,890,100.0,Catalan (http://www.transifex.com/softcatala/gnome-documentation-catalan/language/ca/)
gnome-nettool,1178,0,0,241,0,0,1347,1178,100.0,Catalan <tradgnome@softcatala.org>
gnome-network-displays,229,0,0,35,0,0,277,229,100.0,Catalan <gnome@llistes.softcatala.org>
gnome-nibbles,1641,0,0,218,0,0,1805,1641,100.0,Catalan (https://www.transifex.com/softcatala/teams/62837/ca/)
gnome-online-accounts,800,0,0,164,0,0,1014,800,100.0,Catalan <tradgnome@softcatala.org>
gnome-online-accounts-gtk,36,0,0,14,0,0,44,36,100.0,Catalan <ca@li.org>
gnome-packagekit,3593,0,0,583,0,0,4218,3593,100.0,Catalan <tradgnome@softcatala.org>
gnome-panel,4834,0,0,655,0,0,5423,4834,100.0,Catalan <tradgnome@softcatala.org>
gnome-phone-manager,502,0,0,112,0,0,598,502,100.0,Softcatalà <tradgnome@softcatala.org>
gnome-photos,1029,0,0,266,0,0,1177,1029,100.0,Catalan (http://www.transifex.com/softcatala/gnome-documentation-catalan/language/ca/)
gnome-pomodoro,358,0,0,132,0,0,408,358,100.0,<>
gnome-power-manager,862,0,0,267,0,0,1056,862,100.0,Catalan <tradgnome@softcatala.org>
gnome-radio,337,0,0,54,0,0,400,337,100.0,Catalan <gnome@llistes.softcatala.org>
gnome-remote-desktop,853,0,0,47,0,0,946,853,100.0,Catalan <gnome@llistes.softcatala.org>
gnome-robots,1715,0,0,256,0,0,1888,1715,100.0,Catalan (https://www.transifex.com/softcatala/teams/62837/ca/)
gnome-screenshot,411,0,0,62,0,0,518,411,100.0,Catalan <tradgnome@softcatala.org>
gnome-session,429,0,0,68,0,0,503,429,100.0,Catalan <tradgnome@softcatala.org>
gnome-settings-daemon,3923,0,0,548,0,0,4779,3923,100.0,Catalan <tradgnome@softcatala.org>
gnome-shell,3516,0,0,718,0,0,4170,3516,100.0,
gnome-shell-extension-blur-my-shell,215,0,781,26,0,134,219,996,21.586345381526105,Catalan <https://hosted.weblate.org/projects/blur-my-shell/blur-my-shell/ca/>
gnome-shell-extension-bubblemail,0,0,133,0,0,37,0,133,0.0,none
gnome-shell-extension-caffeine,345,6,1,84,3,1,437,352,98.01136363636364,Catalan
gnome-shell-extension-gsconnect,577,0,325,215,0,53,729,902,63.968957871396896,Catalan
gnome-shell-extension-just-perfection,712,0,0,165,0,0,981,712,100.0,Catalan
gnome-shell-extension-netspeed,33,3,24,17,2,20,45,60,55.00000000000001,
gnome-shell-extension-openweather,150,306,394,62,96,107,143,850,17.647058823529413,Softcatalà
gnome-shell-extension-system-monitor-applet,130,49,12,92,7,7,157,191,68.06282722513089,
gnome-shell-extensions,321,0,0,78,0,0,438,321,100.0,Catalan <tradgnome@softcatala.org>
gnome-shell-frippery,22,0,0,8,0,0,35,22,100.0,Catalan <tradgnome@softcatala.org>
gnome-software,6077,0,0,1135,0,0,7222,6077,100.0,Catalan <tradgnome@softcatala.org>
gnome-sound-recorder,271,0,0,78,0,0,307,271,100.0,Catalan <tradgnome@softcatala.org>
gnome-subtitles,1634,0,0,374,0,0,1973,1634,100.0,Catalan <tradgnome@softcatala.org>
gnome-sudoku,1946,0,0,222,0,0,2115,1946,100.0,Catalan (https://www.transifex.com/softcatala/teams/62837/ca/)
gnome-system-log,1657,0,0,148,0,0,1930,1657,100.0,catalan <tradgnome@softcatala.org>
gnome-system-monitor,6275,0,0,619,0,0,6903,6275,100.0,Catalan (https://www.transifex.com/softcatala/teams/62837/ca/)
gnome-taquin,1364,0,0,213,0,0,1509,1364,100.0,Catalan (https://www.transifex.com/softcatala/teams/62837/ca/)
gnome-terminal,8186,0,0,1069,0,0,9310,8186,100.0,Catalan <Catalan <info@softcatala.org>>
gnome-tetravex,1718,0,0,231,0,0,1980,1718,100.0,Catalan <tradgnome@softcatala.org>
gnome-text-editor,1750,4,0,350,1,0,2089,1754,99.77194982896236,Catalan <gnome@llistes.softcatala.org>
gnome-themes-extra,15,0,0,6,0,0,15,15,100.0,Catalan <gnome-dl@llistes.softcatala.org>
gnome-todo,1711,0,0,243,0,0,1967,1711,100.0,Catalan (https://www.transifex.com/softcatala/teams/62837/ca/)
gnome-tour,138,0,0,23,0,0,161,138,100.0,Catalan <gnome@llistes.softcatala.org>
gnome-tweaks,468,0,0,137,0,0,631,468,100.0,Catalan <tradgnome@softcatala.org>
gnome-usage,457,0,0,70,0,0,522,457,100.0,
gnome-user-docs,66658,485,49,3949,15,1,70875,67192,99.20526253125372,Catalan (https://www.transifex.com/softcatala/teams/62837/ca/)
gnome-user-share,39,0,0,8,0,0,50,39,100.0,Catalan <tradgnome@softcatala.org>
gnome-vfs2,1519,0,0,305,0,0,1839,1519,100.0,Catalan <tradgnome@softcatala.org>
gnome-video-effects,256,0,0,68,0,0,292,256,100.0,Catalan <tradgnome@softcatala.org>
gnome-weather,236,0,0,48,0,0,270,236,100.0,Catalan <tradgnome@softcatala.org>
gnote,7451,0,31,916,0,2,8744,7482,99.58567228013901,Catalan (https://www.transifex.com/softcatala/teams/62837/ca/)
gnubik,45,75,159,13,16,54,53,279,16.129032258064516,Catalonia is not Spain <cat@cat.cat>
gnucash,31965,4542,3071,4975,626,268,36659,39578,80.76456617312648,
gnulib-l10n,242,327,802,58,81,195,303,1371,17.65134938001459,Catalan <ca@dodds.net>
gnumeric,17565,476,18362,3967,7,1918,21097,36403,48.25151773205505,Catalan (https://www.transifex.com/softcatala/teams/62837/ca/)
gnupg1,4435,2901,1304,642,464,191,5280,8640,51.331018518518526,Catalan <ca@dodds.net>
gnupg2,2418,6746,4637,410,1157,652,2999,13801,17.520469531193392,Catalan <ca@dodds.net>
godot,8557,0,0,2218,0,0,10330,8557,100.0,Catalan <https://hosted.weblate.org/projects/godot-engine/godot/ca/>
godot3,11033,6505,267607,2645,2226,13147,13102,285145,3.8692594995528595,Catalan <https://hosted.weblate.org/projects/godot-engine/godot-class-reference/ca/>
goffice,6608,0,0,2118,0,0,7778,6608,100.0,Catalan (https://www.transifex.com/softcatala/teams/62837/ca/)
goodvibes,314,8,24,112,3,5,405,346,90.7514450867052,Catalan <https://hosted.weblate.org/projects/goodvibes/translations/ca/>
gparted,3057,0,0,513,0,0,3684,3057,100.0,Catalan <info@softcatala.org>
gpodder,0,0,2636,0,0,668,0,2636,0.0,Catalan (http://www.transifex.com/projects/p/gpodder/language/ca/)
gramps,41152,49,0,7210,1,0,46975,41201,99.88107084779496,Catalan <https://hosted.weblate.org/projects/gramps-project/gramps/ca/>
granatier,243,0,0,66,0,0,280,243,100.0,Catalan <kde-i18n-ca@kde.org>
granite,498,0,0,118,0,0,594,498,100.0,Catalan <https://l10n.elementary.io/projects/desktop/granite/ca/>
granite-7,596,0,0,112,0,0,690,596,100.0,Catalan <https://l10n.elementaryos.org/projects/desktop/granite/ca/>
grantlee-editor,532,0,0,159,0,0,670,532,100.0,Catalan <kde-i18n-ca@kde.org>
grantleetheme,14,0,0,6,0,0,18,14,100.0,Catalan <kde-i18n-ca@kde.org>
grep,593,303,37,84,23,9,754,933,63.558413719185424,Catalan <ca@dodds.net>
grilo,191,0,0,36,0,0,278,191,100.0,Catalan <tradgnome@softcatala.org>
grilo-plugins,2035,0,0,222,0,0,2405,2035,100.0,Catalan <gnome@llistes.softcatala.org>
grip,819,170,108,219,37,23,1041,1097,74.65815861440291,Catalan <ca@dodds.net>
grsync,696,94,370,107,18,37,781,1160,60.0,
grub2,6834,403,1058,1285,90,153,9033,8295,82.3869801084991,Catalan <ca@dodds.net>
gscan2pdf,690,0,1960,271,0,352,855,2650,26.037735849056602,Catalan <ca@li.org>
gsettings-desktop-schemas,7539,0,0,672,0,0,9192,7539,100.0,Catalan <tradgnome@softcatala.org>
gshutdown,492,0,0,101,0,0,516,492,100.0,
gspell,78,0,0,32,0,0,100,78,100.0,ca_ES <tradgnome@softcatala.net>
gstreamer1,1721,178,324,314,28,49,2236,2223,77.41790373369321,Catalan <ca@dodds.net>
gstreamer1-plugins-bad-free,73,22,102,10,3,16,99,197,37.055837563451774,Catalan <ca@dodds.net>
gstreamer1-plugins-base,644,115,335,125,25,75,828,1094,58.866544789762344,Catalan <ca@dodds.net>
gstreamer1-plugins-good,442,210,173,51,27,26,570,825,53.57575757575758,Catalan <ca@dodds.net>
gstreamer1-plugins-ugly-free,80,0,0,10,0,0,102,80,100.0,Catalan <ca@dodds.net>
gthumb,8465,0,37,1509,0,1,9747,8502,99.56480828040462,Catalan (https://www.transifex.com/softcatala/teams/62837/ca/)
gtk+,202,0,0,105,0,0,235,202,100.0,linux-ca@chanae.alphanet.ch
gtk-murrine-engine,268,0,0,92,0,0,456,268,100.0,Catalan <tradgnome@softcatala.org>
gtk-vnc,16,0,0,6,0,0,26,16,100.0,Catalan <tradgnome@softcatala.org>
gtk2,13699,5,0,2783,1,0,16409,13704,99.96351430239346,Catalan <tradgnome@softcatala.org>
gtk2-engines,119,0,0,47,0,0,193,119,100.0,Catalan <tradgnome@softcatala.org>
gtk3,16737,0,0,3942,0,0,19997,16737,100.0,Catalan <tradgnome@softcatala.org>
gtk4,5117,0,0,1735,0,0,6439,5117,100.0,Catalan <tradgnome@softcatala.org>
gtkhash,213,0,0,63,0,0,292,213,100.0,Catalan <https://hosted.weblate.org/projects/gtkhash/translations/ca/>
gtkpod,4690,1486,1344,796,326,240,5513,7520,62.36702127659575,Català <kde-i18n-ca@kde.org>
gtksourceview2,1413,0,0,538,0,0,1795,1413,100.0,Catalan <tradgnome@softcatala.org>
gtksourceview3,223,66,33,90,11,5,283,322,69.25465838509317,Catalan <tradgnome@softcatala.org>
gtksourceview4,308,0,0,94,0,0,390,308,100.0,Catalan <tradgnome@softcatala.org>
gtksourceview5,367,0,0,112,0,0,462,367,100.0,Catalan <tradgnome@softcatala.org>
gtkspell3,15,0,0,6,0,0,21,15,100.0,Catalan <ca@dodds.net>
gtranslator,1333,0,0,297,0,0,1708,1333,100.0,Catalan <tradgnome@softcatala.org>
guake,293,180,1170,79,45,191,381,1643,17.83323189287888,Catalan (http://www.transifex.com/projects/p/guake/language/ca/)
guayadeque,3430,6,1,1021,2,1,4051,3437,99.79633401221996,Catalan (http://www.transifex.com/projects/p/guayadeque/language/ca/)
gucharmap,3098,0,44,640,0,2,3472,3142,98.59961807765755,Catalan <tradgnome@softcatala.org>
gummi,628,129,36,225,29,12,728,793,79.19293820933166,Català <marcvinyals@velodius.com>
gutenprint,11476,4028,1000,3297,1316,277,12292,16504,69.53465826466311,Catalan <ca@dodds.net>
gvfs,2270,0,0,422,0,0,3169,2270,100.0,Catalan <tradgnome@softcatala.org>
gweled,157,0,60,42,0,5,159,217,72.35023041474655,
gwenview,2091,0,0,457,0,0,2487,2091,100.0,Catalan <kde-i18n-ca@kde.org>
haruna,2345,0,0,497,0,0,2974,2345,100.0,Catalan <kde-i18n-ca@kde.org>
hash-o-matic,223,0,0,60,0,0,268,223,100.0,Catalan <kde-i18n-ca@kde.org>
heaptrack,1405,0,0,210,0,0,1672,1405,100.0,Catalan <kde-i18n-ca@kde.org>
hello,50,84,110,16,10,20,71,244,20.491803278688526,Catalan <ca@dodds.net>
hexchat,4517,0,1454,1244,0,202,5299,5971,75.6489700217719,Catalan (http://www.transifex.com/hexchat/hexchat/language/ca/)
hitori,929,0,0,106,0,0,976,929,100.0,Catalan <gnome@llistes.softcatala.org>
hivex,262,8,0,21,1,0,309,270,97.03703703703704,Catalan
homebank,2101,0,1197,652,0,399,2332,3298,63.705275924802905,Catalan <ca@li.org>
hugin,9248,453,563,1674,91,51,11032,10264,90.10132501948559,Catalan <Catalan <info@softcatala.org>>
hunspell,592,21,0,78,1,0,679,613,96.5742251223491,Catalan <https://hosted.weblate.org/projects/hunspell/translations/ca/>
iagno,4668,0,0,405,0,0,4705,4668,100.0,Catalan (https://www.transifex.com/softcatala/teams/62837/ca/)
ibus,2043,107,504,475,37,103,2424,2654,76.97814619442352,Catalan <https://translate.fedoraproject.org/projects/ibus/ibus/ca/>
ibus-anthy,705,0,0,194,0,0,909,705,100.0,Catalan <https://translate.stg.fedoraproject.org/projects/ibus/ibus-anthy/ca/>
ibus-chewing,5,72,227,4,26,60,6,304,1.644736842105263,Catalan
ibus-libpinyin,490,4,1,176,1,1,574,495,98.98989898989899,Catalan <https://translate.fedoraproject.org/projects/ibus-libpinyin/main/ca/>
ibus-table,1114,0,2,152,0,1,1324,1116,99.82078853046595,Catalan <https://translate.fedoraproject.org/projects/ibus-table/app/ca/>
ibus-typing-booster,449,71,2056,136,21,130,612,2576,17.430124223602483,Catalan <https://translate.fedoraproject.org/projects/ibus-typing-booster/app/ca/>
icewm,2498,2,0,524,1,0,3111,2500,99.92,Catalan <https://l10n.opensuse.org/projects/icewm/icewm-1-4-branch/ca/>
im-chooser,239,0,23,56,0,2,308,262,91.22137404580153,Catalan <fedora@llistes.softcatala.org>
imsettings,440,10,50,80,2,10,553,500,88.0,Catalan <fedora@llistes.softcatala.org>
incidenceeditor,2280,0,0,427,0,0,2487,2280,100.0,Catalan <kde-i18n-ca@kde.org>
indent,261,0,0,52,0,0,351,261,100.0,Catalan <ca@dodds.net>
initial-setup,106,0,0,20,0,0,112,106,100.0,Catalan (http://www.transifex.com/projects/p/initial-setup/language/ca/)
initscripts,855,90,217,131,9,24,1148,1162,73.58003442340791,Catalan <fedora@llistes.softcatala.org>
inkscape,72688,18267,12101,15600,4636,1586,87549,103056,70.53252600527868,Catalan <kde-i18n-ca@kde.org>
input-pad,1617,0,653,773,0,264,1815,2270,71.23348017621144,Catalan <fedora@llistes.softcatala.org>
iso-codes,3283,7994,12274,1849,6118,7556,3372,23551,13.939960086620525,Catalan <https://hosted.weblate.org/projects/iso-codes/iso-15924/ca/>
isoimagewriter,456,0,0,81,0,0,548,456,100.0,Catalan <kde-i18n-ca@kde.org>
isomaster,672,0,2,106,0,1,728,674,99.70326409495549,Catala
itinerary,2821,0,0,865,0,0,3418,2821,100.0,Catalan <kde-i18n-ca@kde.org>
jpilot,583,604,1887,218,182,363,620,3074,18.96551724137931,Catalan <ca@dodds.net>
json-glib,313,0,0,48,0,0,421,313,100.0,Catalan <tradgnome@softcatala.org>
juk,1452,0,0,349,0,0,1762,1452,100.0,Catalan <kde-i18n-ca@kde.org>
k3b,20145,0,0,2519,0,0,23835,20145,100.0,Catalan <kde-i18n-ca@kde.org>
kBuild,1533,390,284,240,35,56,1930,2207,69.46080652469415,Catalan <ca@dodds.net>
kaccounts-integration,150,0,0,27,0,0,186,150,100.0,Catalan <kde-i18n-ca@kde.org>
kaccounts-providers,77,0,0,29,0,0,86,77,100.0,Catalan <kde-i18n-ca@kde.org>
kactivitymanagerd,15,0,0,7,0,0,15,15,100.0,Catalan <kde-i18n-ca@kde.org>
kaddressbook,1148,0,0,239,0,0,1324,1148,100.0,Catalan <kde-i18n-ca@kde.org>
kaffeine,1425,0,0,499,0,0,1715,1425,100.0,Catalan <kde-i18n-ca@kde.org>
kaichat,120,0,0,43,0,0,154,120,100.0,Catalan <kde-i18n-ca@kde.org>
kaidan,2713,66,19,616,12,1,3282,2798,96.96211579699786,Catalan <kde-i18n-ca@kde.org>
kajongg,2499,0,0,519,0,0,2813,2499,100.0,Catalan <kde-i18n-ca@kde.org>
kalarm,8539,0,0,1251,0,0,10073,8539,100.0,Catalan <kde-i18n-ca@kde.org>
kalgebra,276,0,0,135,0,0,325,276,100.0,Catalan <kde-i18n-ca@kde.org>
kalk,68,0,0,40,0,0,77,68,100.0,Catalan <kde-i18n-ca@kde.org>
kalm,555,0,0,43,0,0,580,555,100.0,Catalan <kde-i18n-ca@kde.org>
kalzium,9087,0,0,1295,0,0,10089,9087,100.0,Catalan <kde-i18n-ca@kde.org>
kamera,272,0,0,37,0,0,322,272,100.0,Catalan <kde-i18n-ca@kde.org>
kamoso,145,0,0,42,0,0,176,145,100.0,Catalan <kde-i18n-ca@kde.org>
kanagram,527,0,0,144,0,0,587,527,100.0,Catalan <kde-i18n-ca@kde.org>
kapman,115,0,0,36,0,0,128,115,100.0,Catalan <kde-i18n-ca@kde.org>
kapptemplate,226,0,0,52,0,0,248,226,100.0,Catalan <kde-i18n-ca@kde.org>
karp,282,0,0,95,0,0,346,282,100.0,Catalan <kde-i18n-ca@kde.org>
kasts,1362,0,0,396,0,0,1816,1362,100.0,Catalan <kde-i18n-ca@kde.org>
kate,9059,0,0,2057,0,0,11288,9059,100.0,Catalan <kde-i18n-ca@kde.org>
katomic,184,0,0,59,0,0,226,184,100.0,Catalan <kde-i18n-ca@kde.org>
kbackup,694,0,0,141,0,0,867,694,100.0,Catalan <kde-i18n-ca@kde.org>
kbibtex,2476,0,0,733,0,0,3068,2476,100.0,Catalan <kde-i18n-ca@kde.org>
kblackbox,1364,0,0,102,0,0,1383,1364,100.0,Catalan <kde-i18n-ca@kde.org>
kblocks,157,0,0,37,0,0,211,157,100.0,Catalan <kde-i18n-ca@kde.org>
kbounce,156,0,0,43,0,0,195,156,100.0,Catalan <kde-i18n-ca@kde.org>
kbrickbuster,158,0,0,42,0,0,183,158,100.0,Catalan <kde-i18n-ca@kde.org>
kbruch,1347,0,0,198,0,0,1422,1347,100.0,Catalan <kde-i18n-ca@kde.org>
kcachegrind,4060,0,0,592,0,0,4748,4060,100.0,Catalan <kde-i18n-ca@kde.org>
kcalc,1115,0,0,393,0,0,1335,1115,100.0,Catalan <kde-i18n-ca@kde.org>
kcalutils,1439,0,0,394,0,0,1649,1439,100.0,Catalan <kde-i18n-ca@kde.org>
kcharselect,92,0,0,36,0,0,116,92,100.0,Catalan <kde-i18n-ca@kde.org>
kclock,509,0,0,197,0,0,600,509,100.0,Catalan <kde-i18n-ca@kde.org>
kcm_systemd,1372,11,2,165,2,1,1754,1385,99.06137184115524,Catalan <kde-i18n-ca@kde.org>
kcm_wacomtablet,1049,0,0,240,0,0,1353,1049,100.0,Catalan <kde-i18n-ca@kde.org>
kcolorchooser,29,0,0,10,0,0,35,29,100.0,Catalan <kde-i18n-ca@kde.org>
kcoloredit,278,0,0,95,0,0,316,278,100.0,Catalan <kde-i18n-ca@kde.org>
kcron,436,0,0,191,0,0,478,436,100.0,Catalan <kde-i18n-ca@kde.org>
kdb,1502,0,0,244,0,0,2017,1502,100.0,Catalan <kde-i18n-ca@kde.org>
kde-cli-tools,1755,0,0,195,0,0,1955,1755,100.0,Catalan <kde-i18n-ca@kde.org>
kde-connect,1361,0,0,371,0,0,1650,1361,100.0,Catalan <kde-i18n-ca@kde.org>
kde-dev-utils,96,0,0,34,0,0,128,96,100.0,Catalan <kde-i18n-ca@kde.org>
kde-inotify-survey,190,0,0,8,0,0,193,190,100.0,Catalan <kde-i18n-ca@kde.org>
kde-l10n,105160,0,0,21176,0,0,118701,105160,100.0,Catalan <kde-i18n-ca@kde.org>
kde-partitionmanager,2302,0,0,537,0,0,2794,2302,100.0,Catalan <kde-i18n-ca@kde.org>
kde-style-breeze,266,0,0,101,0,0,406,266,100.0,Catalan <kde-i18n-ca@kde.org>
kdebugsettings,302,0,0,82,0,0,375,302,100.0,Catalan <kde-i18n-ca@kde.org>
kdecoration,36,0,0,15,0,0,50,36,100.0,Catalan <kde-i18n-ca@kde.org>
kdecoration5,39,0,0,15,0,0,53,39,100.0,Catalan <kde-i18n-ca@kde.org>
kdenetwork-filesharing,927,0,0,116,0,0,1041,927,100.0,Catalan <kde-i18n-ca@kde.org>
kdenlive,33775,0,0,6450,0,0,41811,33775,100.0,Catalan <kde-i18n-ca@kde.org>
kdepim-addons,4100,0,0,805,0,0,4784,4100,100.0,Catalan <kde-i18n-ca@kde.org>
kdepim-runtime,7536,0,0,1122,0,0,9269,7536,100.0,Catalan <kde-i18n-ca@kde.org>
kdeplasma-addons,2434,0,0,770,0,0,3077,2434,100.0,Catalan <kde-i18n-ca@kde.org>
kdesdk-kioslaves,84,0,0,17,0,0,100,84,100.0,Catalan <kde-i18n-ca@kde.org>
kdesvn,4937,0,0,914,0,0,6271,4937,100.0,Catalan <kde-i18n-ca@kde.org>
kdevelop,15918,0,0,3147,0,0,19295,15918,100.0,Catalan <kde-i18n-ca@kde.org>
kdevelop-php,535,0,0,74,0,0,677,535,100.0,Catalan <kde-i18n-ca@kde.org>
kdf,177,0,0,71,0,0,223,177,100.0,Catalan <kde-i18n-ca@kde.org>
kdiagram,66,0,0,40,0,0,78,66,100.0,Catalan <kde-i18n-ca@kde.org>
kdiagram2,66,0,0,40,0,0,79,66,100.0,Catalan <kde-i18n-ca@kde.org>
kdialog,403,0,0,78,0,0,529,403,100.0,Catalan <kde-i18n-ca@kde.org>
kdiamond,124,0,0,33,0,0,145,124,100.0,Catalan <kde-i18n-ca@kde.org>
kdiff3,3473,0,0,634,0,0,4310,3473,100.0,Catalan <kde-i18n-ca@kde.org>
kdnssd,33,0,0,8,0,0,35,33,100.0,Catalan <kde-i18n-ca@kde.org>
kdump-anaconda-addon,51,11,132,2,3,17,53,194,26.288659793814436,Catalan <fedora@softcatala.net>
keditbookmarks,470,0,0,133,0,0,640,470,100.0,Catalan <kde-i18n-ca@kde.org>
keepsecret,169,0,0,68,0,0,192,169,100.0,Catalan <kde-i18n-ca@kde.org>
kexi,7380,0,0,1496,0,0,9072,7380,100.0,Catalan <kde-i18n-ca@kde.org>
keysmith,304,0,0,91,0,0,363,304,100.0,Catalan <kde-i18n-ca@kde.org>
kf5-akonadi-calendar,2222,0,0,370,0,0,2519,2222,100.0,Catalan <kde-i18n-ca@kde.org>
kf5-akonadi-contacts,1116,0,0,276,0,0,1305,1116,100.0,Catalan <kde-i18n-ca@kde.org>
kf5-akonadi-mime,580,0,0,114,0,0,673,580,100.0,Catalan <kde-i18n-ca@kde.org>
kf5-akonadi-notes,2,0,0,1,0,0,2,2,100.0,Catalan <kde-i18n-ca@kde.org>
kf5-akonadi-search,67,0,0,18,0,0,89,67,100.0,Catalan <kde-i18n-ca@kde.org>
kf5-akonadi-server,2596,0,0,441,0,0,3313,2596,100.0,Catalan <kde-i18n-ca@kde.org>
kf5-baloo,860,0,0,179,0,0,1031,860,100.0,Catalan <kde-i18n-ca@kde.org>
kf5-calendarsupport,2779,0,0,391,0,0,3055,2779,100.0,Catalan <kde-i18n-ca@kde.org>
kf5-eventviews,2949,0,0,307,0,0,3570,2949,100.0,Catalan <kde-i18n-ca@kde.org>
kf5-grantleetheme,14,0,0,6,0,0,18,14,100.0,Catalan <kde-i18n-ca@kde.org>
kf5-incidenceeditor,2208,0,0,420,0,0,2425,2208,100.0,Catalan <kde-i18n-ca@kde.org>
kf5-karchive,488,0,0,82,0,0,678,488,100.0,Catalan <kde-i18n-ca@kde.org>
kf5-kauth,73,0,0,8,0,0,88,73,100.0,Catalan <kde-i18n-ca@kde.org>
kf5-kblog,243,0,0,27,0,0,281,243,100.0,Catalan <kde-i18n-ca@kde.org>
kf5-kbookmarks,230,0,0,49,0,0,291,230,100.0,Catalan <kde-i18n-ca@kde.org>
kf5-kcalendarutils,1437,0,0,393,0,0,1647,1437,100.0,Catalan <kde-i18n-ca@kde.org>
kf5-kcmutils,266,0,0,38,0,0,294,266,100.0,Catalan <kde-i18n-ca@kde.org>
kf5-kcodecs,370,0,0,53,0,0,359,370,100.0,Catalan <kde-i18n-ca@kde.org>
kf5-kcompletion,18,0,0,11,0,0,20,18,100.0,Catalan <kde-i18n-ca@kde.org>
kf5-kconfig,289,0,0,104,0,0,382,289,100.0,Catalan <kde-i18n-ca@kde.org>
kf5-kconfigwidgets,342,0,0,125,0,0,444,342,100.0,Catalan <kde-i18n-ca@kde.org>
kf5-kcontacts,177,0,0,108,0,0,210,177,100.0,Catalan <kde-i18n-ca@kde.org>
kf5-kcoreaddons,382,0,0,132,0,0,433,382,100.0,Catalan <kde-i18n-ca@kde.org>
kf5-kdav,185,0,0,20,0,0,197,185,100.0,Catalan <kde-i18n-ca@kde.org>
kf5-kdbusaddons,48,0,0,6,0,0,61,48,100.0,Catalan <kde-i18n-ca@kde.org>
kf5-kdeclarative,161,0,0,25,0,0,187,161,100.0,Catalan <kde-i18n-ca@kde.org>
kf5-kdelibs4support,5353,0,0,2544,0,0,5893,5353,100.0,Catalan <kde-i18n-ca@kde.org>
kf5-kdesignerplugin,54,0,0,9,0,0,62,54,100.0,Catalan <kde-i18n-ca@kde.org>
kf5-kdesu,19,0,0,7,0,0,21,19,100.0,Catalan <kde-i18n-ca@kde.org>
kf5-kdnssd,3,0,0,3,0,0,3,3,100.0,Catalan <kde-i18n-ca@kde.org>
kf5-kdoctools,8,0,0,4,0,0,18,8,100.0,Catalan <kde-i18n-ca@kde.org>
kf5-kfilemetadata,299,0,0,135,0,0,395,299,100.0,Catalan <kde-i18n-ca@kde.org>
kf5-kglobalaccel,71,0,0,9,0,0,74,71,100.0,Catalan <kde-i18n-ca@kde.org>
kf5-kholidays,150,0,0,97,0,0,161,150,100.0,Catalan <kde-i18n-ca@kde.org>
kf5-khtml,1667,0,0,289,0,0,1849,1667,100.0,Catalan <kde-i18n-ca@kde.org>
kf5-ki18n,124,0,0,110,0,0,135,124,100.0,Catalan <kde-i18n-ca@kde.org>
kf5-kiconthemes,41,0,0,19,0,0,53,41,100.0,Catalan <kde-i18n-ca@kde.org>
kf5-kidentitymanagement,182,0,0,24,0,0,211,182,100.0,Catalan <kde-i18n-ca@kde.org>
kf5-kimap,118,0,0,51,0,0,150,118,100.0,Catalan <kde-i18n-ca@kde.org>
kf5-kinit,116,0,0,11,0,0,126,116,100.0,Catalan <kde-i18n-ca@kde.org>
kf5-kio,12037,0,0,1373,0,0,13252,12037,100.0,Catalan <kde-i18n-ca@kde.org>
kf5-kipi-plugins,4675,0,0,1039,0,0,5719,4675,100.0,Catalan <kde-i18n-ca@kde.org>
kf5-kirigami,2,0,0,2,0,0,2,2,100.0,Catalan <kde-i18n-ca@kde.org>
kf5-kirigami2,112,0,0,48,0,0,134,112,100.0,Catalan <kde-i18n-ca@kde.org>
kf5-kirigami2-addons,370,2,14,45,1,4,405,386,95.85492227979275,Catalan <kde-i18n-ca@kde.org>
kf5-kitemviews,7,0,0,4,0,0,10,7,100.0,Catalan <kde-i18n-ca@kde.org>
kf5-kjobwidgets,133,0,0,38,0,0,144,133,100.0,Catalan <kde-i18n-ca@kde.org>
kf5-kjsembed,248,0,0,44,0,0,310,248,100.0,Catalan <kde-i18n-ca@kde.org>
kf5-kldap,227,0,0,61,0,0,305,227,100.0,Catalan <kde-i18n-ca@kde.org>
kf5-kmailtransport,663,0,0,105,0,0,741,663,100.0,Catalan <kde-i18n-ca@kde.org>
kf5-kmime,159,0,0,10,0,0,154,159,100.0,Catalan <kde-i18n-ca@kde.org>
kf5-knewstuff,1631,0,0,231,0,0,1779,1631,100.0,Catalan <kde-i18n-ca@kde.org>
kf5-knotifications,21,0,0,8,0,0,24,21,100.0,Catalan <kde-i18n-ca@kde.org>
kf5-knotifyconfig,129,0,0,17,0,0,132,129,100.0,Catalan <kde-i18n-ca@kde.org>
kf5-kontactinterface,4,0,0,2,0,0,6,4,100.0,Catalan <kde-i18n-ca@kde.org>
kf5-kpackage,452,0,0,73,0,0,548,452,100.0,Catalan <kde-i18n-ca@kde.org>
kf5-kparts,138,0,0,30,0,0,146,138,100.0,Catalan <kde-i18n-ca@kde.org>
kf5-kpeople,13,0,0,8,0,0,16,13,100.0,Catalan <kde-i18n-ca@kde.org>
kf5-kpimtextedit,382,0,0,167,0,0,505,382,100.0,Catalan <kde-i18n-ca@kde.org>
kf5-kpty,15,0,0,4,0,0,24,15,100.0,Catalan <kde-i18n-ca@kde.org>
kf5-kross,100,0,0,35,0,0,115,100,100.0,Catalan <kde-i18n-ca@kde.org>
kf5-kservice,173,0,0,28,0,0,215,173,100.0,Catalan <kde-i18n-ca@kde.org>
kf5-ksmtp,86,0,0,12,0,0,116,86,100.0,Catalan <kde-i18n-ca@kde.org>
kf5-ktexteditor,9233,0,0,1264,0,0,10857,9233,100.0,Catalan <kde-i18n-ca@kde.org>
kf5-ktextwidgets,473,0,0,130,0,0,563,473,100.0,Catalan <kde-i18n-ca@kde.org>
kf5-ktnef,355,0,0,143,0,0,554,355,100.0,Catalan <kde-i18n-ca@kde.org>
kf5-kunitconversion,5757,0,0,2483,0,0,5875,5757,100.0,Catalan <kde-i18n-ca@kde.org>
kf5-kwallet,1460,0,0,110,0,0,1660,1460,100.0,Catalan <kde-i18n-ca@kde.org>
kf5-kwidgetsaddons,1293,0,0,463,0,0,1472,1293,100.0,Catalan <kde-i18n-ca@kde.org>
kf5-kwindowsystem,2,0,0,1,0,0,2,2,100.0,Catalan <kde-i18n-ca@kde.org>
kf5-kxmlgui,1574,0,0,230,0,0,1756,1574,100.0,Catalan <kde-i18n-ca@kde.org>
kf5-kxmlrpcclient,13,0,0,2,0,0,17,13,100.0,Catalan <kde-i18n-ca@kde.org>
kf5-libgravatar,23,0,0,10,0,0,38,23,100.0,Catalan <kde-i18n-ca@kde.org>
kf5-libkcddb,400,0,0,211,0,0,454,400,100.0,Catalan <kde-i18n-ca@kde.org>
kf5-libkdepim,35,0,0,10,0,0,44,35,100.0,Catalan <kde-i18n-ca@kde.org>
kf5-libkgapi,378,0,0,85,0,0,672,378,100.0,Catalan <kde-i18n-ca@kde.org>
kf5-libkleo,2423,0,0,430,0,0,2872,2423,100.0,Catalan <kde-i18n-ca@kde.org>
kf5-libksieve,3122,0,0,537,0,0,3651,3122,100.0,Catalan <kde-i18n-ca@kde.org>
kf5-libktorrent,465,0,0,105,0,0,639,465,100.0,Catalan <kde-i18n-ca@kde.org>
kf5-mailcommon,2755,0,0,498,0,0,3160,2755,100.0,Catalan <kde-i18n-ca@kde.org>
kf5-mailimporter,1408,0,0,127,0,0,1639,1408,100.0,Catalan <kde-i18n-ca@kde.org>
kf5-messagelib,7833,0,0,1371,0,0,9038,7833,100.0,Catalan <kde-i18n-ca@kde.org>
kf5-pimcommon,830,0,0,208,0,0,980,830,100.0,Catalan <kde-i18n-ca@kde.org>
kf5-plasma,362,0,0,105,0,0,446,362,100.0,Catalan <kde-i18n-ca@kde.org>
kf5-purpose,323,0,0,75,0,0,386,323,100.0,Catalan <kde-i18n-ca@kde.org>
kf5-qqc2-desktop-style,19,0,0,11,0,0,22,19,100.0,Catalan <kde-i18n-ca@kde.org>
kf5-solid,588,0,0,159,0,0,659,588,100.0,Catalan <kde-i18n-ca@kde.org>
kf5-sonnet,683,0,0,76,0,0,694,683,100.0,Catalan <kde-i18n-ca@kde.org>
kf5-syntax-highlighting,647,0,0,383,0,0,737,647,100.0,Catalan <kde-i18n-ca@kde.org>
kf6-baloo,869,0,0,181,0,0,1042,869,100.0,Catalan <kde-i18n-ca@kde.org>
kf6-karchive,540,0,0,88,0,0,748,540,100.0,Catalan <kde-i18n-ca@kde.org>
kf6-kauth,73,0,0,8,0,0,88,73,100.0,Catalan <kde-i18n-ca@kde.org>
kf6-kbookmarks,179,0,0,38,0,0,225,179,100.0,Catalan <kde-i18n-ca@kde.org>
kf6-kcmutils,200,0,0,45,0,0,233,200,100.0,Catalan <kde-i18n-ca@kde.org>
kf6-kcodecs,370,0,0,53,0,0,359,370,100.0,Catalan <kde-i18n-ca@kde.org>
kf6-kcolorscheme,1,0,0,1,0,0,1,1,100.0,Catalan <kde-i18n-ca@kde.org>
kf6-kcompletion,18,0,0,11,0,0,20,18,100.0,Catalan <kde-i18n-ca@kde.org>
kf6-kconfig,550,0,0,204,0,0,722,550,100.0,Catalan <kde-i18n-ca@kde.org>
kf6-kconfigwidgets,312,0,0,117,0,0,425,312,100.0,Catalan <kde-i18n-ca@kde.org>
kf6-kcontacts,172,0,0,104,0,0,203,172,100.0,Catalan <kde-i18n-ca@kde.org>
kf6-kcoreaddons,485,0,0,162,0,0,547,485,100.0,Catalan <kde-i18n-ca@kde.org>
kf6-kdav,185,0,0,20,0,0,195,185,100.0,Catalan <kde-i18n-ca@kde.org>
kf6-kdbusaddons,48,0,0,6,0,0,61,48,100.0,Catalan <kde-i18n-ca@kde.org>
kf6-kdeclarative,169,0,0,21,0,0,184,169,100.0,Catalan <kde-i18n-ca@kde.org>
kf6-kdesu,19,0,0,7,0,0,21,19,100.0,Catalan <kde-i18n-ca@kde.org>
kf6-kdnssd,3,0,0,3,0,0,3,3,100.0,Catalan <kde-i18n-ca@kde.org>
kf6-kdoctools,8,0,0,4,0,0,18,8,100.0,Catalan <kde-i18n-ca@kde.org>
kf6-kfilemetadata,309,0,0,140,0,0,408,309,100.0,Catalan <kde-i18n-ca@kde.org>
kf6-kglobalaccel,34,0,0,5,0,0,40,34,100.0,Catalan <kde-i18n-ca@kde.org>
kf6-kholidays,150,0,0,97,0,0,161,150,100.0,Catalan <kde-i18n-ca@kde.org>
kf6-ki18n,124,0,0,110,0,0,135,124,100.0,Catalan <kde-i18n-ca@kde.org>
kf6-kiconthemes,46,0,0,22,0,0,60,46,100.0,Catalan <kde-i18n-ca@kde.org>
kf6-kio,8607,0,0,1146,0,0,9482,8607,100.0,Catalan <kde-i18n-ca@kde.org>
kf6-kirigami,94,0,0,50,0,0,111,94,100.0,Catalan <kde-i18n-ca@kde.org>
kf6-kirigami-addons,693,0,0,136,0,0,777,693,100.0,Catalan <kde-i18n-ca@kde.org>
kf6-kitemviews,6,0,0,3,0,0,9,6,100.0,Catalan <kde-i18n-ca@kde.org>
kf6-kjobwidgets,139,0,0,41,0,0,151,139,100.0,Catalan <kde-i18n-ca@kde.org>
kf6-knewstuff,1034,0,0,130,0,0,1103,1034,100.0,Catalan <kde-i18n-ca@kde.org>
kf6-knotifications,0,0,0,0,0,0,0,0,0.0,Catalan <kde-i18n-ca@kde.org>
kf6-knotifyconfig,19,0,0,7,0,0,21,19,100.0,Catalan <kde-i18n-ca@kde.org>
kf6-kpackage,338,0,0,58,0,0,415,338,100.0,Catalan <kde-i18n-ca@kde.org>
kf6-kparts,57,0,0,11,0,0,64,57,100.0,Catalan <kde-i18n-ca@kde.org>
kf6-kpeople,15,0,0,9,0,0,18,15,100.0,Catalan <kde-i18n-ca@kde.org>
kf6-kpty,15,0,0,4,0,0,24,15,100.0,Catalan <kde-i18n-ca@kde.org>
kf6-kservice,45,0,0,12,0,0,62,45,100.0,Catalan <kde-i18n-ca@kde.org>
kf6-kstatusnotifieritem,3,0,0,3,0,0,3,3,100.0,Catalan <kde-i18n-ca@kde.org>
kf6-ksvg,4,0,0,2,0,0,4,4,100.0,Catalan <kde-i18n-ca@kde.org>
kf6-ktexteditor,9463,0,0,1319,0,0,11186,9463,100.0,Catalan <kde-i18n-ca@kde.org>
kf6-ktextwidgets,473,0,0,130,0,0,560,473,100.0,Catalan <kde-i18n-ca@kde.org>
kf6-kunitconversion,5894,0,0,2529,0,0,6020,5894,100.0,Catalan <kde-i18n-ca@kde.org>
kf6-kuserfeedback,1157,0,0,270,0,0,1323,1157,100.0,Catalan <kde-i18n-ca@kde.org>
kf6-kwallet,1185,0,0,90,0,0,1332,1185,100.0,Catalan <kde-i18n-ca@kde.org>
kf6-kwidgetsaddons,1277,0,0,466,0,0,1419,1277,100.0,Catalan <kde-i18n-ca@kde.org>
kf6-kwindowsystem,2,0,0,1,0,0,2,2,100.0,Catalan <kde-i18n-ca@kde.org>
kf6-kxmlgui,1289,0,0,200,0,0,1437,1289,100.0,Catalan <kde-i18n-ca@kde.org>
kf6-purpose,319,0,0,74,0,0,379,319,100.0,Catalan <kde-i18n-ca@kde.org>
kf6-qqc2-desktop-style,22,0,0,14,0,0,24,22,100.0,Catalan <kde-i18n-ca@kde.org>
kf6-solid,605,0,0,166,0,0,674,605,100.0,Catalan <kde-i18n-ca@kde.org>
kf6-sonnet,684,0,0,77,0,0,694,684,100.0,Catalan <kde-i18n-ca@kde.org>
kf6-syntax-highlighting,735,0,0,424,0,0,841,735,100.0,Catalan <kde-i18n-ca@kde.org>
kfind,517,0,0,117,0,0,607,517,100.0,Catalan <kde-i18n-ca@kde.org>
kfloppy,641,0,0,100,0,0,802,641,100.0,Catalan <kde-i18n-ca@kde.org>
kfourinline,384,0,0,154,0,0,488,384,100.0,Catalan <kde-i18n-ca@kde.org>
kgamma,38,0,0,15,0,0,50,38,100.0,Catalan <kde-i18n-ca@kde.org>
kgeography,10043,0,0,7240,0,0,10563,10043,100.0,Catalan <kde-i18n-ca@kde.org>
kgeotag,1954,0,0,313,0,0,2331,1954,100.0,Catalan <kde-i18n-ca@kde.org>
kget,2767,0,0,742,0,0,3247,2767,100.0,Catalan <kde-i18n-ca@kde.org>
kgoldrunner,28047,0,0,1017,0,0,27979,28047,100.0,Catalan <kde-i18n-ca@kde.org>
kgpg,4912,0,0,687,0,0,5716,4912,100.0,Catalan <kde-i18n-ca@kde.org>
kgrab,370,0,0,53,0,0,379,370,100.0,Catalan <kde-i18n-ca@kde.org>
kgraphviewer,1193,0,0,213,0,0,1362,1193,100.0,Catalan <kde-i18n-ca@kde.org>
khangman,450,0,0,117,0,0,486,450,100.0,Catalan <kde-i18n-ca@kde.org>
khelpcenter,221,0,0,84,0,0,312,221,100.0,Catalan <kde-i18n-ca@kde.org>
kicad,22162,25450,21341,4442,4635,1637,27578,68953,32.140733543138076,Català
kiconedit,726,0,0,155,0,0,777,726,100.0,Catalan <kde-i18n-ca@kde.org>
kid3,3194,0,0,1399,0,0,4286,3194,100.0,Catalan <kde-i18n-ca@kde.org>
kidentitymanagement,260,0,0,54,0,0,315,260,100.0,Catalan <kde-i18n-ca@kde.org>
kig,7457,0,0,1276,0,0,7818,7457,100.0,Catalan <kde-i18n-ca@kde.org>
kigo,508,0,0,133,0,0,589,508,100.0,Catalan <kde-i18n-ca@kde.org>
kile,12868,0,0,2176,0,0,14592,12868,100.0,Catalan <kde-i18n-ca@kde.org>
killbots,637,0,0,127,0,0,746,637,100.0,Catalan <kde-i18n-ca@kde.org>
kimagemapeditor,620,0,0,189,0,0,720,620,100.0,Catalan <kde-i18n-ca@kde.org>
kimap,118,0,0,51,0,0,150,118,100.0,Catalan <kde-i18n-ca@kde.org>
kinfocenter,527,0,0,201,0,0,669,527,100.0,Catalan <kde-i18n-ca@kde.org>
kio-admin,3,0,0,1,0,0,4,3,100.0,Catalan <kde-i18n-ca@kde.org>
kio-extras,2928,0,0,278,0,0,3412,2928,100.0,Catalan <kde-i18n-ca@kde.org>
kio-extras-kf5,1130,0,0,146,0,0,1394,1130,100.0,Catalan <kde-i18n-ca@kde.org>
kio-gdrive,78,0,0,19,0,0,97,78,100.0,Catalan <kde-i18n-ca@kde.org>
kio_gopher,17,0,0,5,0,0,24,17,100.0,Catalan <kde-i18n-ca@kde.org>
kio_mtp,17,0,0,2,0,0,20,17,100.0,Catalan <kde-i18n-ca@kde.org>
kirigami-gallery,982,0,0,140,0,0,1091,982,100.0,Catalan <kde-i18n-ca@kde.org>
kiriki,145,0,0,51,0,0,162,145,100.0,Catalan <kde-i18n-ca@kde.org>
kiten,651,0,0,172,0,0,815,651,100.0,Catalan <kde-i18n-ca@kde.org>
kitinerary,108,0,0,30,0,0,137,108,100.0,Catalan <kde-i18n-ca@kde.org>
kjots,651,0,0,134,0,0,723,651,100.0,Catalan <kde-i18n-ca@kde.org>
kjournald,130,0,0,58,0,0,169,130,100.0,Catalan <kde-i18n-ca@kde.org>
kjumpingcube,413,0,0,95,0,0,493,413,100.0,Catalan <kde-i18n-ca@kde.org>
klavaro,1775,40,78,220,6,5,1814,1893,93.76650818806128,Catalan <ca@dodds.net>
kldap,215,0,0,62,0,0,296,215,100.0,Catalan <kde-i18n-ca@kde.org>
kleopatra,13218,0,0,1956,0,0,15755,13218,100.0,Catalan <kde-i18n-ca@kde.org>
klettres,440,0,0,85,0,0,492,440,100.0,Catalan <kde-i18n-ca@kde.org>
klevernotes,962,0,0,298,0,0,1089,962,100.0,Catalan <kde-i18n-ca@kde.org>
klickety,178,0,0,62,0,0,191,178,100.0,Catalan <kde-i18n-ca@kde.org>
klines,99,0,0,28,0,0,110,99,100.0,Catalan <kde-i18n-ca@kde.org>
kmag,432,0,0,98,0,0,506,432,100.0,Catalan <kde-i18n-ca@kde.org>
kmahjongg,359,0,0,99,0,0,446,359,100.0,Catalan <kde-i18n-ca@kde.org>
kmail,9140,0,0,1506,0,0,10859,9140,100.0,Catalan <kde-i18n-ca@kde.org>
kmail-account-wizard,281,0,0,92,0,0,366,281,100.0,Catalan <kde-i18n-ca@kde.org>
kmailtransport,669,0,0,107,0,0,746,669,100.0,Catalan <kde-i18n-ca@kde.org>
kmenuedit,314,0,0,73,0,0,352,314,100.0,Catalan <kde-i18n-ca@kde.org>
kmid2,1022,0,0,333,0,0,1255,1022,100.0,Catalan <kde-i18n-ca@kde.org>
kmime,152,0,0,6,0,0,143,152,100.0,Catalan <kde-i18n-ca@kde.org>
kmines,164,0,0,48,0,0,202,164,100.0,Catalan <kde-i18n-ca@kde.org>
kmix,1159,0,0,227,0,0,1425,1159,100.0,Catalan <kde-i18n-ca@kde.org>
kmousetool,147,0,0,32,0,0,153,147,100.0,Catalan <kde-i18n-ca@kde.org>
kmouth,1474,0,0,202,0,0,1595,1474,100.0,Catalan <kde-i18n-ca@kde.org>
kmplayer,2496,2,0,740,2,0,3026,2498,99.919935948759,Catalan <kde-i18n-ca@kde.org>
kmplot,2501,0,0,486,0,0,2869,2501,100.0,Catalan <kde-i18n-ca@kde.org>
kmymoney,22270,0,0,3814,0,0,25524,22270,100.0,Catalan <kde-i18n-ca@kde.org>
knavalbattle,401,0,0,104,0,0,476,401,100.0,Catalan <kde-i18n-ca@kde.org>
knetwalk,236,0,0,56,0,0,287,236,100.0,Catalan <kde-i18n-ca@kde.org>
knights,797,0,0,237,0,0,931,797,100.0,Catalan <kde-i18n-ca@kde.org>
knotes,787,0,0,241,0,0,938,787,100.0,Catalan <kde-i18n-ca@kde.org>
koffice-kivio,8381,8,28,2346,3,12,9605,8417,99.57229416656766,Catalan <kde-i18n-ca@kde.org>
koko,577,0,0,237,0,0,714,577,100.0,Catalan <kde-i18n-ca@kde.org>
kolf,405,0,0,150,0,0,499,405,100.0,Catalan <kde-i18n-ca@kde.org>
kollision,109,0,0,30,0,0,149,109,100.0,Catalan <kde-i18n-ca@kde.org>
kolorfill,60,0,0,12,0,0,64,60,100.0,Catalan <kde-i18n-ca@kde.org>
kolourpaint,2661,0,0,456,0,0,3095,2661,100.0,Catalan <kde-i18n-ca@kde.org>
kommit,1558,0,0,459,0,0,1795,1558,100.0,Catalan <kde-i18n-ca@kde.org>
kompare,1413,0,0,200,0,0,1568,1413,100.0,Catalan <kde-i18n-ca@kde.org>
kongress,176,0,0,64,0,0,235,176,100.0,Catalan <kde-i18n-ca@kde.org>
konqueror,9230,0,0,1378,0,0,10392,9230,100.0,Catalan <kde-i18n-ca@kde.org>
konquest,248,0,0,99,0,0,296,248,100.0,Catalan <kde-i18n-ca@kde.org>
konsole,4282,0,0,899,0,0,5195,4282,100.0,Catalan <kde-i18n-ca@kde.org>
konsole5,3996,0,0,840,0,0,4836,3996,100.0,Catalan <kde-i18n-ca@kde.org>
kontact,495,0,0,87,0,0,621,495,100.0,Catalan <kde-i18n-ca@kde.org>
kontactinterface,4,0,0,2,0,0,6,4,100.0,Catalan <kde-i18n-ca@kde.org>
kontrast,327,0,0,46,0,0,374,327,100.0,Catalan <kde-i18n-ca@kde.org>
konversation,10405,0,0,1650,0,0,11560,10405,100.0,Catalan <kde-i18n-ca@kde.org>
kopeninghours,160,0,0,20,0,0,188,160,100.0,Catalan <kde-i18n-ca@kde.org>
kopete,17175,0,0,3295,0,0,19755,17175,100.0,Catalan <kde-i18n-ca@kde.org>
korganizer,8057,0,0,1068,0,0,9171,8057,100.0,Catalan <kde-i18n-ca@kde.org>
kosmindoormap,623,0,0,442,0,0,709,623,100.0,Catalan <kde-i18n-ca@kde.org>
kpat,589,0,0,213,0,0,735,589,100.0,Catalan <kde-i18n-ca@kde.org>
kphotoalbum,9043,0,0,1108,0,0,10478,9043,100.0,Catalan <kde-i18n-ca@kde.org>
kpilot,7156,0,0,861,0,0,8467,7156,100.0,Catalan <kde-i18n-ca@kde.org>
kpimtextedit,274,0,0,123,0,0,359,274,100.0,Catalan <kde-i18n-ca@kde.org>
kpipewire,26,0,0,4,0,0,36,26,100.0,Catalan <kde-i18n-ca@kde.org>
kpmcore,3297,0,0,501,0,0,4192,3297,100.0,Catalan <kde-i18n-ca@kde.org>
kproperty,145,0,0,82,0,0,179,145,100.0,Catalan <kde-i18n-ca@kde.org>
kpublictransport,193,0,0,80,0,0,222,193,100.0,Catalan <kde-i18n-ca@kde.org>
krdc,1205,0,0,302,0,0,1421,1205,100.0,Catalan <kde-i18n-ca@kde.org>
krdp,322,0,0,68,0,0,411,322,100.0,Catalan <kde-i18n-ca@kde.org>
krecipes,3646,0,0,765,0,0,4162,3646,100.0,Catalan <kde-i18n-ca@kde.org>
krecorder,128,0,0,52,0,0,140,128,100.0,Catalan <kde-i18n-ca@kde.org>
krename,2142,0,0,452,0,0,2628,2142,100.0,Catalan <kde-i18n-ca@kde.org>
kreport,455,0,0,193,0,0,582,455,100.0,Catalan <kde-i18n-ca@kde.org>
kreversi,404,0,0,133,0,0,544,404,100.0,Catalan <kde-i18n-ca@kde.org>
krfb,734,0,0,104,0,0,832,734,100.0,Catalan <kde-i18n-ca@kde.org>
krita,36174,0,0,8599,0,0,44618,36174,100.0,Catalan <kde-i18n-ca@kde.org>
kronometer,233,0,0,80,0,0,309,233,100.0,Catalan <kde-i18n-ca@kde.org>
kruler,158,0,0,44,0,0,177,158,100.0,Catalan <kde-i18n-ca@kde.org>
krusader,8096,0,0,1758,0,0,9956,8096,100.0,Catalan <kde-i18n-ca@kde.org>
ksanecore,59,0,0,10,0,0,84,59,100.0,Catalan <kde-i18n-ca@kde.org>
kscreen,948,0,0,138,0,0,1123,948,100.0,Catalan <kde-i18n-ca@kde.org>
kscreenlocker,320,0,0,63,0,0,352,320,100.0,Catalan <kde-i18n-ca@kde.org>
kshisen,667,0,0,75,0,0,701,667,100.0,Catalan <kde-i18n-ca@kde.org>
ksig,85,0,0,26,0,0,89,85,100.0,Catalan <kde-i18n-ca@kde.org>
ksirk,4725,0,0,581,0,0,5319,4725,100.0,Catalan <kde-i18n-ca@kde.org>
ksmtp,86,0,0,12,0,0,116,86,100.0,Catalan <kde-i18n-ca@kde.org>
ksnakeduel,243,0,0,56,0,0,272,243,100.0,Catalan <kde-i18n-ca@kde.org>
kspaceduel,165,0,0,81,0,0,202,165,100.0,Catalan <kde-i18n-ca@kde.org>
ksquares,293,0,0,87,0,0,335,293,100.0,Catalan <kde-i18n-ca@kde.org>
ksshaskpass,55,0,0,16,0,0,63,55,100.0,Catalan <kde-i18n-ca@kde.org>
kst,7288,0,0,1941,0,0,8697,7288,100.0,Catalan <kde-i18n-ca@kde.org>
kstars,64693,0,0,13526,0,0,78500,64693,100.0,Catalan <kde-i18n-ca@kde.org>
ksudoku,1849,0,0,172,0,0,1991,1849,100.0,Catalan <kde-i18n-ca@kde.org>
ksystemlog,3101,0,0,488,0,0,3534,3101,100.0,Catalan <kde-i18n-ca@kde.org>
ksystemstats,949,0,0,220,0,0,1065,949,100.0,Catalan <kde-i18n-ca@kde.org>
kteatime,203,0,0,67,0,0,232,203,100.0,Catalan <kde-i18n-ca@kde.org>
ktechlab,3704,0,0,933,0,0,4444,3704,100.0,Catalan <kde-i18n-ca@kde.org>
ktextaddons,4452,0,0,711,0,0,5464,4452,100.0,Catalan <kde-i18n-ca@kde.org>
ktextaddons-qt5,954,0,0,327,0,0,1168,954,100.0,Catalan <kde-i18n-ca@kde.org>
ktimer,258,0,0,53,0,0,272,258,100.0,Catalan <kde-i18n-ca@kde.org>
ktnef,355,0,0,143,0,0,554,355,100.0,Catalan <kde-i18n-ca@kde.org>
ktorrent,7525,0,0,1375,0,0,8614,7525,100.0,Catalan <kde-i18n-ca@kde.org>
ktouch,964,0,0,259,0,0,1193,964,100.0,Catalan <kde-i18n-ca@kde.org>
ktp-desktop-applets,75,0,0,22,0,0,90,75,100.0,Catalan <kde-i18n-ca@kde.org>
ktrip,144,0,0,57,0,0,168,144,100.0,Catalan <kde-i18n-ca@kde.org>
ktuberling,158,0,0,38,0,0,149,158,100.0,Catalan <kde-i18n-ca@kde.org>
kturtle,1538,0,0,349,0,0,1634,1538,100.0,Catalan <kde-i18n-ca@kde.org>
kubrick,1213,0,0,168,0,0,1441,1213,100.0,Catalan <kde-i18n-ca@kde.org>
kunifiedpush,180,0,0,29,0,0,233,180,100.0,Catalan <kde-i18n-ca@kde.org>
kuserfeedback,1157,0,0,270,0,0,1323,1157,100.0,Catalan <kde-i18n-ca@kde.org>
kwalletmanager5,828,0,0,168,0,0,953,828,100.0,Catalan <kde-i18n-ca@kde.org>
kwave,5821,0,0,1314,0,0,6691,5821,100.0,Catalan <kde-i18n-ca@kde.org>
kweather,215,0,0,83,0,0,252,215,100.0,Catalan <kde-i18n-ca@kde.org>
kweathercore,122,0,0,43,0,0,140,122,100.0,Catalan <kde-i18n-ca@kde.org>
kwebkitpart,669,0,0,165,0,0,734,669,100.0,Catalan <kde-i18n-ca@kde.org>
kwin,6359,0,0,1229,0,0,7738,6359,100.0,Catalan <kde-i18n-ca@kde.org>
kwin-x11,5886,0,0,1159,0,0,7171,5886,100.0,Catalan <kde-i18n-ca@kde.org>
kwordquiz,258,0,0,94,0,0,317,258,100.0,Catalan <kde-i18n-ca@kde.org>
kxstitch,2016,0,0,571,0,0,2431,2016,100.0,Catalan <kde-i18n-ca@kde.org>
l3afpad,113,0,17,61,0,3,146,130,86.92307692307692,Catalan
labwc,24,0,0,15,0,0,32,24,100.0,Catalan <https://translate.lxqt-project.org/projects/labwc/labwc/ca/>
lagrange,896,0,0,332,0,0,1109,896,100.0,
lazarus,4869,3071,22549,1638,580,4674,6555,30489,15.96969398799567,
leafpad,103,10,12,54,6,8,138,125,82.39999999999999,Catalan
libadwaita,417,0,0,135,0,0,493,417,100.0,Catalan (https://www.transifex.com/softcatala/teams/62837/ca/)
libalkimia,1066,0,0,195,0,0,1308,1066,100.0,Catalan <kde-i18n-ca@kde.org>
libappstream-glib,1013,0,0,210,0,0,1239,1013,100.0,Catalan (http://www.transifex.com/freedesktop/appstream-glib/language/ca/)
libbonobo,1086,0,0,214,0,0,1416,1086,100.0,Catalan <tradgnome@softcatala.org>
libbonoboui,736,0,0,230,0,0,914,736,100.0,Catalan <tradgnome@softcatala.org>
libbytesize,17,0,0,17,0,0,17,17,100.0,Catalan <https://translate.fedoraproject.org/projects/blivet/libbytesize/ca/>
libcryptui,6024,0,0,1308,0,0,7395,6024,100.0,Catalan <tradgnome@softcatala.org>
libdnf,112,8,1544,19,3,216,152,1664,6.730769230769231,Catalan
libepc,141,0,0,25,0,0,206,141,100.0,Catalan <tradgnome@softcatala.org>
libfilezilla,402,0,0,76,0,0,525,402,100.0,Català
libgda,12153,0,0,2129,0,0,15390,12153,100.0,Catalan (https://www.transifex.com/softcatala/teams/62837/ca/)
libgda5,1749,2511,7062,467,583,1018,2334,11322,15.447800741918389,Catalan <tradgnome@softcatala.org>
libgdata,694,0,0,86,0,0,754,694,100.0,Catalan <tradgnome@softcatala.org>
libgdl,639,2,18,92,1,3,693,659,96.96509863429439,Catalan <tradgnome@softcatala.org>
libgedit-amtk,11,0,0,3,0,0,12,11,100.0,Catalan <gnome@llistes.softcatala.org>
libgedit-gtksourceview,301,2,16,90,1,3,382,319,94.35736677115987,Catalan <tradgnome@softcatala.org>
libgedit-tepl,346,0,0,84,0,0,407,346,100.0,
libgnome,3546,0,0,546,0,0,4525,3546,100.0,Catalan <tradgnome@softcatala.org>
libgnome-games-support,43,0,0,14,0,0,46,43,100.0,ca_ES <tradgnome@softcatala.net>
libgnome-games-support1,43,0,0,14,0,0,46,43,100.0,ca_ES <tradgnome@softcatala.net>
libgnome-keyring,88,0,0,18,0,0,107,88,100.0,Catalan <gnome-dl@llistes.softcatala.org>
libgnomecanvas,756,0,0,190,0,0,1034,756,100.0,Catalan <gnome@softcatala.net>
libgnomekbd,242,0,0,55,0,0,324,242,100.0,Catalan <tradgnome@softcatala.org>
libgnomeui,2535,0,0,654,0,0,2977,2535,100.0,Catalan <tradgnome@softcatala.org>
libgovirt,98,0,0,22,0,0,132,98,100.0,Catalan <gnome@llistes.softcatala.org>
libgravatar,25,0,0,10,0,0,40,25,100.0,Catalan <kde-i18n-ca@kde.org>
libgsf,696,0,0,146,0,0,989,696,100.0,Catalan <tradgnome@llistes.softcatala.org>
libgtop2,126,0,0,40,0,0,169,126,100.0,Catalan <tradgnome@softcatala.org>
libgweather,6970,0,0,5159,0,0,7174,6970,100.0,Catalan <info@softcatala.org>
libgxim,0,0,124,0,0,24,0,124,0.0,LANGUAGE <LL@li.org>
libhandy,1300,108,0,291,17,0,1450,1408,92.32954545454545,Catalan (https://www.transifex.com/softcatala/teams/62837/ca/)
libkcddb,374,0,0,209,0,0,420,374,100.0,Catalan <kde-i18n-ca@kde.org>
libkcompactdisc,15,0,0,10,0,0,16,15,100.0,Catalan <kde-i18n-ca@kde.org>
libkdegames,316,0,0,124,0,0,375,316,100.0,Catalan <kde-i18n-ca@kde.org>
libkdepim,36,0,0,11,0,0,45,36,100.0,Catalan <kde-i18n-ca@kde.org>
libkeduvocdocument,171,0,0,81,0,0,216,171,100.0,Catalan <kde-i18n-ca@kde.org>
libkgapi,378,0,0,85,0,0,672,378,100.0,Catalan <kde-i18n-ca@kde.org>
libkleo,3034,0,0,546,0,0,3541,3034,100.0,Catalan <kde-i18n-ca@kde.org>
libkmahjongg,11,0,0,11,0,0,13,11,100.0,Catalan <kde-i18n-ca@kde.org>
libkomparediff2,143,0,0,19,0,0,152,143,100.0,Catalan <kde-i18n-ca@kde.org>
libksane,284,0,0,92,0,0,356,284,100.0,Catalan <kde-i18n-ca@kde.org>
libkscreen,24,0,0,6,0,0,36,24,100.0,Catalan <kde-i18n-ca@kde.org>
libkscreen-qt5,24,0,0,6,0,0,36,24,100.0,Catalan <kde-i18n-ca@kde.org>
libksieve,3134,0,0,544,0,0,3668,3134,100.0,Catalan <kde-i18n-ca@kde.org>
libksysguard,1109,0,0,379,0,0,1317,1109,100.0,Catalan <kde-i18n-ca@kde.org>
libktorrent,465,0,0,105,0,0,639,465,100.0,Catalan <kde-i18n-ca@kde.org>
libmypaint,1587,2,714,117,1,44,1749,2303,68.91011723838471,Catalan <https://hosted.weblate.org/projects/mypaint/libmypaint/ca/>
libnma,800,4,3,179,2,2,1041,807,99.13258983890955,Catalan <kde-i18n-ca@kde.org>
libosinfo,644,19,154,142,4,25,848,817,78.8249694002448,Catalan <https://translate.stg.fedoraproject.org/projects/libosinfo/libosinfo/ca/>
libpanel,107,0,0,29,0,0,133,107,100.0,Catalan <gnome@llistes.softcatala.org>
libpeas,103,0,0,29,0,0,109,103,100.0,Catalan <tradgnome@softcatala.org>
libpeas1,103,0,0,29,0,0,109,103,100.0,Catalan <tradgnome@softcatala.org>
libplasma,227,0,0,52,0,0,272,227,100.0,Catalan <kde-i18n-ca@kde.org>
libpwquality,333,0,12,50,0,1,373,345,96.52173913043478,Catalan (http://www.transifex.com/projects/p/libpwquality/language/ca/)
libqalculate,6864,458,6983,525,34,3342,7636,14305,47.98322264942328,Catalan <ca@dodds.net>
libreoffice,564122,52088,157418,81443,3680,11169,635960,773628,72.91902568159374,Catalan <https://translations.documentfoundation.org/projects/libo_ui-master/accessibilitymessages/ca/>
libreport,4774,64,90,589,6,8,5921,4928,96.875,Catalan <https://translate.fedoraproject.org/projects/abrt/libreport/ca/>
libsecret,64,0,0,10,0,0,76,64,100.0,Catalan <tradgnome@softcatala.org>
libshumate,22,0,0,10,0,0,27,22,100.0,Catalan <gnome@llistes.softcatala.org>
libsoup,183,0,0,43,0,0,303,183,100.0,Catalan <tradgnome@softcatala.org>
libsoup3,180,0,0,38,0,0,295,180,100.0,Catalan <tradgnome@softcatala.org>
libspelling,7,0,0,4,0,0,7,7,100.0,Catalan <gnome@llistes.softcatala.org>
libuser,1385,34,18,292,6,3,2086,1437,96.3813500347947,Catalan (http://www.transifex.com/projects/p/fedora/language/ca/)
libvirt,1716,14349,55226,397,2690,7694,2238,71291,2.4070359512420922,Catalan (http://www.transifex.com/projects/p/libvirt/language/ca/)
libvirt-glib,153,0,5,30,0,1,223,158,96.83544303797468,Catalan (http://www.transifex.com/projects/p/libvirt-glib/language/ca/)
libvirt-sandbox,0,0,617,0,0,111,0,617,0.0,Catalan <fedora@llistes.softcatala.org>
libwnck,2206,0,0,471,0,0,2797,2206,100.0,Catalan <tradgnome@softcatala.org>
libwnck3,1086,0,0,231,0,0,1377,1086,100.0,Catalan <tradgnome@softcatala.org>
libxfce4ui,1017,0,0,210,0,0,1287,1017,100.0,Catalan (https://app.transifex.com/xfce/teams/16840/ca/)
libxfce4util,424,0,0,7,0,0,431,424,100.0,Catalan (http://www.transifex.com/xfce/libxfce4util/language/ca/)
libxfce4windowing,63,0,0,19,0,0,88,63,100.0,Catalan (https://app.transifex.com/xfce/teams/16840/ca/)
libzypp,2926,0,0,1027,0,0,3479,2926,100.0,Catalan <https://l10n.opensuse.org/projects/libzypp/master/ca/>
liferea,1230,355,481,338,76,96,1605,2066,59.53533397870281,Catalan <ca@dodds.net>
light-locker,260,0,0,37,0,0,304,260,100.0,Catalan (http://www.transifex.com/the_cavalry/light-locker/language/ca/)
lightdm,163,0,0,21,0,0,196,163,100.0,Catalan <ca@li.org>
lightdm-gtk,80,0,9,23,0,2,82,89,89.8876404494382,Catalan <ca@li.org>
lightdm-gtk-greeter-settings,519,0,0,171,0,0,622,519,100.0,Catalan <ca@li.org>
lightdm-settings,355,0,0,74,0,0,406,355,100.0,Catalan <ca@li.org>
lightsoff,1152,0,0,119,0,0,1258,1152,100.0,Catalan <tradgnome@softcatala.org>
lilypond,14664,0,529,3340,0,151,18345,15193,96.51813335088526,Catalan <ca@dodds.net>
lincity-ng,1911,0,2,454,0,1,2019,1913,99.89545216936749,<bratac@bratac.cat>
lingot,45,0,1334,20,0,132,56,1379,3.2632342277012323,Catalan <ca@li.org>
localsearch,1818,0,0,292,0,0,2297,1818,100.0,Catalan <tradgnome@softcatala.org>
lokalize,4086,0,0,668,0,0,4915,4086,100.0,Catalan <kde-i18n-ca@kde.org>
lollypop,1120,0,308,391,0,64,1376,1428,78.43137254901961,Catalan <https://hosted.weblate.org/projects/gnumdk/lollypop/ca/>
lordsawar,6461,203,194,1700,34,31,7292,6858,94.2111402741324,Catalan <ca@dodds.net>
loupe,561,0,0,215,0,0,716,561,100.0,Catalan <gnome@llistes.softcatala.org>
lshw,863,0,0,363,0,0,1041,863,100.0,Catalan <ca@li.org>
lskat,266,0,0,89,0,0,323,266,100.0,Catalan <kde-i18n-ca@kde.org>
lxdm,48,0,0,26,0,0,59,48,100.0,LANGUAGE <LL@li.org>
lxinput,81,4,0,24,4,0,94,85,95.29411764705881,LXDE Catalan translators group
lxmenu-data,59,34,7,27,11,3,64,100,59.0,LXDE Catalan translators group
lxshortcut,43,0,0,19,0,0,50,43,100.0,LXDE Catalan translators group
lynx,8310,0,0,1250,0,0,8849,8310,100.0,Catalan <ca@dodds.net>
magpie,1253,0,0,148,0,0,1575,1253,100.0,Catalan <tradgnome@softcatala.org>
mail-notification,1853,0,0,344,0,0,2148,1853,100.0,Catalan <ca@dodds.net>
mailcommon,2803,0,0,514,0,0,3213,2803,100.0,Catalan <kde-i18n-ca@kde.org>
mailimporter,1405,0,0,126,0,0,1636,1405,100.0,Catalan <kde-i18n-ca@kde.org>
mailman3,3487,0,1343,327,0,88,4974,4830,72.19461697722566,Catalan <https://hosted.weblate.org/projects/gnu-mailman/mailman/ca/>
mailnag,199,0,8,65,0,1,249,207,96.1352657004831,Catalan <ca@li.org>
malcontent,536,0,0,91,0,0,672,536,100.0,none
maliit-keyboard,66,7,8,51,2,8,73,81,81.48148148148148,
mame,671,0,3014,304,0,984,845,3685,18.208955223880597,Catalan <ca@dodds.net>
man-db,1086,119,86,210,27,18,1473,1291,84.12083656080557,Catalan <ca@dodds.net>
man2html,58,0,0,3,0,0,68,58,100.0,Catalan <debian-l10n-catalan@lists.debian.org>
manafirewall,1184,0,1,140,0,1,1278,1185,99.915611814346,Catalan (https://www.transifex.com/MageiaLinux/teams/9361/ca/)
marble,11664,0,0,3374,0,0,13665,11664,100.0,Catalan <kde-i18n-ca@kde.org>
marco,3955,0,216,418,0,15,4923,4171,94.82138575881083,Catalan (https://app.transifex.com/mate/teams/13566/ca/)
mariadb10.11,144,0,0,10,0,0,175,144,100.0,Debian l10n Catalan <debian-l10n-catalan@lists.debian.org>
mariadb11.8,144,0,0,10,0,0,175,144,100.0,Debian l10n Catalan <debian-l10n-catalan@lists.debian.org>
markdownpart,23,0,0,9,0,0,30,23,100.0,Catalan <kde-i18n-ca@kde.org>
marknote,313,2,2,137,1,1,404,317,98.73817034700315,Catalan <kde-i18n-ca@kde.org>
massif-visualizer,360,0,0,111,0,0,493,360,100.0,Catalan <kde-i18n-ca@kde.org>
mate-applets,11511,0,4595,1354,0,301,13477,16106,71.47025953060971,Catalan (https://app.transifex.com/mate/teams/13566/ca/)
mate-backgrounds,55,0,0,29,0,0,58,55,100.0,Catalan (https://app.transifex.com/mate/teams/13566/ca/)
mate-calc,1775,0,1552,602,0,149,2065,3327,53.35136759843703,Catalan (https://app.transifex.com/mate/teams/13566/ca/)
mate-control-center,4033,24,4203,1247,9,271,4851,8260,48.82566585956417,Catalan (https://app.transifex.com/mate/teams/13566/ca/)
mate-desktop,2078,6,328,274,2,19,2613,2412,86.15257048092869,Catalan (https://app.transifex.com/mate/teams/13566/ca/)
mate-icon-theme,4,0,0,2,0,0,5,4,100.0,Catalan (https://app.transifex.com/mate/teams/13566/ca/)
mate-media,239,0,5,99,0,1,304,244,97.95081967213115,Catalan (https://app.transifex.com/mate/teams/13566/ca/)
mate-menu,308,0,0,110,0,0,410,308,100.0,Catalan (http://www.transifex.com/mate/MATE/language/ca/)
mate-menus,103,0,0,39,0,0,121,103,100.0,Catalan (https://app.transifex.com/mate/teams/13566/ca/)
mate-notification-daemon,186,0,0,53,0,0,261,186,100.0,Catalan (https://app.transifex.com/mate/teams/13566/ca/)
mate-panel,6450,5,298,803,2,17,7523,6753,95.51310528653931,Catalan (https://app.transifex.com/mate/teams/13566/ca/)
mate-polkit,123,0,0,21,0,0,134,123,100.0,Catalan (https://app.transifex.com/mate/teams/13566/ca/)
mate-power-manager,3185,7,1931,447,2,103,3961,5123,62.170603162209645,Catalan (https://app.transifex.com/mate/teams/13566/ca/)
mate-screensaver,1037,0,64,174,0,2,1278,1101,94.18710263396912,Catalan (https://app.transifex.com/mate/teams/13566/ca/)
mate-sensors-applet,895,0,1265,141,0,85,1058,2160,41.43518518518518,Catalan (https://app.transifex.com/mate/teams/13566/ca/)
mate-session-manager,715,0,2,132,0,1,883,717,99.72105997210599,Catalan (https://app.transifex.com/mate/teams/13566/ca/)
mate-settings-daemon,1867,0,336,311,0,7,2368,2203,84.74807081252837,Catalan (https://app.transifex.com/mate/teams/13566/ca/)
mate-system-monitor,3493,0,1401,549,0,112,4312,4894,71.37310993052718,Catalan (https://app.transifex.com/mate/teams/13566/ca/)
mate-terminal,5232,0,3006,598,0,167,6158,8238,63.51056081573198,Catalan (https://app.transifex.com/mate/teams/13566/ca/)
mate-themes,74,0,0,23,0,0,90,74,100.0,Catalan (http://app.transifex.com/mate/MATE/language/ca/)
mate-user-admin,597,0,8,124,0,2,741,605,98.67768595041322,Catalan (https://www.transifex.com/mate/teams/13566/ca/)
mate-user-guide,18640,0,24333,1745,0,1483,20759,42973,43.376073348381546,Catalan (https://app.transifex.com/mate/teams/13566/ca/)
mate-utils,9901,0,0,1071,0,0,11412,9901,100.0,Catalan (https://app.transifex.com/mate/teams/13566/ca/)
maui-mauikit,92,0,0,44,0,0,105,92,100.0,Catalan <kde-i18n-ca@kde.org>
maui-mauikit-accounts,43,0,0,15,0,0,49,43,100.0,Catalan <kde-i18n-ca@kde.org>
maui-mauikit-calendar,63,0,0,29,0,0,72,63,100.0,Catalan <kde-i18n-ca@kde.org>
maui-mauikit-documents,69,0,0,14,0,0,81,69,100.0,Catalan <kde-i18n-ca@kde.org>
maui-mauikit-filebrowsing,618,0,0,104,0,0,663,618,100.0,Catalan <kde-i18n-ca@kde.org>
maui-mauikit-imagetools,61,0,0,28,0,0,66,61,100.0,Catalan <kde-i18n-ca@kde.org>
maui-mauikit-index-fm,384,0,0,140,0,0,457,384,100.0,Catalan <kde-i18n-ca@kde.org>
maui-mauikit-pix,325,0,0,112,0,0,368,325,100.0,Catalan <kde-i18n-ca@kde.org>
maui-mauikit-station,326,0,0,93,0,0,368,326,100.0,Catalan <kde-i18n-ca@kde.org>
maui-mauikit-terminal,21,0,0,9,0,0,25,21,100.0,Catalan <kde-i18n-ca@kde.org>
maui-mauikit-texteditor,111,0,0,36,0,0,133,111,100.0,Catalan <kde-i18n-ca@kde.org>
mbox-importer,40,0,0,13,0,0,46,40,100.0,Catalan <kde-i18n-ca@kde.org>
mc,4435,0,0,1267,0,0,5952,4435,100.0,Catalan (http://app.transifex.com/mc/mc/language/ca/)
mediawriter,411,312,113,59,64,32,495,836,49.16267942583732,Catalan <https://translate.fedoraproject.org/projects/fedora-media-writer/mediawriter/ca/>
meld,2550,0,0,508,0,0,3319,2550,100.0,Catalan <tradgnome@softcatala.org>
menulibre,1079,0,0,185,0,0,1206,1079,100.0,Catalan (https://www.transifex.com/bluesabreorg/teams/99550/ca/)
merkuro,1956,0,0,705,0,0,2395,1956,100.0,Catalan <kde-i18n-ca@kde.org>
messagelib,7634,0,0,1390,0,0,8811,7634,100.0,Catalan <kde-i18n-ca@kde.org>
metacity,1831,0,0,278,0,0,2267,1831,100.0,Catalan <tradgnome@softcatala.org>
metadata-cleaner,718,0,0,91,0,0,823,718,100.0,Catalan <https://hosted.weblate.org/projects/metadata-cleaner/application/ca/>
meteo,223,0,37,78,0,13,247,260,85.76923076923076,Catalan
mimetreeparser,283,0,0,90,0,0,325,283,100.0,Catalan <kde-i18n-ca@kde.org>
minetest,831,1167,8454,264,299,900,989,10452,7.950631458094144,Catalan <https://hosted.weblate.org/projects/minetest/minetest/ca/>
mingw-GConf2,4074,0,0,496,0,0,5384,4074,100.0,Catalan <tradgnome@softcatala.org>
mingw-atk,440,0,0,169,0,0,535,440,100.0,català; valencià <<tradgnome@softcatala.org>>
mingw-binutils,7424,4087,1932,1452,390,302,9413,13443,55.22576805772521,Catalan <ca@dodds.net>
mingw-colord,14,0,374,5,0,94,16,388,3.608247422680412,Catalan (http://www.transifex.net/projects/p/freedesktop/team/ca/)
mingw-exiv2,26000,0,18321,4726,0,2619,33342,44321,58.66293630558877,Catalan
mingw-gcc,914,425,422,149,65,60,1104,1761,51.902328222600794,Catalan <ca@dodds.net>
mingw-gdk-pixbuf,1325,0,0,198,0,0,1828,1325,100.0,Catalan <Catalan <info@softcatala.org>>
mingw-gettext,7965,307,106,807,54,13,9414,8378,95.07042253521126,Catalan <ca@dodds.net>
mingw-glib-networking,460,0,0,68,0,0,685,460,100.0,Catalan <gnome-dl@llistes.softcatala.org>
mingw-glib2,7889,0,0,1253,0,0,10732,7889,100.0,Catalan <tradgnome@softcatala.org>
mingw-gsettings-desktop-schemas,7201,0,0,634,0,0,8790,7201,100.0,Catalan <tradgnome@softcatala.org>
mingw-gstreamer1,1721,178,324,314,28,49,2236,2223,77.41790373369321,Catalan <ca@dodds.net>
mingw-gstreamer1-plugins-bad-free,73,22,102,10,3,16,99,197,37.055837563451774,Catalan <ca@dodds.net>
mingw-gstreamer1-plugins-base,644,115,335,125,25,75,828,1094,58.866544789762344,Catalan <ca@dodds.net>
mingw-gstreamer1-plugins-good,442,210,173,51,27,26,570,825,53.57575757575758,Catalan <ca@dodds.net>
mingw-gtk2,13699,5,0,2783,1,0,16409,13704,99.96351430239346,Catalan <tradgnome@softcatala.org>
mingw-gtk3,16737,0,0,3942,0,0,19994,16737,100.0,Catalan <tradgnome@softcatala.org>
mingw-gtk4,4758,0,0,1630,0,0,6012,4758,100.0,Catalan <tradgnome@softcatala.org>
mingw-gtksourceview3,223,66,33,90,11,5,283,322,69.25465838509317,Catalan <tradgnome@softcatala.org>
mingw-hunspell,613,0,0,79,0,0,705,613,100.0,Catalan <https://hosted.weblate.org/projects/hunspell/translations/ca/>
mingw-json-glib,307,0,0,47,0,0,410,307,100.0,Catalan <tradgnome@softcatala.org>
mingw-libcharset,15,31,296,4,8,34,17,342,4.385964912280701,Catalan <ca@dodds.net>
mingw-libsoup,183,0,0,43,0,0,303,183,100.0,Catalan <tradgnome@softcatala.org>
mingw-poppler,6,0,0,2,0,0,6,6,100.0,Catalan <kde-i18n-ca@kde.org>
mingw-wxWidgets,3408,1226,1757,709,311,455,4259,6391,53.3249882647473,<wx-translators@wxwidgets.org>
mingw-wxWidgets3,2934,2138,2623,626,592,635,3653,7695,38.12865497076024,<wx-translators@wxwidgets.org>
minuet,534,0,0,203,0,0,570,534,100.0,Catalan <kde-i18n-ca@kde.org>
mkvtoolnix,44316,318,98,4136,14,4,50765,44732,99.07001699007422,Catalan (http://app.transifex.com/moritz-bunkus/mkvtoolnix/language/ca/)
mono-tools,200,20,297,69,8,57,230,517,38.684719535783366,Jordi Mas i Hernàndez <jordi@ximian.com>
monodevelop,5580,6242,11993,1940,1675,1817,6913,23815,23.43061095947932,Jordi Mas i Hernàndez <jordi@ximian.com>
moserial,757,0,0,115,0,0,884,757,100.0,Catalan <tradgnome@softcatala.org>
mousepad,1702,0,0,430,0,0,2014,1702,100.0,Catalan (http://app.transifex.com/xfce/xfce-apps/language/ca/)
mousetweaks,114,0,0,30,0,0,167,114,100.0,Catalan <tradgnome@softcatala.org>
mozo,46,0,0,24,0,0,52,46,100.0,Catalan (https://app.transifex.com/mate/teams/13566/ca/)
msitools,85,0,0,29,0,0,108,85,100.0,Catalan <tradgnome@softcatala.org>
muffin,870,0,317,139,0,3,1101,1187,73.29401853411963,Catalan <tradgnome@softcatala.org>
multimedia-menus,56,0,0,22,0,0,69,56,100.0,Catalan <fedora@softcatala.net>
mutt,6717,8,4,1417,2,1,8918,6729,99.82166740971913,Catalan <ca@dodds.net>
mutter,1440,0,0,150,0,0,1777,1440,100.0,Catalan <tradgnome@softcatala.org>
mypaint,6407,0,0,1272,0,0,7556,6407,100.0,Catalan <https://hosted.weblate.org/projects/mypaint/mypaint/ca/>
nano,3555,0,0,645,0,0,4204,3555,100.0,Catalan <ca@dodds.net>
nautilus,5483,0,0,1137,0,0,6754,5483,100.0,Catalan <tradgnome@softcatala.org>
nemiver,1341,0,0,340,0,0,1671,1341,100.0,Catalan <tradgnome@softcatala.org>
neochat,4815,0,0,1207,0,0,5928,4815,100.0,Catalan <kde-i18n-ca@kde.org>
neomutt,4879,2186,1058,1112,386,185,6549,8123,60.064015757724974,Catalan <ca@dodds.net>
neovim,5934,432,345,1228,75,44,7439,6711,88.42199374161824,Catalan <ca@dodds.net>
network-manager-applet,4387,29,23,869,3,2,5459,4439,98.82856499211535,Catalan <kde-i18n-ca@kde.org>
neverball,430,0,2305,140,0,219,483,2735,15.722120658135283,Catalan (http://www.transifex.com/projects/p/neverball/language/ca/)
newsboat,955,683,476,262,101,79,1151,2114,45.17502365184484,"Alejandro Gallo <aamsgallo@gmail.com>, OmeGa <omega@mailoo.org>"
newt,4,0,0,4,0,0,4,4,100.0,Catalan <debian-l10n-catalan@lists.debian.org>
nicotine+,5038,0,0,1272,0,0,6171,5038,100.0,Catalan <https://hosted.weblate.org/projects/nicotine-plus/nicotine-plus/ca/>
noggin,15,6,1777,3,1,292,17,1798,0.8342602892102335,Catalan <https://translate.fedoraproject.org/projects/fedora-infra/noggin/ca/>
notejot,128,49,312,58,14,44,164,489,26.1758691206544,
notification-daemon,17,0,0,7,0,0,25,17,100.0,Catalan <tradgnome@llistes.softcatala.org>
okteta,2538,0,0,618,0,0,2898,2538,100.0,Catalan <kde-i18n-ca@kde.org>
okular,5919,0,0,1288,0,0,6912,5919,100.0,Catalan <kde-i18n-ca@kde.org>
onionshare,87,0,4523,17,0,168,97,4610,1.8872017353579174,LANGUAGE <LL@li.org>
openbox,486,0,20,92,0,2,615,506,96.04743083003953,catalan
openconnect,6379,0,3152,1112,0,453,8375,9531,66.92896862868535,Catalan <kde-i18n-ca@kde.org>
optiimage,145,0,0,45,0,0,167,145,100.0,Catalan <kde-i18n-ca@kde.org>
orage,2315,0,0,950,0,0,2629,2315,100.0,Catalan (https://app.transifex.com/xfce/teams/16840/ca/)
orca,5527,0,0,1775,0,0,6998,5527,100.0,Catalan <tradgnome@softcatala.org>
osinfo-db-tools,61,0,161,12,0,31,89,222,27.47747747747748,Catalan <https://translate.stg.fedoraproject.org/projects/libosinfo/osinfo-db-tools/ca/>
osmo,1227,0,544,525,0,173,1384,1771,69.28289102202146,Català
p11-kit,476,0,1288,81,0,232,570,1764,26.984126984126984,Catalan (http://www.transifex.com/freedesktop/p11-kit/language/ca/)
pacman,5362,0,0,919,0,0,6877,5362,100.0,Catalan (http://app.transifex.com/toofishes/archlinux-pacman/language/ca/)
palapeli,1525,0,0,186,0,0,1744,1525,100.0,Catalan <kde-i18n-ca@kde.org>
pam,524,20,0,98,3,0,655,544,96.32352941176471,Catalan <https://translate.fedoraproject.org/projects/linux-pam/master/ca/>
papers,8368,0,0,980,0,0,9170,8368,100.0,Catalan (https://www.transifex.com/softcatala/teams/62837/ca/)
paperwork,3218,0,2121,332,0,111,3366,5339,60.27345944933508,Catalan <http://translations.openpaper.work/projects/paperwork/paperwork-gtk/ca/>
paprefs,137,0,0,25,0,0,167,137,100.0,Catalan <https://translate.fedoraproject.org/projects/pulseaudio/paprefs/ca/>
parcellite,265,0,0,69,0,0,322,265,100.0,Catalan
parley,3433,0,0,729,0,0,3886,3433,100.0,Catalan <kde-i18n-ca@kde.org>
parole,784,0,26,281,0,6,1004,810,96.79012345679013,Catalan (http://app.transifex.com/xfce/xfce-apps/language/ca/)
parted,983,1084,2561,152,119,306,1125,4628,21.24027657735523,Catalan <ca@dodds.net>
pastebinit,177,0,18,27,0,2,234,195,90.76923076923077,Catalan <ca@li.org>
pavucontrol,618,79,1035,206,30,122,894,1732,35.68129330254042,LliureX
pbuilder,96,0,0,9,0,0,99,96,100.0,Català <debian-l10n-catalan@lists.debian.org>
pdfarranger,406,0,157,140,0,57,485,563,72.11367673179396,
peek,54,24,486,24,11,62,67,564,9.574468085106384,Catalan (http://www.transifex.com/phwolfer/peek/language/ca/)
phd2,14495,2138,4114,2322,592,763,17497,20747,69.86552272617728,
phonon,327,0,0,59,0,0,388,327,100.0,Catalan <kde-i18n-ca@kde.org>
phonon-backend-gstreamer,104,0,0,15,0,0,129,104,100.0,Catalan <kde-i18n-ca@kde.org>
phonon-backend-vlc,27,0,0,3,0,0,38,27,100.0,Catalan <kde-i18n-ca@kde.org>
phonon-qt4,116,0,0,25,0,0,134,116,100.0,Catalan <kde-i18n-ca@kde.org>
phonon-qt4-backend-gstreamer,104,0,0,15,0,0,129,104,100.0,Catalan <kde-i18n-ca@kde.org>
phosh,643,0,0,233,0,0,804,643,100.0,Catalan
phosh-mobile-settings,594,0,43,169,0,8,756,637,93.24960753532181,Catalan <gnome@llistes.softcatala.org>
picard,1136,50,9598,616,13,1868,1265,10784,10.534124629080118,Catalan <https://translations.metabrainz.org/projects/picard/app/ca/>
picmi,202,0,0,116,0,0,234,202,100.0,Catalan <kde-i18n-ca@kde.org>
pidgin,13287,0,707,3047,0,144,16171,13994,94.947834786337,Catalan (http://app.transifex.com/pidgin/pidgin/language/ca/)
pim-data-exporter,794,0,0,200,0,0,1161,794,100.0,Catalan <kde-i18n-ca@kde.org>
pim-sieve-editor,470,0,0,125,0,0,559,470,100.0,Catalan <kde-i18n-ca@kde.org>
pimcommon,884,0,0,216,0,0,1021,884,100.0,Catalan <kde-i18n-ca@kde.org>
pinta,1746,0,0,537,0,0,2217,1746,100.0,Catalan <ca@li.org>
pioneers,2952,0,52,783,0,7,3372,3004,98.26897470039947,Catalan <>
pipewire,716,0,0,121,0,0,756,716,100.0,Catalan <fedora@softcatala.net>
pipewire-media-session,3,0,2,2,0,1,3,5,60.0,Catalan <fedora@softcatala.net>
pitivi,9753,896,0,993,25,0,11048,10649,91.58606441919429,Catalan <info@softcatala.org>
plank,189,0,0,50,0,0,257,189,100.0,Catalan <ca@li.org>
plasma-bigscreen,460,0,0,211,0,0,587,460,100.0,Catalan <kde-i18n-ca@kde.org>
plasma-breeze,262,0,0,92,0,0,382,262,100.0,Catalan <kde-i18n-ca@kde.org>
plasma-browser-integration,127,0,0,25,0,0,146,127,100.0,Catalan <kde-i18n-ca@kde.org>
plasma-camera,133,0,0,46,0,0,179,133,100.0,Catalan <kde-i18n-ca@kde.org>
plasma-desktop,7738,0,0,1721,0,0,9198,7738,100.0,Catalan <kde-i18n-ca@kde.org>
plasma-dialer,151,0,0,58,0,0,187,151,100.0,Catalan <kde-i18n-ca@kde.org>
plasma-discover,3710,0,0,739,0,0,4341,3710,100.0,Catalan <kde-i18n-ca@kde.org>
plasma-disks,205,0,0,19,0,0,242,205,100.0,Catalan <kde-i18n-ca@kde.org>
plasma-drkonqi,1981,0,0,211,0,0,2270,1981,100.0,Catalan <kde-i18n-ca@kde.org>
plasma-firewall,393,0,0,145,0,0,476,393,100.0,Catalan <kde-i18n-ca@kde.org>
plasma-integration,72,0,0,24,0,0,79,72,100.0,Catalan <kde-i18n-ca@kde.org>
plasma-keyboard,58,0,0,16,0,0,68,58,100.0,Catalan <kde-i18n-ca@kde.org>
plasma-mediacenter,172,0,0,87,0,0,214,172,100.0,Catalan <kde-i18n-ca@kde.org>
plasma-milou,10,0,0,4,0,0,12,10,100.0,Catalan <kde-i18n-ca@kde.org>
plasma-mobile,1848,0,0,882,0,0,2173,1848,100.0,Catalan <kde-i18n-ca@kde.org>
plasma-nano,36,0,0,11,0,0,43,36,100.0,Catalan <kde-i18n-ca@kde.org>
plasma-nm,6454,0,0,1609,0,0,8087,6454,100.0,Catalan <kde-i18n-ca@kde.org>
plasma-oxygen,794,0,0,292,0,0,1083,794,100.0,Catalan <kde-i18n-ca@kde.org>
plasma-pa,423,0,0,126,0,0,566,423,100.0,Catalan <kde-i18n-ca@kde.org>
plasma-pass,22,0,0,6,0,0,32,22,100.0,Catalan <kde-i18n-ca@kde.org>
plasma-phonebook,73,0,0,33,0,0,97,73,100.0,Catalan <kde-i18n-ca@kde.org>
plasma-pk-updates,2081,0,0,400,0,0,2605,2081,100.0,Catalan <kde-i18n-ca@kde.org>
plasma-print-manager,1199,0,0,315,0,0,1431,1199,100.0,Catalan <kde-i18n-ca@kde.org>
plasma-sdk,945,0,0,310,0,0,1189,945,100.0,Catalan <kde-i18n-ca@kde.org>
plasma-settings,88,0,0,28,0,0,110,88,100.0,Catalan <kde-i18n-ca@kde.org>
plasma-systemmonitor,689,0,0,202,0,0,838,689,100.0,Catalan <kde-i18n-ca@kde.org>
plasma-systemsettings,133,0,0,37,0,0,173,133,100.0,Catalan <kde-i18n-ca@kde.org>
plasma-thunderbolt,174,0,0,39,0,0,195,174,100.0,Catalan <kde-i18n-ca@kde.org>
plasma-vault,628,0,0,99,0,0,727,628,100.0,Catalan <kde-i18n-ca@kde.org>
plasma-welcome,1742,0,0,168,0,0,1959,1742,100.0,Catalan <kde-i18n-ca@kde.org>
plasma-workspace,10498,0,0,2315,0,0,12390,10498,100.0,Catalan <kde-i18n-ca@kde.org>
plasma-workspace-x11,10498,0,0,2315,0,0,12390,10498,100.0,Catalan <kde-i18n-ca@kde.org>
plasma5support,3174,0,0,995,0,0,3613,3174,100.0,Catalan <kde-i18n-ca@kde.org>
plasmatube,517,0,0,191,0,0,659,517,100.0,Catalan <kde-i18n-ca@kde.org>
playonlinux,0,0,2728,0,0,449,0,2728,0.0,Catalan <ca@li.org>
pluma,6964,0,6149,1396,0,694,8096,13113,53.10760314192024,Catalan (https://app.transifex.com/mate/teams/13566/ca/)
pluma-plugins,711,0,694,98,0,47,816,1405,50.604982206405694,Catalan (https://app.transifex.com/mate/teams/13566/ca/)
plymouth-kcm,93,0,0,20,0,0,118,93,100.0,Catalan <kde-i18n-ca@kde.org>
pmount,723,0,0,63,0,0,856,723,100.0,Catalan <ca@li.org>
po4a,6988,5996,17055,645,349,755,7339,30039,23.263091314624322,Catalan <debian-l10n-catalan@lists.debian.org>
poedit,2825,0,506,642,0,79,3434,3331,84.80936655658962,Catalan
pogo,46,0,530,22,0,79,56,576,7.986111111111111,Catalan <ca@li.org>
polari,2026,0,0,268,0,0,2199,2026,100.0,Catalan <gnome@llistes.softcatala.org>
policycoreutils,4989,380,748,810,54,107,6125,6117,81.55958803334968,Catalan
polkit-kde,59,0,0,23,0,0,70,59,100.0,Catalan <kde-i18n-ca@kde.org>
poppler,6,0,0,2,0,0,6,6,100.0,Catalan <kde-i18n-ca@kde.org>
popt,69,0,21,26,0,6,96,90,76.66666666666667,Catalan <https://translate.fedoraproject.org/projects/popt/master/ca/>
powerdevil,1825,0,0,399,0,0,2230,1825,100.0,Catalan <kde-i18n-ca@kde.org>
powertop,253,87,372,64,19,121,298,712,35.53370786516854,Catalan (http://www.transifex.com/projects/p/PowerTOP/language/ca/)
pragha,695,0,195,244,0,32,877,890,78.08988764044943,Catalan (Spain) (http://www.transifex.com/p/Pragha/language/ca_ES/)
prusa-slicer,41909,0,4263,7292,0,425,50251,46172,90.767131594906,
psmisc,81,335,568,11,22,61,92,984,8.231707317073171,Catalan <debian-l10n-catalan@lists.debian.org>
pspp,15005,9,25,2764,1,2,17795,15039,99.77392113837357,Catalan <ca@dodds.net>
ptyxis,1590,0,161,400,0,21,2005,1751,90.80525414049114,Catalan <Catalan>
publican,1058,66,4319,76,2,538,1235,5443,19.43781003123278,Robert Buj <robert.buj@gmail.com>
pulseaudio,1576,1449,761,411,57,104,1957,3786,41.6270470153196,Catalan <https://translate.fedoraproject.org/projects/pulseaudio/pulseaudio/ca/>
pychess,2825,0,4767,608,0,860,2943,7592,37.21022128556375,Catalan (http://www.transifex.com/gbtami/pychess/language/ca/)
pyhoca-gui,0,0,1865,0,0,402,0,1865,0.0,none
pykickstart,1291,152,200,153,13,16,1530,1643,78.57577601947656,Catalan (http://www.transifex.com/projects/p/pykickstart/language/ca/)
python-apt,47,271,226,16,64,38,63,544,8.63970588235294,Catalan <tradgnome@softcatala.org>
python-blivet,558,20,27,76,3,2,684,605,92.23140495867769,Catalan <https://translate.fedoraproject.org/projects/blivet/blivet-master/ca/>
python-caja,6,0,0,2,0,0,6,6,100.0,Catalan (https://www.transifex.com/mate/teams/13566/ca/)
python-django-allauth,1694,31,86,279,9,19,1950,1811,93.53948094975152,Catalan <https://hosted.weblate.org/projects/allauth/django-allauth/ca/>
python-django-contrib-comments,250,0,0,61,0,0,296,250,100.0,Catalan (http://www.transifex.com/django/django-contrib-comments/language/ca/)
python-django-debug-toolbar,77,0,280,61,0,76,82,357,21.568627450980394,Catalan (http://www.transifex.com/projects/p/django-debug-toolbar/language/ca/)
python-django-formtools,32,0,0,11,0,0,34,32,100.0,Catalan (http://www.transifex.com/projects/p/django-formtools/language/ca/)
python-django-mailman3,437,0,30,74,0,5,471,467,93.57601713062098,Catalan <https://hosted.weblate.org/projects/gnu-mailman/django-mailman3/ca/>
python-django-rest-framework,525,0,759,78,0,148,561,1284,40.887850467289724,Catalan (Spain) (http://www.transifex.com/django-rest-framework-1/django-rest-framework/language/ca_ES/)
python-django4.2,3804,0,0,878,0,0,4178,3804,100.0,Catalan (http://www.transifex.com/django/django/language/ca/)
python-django5,3822,0,0,892,0,0,4197,3822,100.0,Catalan (http://www.transifex.com/django/django/language/ca/)
python-flask-admin,320,0,47,97,0,15,358,367,87.19346049046321,Catalan
python-flask-security-too,280,7,1019,64,1,174,356,1306,21.43950995405819,
python-humanize,130,0,2,66,0,1,131,132,98.48484848484848,Catalan
python-hyperkitty,937,0,0,259,0,0,1016,937,100.0,Catalan <https://hosted.weblate.org/projects/gnu-mailman/hyperkitty/ca/>
python-manatools,4,0,0,4,0,0,4,4,100.0,Catalan (https://www.transifex.com/MageiaLinux/teams/9361/ca/)
python-meh,109,0,0,23,0,0,111,109,100.0,Catalan (http://www.transifex.com/projects/p/python-meh/language/ca/)
python-nikola,94,0,0,44,0,0,102,94,100.0,Catalan (http://www.transifex.com/ralsina/nikola/language/ca/)
python-openpaperwork-core,178,0,0,49,0,0,205,178,100.0,Catalan <http://translations.openpaper.work/projects/paperwork/openpaperwork-core/ca/>
python-openpaperwork-gtk,177,0,0,29,0,0,197,177,100.0,Catalan <http://translations.openpaper.work/projects/paperwork/openpaperwork-gtk/ca/>
python-paperwork-backend,400,0,0,107,0,0,541,400,100.0,Catalan <http://translations.openpaper.work/projects/paperwork/paperwork-backend/ca/>
python-postorius,3997,150,1018,552,7,83,4486,5165,77.3862536302033,Catalan <https://hosted.weblate.org/projects/gnu-mailman/postorius/ca/>
python-pydata-sphinx-theme,81,0,0,34,0,0,101,81,100.0,
python-simpleline,42,0,0,16,0,0,42,42,100.0,Catalan
python-sphinx,5043,0,626,773,0,65,6280,5669,88.95748809313811,Catalan (http://app.transifex.com/sphinx-doc/sphinx-1/language/ca/)
python-sphinxcontrib-devhelp,0,0,18,0,0,2,0,18,0.0,Catalan (https://www.transifex.com/sphinx-doc/teams/36659/ca/)
python-sphinxcontrib-htmlhelp,0,0,25,0,0,5,0,25,0.0,Catalan (https://www.transifex.com/sphinx-doc/teams/36659/ca/)
python-sphinxcontrib-qthelp,0,0,33,0,0,3,0,33,0.0,Catalan (https://www.transifex.com/sphinx-doc/teams/36659/ca/)
python-sphinxcontrib-serializinghtml,0,0,18,0,0,2,0,18,0.0,Catalan (https://www.transifex.com/sphinx-doc/teams/36659/ca/)
python-wtforms,166,0,23,30,0,3,199,189,87.83068783068782,ca <oscar.vilaplana@paylogic.eu>
python-wxpython4,7837,0,0,1965,0,0,10115,7837,100.0,<wx-translators@wxwidgets.org>
qalculate-gtk,4148,177,192,1204,49,29,4829,4517,91.83086119105602,Catalan <ca@dodds.net>
qmlkonsole,166,0,0,54,0,0,197,166,100.0,Catalan <kde-i18n-ca@kde.org>
qrca,138,0,0,49,0,0,191,138,100.0,Catalan <kde-i18n-ca@kde.org>
quadrapassel,1468,0,0,176,0,0,1569,1468,100.0,Catalan <tradgnome@softcatala.org>
quodlibet,7955,0,0,1701,0,0,9944,7955,100.0,Catalan <https://hosted.weblate.org/projects/quodlibet/quodlibet/ca/>
rapid-photo-downloader,709,0,7377,264,0,660,863,8086,8.768241404897353,Catalan <ca@li.org>
ravada,2855,0,0,749,0,0,3134,2855,100.0,Catalan <https://hosted.weblate.org/projects/ravada/translation/ca/>
rawstudio,317,305,984,155,126,221,435,1606,19.73848069738481,Rawstudio development <rawstudio-dev@rawstudio.org>
realmd,789,28,16,127,4,3,1052,833,94.71788715486194,Catalan (http://www.transifex.com/freedesktop/realmd/language/ca/)
recode,402,346,6,60,15,4,523,754,53.315649867374006,Catalan <ca@dodds.net>
redhat-menus,261,0,0,86,0,0,311,261,100.0,Catalan <fedora@softcatala.net>
rednotebook,776,33,471,166,8,103,879,1280,60.62499999999999,Catalan <ca@li.org>
redshift,1028,0,0,151,0,0,1296,1028,100.0,Catalan <ca@li.org>
regextester,0,0,104,0,0,31,0,104,0.0,none
remmina,4787,389,231,933,54,31,5831,5407,88.53338265211762,Catalan <https://hosted.weblate.org/projects/remmina/remmina/ca/>
renameutils,82,112,71,16,24,14,88,265,30.943396226415093,Catalan <ca@dodds.net>
retrace-server,407,26,0,55,1,0,477,433,93.99538106235565,Catalan
revelation,1454,0,977,324,0,126,1739,2431,59.81077745783628,Catalan (http://app.transifex.com/revelation/revelation/language/ca/)
rhash,199,12,267,45,2,46,223,478,41.63179916317992,Catalan <ca@li.org>
rhythmbox,8356,0,0,1324,0,0,9849,8356,100.0,Catalan (https://www.transifex.com/softcatala/teams/62837/ca/)
rhythmbox-alternative-toolbar,291,0,0,57,0,0,351,291,100.0,Catalan <ca@li.org>
ristretto,665,0,0,200,0,0,848,665,100.0,Catalan (http://app.transifex.com/xfce/xfce-apps/language/ca/)
rizin,1379,0,0,159,0,0,1644,1379,100.0,Catalan <ca@dodds.net>
rkward,39370,0,0,4346,0,0,44951,39370,100.0,Catalan <kde-i18n-ca@kde.org>
rocs,1448,0,0,300,0,0,1653,1448,100.0,Catalan <kde-i18n-ca@kde.org>
rpi-imager,1148,325,135,164,20,11,1378,1608,71.39303482587064,Catalan <ca@dodds.net>
rpm,3180,158,1394,635,32,243,4355,4732,67.20202874049028,Catalan (http://www.transifex.com/rpm-team/rpm/language/ca/)
rpm-ostree,112,8,1544,19,3,216,152,1664,6.730769230769231,Catalan
rt,7481,0,6558,1702,0,1509,9052,14039,53.28727117316048,Catalan <ca@li.org>
ruqola,9145,0,0,2102,0,0,11288,9145,100.0,Catalan <kde-i18n-ca@kde.org>
rygel,1632,0,0,302,0,0,2258,1632,100.0,Catalan <tradgnome@softcatala.org>
sakura,165,0,43,61,0,9,216,208,79.32692307692307,Jordi Jané Cardo <jordi.jane@gmail.com>
sane-backends,5618,312,296,1183,58,41,7456,6226,90.2345004818503,Catalan <kde-i18n-ca@kde.org>
sawfish,2349,1522,2572,531,257,194,3203,6443,36.45817165916498,Catalan <gnome@softcatala.net>
scons,44,0,0,19,0,0,48,44,100.0,
scratch,1464,0,6,622,0,4,1674,1470,99.59183673469387,LANGUAGE <LL@li.org>
screenkey,292,0,0,165,0,0,380,292,100.0,Catalan
scummvm,8443,233,6925,1950,78,430,10298,15601,54.11832574834946,Catalan <https://translations.scummvm.org/projects/scummvm/scummvm/ca/>
sddm-kcm,215,0,0,42,0,0,274,215,100.0,Catalan <kde-i18n-ca@kde.org>
seahorse,8905,0,0,938,0,0,9919,8905,100.0,Catalan (https://www.transifex.com/softcatala/teams/62837/ca/)
seahorse-caja,421,0,0,110,0,0,533,421,100.0,Catalan <tradgnome@softcatala.org>
seahorse-nautilus,414,16,60,108,4,12,525,490,84.48979591836735,Catalan <tradgnome@softcatala.org>
secrets,1169,0,0,344,0,0,1567,1169,100.0,Catalan (https://www.transifex.com/softcatala/teams/62837/ca)
sed,424,117,276,74,18,54,542,817,51.897184822521425,Catalan <ca@dodds.net>
sequeler,406,0,0,134,0,0,522,406,100.0,Catalan <https://hosted.weblate.org/projects/sequeler/translations/ca/>
setroubleshoot,569,10,61,157,2,9,697,640,88.90625,Catalan (http://www.transifex.com/projects/p/fedora/language/ca/)
setroubleshoot-plugins,3853,15,2380,182,1,43,4141,6248,61.667733674775924,Catalan (http://www.transifex.com/projects/p/fedora/language/ca/)
setuptool,55,0,0,14,0,0,73,55,100.0,Catalan <fedora@softcatala.net>
shadow-utils,4587,203,0,651,26,0,5705,4790,95.76200417536535,Catalan <debian-l10n-catalan@lists.debian.org>
shared-mime-info,1803,0,463,696,0,175,2299,2266,79.56751985878199,Catalan (http://app.transifex.com/freedesktop/shared-mime-info/language/ca/)
sharutils,339,186,2622,83,36,185,451,3147,10.772163965681601,Catalan <ca@dodds.net>
shotwell,12949,876,0,1615,29,0,15154,13825,93.66365280289331,Catalan (https://www.transifex.com/softcatala/teams/62837/ca/)
showtime,221,0,0,73,0,0,297,221,100.0,Catalan <Catalan>
shutter,2202,0,891,494,0,112,2742,3093,71.19301648884579,Catalan <ca@li.org>
sigil,592,21,0,78,1,0,679,613,96.5742251223491,Catalan <https://hosted.weblate.org/projects/hunspell/translations/ca/>
simple-ccsm,162,0,0,64,0,0,205,162,100.0,Catalan <ca@li.org>
simple-scan,2160,0,0,326,0,0,2457,2160,100.0,Catalan (https://www.transifex.com/softcatala/teams/62837/ca/)
siril,7225,6601,48449,1079,1001,3399,8137,62275,11.60176635889201,Catalan <https://weblate.siril.org/projects/siril/software/siril/ca/>
skanlite,186,0,0,63,0,0,234,186,100.0,Catalan <kde-i18n-ca@kde.org>
skanpage,378,0,0,136,0,0,485,378,100.0,Catalan <kde-i18n-ca@kde.org>
skladnik,154,0,0,47,0,0,181,154,100.0,Catalan <kde-i18n-ca@kde.org>
skrooge,12330,0,0,2519,0,0,13369,12330,100.0,Catalan <kde-i18n-ca@kde.org>
skychart,5761,122,912,1754,9,171,6545,6795,84.78292862398823,
slick-greeter,216,0,0,49,0,0,241,216,100.0,Catalan <ca@li.org>
smb4k,6077,0,0,653,0,0,6941,6077,100.0,Catalan <kde-i18n-ca@kde.org>
snapd,115,0,4192,35,0,446,128,4307,2.670071975853262,Catalan <ca@li.org>
snapper,1068,0,0,301,0,0,1327,1068,100.0,Catalan <https://l10n.opensuse.org/projects/snapper/master/ca/>
snapshot,267,0,0,94,0,0,387,267,100.0,Catalan <gnome@llistes.softcatala.org>
solaar,0,0,0,0,0,0,0,0,0.0,none
sos,54,34,35,11,7,12,61,123,43.90243902439025,Catalan <fedora@softcatala.net>
sound-juicer,3498,0,2898,340,0,80,3914,6396,54.690431519699814,Catalan <tradgnome@softcatala.org>
soundconverter,356,0,21,113,0,4,448,377,94.42970822281167,Catalan <ca@li.org>
soundkonverter,3604,0,458,531,0,39,3980,4062,88.72476612506155,Catalan (http://www.transifex.com/hessijames/soundkonverter/language/ca/)
spacebar,278,0,0,98,0,0,340,278,100.0,Catalan <kde-i18n-ca@kde.org>
spacefm,453,8,8261,171,3,1394,523,8722,5.193762898417794,Catalan (http://www.transifex.com/projects/p/spacefm/language/ca/)
sparkleshare,197,0,205,45,0,42,191,402,49.004975124378106,
spectacle,1911,0,0,384,0,0,2474,1911,100.0,Catalan <kde-i18n-ca@kde.org>
speedcrunch,0,0,93,0,0,10,0,93,0.0,Catalan (Spain) (http://www.transifex.com/heldercorreia/speedcrunch/language/ca_ES/)
squeekboard,13,0,0,6,0,0,15,13,100.0,Catalan <gnome@llistes.softcatala.org>
sssd,8196,1397,36311,1212,183,2171,9570,45904,17.854653189264553,Catalan (http://www.transifex.com/projects/p/sssd/language/ca/)
startdde,24,0,0,6,0,0,26,24,100.0,Catalan (https://www.transifex.com/linuxdeepin/teams/3617/ca/)
stellarium,82262,0,122716,27987,0,14113,88449,204978,40.132111738820754,Catalan (https://app.transifex.com/stellarium/teams/80998/ca/)
step,4270,0,0,996,0,0,4726,4270,100.0,Catalan <kde-i18n-ca@kde.org>
subtitleeditor,98,465,1254,72,197,277,117,1817,5.393505778756191,Catalan <tradgnome@softcatala.org>
sudo,6294,0,0,952,0,0,7818,6294,100.0,Catalan <ca@dodds.net>
sugar,2305,0,0,529,0,0,2889,2305,100.0,LANGUAGE <LL@li.org>
sugar-abacus,28,0,0,23,0,0,38,28,100.0,LANGUAGE <LL@li.org>
sugar-browse,167,46,121,50,1,20,198,334,50.0,LANGUAGE <LL@li.org>
sugar-calculator,774,0,92,156,0,13,851,866,89.37644341801386,LANGUAGE <LL@li.org>
sugar-chat,137,0,0,81,0,0,153,137,100.0,LANGUAGE <LL@li.org>
sugar-clock,66,0,0,21,0,0,776,66,100.0,LANGUAGE <LL@li.org>
sugar-deducto,107,0,0,23,0,0,124,107,100.0,LANGUAGE <LL@li.org>
sugar-dimensions,176,0,0,87,0,0,190,176,100.0,LANGUAGE <LL@li.org>
sugar-distance,99,0,0,26,0,0,111,99,100.0,LANGUAGE <LL@li.org>
sugar-finance,258,0,0,63,0,0,308,258,100.0,LANGUAGE <LL@li.org>
sugar-flipsticks,151,0,0,45,0,0,160,151,100.0,LANGUAGE <LL@li.org>
sugar-imageviewer,58,0,0,16,0,0,74,58,100.0,LANGUAGE <LL@li.org>
sugar-implode,77,0,0,20,0,0,84,77,100.0,LANGUAGE <LL@li.org>
sugar-log,98,0,0,21,0,0,117,98,100.0,LANGUAGE <LL@li.org>
sugar-maze,7,0,0,4,0,0,8,7,100.0,LANGUAGE <LL@li.org>
sugar-memorize,142,0,0,74,0,0,173,142,100.0,LANGUAGE <LL@li.org>
sugar-physics,48,0,0,28,0,0,53,48,100.0,LANGUAGE <LL@li.org>
sugar-pippy,99,0,183,27,0,41,115,282,35.1063829787234,LANGUAGE <LL@li.org>
sugar-read,112,0,25,41,0,9,120,137,81.75182481751825,LANGUAGE <LL@li.org>
sugar-record,62,0,0,24,0,0,73,62,100.0,LANGUAGE <LL@li.org>
sugar-speak,227,0,0,74,0,0,255,227,100.0,LANGUAGE <LL@li.org>
sugar-stopwatch,5,0,0,5,0,0,5,5,100.0,LANGUAGE <LL@li.org>
sugar-terminal,121,0,0,26,0,0,122,121,100.0,LANGUAGE <LL@li.org>
sugar-toolkit-gtk3,161,0,52,112,0,11,168,213,75.5868544600939,LANGUAGE <LL@li.org>
sugar-turtleart,1648,0,0,498,0,0,2120,1648,100.0,LANGUAGE <walter@sugarlabs.org>
sugar-view-slides,60,0,0,23,0,0,77,60,100.0,LANGUAGE <LL@li.org>
sugar-write,121,0,0,55,0,0,151,121,100.0,LANGUAGE <LL@li.org>
sugar-yupana,30,0,0,16,0,0,37,30,100.0,LANGUAGE <LL@li.org>
supertux,2590,0,466,747,0,165,2979,3056,84.75130890052355,Catalan (http://www.transifex.com/arctic-games/supertux/language/ca/)
supertuxkart,6107,0,0,1162,0,0,6900,6107,100.0,Catalan (http://app.transifex.com/supertuxkart/supertuxkart/language/ca/)
sushi,54,0,0,14,0,0,60,54,100.0,Catalan <tradgnome@softcatala.org>
svgpart,3,0,0,2,0,0,4,3,100.0,Catalan <kde-i18n-ca@kde.org>
sweeper,228,0,0,50,0,0,280,228,100.0,Catalan <kde-i18n-ca@kde.org>
swell-foop,1000,0,0,147,0,0,1033,1000,100.0,Catalan <tradgnome@softcatala.org>
switchdesk,17,87,18,4,10,5,20,122,13.934426229508196,Catalan <fedora@softcatala.net>
sympa,33716,1223,1603,3324,146,100,37534,36542,92.26643314542171,Català <projectek2@upcnet.es>
synapse,678,0,178,192,0,42,798,856,79.2056074766355,Catalan <ca@li.org>
syncevolution,566,0,0,111,0,0,743,566,100.0,Catalan <tradgnome@softcatala.org>
synfig,65,0,4814,57,0,1118,71,4879,1.332240213158434,Catalan (http://www.transifex.com/morevnaproject/synfig/language/ca/)
synfigstudio,1922,0,5449,657,0,1059,2364,7371,26.075159408492745,Catalan (http://www.transifex.com/morevnaproject/synfig/language/ca/)
sysprof,2015,0,0,366,0,0,2449,2015,100.0,Catalan (https://www.transifex.com/softcatala/teams/62837/ca/)
system-config-language,197,17,1,29,1,1,244,215,91.62790697674419,Catalan <fedora@softcatala.net>
system-config-printer,3201,27,286,792,14,122,3845,3514,91.09277177006261,Catalan <https://translate.fedoraproject.org/projects/system-config-printer/master/ca/>
system-config-rootpassword,116,0,0,19,0,0,116,116,100.0,Catalan <fedora@softcatala.net>
system-switch-java,81,0,0,11,0,0,83,81,100.0,Catalan <fedora@softcatala.net>
system-switch-mail,9,88,4,6,8,3,12,101,8.91089108910891,Catalan <fedora@softcatala.net>
systemd,949,565,457,113,66,78,1161,1971,48.148148148148145,Català <ubuntu-l10n-ca@lists.ubuntu.com>
tali,2427,0,0,187,0,0,2479,2427,100.0,Catalan <tradgnome@softcatala.org>
tar,3436,199,42,574,18,6,4369,3677,93.44574381289095,Catalan <ca@dodds.net>
tecla,16,0,0,6,0,0,26,16,100.0,Catalan <gnome@llistes.softcatala.org>
tellico,5423,0,0,1271,0,0,6354,5423,100.0,Catalan <kde-i18n-ca@kde.org>
template-glib,23,0,0,4,0,0,26,23,100.0,Catalan <gnome@llistes.softcatala.org>
terminator,581,0,941,169,0,246,714,1522,38.173455978975035,Catalan (https://www.transifex.com/terminator/teams/109338/ca/)
terminology,785,61,136,193,10,30,933,982,79.93890020366598,Catalan <https://hosted.weblate.org/projects/terminology/terminology/ca/>
texinfo,4082,1590,1166,655,253,159,4742,6838,59.6958174904943,Catalan <ca@dodds.net>
thonny,2091,0,0,465,0,0,2373,2091,100.0,
thunar-archive-plugin,86,0,2,14,0,1,90,88,97.72727272727273,Catalan (http://app.transifex.com/xfce/thunar-plugins/language/ca/)
thunar-media-tags-plugin,158,0,0,60,0,0,174,158,100.0,Catalan (http://www.transifex.com/xfce/thunar-plugins/language/ca/)
thunar-vcs-plugin,774,0,0,307,0,0,943,774,100.0,Catalan (http://www.transifex.com/xfce/thunar-plugins/language/ca/)
thunar-volman,484,0,0,115,0,0,555,484,100.0,Catalan (http://www.transifex.com/xfce/thunar-volman/language/ca/)
tilda,82,23,603,26,11,166,99,708,11.581920903954803,Catalan <ca@li.org>
tilix,2804,6,0,720,2,0,3424,2810,99.7864768683274,Catalan <https://hosted.weblate.org/projects/tilix/manpage/ca/>
timeshift,2870,0,0,567,0,0,3533,2870,100.0,Catalan <ca@li.org>
tinysparql,522,0,0,105,0,0,680,522,100.0,Catalan <tradgnome@softcatala.org>
tuba,284,3,2292,117,1,636,331,2579,11.012020162853819,Catalan <https://hosted.weblate.org/projects/tuba/tuba/ca/>
tumbler,148,0,0,25,0,0,202,148,100.0,Catalan (http://app.transifex.com/xfce/tumbler/language/ca/)
tuxpaint,5490,0,0,635,0,0,5617,5490,100.0,
tuxpaint-stamps,3249,0,0,805,0,0,3308,3249,100.0,CATALÀ <ca@li.org>
tuxtype2,49,20,11,28,3,9,63,80,61.25000000000001,LANGUAGE <LL@li.org>
tvtime,1197,17,8,243,2,1,1573,1222,97.95417348608838,Catalan
txt2regex,215,0,35,76,0,4,230,250,86.0,
udisks2,1994,0,193,487,0,30,2368,2187,91.17512574302697,Catalan
ufw,204,0,675,53,0,128,271,879,23.208191126279864,Catalan <ca@li.org>
ufw-kde,815,0,0,190,0,0,1026,815,100.0,Catalan <kde-i18n-ca@kde.org>
uget,960,0,125,342,0,20,1237,1085,88.47926267281106,Catalan (http://www.transifex.com/uget/uget/language/ca/)
umbrello,6160,0,0,1675,0,0,7267,6160,100.0,Catalan <kde-i18n-ca@kde.org>
usermode,573,0,0,96,0,0,654,573,100.0,Catalan <fedora@llistes.softcatala.org>
util-linux,1934,26119,804,511,4646,136,2498,28857,6.702013376303843,Catalan <ca@dodds.net>
v4l-utils,168,64,2889,72,17,498,204,3121,5.382890099327139,Catalan
vakzination,147,0,0,61,0,0,174,147,100.0,Catalan <kde-i18n-ca@kde.org>
variety,2003,0,808,338,0,45,2315,2811,71.2557808609036,Catalan (https://www.transifex.com/variety/teams/123174/ca/)
vdr,1081,0,335,451,0,102,1176,1416,76.34180790960453,Catalan <vdr@linuxtv.org>
vdr-epgsearch,3,2,2565,3,2,411,3,2570,0.11673151750972763,Catalan <vdr@linuxtv.org>
vdr-extrecmenung,0,0,318,0,0,98,0,318,0.0,<vdr@linuxtv.org>
vdr-iptv,191,0,0,32,0,0,210,191,100.0,Catalan <vdr@linuxtv.org>
vdr-osdteletext,29,0,154,14,0,75,32,183,15.846994535519126,Catalan <vdr@linuxtv.org>
vdr-screenshot,27,0,8,11,0,3,27,35,77.14285714285715,Catalan <vdr@linuxtv.org>
vdr-skinenigmang,322,0,12,131,0,3,409,334,96.40718562874252,<vdr@linuxtv.org>
vdr-skinnopacity,675,0,298,171,0,98,723,973,69.37307297019527,
vdr-tvguide,606,0,523,193,0,189,668,1129,53.67581930912312,
video-downloader,155,0,0,64,0,0,204,155,100.0,Catalan <https://hosted.weblate.org/projects/video-downloader/gui/ca/>
viewnior,425,0,0,144,0,0,566,425,100.0,Catalan <ca@li.org>
viking,113,0,6130,44,0,1574,139,6243,1.810027230498158,Catalan <ca@li.org>
vim,16330,0,0,2837,0,0,19579,16330,100.0,Catalan <ca@dodds.net>
vinagre,1507,0,0,275,0,0,1825,1507,100.0,Catalan <tradgnome@softcatala.org>
virt-manager,4739,880,1736,1039,157,263,5951,7355,64.43235893949694,Catalan (http://www.transifex.com/projects/p/virt-manager/language/ca/)
virt-top,415,0,0,84,0,0,495,415,100.0,Catalan (http://www.transifex.com/projects/p/virttop/language/ca/)
virt-viewer,564,0,182,125,0,51,740,746,75.60321715817693,Catalan (http://www.transifex.com/projects/p/virt-viewer/language/ca/)
vlc,34814,0,0,6291,0,0,42720,34814,100.0,Catalan (https://app.transifex.com/yaron/teams/16553/ca/)
volume_key,745,10,8,151,2,1,997,763,97.64089121887287,Catalan <fedora@llistes.softcatala.org>
vte,160,0,0,26,0,0,244,160,100.0,Catalan <tradgnome@softcatala.org>
vte291,46,0,0,9,0,0,66,46,100.0,Catalan <tradgnome@softcatala.org>
warmux,1264,667,813,247,107,118,1168,2744,46.06413994169096,Catalan <ca@li.org>
warzone2100,20681,0,0,3923,0,0,23997,20681,100.0,Catalan
wdiff,771,177,45,101,34,15,908,993,77.64350453172206,Catalan <ca@dodds.net>
webkit2gtk4.0,462,0,1105,178,0,198,626,1567,29.483088704530953,Catalan <tradgnome@softcatala.org>
webkitgtk,462,0,1105,178,0,198,626,1567,29.483088704530953,Catalan <tradgnome@softcatala.org>
wesnoth,203263,83299,207558,15718,4238,12179,202126,494120,41.13636363636364,Catalan <wesnoth-ca@lists.ettin.org>
wget1,1724,1700,676,316,244,95,2345,4100,42.048780487804876,Catalan <ca@dodds.net>
wget2,143,63,2571,45,17,438,249,2777,5.14944184371624,Catalan <ca@dodds.net>
widelands,93320,0,3388,9529,0,210,94206,96708,96.4966703892129,Catalan (http://app.transifex.com/widelands/widelands/language/ca/)
wike,401,96,0,117,20,0,497,497,80.6841046277666,
wine,19238,149,241,4270,46,35,23567,19628,98.0130425922152,Catalan
wingpanel,57,0,0,10,0,0,64,57,100.0,LANGUAGE <LL@li.org>
wingpanel-indicator-a11y,55,0,0,17,0,0,76,55,100.0,Catalan <https://l10n.elementary.io/projects/wingpanel/indicator-a11y/ca/>
wingpanel-indicator-bluetooth,80,0,0,30,0,0,101,80,100.0,Catalan <https://l10n.elementary.io/projects/wingpanel/wingpanel-indicator-bluetooth/ca/>
wingpanel-indicator-datetime,103,0,0,25,0,0,137,103,100.0,Catalan <https://l10n.elementary.io/projects/wingpanel/wingpanel-indicator-datetime/ca/>
wingpanel-indicator-keyboard,56,0,0,17,0,0,70,56,100.0,Catalan <https://l10n.elementary.io/projects/wingpanel/wingpanel-indicator-keyboard/ca/>
wireplumber,9,0,0,4,0,0,9,9,100.0,Catalan <fedora@softcatala.net>
workrave,1181,91,227,233,5,41,1314,1499,78.78585723815877,Catalan <ca@dodds.net>
wxGTK,7837,0,0,1965,0,0,10115,7837,100.0,<wx-translators@wxwidgets.org>
wxMaxima,3276,2179,8642,767,563,1085,3613,14097,23.238987018514578,Innocent De Marchi <tangram.peces@gmail.com>
xapps,73,0,0,36,0,0,85,73,100.0,Catalan <ca@li.org>
xarchiver,742,385,190,221,56,35,843,1317,56.34016704631739,Catalan <xfce-i18n@xfce.org>
xdg-desktop-portal,303,0,0,46,0,0,362,303,100.0,Catalan <gnome@llistes.softcatala.org>
xdg-desktop-portal-gnome,249,0,0,74,0,0,290,249,100.0,Catalan <gnome@llistes.softcatala.org>
xdg-desktop-portal-gtk,246,0,0,67,0,0,292,246,100.0,Catalan <gnome@llistes.softcatala.org>
xdg-desktop-portal-kde,608,0,0,133,0,0,695,608,100.0,Catalan <kde-i18n-ca@kde.org>
xdg-desktop-portal-xapp,225,0,0,62,0,0,275,225,100.0,Catalan <gnome@llistes.softcatala.org>
xdg-user-dirs,28,0,0,28,0,0,28,28,100.0,Catalan <ca@dodds.net>
xdg-user-dirs-gtk,81,0,0,11,0,0,96,81,100.0,Catalan <tradgnome@softcatala.org>
xdialog,21,0,0,15,0,0,22,21,100.0,Catalan
xed,11330,13,7,1599,3,1,12855,11350,99.82378854625551,catalan <tradmate@softcatala.org>
xfburn,1566,0,0,324,0,0,1900,1566,100.0,Catalan (http://app.transifex.com/xfce/xfce-apps/language/ca/)
xfce4-appfinder,498,0,6,96,0,1,541,504,98.80952380952381,Catalan (http://app.transifex.com/xfce/xfce4-appfinder/language/ca/)
xfce4-battery-plugin,145,0,0,42,0,0,174,145,100.0,Catalan (http://app.transifex.com/xfce/xfce-panel-plugins/language/ca/)
xfce4-calculator-plugin,39,0,0,16,0,0,47,39,100.0,Catalan (https://app.transifex.com/xfce/teams/16840/ca/)
xfce4-clipman-plugin,500,0,50,88,0,1,612,550,90.9090909090909,Catalan (http://app.transifex.com/xfce/xfce-panel-plugins/language/ca/)
xfce4-cpufreq-plugin,171,0,0,47,0,0,244,171,100.0,Catalan (http://app.transifex.com/xfce/xfce-panel-plugins/language/ca/)
xfce4-cpugraph-plugin,188,0,0,64,0,0,236,188,100.0,Catalan (http://app.transifex.com/xfce/xfce-panel-plugins/language/ca/)
xfce4-datetime-plugin,52,0,0,19,0,0,63,52,100.0,Catalan (http://www.transifex.com/xfce/xfce-panel-plugins/language/ca/)
xfce4-dict,531,0,0,121,0,0,606,531,100.0,Catalan (http://app.transifex.com/xfce/xfce-apps/language/ca/)
xfce4-diskperf-plugin,176,0,0,37,0,0,213,176,100.0,Catalan (http://app.transifex.com/xfce/xfce-panel-plugins/language/ca/)
xfce4-docklike-plugin,153,0,0,43,0,0,180,153,100.0,Catalan (https://app.transifex.com/xfce/teams/16840/ca/)
xfce4-eyes-plugin,16,0,0,5,0,0,19,16,100.0,Catalan (http://app.transifex.com/xfce/xfce-panel-plugins/language/ca/)
xfce4-fsguard-plugin,72,0,0,20,0,0,88,72,100.0,Catalan (http://app.transifex.com/xfce/xfce-panel-plugins/language/ca/)
xfce4-genmon-plugin,104,0,0,28,0,0,119,104,100.0,Catalan (http://app.transifex.com/xfce/xfce-panel-plugins/language/ca/)
xfce4-mailwatch-plugin,667,0,0,122,0,0,826,667,100.0,Catalan (http://app.transifex.com/xfce/xfce-panel-plugins/language/ca/)
xfce4-mount-plugin,381,0,0,57,0,0,446,381,100.0,Catalan (http://app.transifex.com/xfce/xfce-panel-plugins/language/ca/)
xfce4-mpc-plugin,100,0,1,36,0,1,129,101,99.00990099009901,Catalan (http://app.transifex.com/xfce/xfce-panel-plugins/language/ca/)
xfce4-netload-plugin,106,0,0,39,0,0,126,106,100.0,Catalan (http://app.transifex.com/xfce/xfce-panel-plugins/language/ca/)
xfce4-notes-plugin,156,0,0,67,0,0,223,156,100.0,Catalan (http://app.transifex.com/xfce/xfce-panel-plugins/language/ca/)
xfce4-notifyd,584,0,0,140,0,0,750,584,100.0,Catalan (http://app.transifex.com/xfce/xfce-apps/language/ca/)
xfce4-panel,2045,0,0,495,0,0,2411,2045,100.0,Catalan (https://app.transifex.com/xfce/teams/16840/ca/)
xfce4-panel-profiles,94,0,50,28,0,5,122,144,65.27777777777779,Catalan (https://app.transifex.com/xfce/teams/16840/ca/)
xfce4-places-plugin,162,0,0,47,0,0,176,162,100.0,Catalan (http://app.transifex.com/xfce/xfce-panel-plugins/language/ca/)
xfce4-power-manager,976,0,0,217,0,0,1169,976,100.0,Catalan (http://app.transifex.com/xfce/xfce4-power-manager/language/ca/)
xfce4-pulseaudio-plugin,195,0,0,46,0,0,252,195,100.0,Catalan (http://app.transifex.com/xfce/xfce-panel-plugins/language/ca/)
xfce4-screensaver,666,0,14,150,0,3,872,680,97.94117647058823,Catalan (https://app.transifex.com/xfce/teams/16840/ca/)
xfce4-screenshooter,460,0,113,76,0,13,537,573,80.27923211169285,Catalan (http://app.transifex.com/xfce/xfce-apps/language/ca/)
xfce4-sensors-plugin,430,0,0,86,0,0,565,430,100.0,Catalan (http://app.transifex.com/xfce/xfce-panel-plugins/language/ca/)
xfce4-session,784,0,0,170,0,0,962,784,100.0,Catalan (http://app.transifex.com/xfce/xfce4-session/language/ca/)
xfce4-settings,2644,0,0,599,0,0,3077,2644,100.0,Catalan (https://app.transifex.com/xfce/teams/16840/ca/)
xfce4-smartbookmark-plugin,17,0,6,9,0,1,18,23,73.91304347826086,Catalan (http://app.transifex.com/xfce/xfce-panel-plugins/language/ca/)
xfce4-statusnotifier-plugin,129,0,0,25,0,0,142,129,100.0,Catalan (https://www.transifex.com/xfce/teams/16840/ca/)
xfce4-systemload-plugin,102,0,0,31,0,0,141,102,100.0,Catalan (http://app.transifex.com/xfce/xfce-panel-plugins/language/ca/)
xfce4-taskmanager,229,0,0,74,0,0,266,229,100.0,Catalan (http://app.transifex.com/xfce/xfce-apps/language/ca/)
xfce4-terminal,1663,0,0,406,0,0,2117,1663,100.0,Catalan (http://app.transifex.com/xfce/xfce-apps/language/ca/)
xfce4-time-out-plugin,115,0,0,39,0,0,150,115,100.0,Catalan (http://app.transifex.com/xfce/xfce-panel-plugins/language/ca/)
xfce4-timer-plugin,131,0,0,48,0,0,166,131,100.0,Catalan (http://app.transifex.com/xfce/xfce-panel-plugins/language/ca/)
xfce4-verve-plugin,88,0,0,27,0,0,108,88,100.0,Catalan (http://app.transifex.com/xfce/xfce-panel-plugins/language/ca/)
xfce4-wavelan-plugin,81,0,0,23,0,0,104,81,100.0,Catalan (http://app.transifex.com/xfce/xfce-panel-plugins/language/ca/)
xfce4-weather-plugin,3593,0,5,318,0,3,4102,3598,99.86103390772652,Catalan (http://app.transifex.com/xfce/xfce-panel-plugins/language/ca/)
xfce4-whiskermenu-plugin,448,0,0,143,0,0,574,448,100.0,Catalan (http://app.transifex.com/gottcode/xfce4-whiskermenu-plugin/language/ca/)
xfce4-xkb-plugin,116,0,3,31,0,1,159,119,97.47899159663865,Catalan (http://app.transifex.com/xfce/xfce-panel-plugins/language/ca/)
xfconf,458,0,0,67,0,0,567,458,100.0,Catalan (http://app.transifex.com/xfce/xfconf/language/ca/)
xfdashboard,383,0,700,108,0,48,507,1083,35.364727608494924,Catalan (https://www.transifex.com/xfce/teams/16840/ca/)
xfdesktop,1215,0,0,299,0,0,1490,1215,100.0,Catalan (http://app.transifex.com/xfce/xfdesktop/language/ca/)
xfe,3535,536,3712,1119,147,94,4491,7783,45.41950404728254,
xfmpc,175,0,0,78,0,0,212,175,100.0,Catalan (http://app.transifex.com/xfce/xfce-apps/language/ca/)
xfwm4,670,0,0,179,0,0,933,670,100.0,Catalan (http://app.transifex.com/xfce/xfwm4/language/ca/)
xkeyboard-config,4253,0,0,1290,0,0,4587,4253,100.0,Catalan <ca@dodds.net>
xmoto,3177,78,678,684,12,145,3457,3933,80.77803203661327,<XMoto>
xournal,373,17,626,200,5,77,492,1016,36.71259842519685,Catalan
xournalpp,5538,0,0,1066,0,0,6984,5538,100.0,Catalan
xpad,436,0,0,135,0,0,620,436,100.0,"Catalán, Valenciano <>"
xreader,3544,0,0,593,0,0,4018,3544,100.0,catalan <tradmate@softcatala.org>
xsane,3224,0,0,728,0,0,4370,3224,100.0,Catalan
xscreensaver,0,0,0,0,0,0,0,0,0.0,
xwaylandvideobridge,28,0,0,8,0,0,37,28,100.0,Catalan <kde-i18n-ca@kde.org>
xz,835,450,355,152,49,59,1033,1640,50.91463414634146,Catalan <ca@dodds.net>
yakuake,1671,0,0,238,0,0,1899,1671,100.0,Catalan <kde-i18n-ca@kde.org>
yelp,351,0,0,74,0,0,402,351,100.0,Catalan <tradgnome@softcatala.org>
yelp-xsl,88,0,0,64,0,0,98,88,100.0,Catalan <tradgnome@softcatala.org>
zabbix,24748,0,0,4747,0,0,32175,24748,100.0,none
zanshin,495,0,0,118,0,0,637,495,100.0,Catalan <kde-i18n-ca@kde.org>
zathura,353,0,1885,96,0,381,416,2238,15.773011617515639,Catalan (http://app.transifex.com/pwmt/zathura/language/ca/)
zenity,3887,0,0,548,0,0,4394,3887,100.0,Catalan <tradgnome@softcatala.org>
zypper,10111,0,53,1291,0,10,11225,10164,99.47855175127901,Catalan <https://l10n.opensuse.org/projects/zypper/master/ca/>
