package,translatedsourcewords,fuzzysourcewords,untranslatedsourcewords,translated,fuzzy,untranslated,translatedtargetwords,totalsourcewordssum,progress,team
GConf2,4088,0,0,497,0,0,3534,4088,100.0,GNOME Korea <gnome-kr@googlegroups.com>
NetworkManager,24077,3321,1796,2087,108,56,19298,29194,82.47242584092622,GNOME Korea <gnome-kr@googlegroups.com>
NetworkManager-fortisslvpn,6,18,297,4,7,49,6,321,1.8691588785046727,GNOME Korea <gnome-kr@googlegroups.com>
NetworkManager-l2tp,256,0,1043,61,0,141,232,1299,19.70746728252502,GNOME Korea <gnome-kr@googlegroups.com>
NetworkManager-libreswan,456,9,0,73,3,0,396,465,98.06451612903226,GNOME Korea <gnome-kr-hackers@lists.kldp.net>
NetworkManager-openconnect,54,5,3182,16,2,578,49,3241,1.666152422091947,GNOME Korea <gnome-kr@googlegroups.com>
NetworkManager-openvpn,43,256,1926,26,57,227,41,2225,1.9325842696629212,GNOME Korea <gnome-kr@googlegroups.com>
NetworkManager-pptp,95,31,403,27,9,58,91,529,17.958412098298677,GNOME Korea <gnome-kr@googlegroups.com>
NetworkManager-ssh,27,39,220,8,14,47,21,286,9.44055944055944,GNOME Korea <gnome-kr@googlegroups.com>
NetworkManager-sstp,90,48,740,26,17,106,86,878,10.250569476082005,GNOME Korea <gnome-kr@googlegroups.com>
NetworkManager-vpnc,70,78,515,25,14,82,70,663,10.558069381598793,GNOME Korea <gnome-kr@googlegroups.com>
PackageKit,1296,0,0,324,0,0,1121,1296,100.0,Korean (http://app.transifex.com/freedesktop/packagekit/language/ko/)
R,28291,2841,10367,4357,413,1333,25843,41499,68.17272705366393,
R-pkgdown,126,0,2,68,0,1,118,128,98.4375,@mrchypark
R-reshape2,46,0,0,10,0,0,44,46,100.0,R Development Translation Teams (Korean) <gnustats@korea.gnu.org>
Thunar,4990,0,857,906,0,133,3618,5847,85.34291089447579,Korean (https://app.transifex.com/xfce/teams/16840/ko/)
WindowMaker,4239,0,173,827,0,29,3612,4412,96.07887579329103,Korean
Zim,2345,461,723,573,103,126,1922,3529,66.44941909889486,Korean <https://hosted.weblate.org/projects/zim/develop/ko/>
a2ps,1388,95,49,165,13,6,1270,1532,90.60052219321149,Korean <translation-team-ko@googlegroups.com>
abattis-cantarell-fonts,27,0,0,3,0,0,19,27,100.0,Korean <gnome-kr@googlegroups.com>
abiword,3684,154,1672,1282,63,441,3285,5510,66.86025408348458,Korean
abrt,3676,0,0,417,0,0,3215,3676,100.0,Korean <https://translate.fedoraproject.org/projects/abrt/abrt/ko/>
accerciser,658,0,0,224,0,0,587,658,100.0,Korean <gnome-kr@googlegroups.com>
accessibility-inspector,197,0,0,126,0,0,197,197,100.0,Korean <kde-kr@kde.org>
accountsservice,59,0,0,10,0,0,49,59,100.0,Korean (http://www.transifex.com/freedesktop/accountsservice/language/ko/)
aegisub,4994,0,0,1242,0,0,4229,4994,100.0,None
agenda,10,7,0,4,2,0,10,17,58.82352941176471,Korean <ko@li.org>
aisleriot,2982,0,0,681,0,0,2287,2982,100.0,GNOME Korea <gnome-kr@googlegroups.com>
akonadi-calendar,2380,0,0,391,0,0,1803,2380,100.0,Korean <kde-kr@kde.org>
akonadi-calendar-tools,760,0,0,166,0,0,653,760,100.0,Korean <kde-kr@kde.org>
akonadi-contacts,1128,0,1,280,0,1,751,1129,99.91142604074402,Korean <kde-kr@kde.org>
akonadi-import-wizard,394,0,0,84,0,0,331,394,100.0,Korean <kde-kr@kde.org>
akonadi-mime,581,0,0,115,0,0,419,581,100.0,Korean <kde-kr@kde.org>
akonadi-notes,2,0,0,1,0,0,2,2,100.0,Korean <kde-kr@kde.org>
akonadi-search,67,0,0,18,0,0,62,67,100.0,Korean <kde-kr@kde.org>
akonadi-server,3062,0,0,513,0,0,2467,3062,100.0,Korean <kde-kr@kde.org>
akonadiconsole,777,0,0,369,0,0,741,777,100.0,Korean <kde-kr@kde.org>
akregator,1893,0,0,435,0,0,1577,1893,100.0,Korean <kde-kr@kde.org>
alacarte,42,0,0,16,0,0,36,42,100.0,Korean <gnome-kr@googlegroups.com>
alligator,189,1,0,84,1,0,185,190,99.47368421052632,Korean <kde-kr@kde.org>
alsa-utils,1367,521,40,317,14,6,1334,1928,70.90248962655602,Librezale <librezale@librezale.eus>
amarok,13950,215,142,2445,35,17,10990,14307,97.50471797022436,Korean <kde-kr@kde.org>
anaconda,8244,0,0,1357,0,0,6939,8244,100.0,Korean <https://translate.fedoraproject.org/projects/anaconda/f42/ko/>
anaconda-webui,1345,0,0,251,0,0,1163,1345,100.0,Korean <https://translate.fedoraproject.org/projects/anaconda-webui/anaconda-webui/ko/>
analitza,999,0,0,223,0,0,801,999,100.0,Korean <kde-kr@kde.org>
android-tools,6272,0,0,995,0,0,5416,6272,100.0,Korean <https://translate.fedoraproject.org/projects/selinux/gui/ko/>
angelfish,768,1,0,194,1,0,617,769,99.8699609882965,Korean <kde-kr@kde.org>
anjuta,8398,0,0,2059,0,0,7129,8398,100.0,GNOME Korea <gnome-kr@googlegroups.com>
ansible-collection-awx-awx,10098,0,0,1347,0,0,8347,10098,100.0,LANGUAGE <LL@li.org>
appstream,5389,363,1333,602,42,134,4439,7085,76.0621030345801,Korean <https://hosted.weblate.org/projects/appstream/translations/ko/>
apt,3176,861,1529,486,111,151,2791,5566,57.060725835429395,Korean <debian-l10n-korean@lists.debian.org>
arandr,173,0,0,38,0,0,162,173,100.0,Korean <https://hosted.weblate.org/projects/arandr/translations/ko/>
ardour6,23789,0,25,5035,0,9,21072,23814,99.89501973628958,Korean <kde-i18n-doc@kde.org>
ardour7,26609,0,33,5558,0,11,23566,26642,99.87613542526837,Korean <kde-i18n-doc@kde.org>
ardour8,27955,0,135,5831,0,21,24710,28090,99.51940192239232,Korean <kde-i18n-doc@kde.org>
aria2,119,0,7377,21,0,379,125,7496,1.587513340448239,Korean <ko@li.org>
arianna,175,0,0,85,0,0,155,175,100.0,Korean <kde-kr@kde.org>
ark,1982,0,0,371,0,0,1707,1982,100.0,Korean <kde-kr@kde.org>
artikulate,313,0,0,134,0,0,302,313,100.0,Korean <kde-kr@kde.org>
asunder,20,0,473,18,0,74,22,493,4.056795131845842,http://littlesvr.ca/ostd/
at-spi2-core,465,0,0,176,0,0,417,465,100.0,GNOME Korea <gnome-kr@googlegroups.com>
atlantik,405,0,161,130,0,31,369,566,71.5547703180212,Korean <kde-kr@kde.org>
atomix,125,0,0,44,0,0,119,125,100.0,Korean <gnome-kr-translation@lists.sourceforge.net>
atril,2013,8,5804,443,2,584,1715,7825,25.725239616613422,Korean (https://app.transifex.com/mate/teams/13566/ko/)
audacious,911,0,0,372,0,0,856,911,100.0,Korean (http://app.transifex.com/audacious/audacious/language/ko/)
audacious-plugins,4425,0,0,994,0,0,3880,4425,100.0,Korean (http://app.transifex.com/audacious/audacious/language/ko/)
audacity,19527,0,0,4505,0,0,17035,19527,100.0,Korean (https://app.transifex.com/audacity/teams/164520/ko/)
audex,2542,0,0,396,0,0,2056,2542,100.0,Korean <kde-kr@kde.org>
audiocd-kio,905,0,0,204,0,0,807,905,100.0,Korean <kde-kr@kde.org>
audiotube,236,0,0,93,0,0,232,236,100.0,Korean <kde-kr@kde.org>
aurorae,72,0,0,17,0,0,69,72,100.0,Korean <kde-kr@kde.org>
authselect,5583,0,0,555,0,0,4810,5583,100.0,Korean <https://translate.fedoraproject.org/projects/authselect/master-application/ko/>
avahi,868,0,0,168,0,0,804,868,100.0,Korean <https://translate.fedoraproject.org/projects/avahi/master/ko/>
avogadro2,400,0,61,161,0,19,394,461,86.76789587852495,Korean <https://hosted.weblate.org/projects/avogadro/avogadroapp/ko/>
avogadro2-libs,4937,321,418,1547,9,156,4419,5676,86.98026779422128,Korean <https://hosted.weblate.org/projects/avogadro/avogadrolibs/ko/>
backintime,2780,0,0,427,0,0,2146,2780,100.0,Korean <https://translate.codeberg.org/projects/backintime/common/ko/>
baloo-widgets,68,2,0,39,1,0,64,70,97.14285714285714,Korean <kde-kr@kde.org>
baobab,1395,0,0,148,0,0,1009,1395,100.0,GNOME Korea <gnome-kr@googlegroups.com>
bash,11740,0,0,597,0,0,8751,11740,100.0,Korean <translation-team-ko@googlegroups.com>
bibletime,9585,0,10,643,0,2,6915,9595,99.89577905158937,Korean (http://app.transifex.com/bibletime/bibletime/language/ko/)
bijiben,1266,0,11,243,0,3,955,1277,99.13860610806577,GNOME Korea <gnome-kr@googlegroups.com>
bison,47,79,57,13,16,17,47,183,25.683060109289617,Korean <translation-team-ko@lists.sourceforge.net>
bleachbit,1798,37,88,347,6,11,1529,1923,93.49973998959959,
blender,87794,0,0,19306,0,0,75482,87794,100.0,Korean <https://translate.blender.org/projects/blender-ui/ui/ko/>
blinken,134,0,0,47,0,0,117,134,100.0,Korean <kde-kr@kde.org>
blivet-gui,1111,0,0,267,0,0,973,1111,100.0,Korean <https://translate.fedoraproject.org/projects/blivet/blivet-gui/ko/>
blogilo,204,0,0,94,0,0,192,204,100.0,Korean <kde@peremen.name>
bluedevil,636,0,0,229,0,0,539,636,100.0,Korean <kde-kr@kde.org>
bluefish,2490,1208,1400,1012,285,278,2288,5098,48.84268340525696,
blueman,1018,358,989,294,119,411,907,2365,43.04439746300211,Korean <https://hosted.weblate.org/projects/blueman/blueman/ko/>
boinc-client,21061,0,281,3474,0,39,16941,21342,98.68334739012276,Korean (http://app.transifex.com/boinc/boinc/language/ko/)
bomber,110,0,0,27,0,0,75,110,100.0,Korean <kde-kr@kde.org>
bookworm,0,0,795,0,0,149,0,795,0.0,
bottles,3350,4,97,663,2,11,2867,3451,97.07331208345407,Korean <https://hosted.weblate.org/projects/bottles/bottles/ko/>
bovo,82,0,0,26,0,0,68,82,100.0,Korean <kde-kr@kde.org>
brasero,7751,0,0,1113,0,0,5719,7751,100.0,GNOME Korea <gnome-kr@googlegroups.com>
breezy,1108,0,35532,76,0,2476,823,36640,3.024017467248908,Korean <ko@li.org>
budgie-control-center,7910,0,4,2525,0,1,7169,7914,99.94945665908517,Korean (https://app.transifex.com/buddiesofbudgie/teams/129844/ko/)
budgie-desktop,1638,0,221,412,0,69,1394,1859,88.11188811188812,Korean (https://app.transifex.com/buddiesofbudgie/teams/129844/ko/)
budgie-desktop-view,17,0,0,7,0,0,16,17,100.0,Korean (https://www.transifex.com/buddiesofbudgie/teams/129844/ko/)
budgie-screensaver,291,0,0,58,0,0,236,291,100.0,GNOME Korea <gnome-kr@googlegroups.com>
budgie-session,435,0,0,68,0,0,344,435,100.0,GNOME Korea <gnome-kr@googlegroups.com>
cairo-dock,2927,0,4628,457,0,369,1986,7555,38.74255459960291,Korean <ko@li.org>
cairo-dock-plug-ins,964,0,9222,326,0,1382,836,10186,9.463970155114863,Korean <ko@li.org>
caja,9379,0,777,1560,0,36,6848,10156,92.34935013784956,Korean (https://app.transifex.com/mate/teams/13566/ko/)
caja-actions,334,0,6745,63,0,676,314,7079,4.718180533973725,Korean (https://app.transifex.com/mate/teams/13566/ko/)
caja-extensions,764,0,81,168,0,13,656,845,90.41420118343196,Korean (https://app.transifex.com/mate/teams/13566/ko/)
calamares,478,0,0,83,0,0,423,478,100.0,Korean (https://app.transifex.com/calamares/teams/20061/ko/)
calendarsupport,2759,0,0,385,0,0,2077,2759,100.0,Korean <kde-kr@kde.org>
calibre,55147,0,129316,13821,0,6710,44807,184463,29.895968297165286,Korean (http://app.transifex.com/calibre/calibre/language/ko/)
calindori,550,0,0,184,0,0,435,550,100.0,Korean <kde-kr@kde.org>
calligra,28397,192,1600,5645,62,437,21943,30189,94.06406306932989,Korean <kde-kr@kde.org>
calligraplan,322,0,0,86,0,0,281,322,100.0,Korean <kde-kr@kde.org>
calls,473,0,0,122,0,0,459,473,100.0,Korean <gnome-kr@googlegroups.com>
cantor,3987,0,0,767,0,0,3235,3987,100.0,Korean <kde-kr@kde.org>
caribou,169,0,0,57,0,0,155,169,100.0,Korean <gnome-kr@googlegroups.com>
cataclysm-dda,470172,0,655488,52236,0,35257,315099,1125660,41.768562443366555,Korean (https://app.transifex.com/cataclysm-dda-translators/teams/2217/ko/)
catfish,541,0,19,138,0,6,472,560,96.60714285714286,Korean (https://app.transifex.com/xfce/teams/16840/ko/)
ccsm,558,5,28,144,3,16,447,591,94.41624365482234,Korean <ko@li.org>
celluloid,1526,129,233,294,27,26,1379,1888,80.82627118644068,Korean <https://hosted.weblate.org/projects/celluloid/celluloid/ko/>
certmonger,2831,0,0,473,0,0,2439,2831,100.0,Korean <https://translate.fedoraproject.org/projects/certmonger/master/ko/>
cervisia,1615,0,0,420,0,0,1283,1615,100.0,Korean <kde-kr@kde.org>
cgit,24346,0,0,3608,0,0,21312,24346,100.0,Git Korean translation <http://github.com/changwoo/git-l10n-ko>
chatty,535,0,0,181,0,0,477,535,100.0,Korean <gnome-kr@googlegroups.com>
cheese,2170,0,0,242,0,0,1536,2170,100.0,Korean <gnome-kr@googlegroups.com>
chkconfig,597,0,0,109,0,0,539,597,100.0,Korean <https://translate.fedoraproject.org/projects/fedora-sysv/chkconfig/ko/>
cinnamon-desktop,234,0,0,32,0,0,216,234,100.0,GNOME Korea <gnome-kr@googlegroups.com>
cinnamon-translations,23621,0,383,5333,0,81,19250,24004,98.40443259456757,Korean <ko@li.org>
clamtk,464,0,0,140,0,0,373,464,100.0,Korean <oopslee@haansoft.com>
clapper,0,0,393,0,0,141,0,393,0.0,Korean
clementine,3803,0,0,1061,0,0,3256,3803,100.0,Korean (http://app.transifex.com/davidsansome/clementine/language/ko/)
clutter,50,0,3007,16,0,659,41,3057,1.6355904481517827,Korean <gnome-kr@googlegroups.org>
cmake-fedora,0,0,0,0,0,0,0,0,0.0,
cockpit,9415,0,0,2287,0,0,8390,9415,100.0,Korean <https://translate.fedoraproject.org/projects/cockpit/cockpit/ko/>
cockpit-files,557,0,0,181,0,0,521,557,100.0,Korean <https://translate.fedoraproject.org/projects/cockpit/cockpit-files/ko/>
cockpit-machines,3428,0,0,747,0,0,2895,3428,100.0,Korean <https://translate.fedoraproject.org/projects/cockpit/cockpit-machines/ko/>
cockpit-ostree,246,0,0,91,0,0,228,246,100.0,Korean <https://translate.fedoraproject.org/projects/cockpit-ostree/main/ko/>
cockpit-podman,1121,0,0,327,0,0,1017,1121,100.0,Korean <https://translate.fedoraproject.org/projects/cockpit/cockpit-podman/ko/>
cogl,393,0,0,80,0,0,353,393,100.0,Korean <gnome-kr@googlegroups.com>
colord,430,0,1536,31,0,220,314,1966,21.871820956256357,Korean (https://app.transifex.com/freedesktop/teams/12151/ko/)
colord-kde,282,0,0,104,0,0,254,282,100.0,Korean <kde-kr@kde.org>
compiz,3140,953,292,693,137,49,2586,4385,71.60775370581528,Korean <ko@li.org>
compiz-plugins-experimental,1930,957,1586,414,280,198,1560,4473,43.147775542141744,Korean <ko@li.org>
compiz-plugins-extra,3408,265,100,685,48,17,2696,3773,90.32600053008217,Korean <ko@li.org>
compiz-plugins-main,4145,22,51,796,6,9,3455,4218,98.26932195353248,Korean <ko@li.org>
console-setup,939,53,0,178,2,0,717,992,94.65725806451613,Korean <debian-l10n-korean@lists.debian.org>
coreutils,22041,0,0,1902,0,0,18678,22041,100.0,Korean <translation-team-ko@googlegroups.com>
cosmic-store,1296,0,0,324,0,0,1121,1296,100.0,Korean (http://app.transifex.com/freedesktop/packagekit/language/ko/)
cpeditor,647,0,0,383,0,0,626,647,100.0,Korean <kde-kr@kde.org>
cpio,1910,4,22,314,1,2,1669,1936,98.65702479338843,Korean <translation-team-ko@googlegroups.com>
cpu-x,1378,120,213,309,20,48,1220,1711,80.53769725306839,Korean <https://hosted.weblate.org/projects/cpu-x/translations/ko/>
cracklib,90,0,0,15,0,0,57,90,100.0,Korean <https://translate.fedoraproject.org/projects/cracklib/master/ko/>
crow-translate,1244,84,246,383,33,95,1096,1574,79.03430749682337,
cups-pk-helper,149,0,0,22,0,0,101,149,100.0,Korean (http://www.transifex.com/freedesktop/cups-pk-helper/language/ko/)
cura,23478,0,28,2673,0,9,16927,23506,99.88088147706968,LANGUAGE <LL@li.org>
d-spy,123,0,0,58,0,0,110,123,100.0,Korean <gnome-kr@googlegroups.com>
darktable,31497,0,0,5483,0,0,26361,31497,100.0,"Ajou Univ.(함도혁,윤하윤,정채영,김민채,김윤중)"
dasher,634,0,0,209,0,0,590,634,100.0,GNOME Korea <gnome-kr@googlegroups.com>
dconf-editor,2955,0,0,394,0,0,2355,2955,100.0,Korean <gnome-kr@googlegroups.com>
debconf,737,65,60,84,6,4,605,862,85.49883990719258,Korean <debian-l10n-korean@lists.debian.org>
decibels,223,0,0,58,0,0,195,223,100.0,GNOME Korea <gnome-kr@googlegroups.com>
deepin-daemon,1034,0,201,218,0,38,863,1235,83.7246963562753,Korean (https://app.transifex.com/linuxdeepin/teams/3617/ko/)
deepin-pw-check,59,0,0,12,0,0,55,59,100.0,Korean (https://www.transifex.com/linuxdeepin/teams/3617/ko/)
deja-dup,1977,0,1751,320,0,128,1465,3728,53.03111587982833,Korean <ko@li.org>
deluge,1457,0,2933,639,0,702,1253,4390,33.18906605922551,Korean <ko@li.org>
devhelp,413,0,0,101,0,0,344,413,100.0,GNOME Korea <gnome-kr@googlegroups.com>
dia,6605,0,0,2361,0,0,6148,6605,100.0,Korean <Dokdo@korea.land>
dialect,1081,51,6,687,12,2,1019,1138,94.99121265377856,
diffutils,1759,95,29,244,18,3,1509,1883,93.41476367498672,Korean <translation-team-ko@googlegroups.com>
digikam,21125,16449,25892,5087,3447,2038,16728,63466,33.28553871364195,Korean <kde-kr@kde.org>
dino,607,44,162,186,13,69,532,813,74.66174661746618,none
dippi,0,0,1537,0,0,254,0,1537,0.0,none
dnf,4718,0,0,879,0,0,4276,4718,100.0,Korean <https://translate.fedoraproject.org/projects/dnf/dnf-master/ko/>
dnf-plugins-core,2137,0,0,316,0,0,1881,2137,100.0,Korean <https://translate.fedoraproject.org/projects/dnf/dnf-plugins-core-l10n-master/ko/>
dnf-plugins-extras,121,0,0,21,0,0,110,121,100.0,Korean <https://translate.fedoraproject.org/projects/dnf/dnf-plugins-extras/ko/>
dnf5,6433,0,0,964,0,0,6023,6433,100.0,Korean <https://translate.fedoraproject.org/projects/dnf5/dnf5-plugin-builddep/ko/>
dnfdragora,39,0,0,9,0,0,34,39,100.0,Korean (https://www.transifex.com/MageiaLinux/teams/9361/ko/)
dolphin,6931,10,2,974,3,1,5281,6943,99.82716405012243,Korean <kde-kr@kde.org>
dolphin-emu,19063,0,311,2912,0,35,15951,19374,98.39475585836688,Korean (http://app.transifex.com/dolphinemu/dolphin-emu/language/ko/)
dolphin-plugins,1607,0,0,446,0,0,1484,1607,100.0,Korean <kde-kr@kde.org>
dos2unix,5532,0,0,437,0,0,4341,5532,100.0,Korean <translation-team-ko@googlegroups.com>
doublecmd,12604,0,0,3571,0,3,11216,12604,100.0,비너스걸: https://venusgirls.tistory.com/
dpkg,5508,4463,1991,784,500,182,5096,11962,46.045811737167696,Korean <debian-l10n-korean@lists.debian.org>
dragon,138,32,0,27,2,0,113,170,81.17647058823529,Korean <kde-kr@kde.org>
drawing,1175,133,598,419,36,50,1049,1906,61.64742917103882,Korean
duplicity,238,0,2139,49,0,302,240,2377,10.012620950778292,Korean
e16,1498,32,1086,239,8,269,1206,2616,57.26299694189603,Korean <translation-team-ko@lists.sourceforge.net>
easyeffects,784,340,4073,328,36,448,754,5197,15.085626322878584,Korean <https://hosted.weblate.org/projects/easyeffects/main/ko/>
easytag,5264,0,0,1024,0,0,4522,5264,100.0,Korean <gnome-kr@googlegroups.com>
edgar,1,0,11473,1,0,1534,1,11474,0.008715356458079134,Korean <ko@li.org>
efl,155,3,154,58,3,57,179,312,49.67948717948718,General
eiciel,85,77,169,27,23,35,68,331,25.6797583081571,Korean <https://l10n.opensuse.org/projects/eiciel/master/ko/>
electrum,3722,0,9319,866,0,1582,3113,13041,28.54075607698796,Korean
elementary-calculator,130,2,42,55,1,6,113,174,74.71264367816092,Korean <https://l10n.elementary.io/projects/calculator/calculator/ko/>
elementary-calendar,500,32,138,193,14,26,456,670,74.6268656716418,Korean <https://l10n.elementary.io/projects/calendar/calendar/ko/>
elementary-camera,123,10,8,33,2,1,109,141,87.2340425531915,Korean <https://l10n.elementary.io/projects/camera/camera/ko/>
elementary-code,455,298,1475,155,60,169,392,2228,20.421903052064632,Korean <https://l10n.elementary.io/projects/code/code/ko/>
elementary-files,2066,208,382,435,64,68,1640,2656,77.78614457831326,Korean <https://l10n.elementary.io/projects/files/files/ko/>
elementary-icon-theme,0,0,349,0,0,63,0,349,0.0,Korean <https://l10n.elementary.io/projects/desktop/icons-extra/ko/>
elementary-mail,371,104,386,114,30,63,342,861,43.08943089430895,Korean <https://l10n.elementary.io/projects/mail/mail/ko/>
elementary-music,92,38,101,24,8,13,84,231,39.82683982683983,Korean <https://l10n.elementary.io/projects/music/music/ko/>
elementary-notifications,5,0,37,3,0,6,5,42,11.904761904761903,Korean <https://l10n.elementary.io/projects/desktop/notifications-extra/ko/>
elementary-onboarding,131,23,163,26,3,37,105,317,41.32492113564668,Korean <https://l10n.elementary.io/projects/installer/onboarding/ko/>
elementary-photos,2803,12,47,648,4,10,2159,2862,97.93850454227812,Korean <https://l10n.elementary.io/projects/photos/photos/ko/>
elementary-screenshot,103,2,23,30,2,5,87,128,80.46875,Korean <https://l10n.elementary.io/projects/screenshot/screenshot/ko/>
elementary-settings-daemon,14,19,270,6,2,62,14,303,4.62046204620462,Korean <https://l10n.elementary.io/projects/desktop/settings-daemon/ko/>
elisa-player,822,0,0,303,0,0,785,822,100.0,Korean <kde-kr@kde.org>
emerald,651,39,6,214,4,2,670,696,93.53448275862068,Korean <ko@li.org>
engrampa,2190,0,5625,413,0,470,1821,7815,28.023032629558543,Korean (https://app.transifex.com/mate/teams/13566/ko/)
enlightenment,4613,3276,836,1680,410,170,4391,8725,52.87106017191977,Korean <KO@li.org>
eog,6128,0,0,643,0,0,4422,6128,100.0,GNOME Korea <gnome-kr@googlegroups.com>
eog-plugins,403,0,0,100,0,0,316,403,100.0,GNOME Korea <gnome-kr@googlegroups.com>
eom,2155,0,2803,372,0,170,1683,4958,43.46510689794272,Korean (https://app.transifex.com/mate/teams/13566/ko/)
epiphany,7503,0,0,1135,0,0,5821,7503,100.0,Korean <gnome-kr@googlegroups.com>
eventviews,3373,0,191,333,0,12,2286,3564,94.6408529741863,Korean <kde-kr@kde.org>
evince,8627,0,0,1016,0,0,6126,8627,100.0,GNOME Korea <gnome-kr@googlegroups.com>
evolution,30047,0,0,5952,0,0,23849,30047,100.0,GNOME Korea <gnome-kr@googlegroups.com>
evolution-data-server,8336,0,0,1538,0,0,7231,8336,100.0,GNOME Korea <gnome-kr@googlegroups.com>
evolution-mapi,516,0,0,106,0,0,491,516,100.0,GNOME Korea <gnome-kr@googlegroups.com>
exaile,1771,15,2904,634,7,484,1579,4690,37.76119402985075,Korean <https://hosted.weblate.org/projects/exaile/master/ko/>
exif,296,0,0,68,0,0,251,296,100.0,Korean <translation-team-ko@googlegroups.com>
exo,738,0,15,146,0,2,605,753,98.00796812749005,Korean (http://app.transifex.com/xfce/exo/language/ko/)
falkon,4846,2,5,1527,1,2,4287,4853,99.8557593241294,Korean <kde-kr@kde.org>
fcitx,3308,0,0,730,0,0,2837,3308,100.0,Korean (http://www.transifex.com/fcitx/fcitx/language/ko/)
fcitx-anthy,365,0,0,144,0,0,355,365,100.0,Korean (http://www.transifex.com/fcitx/fcitx/language/ko/)
fcitx-chewing,55,0,0,26,0,0,52,55,100.0,Korean (http://www.transifex.com/fcitx/fcitx/language/ko/)
fcitx-cloudpinyin,63,0,0,15,0,0,52,63,100.0,Korean (http://www.transifex.com/fcitx/fcitx/language/ko/)
fcitx-configtool,106,0,0,33,0,0,89,106,100.0,Korean (http://www.transifex.com/fcitx/fcitx/language/ko/)
fcitx-hangul,37,0,0,18,0,0,36,37,100.0,Korean (http://www.transifex.com/fcitx/fcitx/language/ko/)
fcitx-kkc,118,0,0,47,0,0,100,118,100.0,Korean (http://www.transifex.com/fcitx/fcitx/language/ko/)
fcitx-libpinyin,261,0,0,103,0,0,247,261,100.0,Korean (http://www.transifex.com/fcitx/fcitx/language/ko/)
fcitx-m17n,45,0,0,17,0,0,41,45,100.0,Korean (http://www.transifex.com/fcitx/fcitx/language/ko/)
fcitx-qt5,99,0,0,33,0,0,76,99,100.0,Korean (https://www.transifex.com/fcitx/teams/12005/ko/)
fcitx-skk,84,0,0,37,0,0,82,84,100.0,Korean (http://www.transifex.com/fcitx/fcitx/language/ko/)
fcitx-sunpinyin,104,0,0,40,0,0,104,104,100.0,Korean (http://www.transifex.com/fcitx/fcitx/language/ko/)
fcitx-table-extra,24,0,0,20,0,0,38,24,100.0,Korean (http://www.transifex.com/fcitx/fcitx/language/ko/)
fcitx-table-other,24,0,0,22,0,0,25,24,100.0,Korean (http://www.transifex.com/fcitx/fcitx/language/ko/)
fcitx-unikey,96,0,0,42,0,0,91,96,100.0,Korean (http://www.transifex.com/fcitx/fcitx/language/ko/)
fcitx5-mozc,102,0,9,38,0,5,93,111,91.8918918918919,Korean (http://www.transifex.com/fcitx/fcitx/language/ko/)
fielding,39,0,2,18,0,1,35,41,95.1219512195122,Korean <kde-kr@kde.org>
file-roller,3044,0,0,488,0,0,2390,3044,100.0,GNOME Korea <gnome-kr@googlegroups.com>
filelight,284,0,0,88,0,0,234,284,100.0,Korean <kde-kr@kde.org>
filezilla,10726,0,0,1864,0,0,8509,10726,100.0,Korean (Republic of Korea)
findutils,2426,70,13,239,7,1,1964,2509,96.69190912714228,Korean <translation-team-ko@googlegroups.com>
firewalld,2036,18,29,381,3,5,1670,2083,97.74363898223716,Korean <https://translate.fedoraproject.org/projects/firewalld/master/ko/>
five-or-more,1604,0,0,216,0,0,1135,1604,100.0,Korean <gnome-kr@googlegroups.com>
flare,5818,0,0,1257,0,0,4835,5818,100.0,Korean (https://www.transifex.com/flareorg/teams/84925/ko/)
flare-engine,1911,0,12,511,0,6,1612,1923,99.37597503900156,Korean (https://www.transifex.com/flareorg/teams/84925/ko/)
flatpak-kcm,361,0,0,104,0,0,318,361,100.0,Korean <kde-kr@kde.org>
flex,531,111,489,111,22,36,502,1131,46.94960212201592,Korean <ko@li.org>
focuswriter,129,0,0,7,0,0,104,129,100.0,Korean (http://www.transifex.com/gottcode/focuswriter/language/ko/)
folder-color-switcher,65,0,0,23,0,0,50,65,100.0,Korean <ko@li.org>
foliate,741,0,0,277,0,0,690,741,100.0,이정희 <daemul72@gmail.com>
folio,251,0,703,94,0,122,213,954,26.310272536687627,
folks,1056,0,0,130,0,0,909,1056,100.0,Korean <gnome-kr@googlegroups.com>
fontforge,42598,0,0,7494,0,0,33933,42598,100.0,Korean
fonts-tweak-tool,0,0,195,0,0,64,0,195,0.0,Korean
four-in-a-row,1398,0,0,208,0,0,993,1398,100.0,Korean <gnome-kr@googlegroups.com>
fprintd,433,0,0,60,0,0,274,433,100.0,Korean <https://translate.fedoraproject.org/projects/fprintd/fprintd/ko/>
fragments,717,0,0,196,0,0,604,717,100.0,Korean <gnome-kr@googlegroups.com>
francis,78,0,0,36,0,0,68,78,100.0,Korean <kde-kr@kde.org>
freeciv,19727,25856,74524,3033,3969,3559,18306,120107,16.42452146835738,Korean language team
freedink,5,65,0,2,11,0,7,70,7.142857142857142,Korean <translation-team-ko@lists.sourceforge.net>
freeipa,8886,0,0,922,0,0,8434,8886,100.0,Korean <https://translate.fedoraproject.org/projects/freeipa/master/ko/>
furnace,32229,51,19773,6744,3,5184,29503,52053,61.915739726816895,none
fuse-encfs,89,0,1200,16,0,121,82,1289,6.904577191621413,Korean <ko@li.org>
fwupd,3725,0,0,713,0,0,3072,3725,100.0,Korean <https://hosted.weblate.org/projects/fwupd/fwupd/ko/>
gajim,0,0,6349,0,0,1716,0,6349,0.0,none
gala,105,69,145,35,8,24,94,319,32.9153605015674,Korean <https://l10n.elementary.io/projects/desktop/gala/ko/>
gambas3,392,220,6319,282,112,1703,414,6931,5.655749531092194,LANGUAGE <LL@li.org>
gamehub,213,0,902,63,0,302,203,1115,19.103139013452918,Korean <https://hosted.weblate.org/projects/gamehub/translations/ko/>
gammu,217,248,3552,74,61,978,230,4017,5.402041324371421,none
garcon,125,0,0,38,0,0,114,125,100.0,Korean (http://app.transifex.com/xfce/garcon/language/ko/)
gawk,5096,0,0,775,0,0,4812,5096,100.0,Korean <translation-team-ko@googlegroups.com>
gbrainy,3675,563,1442,559,79,112,2820,5680,64.70070422535211,Korean <ko@li.org>
gconf-editor,336,0,0,98,0,0,301,336,100.0,GNOME Korea <gnome-kr@googlegroups.com>
gcr,538,0,0,189,0,0,513,538,100.0,GNOME Korea <gnome-kr@googlegroups.com>
gcr3,795,0,0,276,0,0,738,795,100.0,GNOME Korea <gnome-kr@googlegroups.com>
gdk-pixbuf2,1325,0,0,198,0,0,1136,1325,100.0,Gnome Korea <gnome-kr@googlegroups.com>
gdk-pixbuf2-modules-extra,1325,0,0,198,0,0,1136,1325,100.0,Gnome Korea <gnome-kr@googlegroups.com>
gdm,1538,24,28731,564,11,788,1341,30293,5.077080513650018,GNOME Korea <gnome-kr-hackers@lists.kldp.net>
geany,3629,1394,1329,986,179,212,2802,6352,57.13161209068011,Korean
gedit,11582,0,0,1364,0,0,8512,11582,100.0,GNOME Korea <gnome-kr@googlegroups.com>
gedit-latex,466,0,0,225,0,0,444,466,100.0,Korean <gnome-kr@googlegroups.com>
gedit-plugins,8829,0,0,879,0,0,6523,8829,100.0,GNOME Korea <gnome-kr@googlegroups.com>
geeqie,5151,559,691,1685,115,82,4770,6401,80.47180128104984,Korean (https://www.transifex.com/marong/teams/140301/ko/)
gegl04,345,247,4805,148,105,698,285,5397,6.392440244580322,Korean <gnome-kr@googlegroups.com>
genius,6,42,8562,2,14,1109,7,8610,0.06968641114982578,Korean <ko@li.org>
gettext,8415,1232,3022,1004,571,1030,6798,12669,66.42197489936065,Korean <translation-team-ko@googlegroups.com>
gftp,3339,0,31,590,0,5,2702,3370,99.08011869436201,GNOME Korean <Gnome-kr-hackers@lists.kldp.net>
ggz-base-libs,72,0,0,16,0,0,71,72,100.0,GNOME Korea <gnome-kr-hackers@lists.kldp.net>
ghex,3265,0,0,415,0,0,2364,3265,100.0,Korean <gnome-kr@googlegroups.com>
ghostwriter,1326,0,0,338,0,0,1132,1326,100.0,Korean <kde-kr@kde.org>
gigolo,541,0,0,158,0,0,476,541,100.0,Korean (http://app.transifex.com/xfce/xfce-apps/language/ko/)
gimagereader,818,0,999,289,0,193,683,1817,45.019262520638414,Korean <https://hosted.weblate.org/projects/gimagereader/translations/ko/>
gimp,29129,4658,7037,7568,1130,1096,24311,40824,71.35263570448755,
gimp-help,18990,40230,203030,1883,3113,12941,13112,262250,7.241182078169685,Korean <gnome-kr@googlegroups.com>
git,24346,0,0,3608,0,0,21312,24346,100.0,Git Korean translation <http://github.com/changwoo/git-l10n-ko>
git-cinnabar,24346,0,0,3608,0,0,21312,24346,100.0,Git Korean translation <http://github.com/changwoo/git-l10n-ko>
gitg,2687,0,0,494,0,0,2118,2687,100.0,한국어 <gnome-kr@googlegroups.com>
glabels,1144,478,516,390,164,159,978,2138,53.50795135640786,none
glade,8528,0,105,1918,0,3,7133,8633,98.78373682381559,GNOME Korea <gnome-kr@googlegroups.com>
glib-networking,460,0,0,68,0,0,399,460,100.0,Korean <gnome-kr@googlegroups.com>
glib2,7889,0,0,1253,0,0,6900,7889,100.0,GNOME Korea <gnome-kr@googlegroups.com>
glibc,7959,0,0,1451,0,0,7524,7959,100.0,Korean <translation-team-ko@googlegroups.com>
gnome-2048,331,33,18,62,1,6,279,382,86.64921465968587,GNOME Korea <gnome-kr@googlegroups.com>
gnome-abrt,221,0,0,55,0,0,192,221,100.0,Korean <https://translate.fedoraproject.org/projects/abrt/gnome-abrt/ko/>
gnome-applets,11769,1703,1351,1535,107,126,8773,14823,79.39688322201984,GNOME Korea <gnome-kr-hackers@lists.kldp.net>
gnome-bluetooth,316,0,0,92,0,0,240,316,100.0,GNOME Korea <gnome-kr@googlegroups.com>
gnome-bluetooth3.34,373,0,0,110,0,0,289,373,100.0,GNOME Korea <gnome-kr@googlegroups.com>
gnome-boxes,4047,0,0,483,0,0,3061,4047,100.0,Korean <gnome-kr@googlegroups.com>
gnome-builder,5882,0,0,1447,0,0,5133,5882,100.0,GNOME Korea <gnome-kr@googlegroups.com>
gnome-calculator,3724,0,0,906,0,0,2903,3724,100.0,GNOME Korea <gnome-kr@googlegroups.com>
gnome-calendar,1135,0,0,307,0,0,882,1135,100.0,GNOME Korea <gnome-kr@googlegroups.com>
gnome-characters,161,0,0,56,0,0,159,161,100.0,Korean <gnome-kr@googlegroups.com>
gnome-chess,2555,0,0,335,0,0,1834,2555,100.0,Korean <gnome-kr@googlegroups.com>
gnome-clocks,1352,0,0,236,0,0,922,1352,100.0,GNOME Korea <gnome-kr@googlegroups.com>
gnome-color-manager,2330,0,0,371,0,0,1764,2330,100.0,GNOME Korea <gnome-kr@googlegroups.com>
gnome-commander,6944,0,1547,1586,0,62,5584,8491,81.78070898598516,<>
gnome-connections,672,0,0,121,0,0,537,672,100.0,Korean <gnome-kr@googlegroups.com>
gnome-console,344,0,0,103,0,0,278,344,100.0,Korean <gnome-kr@googlegroups.com>
gnome-contacts,757,0,0,215,0,0,596,757,100.0,Korean <gnome-kr@googlegroups.com>
gnome-control-center,9704,0,0,2875,0,0,8791,9704,100.0,<ko@li.org>
gnome-desktop3,9777,0,0,279,0,0,7604,9777,100.0,GNOME Korea <gnome-kr@googlegroups.com>
gnome-devel-docs,146042,0,416,5141,0,109,118634,146458,99.7159595242322,GNOME Korea <gnome-kr@googlegroups.com>
gnome-dictionary,2107,0,0,301,0,0,1590,2107,100.0,GNOME Korea <gnome-kr@googlegroups.com>
gnome-disk-utility,4091,0,0,754,0,0,3349,4091,100.0,GNOME Korea <gnome-kr@googlegroups.com>
gnome-do,599,0,13,140,0,4,469,612,97.87581699346404,Korean <ko@li.org>
gnome-doc-utils,251,0,0,101,0,0,255,251,100.0,GNOME Korea <gnome-kr@googlegroups.com>
gnome-extensions-app,3516,0,0,718,0,0,2812,3516,100.0,GNOME Korea <gnome-kr@googlegroups.com>
gnome-feeds,540,0,0,151,0,0,475,540,100.0,Korean <translation-team-ko@googlegroups.com>
gnome-font-viewer,539,0,0,209,0,0,537,539,100.0,GNOME Korea <gnome-kr@googlegroups.com>
gnome-icon-theme,43,0,0,38,0,0,45,43,100.0,GTP Korean <gnome-kr-translation@gnome.or.kr>
gnome-initial-setup,915,0,0,135,0,0,669,915,100.0,한국어 <gnome-kr@googlegroups.com>
gnome-keyring,473,0,0,99,0,0,398,473,100.0,GNOME Korea <gnome-kr@googlegroups.com>
gnome-klotski,275,0,0,85,0,0,231,275,100.0,GNOME Korea <gnome-kr@googlegroups.com>
gnome-logs,672,0,0,150,0,0,541,672,100.0,GNOME Korea <gnome-kr@googlegroups.com>
gnome-mahjongg,1615,0,0,192,0,0,1157,1615,100.0,Korean <gnome-kr@googlegroups.com>
gnome-maps,1355,0,0,457,0,0,1115,1355,100.0,GNOME Korea <gnome-kr@googlegroups.com>
gnome-menus,81,0,0,38,0,0,72,81,100.0,GNOME Korea <gnome-kr@googlegroups.com>
gnome-mime-data,887,0,0,362,0,0,885,887,100.0,GNOME Korea <gnome-kr-hackers@lists.kldp.net>
gnome-mines,1429,0,0,166,0,0,1011,1429,100.0,Korean <gnome-kr@googlegroups.com>
gnome-music,890,0,0,194,0,0,753,890,100.0,Korean <gnome-kr@googlegroups.com>
gnome-nettool,664,0,0,219,0,0,611,664,100.0,GNOME Korea <gnome-kr@googlegroups.com>
gnome-nibbles,1641,0,0,218,0,0,1103,1641,100.0,Korean <gnome-kr@googlegroups.com>
gnome-online-accounts,805,0,0,165,0,0,693,805,100.0,한국어 <gnome-kr@googlegroups.com>
gnome-online-accounts-gtk,0,0,36,0,0,14,0,36,0.0,Korean <ko@li.org>
gnome-packagekit,3593,0,0,583,0,0,2726,3593,100.0,GNOME Korea <gnome-kr@googlegroups.com>
gnome-panel,5183,33,40,654,1,5,3789,5256,98.61111111111111,GNOME Korea <gnome-kr-hackers@lists.kldp.net>
gnome-photos,1029,0,0,266,0,0,836,1029,100.0,Korean <gnome-kr@googlegroups.com>
gnome-pomodoro,358,0,0,132,0,0,270,358,100.0,Korean
gnome-power-manager,433,0,0,145,0,0,322,433,100.0,GNOME Korea <gnome-kr@googlegroups.com>
gnome-remote-desktop,853,0,0,47,0,0,635,853,100.0,Korean <gnome-kr@googlegroups.com>
gnome-robots,1666,0,0,252,0,0,1231,1666,100.0,Korean <gnome-kr@googlegroups.com>
gnome-screenshot,417,0,0,64,0,0,326,417,100.0,GNOME Korea <gnome-kr@googlegroups.com>
gnome-session,429,0,0,68,0,0,340,429,100.0,GNOME Korea <gnome-kr@googlegroups.com>
gnome-settings-daemon,3923,0,0,548,0,0,3081,3923,100.0,GNOME Korea <gnome-kr@googlegroups.com>
gnome-shell,3516,0,0,718,0,0,2812,3516,100.0,GNOME Korea <gnome-kr@googlegroups.com>
gnome-shell-extension-appindicator,95,0,0,28,0,0,90,95,100.0,이정희 <daemul72@gmail.com>
gnome-shell-extension-blur-my-shell,863,0,133,132,0,28,642,996,86.64658634538152,Korean <https://hosted.weblate.org/projects/blur-my-shell/blur-my-shell/ko/>
gnome-shell-extension-caffeine,186,62,104,44,12,32,167,352,52.84090909090909,
gnome-shell-extension-dash-to-dock,654,0,0,162,0,0,590,654,100.0,
gnome-shell-extension-dash-to-panel,1033,140,25,277,41,14,919,1198,86.2270450751252,이정희 <daemul72@gmail.com>
gnome-shell-extension-freon,104,0,0,32,0,0,97,104,100.0,
gnome-shell-extension-gsconnect,776,0,126,252,0,16,693,902,86.0310421286031,Korean
gnome-shell-extension-system-monitor-applet,188,3,0,103,3,0,178,191,98.42931937172776,
gnome-shell-extensions,324,0,0,75,0,0,283,324,100.0,Korean <gnome-kr@googlegroups.com>
gnome-shell-frippery,20,0,0,6,0,0,22,20,100.0,
gnome-software,6077,0,0,1135,0,0,4947,6077,100.0,GNOME Korea <gnome-kr@googlegroups.com>
gnome-sound-recorder,302,0,0,75,0,0,224,302,100.0,Korean <gnome-kr@googlegroups.com>
gnome-sudoku,1941,0,0,211,0,0,1378,1941,100.0,Korean <gnome-kr@googlegroups.com>
gnome-system-log,460,371,829,84,27,37,378,1660,27.710843373493976,GNOME Korea <gnome-kr-hackers@lists.kldp.net>
gnome-system-monitor,6275,0,0,619,0,0,4588,6275,100.0,GNOME Korea <gnome-kr@googlegroups.com>
gnome-taquin,431,0,0,111,0,0,359,431,100.0,GNOME Korea <gnome-kr@googlegroups.com>
gnome-terminal,8104,0,0,1057,0,0,6195,8104,100.0,GNOME Korea <gnome-kr@googlegroups.com>
gnome-tetravex,1718,0,0,231,0,0,1234,1718,100.0,Korean <gnome-kr@googlegroups.com>
gnome-text-editor,1754,0,0,351,0,0,1496,1754,100.0,Korean <gnome-kr@googlegroups.com>
gnome-themes-extra,15,0,0,6,0,0,11,15,100.0,Korean <gnome-kr@googlegroups.com>
gnome-todo,1716,0,0,244,0,0,1289,1716,100.0,Korean <gnome-kr@googlegroups.com>
gnome-tour,138,0,0,23,0,0,113,138,100.0,Korean <gnome-kr@googlegroups.com>
gnome-tweaks,468,0,0,137,0,0,471,468,100.0,한국어 <gnome-kr@googlegroups.com>
gnome-usage,165,0,0,37,0,0,137,165,100.0,Korean <gnome-kr@googlegroups.com>
gnome-user-docs,67772,0,40,4019,0,10,46679,67812,99.94101338996047,Korean <gnome-kr@googlegroups.com>
gnome-user-share,39,0,0,8,0,0,34,39,100.0,GNOME Korea <gnome-kr@googlegroups.com>
gnome-vfs2,1519,0,0,305,0,0,1244,1519,100.0,GNOME Korea <gnome-kr@googlegroups.com>
gnome-video-effects,256,0,0,68,0,0,160,256,100.0,GNOME Korea <gnome-kr@googlegroups.com>
gnome-weather,236,0,0,48,0,0,169,236,100.0,Korean <gnome-kr@googlegroups.com>
gnote,2291,0,0,345,0,0,1691,2291,100.0,GNOME Korea <gnome-kr@googlegroups.com>
gnucash,17663,6549,15366,3226,1319,1324,13668,39578,44.628328869574005,
gnulib-l10n,109,394,868,37,83,214,105,1371,7.950401167031364,Korean <translation-team-ko@lists.sourceforge.net>
gnumeric,2041,4080,28925,884,1343,3415,1856,35046,5.823774467842265,GTP Korean <gnome-kr-translation@gnome.or.kr>
goaccess,991,27,251,223,5,31,962,1269,78.09298660362491,Korean <dcyang@users.noreply.github.com>
godot,84424,0,0,12855,0,0,70668,84424,100.0,Korean <https://hosted.weblate.org/projects/godot-engine/godot-class-reference/ko/>
godot3,19766,5565,259814,4414,1286,12318,17239,285145,6.931911834329902,Korean <https://hosted.weblate.org/projects/godot-engine/godot-class-reference/ko/>
goffice,888,1702,3611,415,728,858,825,6201,14.32027092404451,GTP Korean <gnome-kr-translation@gnome.or.kr>
golang-github-chai2010-gettext,493,1232,3022,221,571,1030,426,4747,10.38550663576996,Korean <ko@li.org>
gparted,3057,0,0,513,0,0,2671,3057,100.0,GNOME Korea <gnome-kr@googlegroups.com>
gpaste,150,32,1299,24,6,219,134,1481,10.12829169480081,Korean <https://hosted.weblate.org/projects/gpaste/gpaste/ko/>
gpodder,1583,368,685,430,119,119,1290,2636,60.05311077389985,
gramps,3605,832,36764,387,20,6783,2734,41201,8.74978762651392,Korean <https://hosted.weblate.org/projects/gramps-project/gramps/ko/>
granatier,243,0,0,66,0,0,179,243,100.0,Korean <kde-kr@kde.org>
granite,113,4,381,58,2,58,102,498,22.690763052208833,Korean <https://l10n.elementary.io/projects/desktop/granite/ko/>
granite-7,71,2,523,42,1,69,64,596,11.912751677852349,Korean <https://l10n.elementary.io/projects/desktop/granite/ko/>
grantlee-editor,532,0,0,159,0,0,465,532,100.0,Korean <kde-kr@kde.org>
grantleetheme,14,0,0,6,0,0,14,14,100.0,Korean <kde-kr@kde.org>
grass,13159,6658,109150,2372,1239,16063,11979,128967,10.203385362146907,Korean <https://weblate.osgeo.org/projects/grass-gis/grasslibs/ko/>
grep,933,0,0,116,0,0,927,933,100.0,Korean <translation-team-ko@googlegroups.com>
grilo,191,0,0,36,0,0,168,191,100.0,GNOME Korea <gnome-kr@googlegroups.com>
grilo-plugins,731,0,0,168,0,0,622,731,100.0,GNOME Korea <gnome-kr@googlegroups.com>
grip,1097,0,0,279,0,0,989,1097,100.0,Korean <translation-team-ko@googlegroups.com>
grub2,8248,12,35,1522,2,4,7053,8295,99.4333936106088,Korean <translation-team-ko@googlegroups.com>
gscan2pdf,414,0,1426,166,0,340,376,1840,22.5,Korean <ko@li.org>
gspell,78,0,0,32,0,0,78,78,100.0,GNOME Korea <gnome-kr@googlegroups.com>
gssntlmssp,125,0,0,30,0,0,112,125,100.0,Korean <https://translate.fedoraproject.org/projects/gss-ntlmssp/master/ko/>
gstreamer1,672,0,1551,161,0,230,592,2223,30.229419703103915,Korean <translation-team-ko@googlegroups.com>
gthumb,2101,31,478,745,11,126,1897,2610,80.49808429118774,GNOME Korea <gnome-kr-hackers@lists.kldp.net>
gtk+,404,0,0,210,0,0,400,404,100.0,Korean <ko@li.org>
gtk-vnc,8,0,0,3,0,0,8,8,100.0,Korean <gnome-kr@googlegroups.com>
gtk2,12381,0,0,2582,0,0,9875,12381,100.0,Gnome Korea <gnome-kr@googlegroups.com>
gtk2-engines,119,0,0,47,0,0,122,119,100.0,GNOME Korea <gnome-kr-hackers@lists.kldp.net>
gtk3,16737,0,0,3942,0,0,13746,16737,100.0,Gnome Korea <gnome-kr@googlegroups.com>
gtk4,5119,0,0,1736,0,0,4809,5119,100.0,Gnome Korea <gnome-kr@googlegroups.com>
gtksourceview2,1120,0,0,448,0,0,1040,1120,100.0,GNOME Korean <gnome-kr-hackers@lists.kldp.net>
gtksourceview3,320,2,0,105,1,0,301,322,99.37888198757764,GNOME Korean <gnome-kr@googlegroups.com>
gtksourceview4,308,0,0,94,0,0,286,308,100.0,GNOME Korean <gnome-kr@googlegroups.com>
gtksourceview5,367,0,0,112,0,0,350,367,100.0,GNOME Korean <gnome-kr@googlegroups.com>
gtranslator,1344,0,0,292,0,0,1085,1344,100.0,GNOME Korea <gnome-kr@googlegroups.com>
guake,870,27,746,182,9,124,686,1643,52.95191722458916,
gucharmap,3189,0,4,653,0,1,2856,3193,99.87472596304417,GNOME Korea <gnome-kr@googlegroups.com>
gvfs,2270,0,0,422,0,0,1995,2270,100.0,GNOME Korea <gnome-kr@googlegroups.com>
gwenview,2091,0,0,457,0,0,1613,2091,100.0,Korean <kde-kr@kde.org>
hardinfo2,3187,0,1289,1110,0,227,2989,4476,71.20196604110814,
haruna,2063,82,200,404,46,47,1748,2345,87.97441364605544,Korean <kde-kr@kde.org>
hash-o-matic,223,0,0,60,0,0,166,223,100.0,Korean <kde-kr@kde.org>
heaptrack,1365,16,24,198,4,8,1084,1405,97.15302491103202,Korean <kde-kr@kde.org>
hello,17,88,139,8,13,25,21,244,6.967213114754098,Korean <translation-team-ko@lists.sourceforge.net>
helm,43,0,0,7,0,0,32,43,100.0,
help2man,510,60,0,48,1,0,401,570,89.47368421052632,Korean <translation-team-ko@googlegroups.com>
hexchat,5971,0,0,1446,0,0,5098,5971,100.0,Korean (http://www.transifex.com/hexchat/hexchat/language/ko/)
hitori,929,0,0,106,0,0,681,929,100.0,Korean <gnome-kr@googlegroups.com>
homebank,984,0,2314,421,0,630,850,3298,29.836264402668284,Korean <ko@li.org>
iagno,801,0,0,149,0,0,655,801,100.0,GNOME Korea <gnome-kr@googlegroups.com>
ibus,2654,0,0,615,0,0,2406,2654,100.0,Korean <https://translate.fedoraproject.org/projects/ibus/ibus/ko/>
ibus-anthy,705,0,0,194,0,0,611,705,100.0,Korean <https://translate.fedoraproject.org/projects/ibus/ibus-anthy/ko/>
ibus-chewing,304,0,0,90,0,0,276,304,100.0,Korean <https://translate.fedoraproject.org/projects/ibus-chewing/master/ko/>
ibus-hangul,129,0,0,27,0,0,101,129,100.0,Choe Hwanjin <choe.hwanjin@gmail.com>
ibus-input-pad,103,0,0,32,0,0,86,103,100.0,Korean <https://translate.fedoraproject.org/projects/ibus-input-pad/master/ko/>
ibus-typing-booster,2576,0,0,287,0,0,2104,2576,100.0,Korean <https://translate.fedoraproject.org/projects/ibus-typing-booster/app/ko/>
icewm,1681,412,407,442,31,52,1633,2500,67.24,Korean <https://l10n.opensuse.org/projects/icewm/icewm-1-4-branch/ko/>
im-chooser,253,0,9,57,0,1,224,262,96.56488549618321,Korean <https://translate.fedoraproject.org/projects/im-chooser/master/ko/>
imsettings,440,10,50,80,2,10,370,500,88.0,LANGUAGE <LL@li.org>
incidenceeditor,2280,0,0,427,0,0,1634,2280,100.0,Korean <kde-kr@kde.org>
indent,51,100,110,12,17,23,56,261,19.54022988505747,Korean <ko@li.org>
initial-setup,106,0,0,20,0,0,79,106,100.0,Korean <https://translate.fedoraproject.org/projects/initial-setup/master/ko/>
initscripts,1162,0,0,164,0,0,1067,1162,100.0,Korean <https://translate.fedoraproject.org/projects/fedora-sysv/initscripts/ko/>
inkscape,50571,642,315,10717,157,37,42783,51528,98.14275733581742,이정희 <daemul72@gmail.com>
iputils,1433,0,0,251,0,0,1455,1433,100.0,Korean <https://translate.fedoraproject.org/projects/iputils/iputils/ko/>
iso-codes,2872,6251,14428,1642,4926,8955,2416,23551,12.194811260668336,Korean <https://hosted.weblate.org/projects/iso-codes/iso-15924/ko/>
isoimagewriter,456,0,0,81,0,0,372,456,100.0,Korean <kde-kr@kde.org>
isomaster,46,1,627,29,1,77,44,674,6.824925816023739,http://littlesvr.ca/ostd/
itinerary,2791,9,21,859,4,2,2354,2821,98.93654732364409,Korean <kde-kr@kde.org>
jpilot,1571,589,914,517,107,139,1386,3074,51.1060507482108,Korean <translation-team-ko@lists.sourceforge.net>
json-glib,313,0,0,48,0,0,246,313,100.0,Korean <gnome-kr@googlegroups.com>
juk,1452,0,0,349,0,0,1248,1452,100.0,Korean <kde-kr@kde.org>
k3b,20145,0,0,2519,0,0,17005,20145,100.0,Korean <kde-kr@kde.org>
k9s,43,0,0,7,0,0,32,43,100.0,
kBuild,1808,119,280,262,28,41,1751,2207,81.92115994562755,Korean <translation-team-ko@googlegroups.com>
kaccounts-integration,150,0,0,27,0,0,110,150,100.0,Korean <kde-kr@kde.org>
kaccounts-providers,77,0,0,29,0,0,64,77,100.0,Korean <kde-kr@kde.org>
kactivitymanagerd,15,0,0,7,0,0,12,15,100.0,Korean <kde-kr@kde.org>
kaddressbook,1148,0,0,239,0,0,793,1148,100.0,Korean <kde-kr@kde.org>
kaffeine,1425,0,0,499,0,0,1315,1425,100.0,Korean <kde-kr@kde.org>
kaichat,98,15,7,38,3,2,92,120,81.66666666666667,Korean <kde-kr@kde.org>
kaidan,490,1099,1209,183,244,202,434,2798,17.512508934953537,Korean <kde-kr@kde.org>
kalarm,8463,71,5,1245,4,2,6528,8539,99.10996603817777,Korean <kde-kr@kde.org>
kalgebra,276,0,0,135,0,0,258,276,100.0,Korean <kde-kr@kde.org>
kalk,68,0,0,40,0,0,70,68,100.0,Korean <kde-kr@kde.org>
kalm,29,7,519,16,3,24,26,555,5.225225225225225,Korean <kde-kr@kde.org>
kalzium,5413,2864,810,902,300,93,3912,9087,59.56861450423682,Korean <kde-kr@kde.org>
kamera,272,0,0,37,0,0,202,272,100.0,Korean <kde-kr@kde.org>
kamoso,145,0,0,42,0,0,110,145,100.0,Korean <kde-kr@kde.org>
kanagram,527,0,0,144,0,0,391,527,100.0,Korean <kde-kr@kde.org>
kapman,115,0,0,36,0,0,93,115,100.0,Korean <kde-kr@kde.org>
kapptemplate,226,0,0,52,0,0,180,226,100.0,Korean <kde-kr@kde.org>
kasts,1362,0,0,396,0,0,1234,1362,100.0,Korean <kde-kr@kde.org>
kate,8832,19,7,2015,4,3,7417,8858,99.70648001806278,Korean <kde-kr@kde.org>
katomic,184,0,0,59,0,0,166,184,100.0,Korean <kde-kr@kde.org>
kbackup,694,0,0,141,0,0,563,694,100.0,Korean <kde-kr@kde.org>
kbibtex,2472,4,0,732,1,0,2207,2476,99.83844911147011,Korean <kde-kr@kde.org>
kblackbox,1364,0,0,102,0,0,870,1364,100.0,Korean <kde-kr@kde.org>
kblocks,157,0,0,37,0,0,134,157,100.0,Korean <kde-kr@kde.org>
kbounce,156,0,0,43,0,0,136,156,100.0,Korean <kde-kr@kde.org>
kbrickbuster,158,0,0,42,0,0,122,158,100.0,Korean <kde-kr@kde.org>
kbruch,1347,0,0,198,0,0,914,1347,100.0,Korean <kde-kr@kde.org>
kcachegrind,4060,0,0,592,0,0,3129,4060,100.0,Korean <kde-kr@kde.org>
kcalc,1115,0,0,393,0,0,907,1115,100.0,Korean <kde-kr@kde.org>
kcalutils,1439,0,0,394,0,0,1242,1439,100.0,Korean <kde-kr@kde.org>
kcharselect,92,0,0,36,0,0,82,92,100.0,Korean <kde-kr@kde.org>
kclock,493,0,16,195,0,2,419,509,96.85658153241651,Korean <kde-kr@kde.org>
kcm_wacomtablet,1049,0,0,240,0,0,862,1049,100.0,Korean <kde-kr@kde.org>
kcolorchooser,29,0,0,10,0,0,27,29,100.0,Korean <kde-kr@kde.org>
kcron,436,0,0,191,0,0,357,436,100.0,Korean <kde-kr@kde.org>
kdb,1502,0,0,244,0,0,1321,1502,100.0,
kde-cli-tools,1755,0,0,195,0,0,1291,1755,100.0,Korean <kde-kr@kde.org>
kde-connect,1357,4,0,369,2,0,1196,1361,99.7060984570169,Korean <kde-kr@kde.org>
kde-dev-utils,96,0,0,34,0,0,83,96,100.0,Korean <kde-kr@kde.org>
kde-inotify-survey,190,0,0,8,0,0,158,190,100.0,Korean <kde-kr@kde.org>
kde-l10n,94329,1304,1430,19153,487,340,73594,97063,97.18327271977994,Korean <cho.sungjae@gmail.com>
kde-partitionmanager,2302,0,0,537,0,0,1899,2302,100.0,Korean <kde-kr@kde.org>
kde-style-breeze,266,0,0,101,0,0,269,266,100.0,Korean <kde-kr@kde.org>
kdebugsettings,302,0,0,82,0,0,253,302,100.0,Korean <kde-kr@kde.org>
kdecoration,36,0,0,15,0,0,39,36,100.0,Korean <kde-kr@kde.org>
kdecoration5,39,0,0,15,0,0,42,39,100.0,Korean <kde-kr@kde.org>
kdenetwork-filesharing,927,0,0,116,0,0,691,927,100.0,Korean <kde-kr@kde.org>
kdenlive,11307,7399,15069,2691,2298,1461,9685,33775,33.47742413027387,Korean <kde-kr@kde.org>
kdepim-addons,3992,0,0,783,0,0,3015,3992,100.0,Korean <kde-kr@kde.org>
kdepim-runtime,7536,0,0,1122,0,0,5946,7536,100.0,Korean <kde-kr@kde.org>
kdeplasma-addons,2410,0,24,754,0,16,2011,2434,99.0139687756779,Korean <kde-kr@kde.org>
kdesdk-kioslaves,84,0,0,17,0,0,74,84,100.0,Korean <kde-kr@kde.org>
kdesvn,4929,8,0,913,1,0,4353,4937,99.83795827425563,Korean <kde-kr@kde.org>
kdevelop,15865,19,34,3135,5,7,13004,15918,99.66704359844202,Korean <kde-kr@kde.org>
kdevelop-php,535,0,0,74,0,0,444,535,100.0,Korean <kde-kr@kde.org>
kdf,177,0,0,71,0,0,174,177,100.0,Korean <kde-kr@kde.org>
kdiagram,66,0,0,40,0,0,63,66,100.0,Korean <kde-kr@kde.org>
kdiagram2,66,0,0,40,0,0,63,66,100.0,Korean <kde-kr@kde.org>
kdialog,403,0,0,78,0,0,398,403,100.0,Korean <kde-kr@kde.org>
kdiamond,124,0,0,33,0,0,129,124,100.0,Korean <kde-kr@kde.org>
kdiff3,3473,0,0,634,0,0,2973,3473,100.0,Korean <kde-kr@kde.org>
kdnssd,27,6,0,6,2,0,20,33,81.81818181818183,Korean <kde-kr@kde.org>
kdump-anaconda-addon,194,0,0,22,0,0,152,194,100.0,Korean <ko@li.org>
keditbookmarks,470,0,0,133,0,0,405,470,100.0,Korean <kde-kr@kde.org>
keepsecret,169,0,0,68,0,0,149,169,100.0,Korean <kde-kr@kde.org>
kexi,17,2,6,7,2,5,17,25,68.0,Korean <kde@peremen.name>
keysmith,304,0,0,91,0,0,254,304,100.0,Korean <kde-kr@kde.org>
kf5-akonadi-calendar,2222,0,0,370,0,0,1695,2222,100.0,Korean <kde-kr@kde.org>
kf5-akonadi-contacts,1116,0,0,276,0,0,743,1116,100.0,Korean <kde-kr@kde.org>
kf5-akonadi-mime,580,0,0,114,0,0,418,580,100.0,Korean <kde-kr@kde.org>
kf5-akonadi-notes,2,0,0,1,0,0,2,2,100.0,Korean <kde-kr@kde.org>
kf5-akonadi-search,67,0,0,18,0,0,62,67,100.0,Korean <kde-kr@kde.org>
kf5-akonadi-server,2596,0,0,441,0,0,2070,2596,100.0,Korean <kde-kr@kde.org>
kf5-baloo,860,0,0,179,0,0,730,860,100.0,Korean <kde-kr@kde.org>
kf5-calendarsupport,2779,0,0,391,0,0,2088,2779,100.0,Korean <kde-kr@kde.org>
kf5-eventviews,2949,0,0,307,0,0,2030,2949,100.0,Korean <kde-kr@kde.org>
kf5-grantleetheme,14,0,0,6,0,0,14,14,100.0,Korean <kde-kr@kde.org>
kf5-incidenceeditor,2208,0,0,420,0,0,1583,2208,100.0,Korean <kde-kr@kde.org>
kf5-karchive,488,0,0,82,0,0,469,488,100.0,Korean <kde-kr@kde.org>
kf5-kauth,73,0,0,8,0,0,64,73,100.0,Korean <kde-kr@kde.org>
kf5-kblog,243,0,0,27,0,0,180,243,100.0,Korean <kde-kr@kde.org>
kf5-kbookmarks,230,0,0,49,0,0,186,230,100.0,Korean <kde-kr@kde.org>
kf5-kcalendarutils,1437,0,0,393,0,0,1240,1437,100.0,Korean <kde-kr@kde.org>
kf5-kcmutils,266,0,0,38,0,0,186,266,100.0,Korean <kde-kr@kde.org>
kf5-kcodecs,370,0,0,53,0,0,281,370,100.0,Korean <kde-kr@kde.org>
kf5-kcompletion,18,0,0,11,0,0,17,18,100.0,Korean <kde-kr@kde.org>
kf5-kconfig,289,0,0,104,0,0,264,289,100.0,Korean <kde-kr@kde.org>
kf5-kconfigwidgets,342,0,0,125,0,0,314,342,100.0,Korean <kde-kr@kde.org>
kf5-kcontacts,171,0,6,102,0,6,172,177,96.61016949152543,Korean <kde-kr@kde.org>
kf5-kcoreaddons,382,0,0,132,0,0,334,382,100.0,Korean <kde-kr@kde.org>
kf5-kdav,185,0,0,20,0,0,115,185,100.0,Korean <kde-kr@kde.org>
kf5-kdbusaddons,48,0,0,6,0,0,41,48,100.0,Korean <kde-kr@kde.org>
kf5-kdeclarative,161,0,0,25,0,0,121,161,100.0,Korean <kde-i18n-doc@kde.org>
kf5-kdelibs4support,4825,408,120,2144,281,119,4145,5353,90.13637212777881,Korean <kde-kr@kde.org>
kf5-kdesignerplugin,54,0,0,9,0,0,41,54,100.0,Korean <kde-kr@kde.org>
kf5-kdesu,19,0,0,7,0,0,17,19,100.0,Korean <kde-kr@kde.org>
kf5-kdnssd,3,0,0,3,0,0,3,3,100.0,Korean <kde-kr@kde.org>
kf5-kdoctools,8,0,0,4,0,0,12,8,100.0,Korean <kde-kr@kde.org>
kf5-kfilemetadata,299,0,0,135,0,0,302,299,100.0,Korean <kde-kr@kde.org>
kf5-kglobalaccel,71,0,0,9,0,0,49,71,100.0,Korean <kde-kr@kde.org>
kf5-kholidays,150,0,0,97,0,0,128,150,100.0,Korean <kde-i18n-doc@kde.org>
kf5-khtml,1667,0,0,289,0,0,1287,1667,100.0,Korean <kde-kr@kde.org>
kf5-ki18n,124,0,0,110,0,0,122,124,100.0,Korean <kde-kr@kde.org>
kf5-kiconthemes,41,0,0,19,0,0,40,41,100.0,Korean <kde-kr@kde.org>
kf5-kidentitymanagement,182,0,0,24,0,0,137,182,100.0,Korean <kde-kr@kde.org>
kf5-kimap,118,0,0,51,0,0,126,118,100.0,Korean <kde-kr@kde.org>
kf5-kinit,116,0,0,11,0,0,94,116,100.0,Korean <kde-kr@kde.org>
kf5-kio,12037,0,0,1373,0,0,8675,12037,100.0,Korean <kde-kr@kde.org>
kf5-kipi-plugins,4675,0,0,1039,0,0,3696,4675,100.0,Korean <kde-kr@kde.org>
kf5-kirigami2,112,0,0,48,0,0,102,112,100.0,Korean <kde-kr@kde.org>
kf5-kirigami2-addons,366,2,18,43,1,6,268,386,94.81865284974094,Korean <kde-kr@kde.org>
kf5-kitemviews,7,0,0,4,0,0,7,7,100.0,Korean <kde-kr@kde.org>
kf5-kjobwidgets,133,0,0,38,0,0,85,133,100.0,Korean <kde-kr@kde.org>
kf5-kjsembed,248,0,0,44,0,0,223,248,100.0,Korean <kde-kr@kde.org>
kf5-kldap,227,0,0,61,0,0,193,227,100.0,Korean <kde-kr@kde.org>
kf5-kmailtransport,663,0,0,105,0,0,483,663,100.0,Korean <kde-kr@kde.org>
kf5-kmime,159,0,0,10,0,0,104,159,100.0,Korean <kde-kr@kde.org>
kf5-knewstuff,1631,0,0,231,0,0,1153,1631,100.0,Korean <kde-kr@kde.org>
kf5-knotifications,21,0,0,8,0,0,15,21,100.0,Korean <kde-kr@kde.org>
kf5-knotifyconfig,129,0,0,17,0,0,84,129,100.0,Korean <kde-kr@kde.org>
kf5-kontactinterface,4,0,0,2,0,0,3,4,100.0,Korean <kde-kr@kde.org>
kf5-kpackage,452,0,0,73,0,0,373,452,100.0,Korean <kde-kr@kde.org>
kf5-kparts,138,0,0,30,0,0,108,138,100.0,Korean <kde-kr@kde.org>
kf5-kpeople,13,0,0,8,0,0,12,13,100.0,Korean <kde-kr@kde.org>
kf5-kpimtextedit,382,0,0,167,0,0,347,382,100.0,Korean <kde-kr@kde.org>
kf5-kpty,15,0,0,4,0,0,19,15,100.0,Korean <kde-kr@kde.org>
kf5-kross,100,0,0,35,0,0,90,100,100.0,Korean <kde-kr@kde.org>
kf5-kservice,173,0,0,28,0,0,164,173,100.0,Korean <kde-kr@kde.org>
kf5-ksmtp,86,0,0,12,0,0,73,86,100.0,Korean <kde-kr@kde.org>
kf5-ktexteditor,9233,0,0,1264,0,0,7093,9233,100.0,Korean <kde-kr@kde.org>
kf5-ktextwidgets,473,0,0,130,0,0,369,473,100.0,Korean <kde-kr@kde.org>
kf5-ktnef,355,0,0,143,0,0,358,355,100.0,Korean <kde-kr@kde.org>
kf5-kunitconversion,5757,0,0,2483,0,0,3360,5757,100.0,Korean <kde-kr@kde.org>
kf5-kwallet,1460,0,0,110,0,0,1095,1460,100.0,Korean <kde-kr@kde.org>
kf5-kwidgetsaddons,1293,0,0,463,0,0,1226,1293,100.0,Korean <kde-kr@kde.org>
kf5-kwindowsystem,2,0,0,1,0,0,3,2,100.0,Korean <kde-kr@kde.org>
kf5-kxmlgui,1574,0,0,230,0,0,1145,1574,100.0,Korean <kde-kr@kde.org>
kf5-kxmlrpcclient,13,0,0,2,0,0,12,13,100.0,Korean <kde-kr@kde.org>
kf5-libgravatar,23,0,0,10,0,0,22,23,100.0,Korean <kde-kr@kde.org>
kf5-libkcddb,400,0,0,211,0,0,380,400,100.0,Korean <kde-kr@kde.org>
kf5-libkdepim,35,0,0,10,0,0,39,35,100.0,Korean <kde-kr@kde.org>
kf5-libkgapi,378,0,0,85,0,0,370,378,100.0,Korean <kde-kr@kde.org>
kf5-libkleo,2423,0,0,430,0,0,1909,2423,100.0,Korean <kde-kr@kde.org>
kf5-libksieve,3122,0,0,537,0,0,2473,3122,100.0,Korean <kde-kr@kde.org>
kf5-libktorrent,465,0,0,105,0,0,456,465,100.0,Korean <kde-kr@kde.org>
kf5-mailcommon,2755,0,0,498,0,0,2093,2755,100.0,Korean <kde-kr@kde.org>
kf5-mailimporter,1408,0,0,127,0,0,1106,1408,100.0,Korean <kde-kr@kde.org>
kf5-messagelib,7833,0,0,1371,0,0,6164,7833,100.0,Korean <kde-kr@kde.org>
kf5-pimcommon,830,0,0,208,0,0,651,830,100.0,Korean <kde-kr@kde.org>
kf5-plasma,362,0,0,105,0,0,325,362,100.0,Korean <kde-kr@kde.org>
kf5-purpose,323,0,0,75,0,0,254,323,100.0,Korean <kde-kr@kde.org>
kf5-solid,588,0,0,159,0,0,475,588,100.0,Korean <kde-kr@kde.org>
kf5-sonnet,683,0,0,76,0,0,515,683,100.0,Korean <kde-kr@kde.org>
kf5-syntax-highlighting,647,0,0,383,0,0,626,647,100.0,Korean <kde-kr@kde.org>
kf6-baloo,869,0,0,181,0,0,738,869,100.0,Korean <kde-kr@kde.org>
kf6-karchive,540,0,0,88,0,0,517,540,100.0,Korean <kde-kr@kde.org>
kf6-kauth,73,0,0,8,0,0,64,73,100.0,Korean <kde-kr@kde.org>
kf6-kbookmarks,179,0,0,38,0,0,141,179,100.0,Korean <kde-kr@kde.org>
kf6-kcmutils,200,0,0,45,0,0,160,200,100.0,Korean <kde-kr@kde.org>
kf6-kcodecs,370,0,0,53,0,0,281,370,100.0,Korean <kde-kr@kde.org>
kf6-kcolorscheme,1,0,0,1,0,0,1,1,100.0,Korean <kde-kr@kde.org>
kf6-kcompletion,18,0,0,11,0,0,17,18,100.0,Korean <kde-kr@kde.org>
kf6-kconfig,550,0,0,204,0,0,517,550,100.0,Korean <kde-kr@kde.org>
kf6-kconfigwidgets,312,0,0,117,0,0,299,312,100.0,Korean <kde-kr@kde.org>
kf6-kcontacts,162,4,6,94,4,6,159,172,94.18604651162791,Korean <kde-kr@kde.org>
kf6-kcoreaddons,485,0,0,162,0,0,400,485,100.0,Korean <kde-kr@kde.org>
kf6-kdav,185,0,0,20,0,0,115,185,100.0,Korean <kde-kr@kde.org>
kf6-kdbusaddons,48,0,0,6,0,0,41,48,100.0,Korean <kde-kr@kde.org>
kf6-kdeclarative,169,0,0,21,0,0,122,169,100.0,Korean <kde-kr@kde.org>
kf6-kdesu,19,0,0,7,0,0,17,19,100.0,Korean <kde-kr@kde.org>
kf6-kdnssd,3,0,0,3,0,0,3,3,100.0,Korean <kde-kr@kde.org>
kf6-kdoctools,8,0,0,4,0,0,12,8,100.0,Korean <kde-kr@kde.org>
kf6-kfilemetadata,309,0,0,140,0,0,312,309,100.0,Korean <kde-kr@kde.org>
kf6-kglobalaccel,34,0,0,5,0,0,23,34,100.0,Korean <kde-kr@kde.org>
kf6-kholidays,150,0,0,97,0,0,128,150,100.0,Korean <kde-i18n-doc@kde.org>
kf6-ki18n,124,0,0,110,0,0,122,124,100.0,Korean <kde-kr@kde.org>
kf6-kiconthemes,46,0,0,22,0,0,46,46,100.0,Korean <kde-kr@kde.org>
kf6-kio,8532,63,12,1140,5,1,6295,8607,99.12861624259324,Korean <kde-kr@kde.org>
kf6-kirigami,89,5,0,47,3,0,81,94,94.68085106382979,Korean <kde-kr@kde.org>
kf6-kirigami-addons,693,0,0,136,0,0,532,693,100.0,Korean <kde-kr@kde.org>
kf6-kitemviews,6,0,0,3,0,0,6,6,100.0,Korean <kde-kr@kde.org>
kf6-kjobwidgets,139,0,0,41,0,0,90,139,100.0,Korean <kde-kr@kde.org>
kf6-knewstuff,1034,0,0,130,0,0,711,1034,100.0,Korean <kde-kr@kde.org>
kf6-knotifications,0,0,0,0,0,0,0,0,0.0,Korean <kde-kr@kde.org>
kf6-knotifyconfig,19,0,0,7,0,0,14,19,100.0,Korean <kde-kr@kde.org>
kf6-kpackage,338,0,0,58,0,0,279,338,100.0,Korean <kde-kr@kde.org>
kf6-kparts,57,0,0,11,0,0,50,57,100.0,Korean <kde-kr@kde.org>
kf6-kpeople,15,0,0,9,0,0,13,15,100.0,Korean <kde-kr@kde.org>
kf6-kpty,15,0,0,4,0,0,19,15,100.0,Korean <kde-kr@kde.org>
kf6-kservice,45,0,0,12,0,0,41,45,100.0,Korean <kde-kr@kde.org>
kf6-kstatusnotifieritem,3,0,0,3,0,0,3,3,100.0,Korean <kde-kr@kde.org>
kf6-ksvg,4,0,0,2,0,0,3,4,100.0,Korean <kde-kr@kde.org>
kf6-ktexteditor,9463,0,0,1319,0,0,7323,9463,100.0,Korean <kde-kr@kde.org>
kf6-ktextwidgets,473,0,0,130,0,0,369,473,100.0,Korean <kde-kr@kde.org>
kf6-kunitconversion,5894,0,0,2529,0,0,3445,5894,100.0,Korean <kde-kr@kde.org>
kf6-kuserfeedback,1157,0,0,270,0,0,956,1157,100.0,Korean <kde-kr@kde.org>
kf6-kwallet,1185,0,0,90,0,0,875,1185,100.0,Korean <kde-kr@kde.org>
kf6-kwidgetsaddons,1277,0,0,466,0,0,1219,1277,100.0,Korean <kde-kr@kde.org>
kf6-kwindowsystem,2,0,0,1,0,0,3,2,100.0,Korean <kde-kr@kde.org>
kf6-kxmlgui,1289,0,0,200,0,0,948,1289,100.0,Korean <kde-kr@kde.org>
kf6-purpose,319,0,0,74,0,0,248,319,100.0,Korean <kde-kr@kde.org>
kf6-qqc2-desktop-style,22,0,0,14,0,0,23,22,100.0,Korean <kde-kr@kde.org>
kf6-solid,605,0,0,166,0,0,492,605,100.0,Korean <kde-kr@kde.org>
kf6-sonnet,684,0,0,77,0,0,517,684,100.0,Korean <kde-kr@kde.org>
kf6-syntax-highlighting,730,1,4,420,1,3,700,735,99.31972789115646,Korean <kde-kr@kde.org>
kfind,517,0,0,117,0,0,436,517,100.0,Korean <kde-kr@kde.org>
kfloppy,641,0,0,100,0,0,545,641,100.0,Korean <kde-kr@kde.org>
kfourinline,384,0,0,154,0,0,352,384,100.0,Korean <kde-kr@kde.org>
kgamma,38,0,0,15,0,0,33,38,100.0,Korean <kde-kr@kde.org>
kgeography,5635,2103,2305,4184,1418,1638,4813,10043,56.10873245046301,Korean <kde-kr@kde.org>
kgeotag,1805,102,47,281,24,8,1287,1954,92.37461617195495,Korean <kde-kr@kde.org>
kget,2767,0,0,742,0,0,2254,2767,100.0,Korean <kde-kr@kde.org>
kgoldrunner,2213,950,24884,453,255,309,1609,28047,7.890326951189075,Korean <kde-kr@kde.org>
kgpg,4912,0,0,687,0,0,3576,4912,100.0,Korean <kde-kr@kde.org>
kgraphviewer,1193,0,0,213,0,0,892,1193,100.0,Korean <kde-kr@kde.org>
khangman,402,0,48,115,0,2,346,450,89.33333333333333,Korean <kde-kr@kde.org>
khelpcenter,221,0,0,84,0,0,223,221,100.0,Korean <kde-kr@kde.org>
kicad,52020,2073,58,10075,25,3,45198,54151,96.06470794629831,Korean <https://hosted.weblate.org/projects/kicad/v9/ko/>
kiconedit,722,0,4,153,0,2,564,726,99.44903581267218,Korean <cho.sungjae@gmail.com>
kid3,3194,0,0,1399,0,0,3132,3194,100.0,Korean <kde-kr@kde.org>
kidentitymanagement,260,0,0,54,0,0,208,260,100.0,Korean <kde-kr@kde.org>
kigo,508,0,0,133,0,0,375,508,100.0,Korean <kde-kr@kde.org>
kile,12868,0,0,2176,0,0,9986,12868,100.0,Korean <kde-kr@kde.org>
killbots,637,0,0,127,0,0,482,637,100.0,Korean <kde-kr@kde.org>
kimagemapeditor,620,0,0,189,0,0,517,620,100.0,Korean <kde-kr@kde.org>
kimap,118,0,0,51,0,0,126,118,100.0,Korean <kde-kr@kde.org>
kinfocenter,527,0,0,201,0,0,487,527,100.0,Korean <kde-kr@kde.org>
kio-admin,3,0,0,1,0,0,3,3,100.0,Korean <kde-kr@kde.org>
kio-extras,2928,0,0,278,0,0,2148,2928,100.0,Korean <kde-kr@kde.org>
kio-extras-kf5,1130,0,0,146,0,0,913,1130,100.0,Korean <kde-kr@kde.org>
kio-gdrive,78,0,0,19,0,0,64,78,100.0,Korean <kde-kr@kde.org>
kio_gopher,17,0,0,5,0,0,13,17,100.0,Korean <kde@peremen.name>
kio_mtp,17,0,0,2,0,0,14,17,100.0,Korean <kde@peremen.name>
kirigami-gallery,982,0,0,140,0,0,714,982,100.0,Korean <kde-kr@kde.org>
kiriki,145,0,0,51,0,0,120,145,100.0,Korean <kde-kr@kde.org>
kiten,651,0,0,172,0,0,563,651,100.0,Korean <kde-kr@kde.org>
kitinerary,108,0,0,30,0,0,116,108,100.0,Korean <kde-kr@kde.org>
kjots,633,18,0,125,9,0,413,651,97.23502304147466,Korean <kde-kr@kde.org>
kjournald,130,0,0,58,0,0,118,130,100.0,Korean <kde-kr@kde.org>
kjumpingcube,413,0,0,95,0,0,336,413,100.0,Korean <kde-kr@kde.org>
kldap,215,0,0,62,0,0,189,215,100.0,Korean <kde-kr@kde.org>
kleopatra,13192,15,11,1950,2,4,9909,13218,99.80329853230442,Korean <kde-kr@kde.org>
klettres,440,0,0,85,0,0,332,440,100.0,Korean <kde-kr@kde.org>
klevernotes,962,0,0,298,0,0,810,962,100.0,Korean <kde-kr@kde.org>
klickety,178,0,0,62,0,0,144,178,100.0,Korean <kde-kr@kde.org>
klines,99,0,0,28,0,0,78,99,100.0,Korean <kde-kr@kde.org>
kmag,432,0,0,98,0,0,337,432,100.0,Korean <kde-kr@kde.org>
kmahjongg,302,57,0,72,27,0,258,359,84.12256267409471,Korean <kde-kr@kde.org>
kmail,9120,10,10,1502,1,3,7076,9140,99.78118161925602,Korean <kde-kr@kde.org>
kmail-account-wizard,281,0,0,92,0,0,244,281,100.0,Korean <kde-kr@kde.org>
kmailtransport,669,0,0,107,0,0,487,669,100.0,Korean <kde-kr@kde.org>
kmenuedit,314,0,0,73,0,0,260,314,100.0,Korean <kde-kr@kde.org>
kmime,152,0,0,6,0,0,95,152,100.0,Korean <kde-kr@kde.org>
kmines,164,0,0,48,0,0,139,164,100.0,Korean <kde-kr@kde.org>
kmix,1159,0,0,227,0,0,934,1159,100.0,Korean <kde-kr@kde.org>
kmousetool,147,0,0,32,0,0,116,147,100.0,Korean <kde-kr@kde.org>
kmouth,1474,0,0,202,0,0,1067,1474,100.0,Korean <kde-kr@kde.org>
kmplot,2501,0,0,486,0,0,1765,2501,100.0,Korean <kde-kr@kde.org>
kmymoney,20751,796,723,3572,167,75,15120,22270,93.17916479568927,Korean <kde-kr@kde.org>
knavalbattle,401,0,0,104,0,0,360,401,100.0,Korean <kde-kr@kde.org>
knetwalk,236,0,0,56,0,0,185,236,100.0,Korean <kde-kr@kde.org>
knights,797,0,0,237,0,0,652,797,100.0,Korean <kde-kr@kde.org>
knotes,787,0,0,241,0,0,681,787,100.0,Korean <kde-kr@kde.org>
koko,524,8,45,205,6,26,447,577,90.81455805892547,Korean <kde-kr@kde.org>
kolf,405,0,0,150,0,0,356,405,100.0,Korean <kde-kr@kde.org>
kollision,109,0,0,30,0,0,81,109,100.0,Korean <kde-kr@kde.org>
kolorfill,60,0,0,12,0,0,49,60,100.0,Korean <kde-kr@kde.org>
kolourpaint,2661,0,0,456,0,0,2096,2661,100.0,Korean <kde-kr@kde.org>
kommit,1260,162,136,350,70,39,1055,1558,80.87291399229781,Korean <kde-kr@kde.org>
kompare,1413,0,0,200,0,0,985,1413,100.0,Korean <kde-kr@kde.org>
kongress,176,0,0,64,0,0,151,176,100.0,Korean <kde-kr@kde.org>
konqueror,9208,22,0,1376,2,0,6893,9230,99.76164680390033,Korean <kde-kr@kde.org>
konquest,248,0,0,99,0,0,221,248,100.0,Korean <kde-kr@kde.org>
konsole,4282,0,0,899,0,0,3479,4282,100.0,Korean <kde-kr@kde.org>
konsole5,3996,0,0,840,0,0,3232,3996,100.0,Korean <kde-kr@kde.org>
kontact,434,61,0,81,6,0,310,495,87.67676767676768,Korean <kde-kr@kde.org>
kontactinterface,4,0,0,2,0,0,3,4,100.0,Korean <kde-kr@kde.org>
kontrast,327,0,0,46,0,0,206,327,100.0,Korean <kde-kr@kde.org>
konversation,10398,0,7,1649,0,1,8174,10405,99.9327246516098,Korean <kde-kr@kde.org>
kopeninghours,160,0,0,20,0,0,67,160,100.0,Korean <kde-kr@kde.org>
kopete,17175,0,0,3295,0,0,13483,17175,100.0,Korean <kde-kr@kde.org>
korganizer,7755,19,283,1040,1,27,5443,8057,96.25170659054238,Korean <kde-kr@kde.org>
kosmindoormap,623,0,0,442,0,0,609,623,100.0,Korean <kde-kr@kde.org>
kpat,589,0,0,213,0,0,535,589,100.0,Korean <kde-kr@kde.org>
kpimtextedit,274,0,0,123,0,0,260,274,100.0,Korean <kde-kr@kde.org>
kpipewire,26,0,0,4,0,0,26,26,100.0,Korean <kde-kr@kde.org>
kpmcore,3297,0,0,501,0,0,2811,3297,100.0,Korean <kde-kr@kde.org>
kproperty,145,0,0,82,0,0,142,145,100.0,Korean <kde@peremen.name>
kpublictransport,191,0,2,79,0,1,178,193,98.96373056994818,Korean <kde-kr@kde.org>
krdc,1205,0,0,302,0,0,1012,1205,100.0,Korean <kde-kr@kde.org>
krdp,322,0,0,68,0,0,256,322,100.0,Korean <kde-kr@kde.org>
krecorder,128,0,0,52,0,0,109,128,100.0,Korean <kde-kr@kde.org>
krename,2142,0,0,452,0,0,1794,2142,100.0,Korean <kde-kr@kde.org>
kreport,455,0,0,193,0,0,423,455,100.0,Korean <kde@peremen.name>
kreversi,404,0,0,133,0,0,350,404,100.0,Korean <kde-kr@kde.org>
krfb,734,0,0,104,0,0,603,734,100.0,Korean <kde-kr@kde.org>
krita,27758,4454,3962,6700,1339,560,23382,36174,76.73467131088627,Korean <kde-kr@kde.org>
kronometer,233,0,0,80,0,0,185,233,100.0,Korean <kde-kr@kde.org>
kruler,158,0,0,44,0,0,116,158,100.0,Korean <kde-kr@kde.org>
krusader,8096,0,0,1758,0,0,6918,8096,100.0,Korean <kde-kr@kde.org>
ksanecore,59,0,0,10,0,0,52,59,100.0,Korean <kde-kr@kde.org>
kscreen,948,0,0,138,0,0,704,948,100.0,Korean <kde-kr@kde.org>
kscreenlocker,320,0,0,63,0,0,253,320,100.0,Korean <kde-kr@kde.org>
kshisen,667,0,0,75,0,0,453,667,100.0,Korean <kde-kr@kde.org>
ksig,85,0,0,26,0,0,70,85,100.0,Korean <cho.sungjae@gmail.com>
ksmtp,86,0,0,12,0,0,73,86,100.0,Korean <kde-kr@kde.org>
ksnakeduel,243,0,0,56,0,0,181,243,100.0,Korean <kde-kr@kde.org>
kspaceduel,165,0,0,81,0,0,163,165,100.0,Korean <kde-kr@kde.org>
ksquares,293,0,0,87,0,0,227,293,100.0,Korean <kde-kr@kde.org>
ksshaskpass,55,0,0,16,0,0,50,55,100.0,Korean <kde-kr@kde.org>
kstars,12230,17984,34479,4662,5823,3041,9944,64693,18.904672839410754,Korean <kde-kr@kde.org>
ksudoku,1849,0,0,172,0,0,1231,1849,100.0,Korean <kde-kr@kde.org>
ksystemlog,3101,0,0,488,0,0,2250,3101,100.0,Korean <kde-kr@kde.org>
ksystemstats,949,0,0,220,0,0,730,949,100.0,Korean <kde-kr@kde.org>
kteatime,203,0,0,67,0,0,179,203,100.0,Korean <kde-kr@kde.org>
ktechlab,3612,45,47,915,1,17,3046,3704,97.51619870410367,Korean <kde-kr@kde.org>
ktextaddons,1091,42,3319,383,24,304,948,4452,24.505840071877806,Korean <kde-kr@kde.org>
ktextaddons-qt5,954,0,0,327,0,0,827,954,100.0,Korean <kde-kr@kde.org>
ktimer,258,0,0,53,0,0,162,258,100.0,Korean <kde-kr@kde.org>
ktnef,355,0,0,143,0,0,358,355,100.0,Korean <kde-kr@kde.org>
ktorrent,7524,1,0,1374,1,0,5983,7525,99.98671096345515,Korean <kde-kr@kde.org>
ktouch,964,0,0,259,0,0,817,964,100.0,Korean <kde-kr@kde.org>
ktp-desktop-applets,75,0,0,22,0,0,65,75,100.0,Korean <kde-kr@kde.org>
ktrip,144,0,0,57,0,0,116,144,100.0,Korean <kde-kr@kde.org>
ktuberling,111,0,47,37,0,1,102,158,70.25316455696202,Korean <kde-kr@kde.org>
kturtle,1538,0,0,349,0,0,1144,1538,100.0,Korean <kde-kr@kde.org>
kubernetes1.29,43,0,0,7,0,0,32,43,100.0,
kubernetes1.30,43,0,0,7,0,0,32,43,100.0,
kubernetes1.31,43,0,0,7,0,0,32,43,100.0,
kubernetes1.33,0,0,0,0,0,0,0,0,0.0,
kubernetes1.34,0,0,0,0,0,0,0,0,0.0,
kubrick,1213,0,0,168,0,0,983,1213,100.0,Korean <kde-kr@kde.org>
kunifiedpush,180,0,0,29,0,0,146,180,100.0,Korean <kde-kr@kde.org>
kuserfeedback,1157,0,0,270,0,0,956,1157,100.0,Korean <kde-kr@kde.org>
kvirc,30969,0,75,4646,0,21,26936,31044,99.758407421724,Korean (http://app.transifex.com/kvirc/KVIrc/language/ko/)
kwalletmanager5,828,0,0,168,0,0,650,828,100.0,Korean <kde-kr@kde.org>
kwave,5821,0,0,1314,0,0,4496,5821,100.0,Korean <kde-kr@kde.org>
kweather,215,0,0,83,0,0,191,215,100.0,Korean <kde-kr@kde.org>
kweathercore,122,0,0,43,0,0,110,122,100.0,Korean <kde-kr@kde.org>
kwebkitpart,669,0,0,165,0,0,545,669,100.0,Korean <kde@peremen.name>
kwin,6359,0,0,1229,0,0,5295,6359,100.0,Korean <kde-kr@kde.org>
kwin-x11,5886,0,0,1159,0,0,4990,5886,100.0,Korean <kde-kr@kde.org>
kwordquiz,258,0,0,94,0,0,207,258,100.0,Korean <kde-kr@kde.org>
l3afpad,93,0,37,55,0,9,97,130,71.53846153846153,Korean
labwc,24,0,0,15,0,0,24,24,100.0,Korean <https://translate.lxqt-project.org/projects/labwc/labwc/ko/>
lazarus,980,685,25,290,52,6,918,1690,57.98816568047337,비너스걸: https://venusgirls.tistory.com/
leafpad,94,2,29,55,1,12,98,125,75.2,Korean
lftp,1453,1021,1559,213,116,173,1249,4033,36.02777089015621,
libadwaita,417,0,0,135,0,0,400,417,100.0,Korean <gnome-kr@googlegroups.com>
libalkimia,1066,0,0,195,0,0,825,1066,100.0,Korean <kde-kr@kde.org>
libappstream-glib,927,40,46,193,8,9,769,1013,91.51036525172755,Korean (http://www.transifex.com/freedesktop/appstream-glib/language/ko/)
libbonobo,547,0,0,108,0,0,493,547,100.0,Korean <gnome-kr-translation@lists.sourceforge.net>
libbonoboui,368,0,0,115,0,0,320,368,100.0,GNOME Korea <gnome-kr-hackers@lists.kldp.net>
libbytesize,17,0,0,17,0,0,17,17,100.0,Korean <https://translate.fedoraproject.org/projects/blivet/libbytesize/ko/>
libcryptui,3012,0,0,654,0,0,2562,3012,100.0,Korean <gnome-kr@googlegroups.com>
libdnf,1664,0,0,238,0,0,1550,1664,100.0,Korean <https://translate.fedoraproject.org/projects/dnf/libdnf-dnf-4-master/ko/>
libecpg,77131,0,558,10487,0,40,70034,77689,99.28175159932552,Korean Team <kr@postgresql.org>
libfilezilla,308,0,0,65,0,0,267,308,100.0,Korean (Republic of Korea)
libgda,37,2717,8388,19,667,1368,38,11142,0.3320768264225453,Korean <gnome-kr-translation@lists.sourceforge.net>
libgda5,37,2717,8388,19,667,1368,38,11142,0.3320768264225453,Korean <gnome-kr-translation@lists.sourceforge.net>
libgdata,694,0,0,86,0,0,490,694,100.0,Korean <gnome-kr@googlegroups.com>
libgdl,604,0,0,92,0,0,499,604,100.0,GNOME Korean <gnome-kr@googlegroups.com>
libgedit-gtksourceview,301,2,16,90,1,3,280,319,94.35736677115987,GNOME Korean <gnome-kr@googlegroups.com>
libgnome,1773,0,0,273,0,0,1468,1773,100.0,GNOME Korea <gnome-kr@googlegroups.com>
libgnome-games-support,43,0,0,14,0,0,27,43,100.0,Korean <gnome-kr@googlegroups.com>
libgnome-games-support1,43,0,0,14,0,0,27,43,100.0,Korean <gnome-kr@googlegroups.com>
libgnome-keyring,44,0,0,9,0,0,38,44,100.0,GNOME Korea <gnome-kr@googlegroups.com>
libgnomecanvas,378,0,0,95,0,0,333,378,100.0,GNOME Korea <gnome-kr-hackers@lists.kldp.net>
libgnomekbd,242,0,0,55,0,0,225,242,100.0,GNOME Korea <gnome-kr@googlegroups.com>
libgnomeui,1309,0,0,334,0,0,1079,1309,100.0,GNOME Korea <gnome-kr-hackers@lists.kldp.net>
libgravatar,25,0,0,10,0,0,23,25,100.0,Korean <kde-kr@kde.org>
libgsf,696,0,0,146,0,0,609,696,100.0,Korean <gnome-kr@googlegroups.com>
libgtop2,126,0,0,40,0,0,103,126,100.0,GNOME Korea <gnome-kr@googlegroups.com>
libgweather,3167,0,3357,2157,0,2671,2790,6524,48.54383813611282,GNOME Korea <gnome-kr@googlegroups.com>
libgxim,0,0,124,0,0,24,0,124,0.0,LANGUAGE <LL@li.org>
libhandy,1408,0,0,308,0,0,1102,1408,100.0,Korean <gnome-kr@googlegroups.com>
libhangul,16,0,131,9,0,8,15,147,10.884353741496598,Choe Hwanjin <choe.hwanjin@gmail.com>
libidn,415,0,1,58,0,1,353,416,99.75961538461539,Korean <translation-team-ko@googlegroups.com>
libidn2,322,0,0,41,0,0,287,322,100.0,Korean <translation-team-ko@googlegroups.com>
libkcddb,374,0,0,209,0,0,356,374,100.0,Korean <kde-kr@kde.org>
libkcompactdisc,15,0,0,10,0,0,21,15,100.0,Korean <kde-kr@kde.org>
libkdegames,316,0,0,124,0,0,307,316,100.0,Korean <kde-kr@kde.org>
libkdepim,36,0,0,11,0,0,41,36,100.0,Korean <kde-kr@kde.org>
libkeduvocdocument,171,0,0,81,0,0,167,171,100.0,Korean <kde-kr@kde.org>
libkgapi,378,0,0,85,0,0,370,378,100.0,Korean <kde-kr@kde.org>
libkleo,3018,12,4,542,2,2,2313,3034,99.4726433750824,Korean <kde-kr@kde.org>
libkmahjongg,11,0,0,11,0,0,12,11,100.0,Korean <kde-kr@kde.org>
libkomparediff2,143,0,0,19,0,0,106,143,100.0,Korean <kde-kr@kde.org>
libksane,284,0,0,92,0,0,222,284,100.0,Korean <kde-kr@kde.org>
libkscreen,24,0,0,6,0,0,26,24,100.0,Korean <kde-kr@kde.org>
libkscreen-qt5,24,0,0,6,0,0,26,24,100.0,Korean <kde-kr@kde.org>
libksieve,3134,0,0,544,0,0,2487,3134,100.0,Korean <kde-kr@kde.org>
libksysguard,1109,0,0,379,0,0,956,1109,100.0,Korean <kde-kr@kde.org>
libktorrent,465,0,0,105,0,0,456,465,100.0,Korean <kde-kr@kde.org>
libmypaint,2303,0,0,162,0,0,1664,2303,100.0,Korean <https://hosted.weblate.org/projects/mypaint/libmypaint/ko/>
libnma,558,231,18,129,48,6,477,807,69.14498141263941,GNOME Korea <gnome-kr@googlegroups.com>
libosinfo,817,0,0,171,0,0,710,817,100.0,Korean <https://translate.fedoraproject.org/projects/libosinfo/libosinfo/ko/>
libpanel,107,0,0,29,0,0,105,107,100.0,Korean <gnome-kr@googlegroups.com>
libpeas,103,0,0,29,0,0,83,103,100.0,Korean <gnome-kr@googlegroups.com>
libpeas1,103,0,0,29,0,0,83,103,100.0,Korean <gnome-kr@googlegroups.com>
libplasma,227,0,0,52,0,0,200,227,100.0,Korean <kde-kr@kde.org>
libpq,77131,0,558,10487,0,40,70034,77689,99.28175159932552,Korean Team <kr@postgresql.org>
libpwquality,345,0,0,51,0,0,251,345,100.0,Korean <https://translate.fedoraproject.org/projects/libpwquality/app/ko/>
libreoffice,381916,839,390873,61707,124,34461,286912,773628,49.366879171901736,Korean <https://translations.documentfoundation.org/projects/libo_ui-master/accessibilitymessages/ko/>
libreport,4928,0,0,603,0,0,4268,4928,100.0,Korean <https://translate.fedoraproject.org/projects/abrt/libreport/ko/>
libsecret,64,0,0,10,0,0,49,64,100.0,GNOME Korea <gnome-kr@googlegroups.com>
libshumate,22,0,0,10,0,0,20,22,100.0,Korean <gnome-kr@googlegroups.com>
libsmbios,0,0,2187,0,0,361,0,2187,0.0,Korean
libsoup,183,0,0,43,0,0,191,183,100.0,Korean <gnome-kr@googlegroups.com>
libsoup3,180,0,0,38,0,0,181,180,100.0,Korean <gnome-kr@googlegroups.com>
libspelling,7,0,0,4,0,0,6,7,100.0,Korean <gnome-kr@googlegroups.com>
libuser,1020,38,379,218,7,76,1049,1437,70.9812108559499,Korean (http://www.transifex.com/projects/p/fedora/language/ko/)
libvirt,70517,0,774,10610,0,171,65056,71291,98.91430895905515,Korean <https://translate.fedoraproject.org/projects/libvirt/libvirt/ko/>
libvirt-glib,158,0,0,31,0,0,159,158,100.0,Korean <https://translate.fedoraproject.org/projects/libvirt/libvirt-glib/ko/>
libvirt-sandbox,0,0,617,0,0,111,0,617,0.0,Korean (http://www.transifex.com/projects/p/fedora/language/ko/)
libwnck,1124,0,0,241,0,0,1023,1124,100.0,GNOME Korea <gnome-kr-hackers@lists.kldp.net>
libwnck3,1084,0,0,230,0,0,985,1084,100.0,GNOME Korea <gnome-kr@googlegroups.com>
libxfce4ui,1017,0,0,210,0,0,882,1017,100.0,Korean (https://app.transifex.com/xfce/teams/16840/ko/)
libxfce4util,424,0,0,7,0,0,321,424,100.0,Korean (http://www.transifex.com/xfce/libxfce4util/language/ko/)
libxfce4windowing,63,0,0,19,0,0,58,63,100.0,Korean (https://www.transifex.com/xfce/teams/16840/ko/)
libzypp,2218,0,708,935,0,92,1923,2926,75.80314422419686,Korean <https://l10n.opensuse.org/projects/libzypp/master/ko/>
liferea,497,737,832,133,199,178,434,2066,24.05614714424008,GNOME Korea <gnome-kr-hackers@lists.kldp.net>
light-locker,7,0,253,2,0,35,6,260,2.6923076923076925,Korean (http://www.transifex.com/the_cavalry/light-locker/language/ko/)
lightdm,22,0,141,9,0,12,20,163,13.496932515337424,Korean <ko@li.org>
lightdm-gtk,29,0,60,11,0,14,25,89,32.58426966292135,Korean <ko@li.org>
lightdm-settings,355,0,0,74,0,0,278,355,100.0,Korean <ko@li.org>
lightsoff,1152,0,0,119,0,0,773,1152,100.0,Korean <gnome-kr@googlegroups.com>
localsearch,1854,0,0,302,0,0,1522,1854,100.0,Gnome Korea <gnome-kr@googlegroups.com>
lokalize,4086,0,0,668,0,0,3086,4086,100.0,Korean <kde-kr@kde.org>
lollypop,1423,0,5,454,0,1,1235,1428,99.64985994397759,Korean <https://hosted.weblate.org/projects/gnumdk/lollypop/ko/>
loupe,1306,0,0,293,0,0,1098,1306,100.0,Korean <gnome-kr@googlegroups.com>
lskat,266,0,0,89,0,0,233,266,100.0,Korean <kde-kr@kde.org>
lutris,1698,6,5914,559,3,684,1486,7618,22.28931478078236,Korean
lxdm,48,0,0,26,0,0,47,48,100.0,Seong-ho Cho <darkcircle.0426@gmail.com>
lxinput,81,4,0,24,4,0,69,85,95.29411764705881,LANGUAGE <LL@li.org>
lxmenu-data,59,34,7,27,11,3,54,100,59.0,GNOME Korea <gnome-kr-hackers@lists.kldp.net>
lxshortcut,0,0,43,0,0,19,0,43,0.0,LANGUAGE <LL@li.org>
m4,1171,0,0,197,0,0,1113,1171,100.0,Korean <translation-team-ko@googlegroups.com>
magpie,1301,0,0,153,0,0,1071,1301,100.0,GNOME Korea <gnome-kr@googlegroups.com>
mailcommon,2803,0,0,514,0,0,2129,2803,100.0,Korean <kde-kr@kde.org>
mailimporter,1405,0,0,126,0,0,1105,1405,100.0,Korean <kde-kr@kde.org>
mailman3,3432,44,1354,319,6,90,3147,4830,71.05590062111801,Korean <https://hosted.weblate.org/projects/gnu-mailman/mailman/ko/>
make,2593,0,0,477,0,0,2464,2593,100.0,Korean <translation-team-ko@googlegroups.com>
malcontent,3,0,581,2,0,96,3,584,0.5136986301369862,none
maliit-keyboard,37,4,40,34,2,25,35,81,45.67901234567901,Korean <ko@li.org>
mame,1405,0,2280,579,0,709,1378,3685,38.12754409769335,MAME Language Team
man-db,9635,120,86,603,24,25,7231,9841,97.90671679707347,Korean <translation-team-ko@lists.sourceforge.net>
man-pages-l10n,115954,101442,424770,27747,5950,22309,102352,642166,18.0567018496775,Korean <translation-team-ko@googlegroups.com>
manafirewall,15,0,1082,14,0,119,15,1097,1.367365542388332,Korean (https://www.transifex.com/MageiaLinux/teams/9361/ko/)
marble,1787,317,9353,878,164,2306,1630,11457,15.597451339792268,Korean <kde-kr@kde.org>
marco,3671,0,500,407,0,26,2961,4171,88.01246703428434,Korean (https://app.transifex.com/mate/teams/13566/ko/)
markdownpart,23,0,0,9,0,0,20,23,100.0,Korean <kde-kr@kde.org>
marker,178,0,24,73,0,7,165,202,88.11881188118812,
marknote,46,54,217,17,26,96,34,317,14.511041009463725,Korean <kde-kr@kde.org>
massif-visualizer,360,0,0,111,0,0,321,360,100.0,Korean <kde-kr@kde.org>
mate-applets,9404,0,6702,1063,0,592,7238,16106,58.388178318639014,Korean (https://app.transifex.com/mate/teams/13566/ko/)
mate-backgrounds,55,0,0,29,0,0,53,55,100.0,Korean (https://app.transifex.com/mate/teams/13566/ko/)
mate-calc,1568,0,1759,497,0,254,1362,3327,47.129546137661556,Korean (https://app.transifex.com/mate/teams/13566/ko/)
mate-control-center,3593,24,4643,1125,9,393,3083,8260,43.49878934624697,Korean (https://app.transifex.com/mate/teams/13566/ko/)
mate-desktop,2146,6,260,274,2,19,1783,2412,88.97180762852405,Korean (https://app.transifex.com/mate/teams/13566/ko/)
mate-icon-theme,4,0,0,2,0,0,4,4,100.0,Korean (https://app.transifex.com/mate/teams/13566/ko/)
mate-media,231,0,13,94,0,6,216,244,94.67213114754098,Korean (https://app.transifex.com/mate/teams/13566/ko/)
mate-menu,308,0,0,110,0,0,277,308,100.0,Korean (http://www.transifex.com/mate/MATE/language/ko/)
mate-menus,98,0,5,38,0,1,91,103,95.14563106796116,Korean (https://app.transifex.com/mate/teams/13566/ko/)
mate-notification-daemon,140,0,46,41,0,12,149,186,75.26881720430107,Korean (https://app.transifex.com/mate/teams/13566/ko/)
mate-panel,5327,5,1421,675,2,145,4059,6753,78.88345920331705,Korean (https://app.transifex.com/mate/teams/13566/ko/)
mate-polkit,123,0,0,21,0,0,80,123,100.0,Korean (https://app.transifex.com/mate/teams/13566/ko/)
mate-power-manager,3259,7,1857,445,2,105,2633,5123,63.61506929533477,Korean (https://app.transifex.com/mate/teams/13566/ko/)
mate-screensaver,1011,0,90,164,0,12,764,1101,91.82561307901908,Korean (https://app.transifex.com/mate/teams/13566/ko/)
mate-sensors-applet,813,0,1347,131,0,95,642,2160,37.638888888888886,Korean (https://app.transifex.com/mate/teams/13566/ko/)
mate-session-manager,691,0,26,124,0,9,548,717,96.37377963737796,Korean (https://app.transifex.com/mate/teams/13566/ko/)
mate-settings-daemon,1995,0,208,298,0,20,1562,2203,90.5583295506128,Korean (https://app.transifex.com/mate/teams/13566/ko/)
mate-system-monitor,2058,0,2836,379,0,282,1767,4894,42.05149162239477,Korean (https://app.transifex.com/mate/teams/13566/ko/)
mate-terminal,4851,0,3387,554,0,211,3450,8238,58.8856518572469,Korean (https://app.transifex.com/mate/teams/13566/ko/)
mate-themes,74,0,0,23,0,0,60,74,100.0,Korean (http://app.transifex.com/mate/MATE/language/ko/)
mate-user-admin,508,0,97,115,0,11,429,605,83.96694214876032,Korean (https://www.transifex.com/mate/teams/13566/ko/)
mate-user-guide,26332,0,16641,2100,0,1128,19559,42973,61.27568473227375,Korean (https://app.transifex.com/mate/teams/13566/ko/)
mate-utils,5912,0,3989,796,0,275,4607,9901,59.71114028885971,Korean (https://app.transifex.com/mate/teams/13566/ko/)
maui-mauikit,92,0,0,44,0,0,85,92,100.0,Korean <kde-kr@kde.org>
maui-mauikit-accounts,43,0,0,15,0,0,33,43,100.0,Korean <kde-kr@kde.org>
maui-mauikit-calendar,63,0,0,29,0,0,59,63,100.0,Korean <kde-kr@kde.org>
maui-mauikit-documents,67,0,2,13,0,1,59,69,97.10144927536231,Korean <kde-kr@kde.org>
maui-mauikit-filebrowsing,618,0,0,104,0,0,429,618,100.0,Korean <kde-kr@kde.org>
maui-mauikit-imagetools,61,0,0,28,0,0,53,61,100.0,Korean <kde-kr@kde.org>
maui-mauikit-index-fm,384,0,0,140,0,0,325,384,100.0,Korean <kde-kr@kde.org>
maui-mauikit-pix,325,0,0,112,0,0,244,325,100.0,Korean <kde-kr@kde.org>
maui-mauikit-station,326,0,0,93,0,0,264,326,100.0,Korean <kde-kr@kde.org>
maui-mauikit-terminal,21,0,0,9,0,0,17,21,100.0,Korean <kde-kr@kde.org>
maui-mauikit-texteditor,111,0,0,36,0,0,97,111,100.0,Korean <kde-kr@kde.org>
mbox-importer,40,0,0,13,0,0,31,40,100.0,Korean <kde-kr@kde.org>
mc,4252,0,183,1249,0,18,3904,4435,95.87373167981961,Korean (http://app.transifex.com/mc/mc/language/ko/)
mediawriter,836,0,0,155,0,0,718,836,100.0,Korean <https://translate.fedoraproject.org/projects/fedora-media-writer/mediawriter/ko/>
meld,865,0,0,242,0,0,758,865,100.0,GNOME Korean <Gnome-kr-hackers@lists.kldp.net>
menulibre,34,0,839,25,0,141,32,873,3.8946162657502863,Korean <ko@li.org>
merkuro,1956,0,0,705,0,0,1694,1956,100.0,Korean <kde-kr@kde.org>
messagelib,7634,0,0,1390,0,0,6058,7634,100.0,Korean <kde-kr@kde.org>
metacity,2040,0,0,310,0,0,1759,2040,100.0,GNOME Korea <gnome-kr@googlegroups.com>
metadata-cleaner,658,48,12,86,3,2,484,718,91.64345403899722,Korean <https://hosted.weblate.org/projects/metadata-cleaner/application/ko/>
mimetreeparser,283,0,0,90,0,0,277,283,100.0,Korean <kde-kr@kde.org>
minetest,3442,1409,5601,746,272,445,3038,10452,32.93149636433218,Korean <https://hosted.weblate.org/projects/minetest/minetest/ko/>
mingw-GConf2,4088,0,0,497,0,0,3534,4088,100.0,GNOME Korea <gnome-kr@googlegroups.com>
mingw-atk,440,0,0,169,0,0,396,440,100.0,GNOME Korea <gnome-kr@googlegroups.com>
mingw-colord,386,0,1499,97,0,106,304,1885,20.477453580901855,Korean (http://www.transifex.com/projects/p/colord/language/ko/)
mingw-gdk-pixbuf,1325,0,0,198,0,0,1136,1325,100.0,Gnome Korea <gnome-kr@googlegroups.com>
mingw-gettext,8415,1232,3022,1004,571,1030,6798,12669,66.42197489936065,Korean <translation-team-ko@googlegroups.com>
mingw-glib-networking,460,0,0,68,0,0,399,460,100.0,Korean <gnome-kr@googlegroups.com>
mingw-glib2,7889,0,0,1253,0,0,6900,7889,100.0,GNOME Korea <gnome-kr@googlegroups.com>
mingw-gstreamer1,672,0,1551,161,0,230,592,2223,30.229419703103915,Korean <translation-team-ko@googlegroups.com>
mingw-gtk2,12381,0,0,2582,0,0,9875,12381,100.0,Gnome Korea <gnome-kr@googlegroups.com>
mingw-gtk3,16737,0,0,3942,0,0,13746,16737,100.0,Gnome Korea <gnome-kr@googlegroups.com>
mingw-gtk4,4764,0,0,1636,0,0,4486,4764,100.0,Gnome Korea <gnome-kr@googlegroups.com>
mingw-gtksourceview3,320,2,0,105,1,0,301,322,99.37888198757764,GNOME Korean <gnome-kr@googlegroups.com>
mingw-json-glib,307,0,0,47,0,0,239,307,100.0,Korean <gnome-kr@googlegroups.com>
mingw-libcharset,342,0,0,46,0,0,290,342,100.0,Korean <translation-team-ko@googlegroups.com>
mingw-libidn,415,0,1,58,0,1,353,416,99.75961538461539,Korean <translation-team-ko@googlegroups.com>
mingw-libidn2,322,0,0,41,0,0,287,322,100.0,Korean <translation-team-ko@googlegroups.com>
mingw-libsoup,183,0,0,43,0,0,191,183,100.0,Korean <gnome-kr@googlegroups.com>
mingw-postgresql,77131,0,558,10487,0,40,70034,77689,99.28175159932552,Korean Team <kr@postgresql.org>
mingw-wxWidgets3,5770,1121,804,1266,331,256,5095,7695,74.98375568551006,Korean <Korean>
minicom,1958,0,0,417,0,0,1872,1958,100.0,Korean <translation-team-ko@googlegroups.com>
minidlna,40,0,0,23,0,0,44,40,100.0,Korean
minuet,350,92,92,144,33,26,272,534,65.54307116104869,Korean <kde-kr@kde.org>
mkvtoolnix,38277,2635,3820,3541,311,302,28819,44732,85.56961459357953,Korean (http://www.transifex.com/moritz-bunkus/mkvtoolnix/language/ko/)
monodevelop,18628,1712,2958,4411,417,470,16008,23298,79.955360975191,Junil Um <powerumc@gmail.com>
moserial,757,0,0,115,0,0,593,757,100.0,Korean <gnome-kr-translation@lists.sourceforge.net>
mousepad,1700,0,0,428,0,0,1403,1700,100.0,Korean (http://app.transifex.com/xfce/xfce-apps/language/ko/)
mousetweaks,114,0,0,30,0,0,107,114,100.0,GNOME Korea <gnome-kr@googlegroups.com>
mozo,46,0,0,24,0,0,42,46,100.0,Korean (https://app.transifex.com/mate/teams/13566/ko/)
msitools,85,0,0,29,0,0,75,85,100.0,Korean <gnome-kr@googlegroups.com>
muffin,1219,0,0,144,0,0,1014,1219,100.0,GNOME Korea <gnome-kr@googlegroups.com>
multimedia-menus,56,0,0,22,0,0,62,56,100.0,Korean <ko@li.org>
mutt,3464,1688,1577,808,314,298,2953,6729,51.47867439441225,Im Eunjea <eunjea@kldp.org>
mutter,1440,0,0,150,0,0,1171,1440,100.0,GNOME Korea <gnome-kr@googlegroups.com>
mypaint,6381,0,0,1270,0,0,5302,6381,100.0,Korean <https://hosted.weblate.org/projects/mypaint/mypaint/ko/>
naev-data,10925,12875,314063,894,1960,15810,8080,337863,3.233559164513427,Korean <https://hosted.weblate.org/projects/naev/naev/ko/>
nano,3555,0,0,645,0,0,2969,3555,100.0,Korean <translation-team-ko@googlegroups.com>
nautilus,5483,0,0,1137,0,0,4389,5483,100.0,GNOME Korea <gnome-kr@googlegroups.com>
ncmpc,731,0,0,292,0,0,692,731,100.0,Korean <https://hosted.weblate.org/projects/ncmpc/translations/ko/>
nemiver,1341,0,0,340,0,0,1071,1341,100.0,Korean <gnome-kr@googlegroups.com>
neochat,4608,147,60,1148,49,10,3892,4815,95.70093457943926,Korean <kde-kr@kde.org>
neomutt,2882,2994,2247,665,603,415,2422,8123,35.479502646805365,Im Eunjea <eunjea@kldp.org>
network-manager-applet,1447,1211,1781,371,262,241,1265,4439,32.597431854021174,GNOME Korea <gnome-kr@googlegroups.com>
neverball,214,0,2521,115,0,244,200,2735,7.824497257769653,Korean (http://www.transifex.com/projects/p/neverball/language/ko/)
newt,4,0,0,4,0,0,4,4,100.0,Korean <cwryu@debian.org>
noggin,1798,0,0,296,0,0,1492,1798,100.0,Korean <https://translate.fedoraproject.org/projects/fedora-infra/noggin/ko/>
notification-daemon,17,0,0,7,0,0,16,17,100.0,GNOME Korea <gnome-kr@googlegroups.com>
novnc,131,0,0,68,0,0,129,131,100.0,Korean
okteta,2538,0,0,618,0,0,1794,2538,100.0,Korean <kde-kr@kde.org>
okular,5896,23,0,1279,9,0,4770,5919,99.61142084811624,Korean <kde-kr@kde.org>
optiimage,145,0,0,45,0,0,125,145,100.0,Korean <kde-kr@kde.org>
orage,2308,0,7,948,0,2,1990,2315,99.69762419006479,Korean (https://app.transifex.com/xfce/teams/16840/ko/)
orca,1433,999,1275,579,351,340,1386,3707,38.6565956298894,GNOME Korea <gnome-kr-hackers@lists.kldp.net>
osinfo-db-tools,222,0,0,43,0,0,208,222,100.0,Korean <https://translate.fedoraproject.org/projects/libosinfo/osinfo-db-tools/ko/>
p11-kit,1133,25,606,196,5,112,972,1764,64.22902494331065,Korean (http://www.transifex.com/freedesktop/p11-kit/language/ko/)
pacman,5333,0,29,915,0,4,4711,5362,99.45915703095861,Korean (http://app.transifex.com/toofishes/archlinux-pacman/language/ko/)
palapeli,1525,0,0,186,0,0,1080,1525,100.0,Korean <kde-kr@kde.org>
pam,544,0,0,101,0,0,448,544,100.0,Korean <https://translate.fedoraproject.org/projects/linux-pam/master/ko/>
papers,8302,0,0,963,0,0,5902,8302,100.0,GNOME Korea <gnome-kr@googlegroups.com>
paprefs,137,0,0,25,0,0,122,137,100.0,Korean <https://translate.fedoraproject.org/projects/pulseaudio/paprefs/ko/>
parole,810,0,0,287,0,0,772,810,100.0,Korean (http://app.transifex.com/xfce/xfce-apps/language/ko/)
parted,4585,16,27,568,5,4,3840,4628,99.07087294727745,Korean <translation-team-ko@googlegroups.com>
pavucontrol,526,8,332,147,4,28,494,866,60.739030023094685,Korean <https://translate.fedoraproject.org/projects/pulseaudio/pavucontrol/ko/>
pdfarranger,357,0,206,127,0,70,316,563,63.41030195381882,
peek,50,3,511,14,2,81,35,564,8.865248226950355,Korean <https://hosted.weblate.org/projects/peek/translations/ko/>
pgadmin4,14901,0,1838,3388,0,134,12102,16739,89.01965469860804,
pgrouting,843,210,39287,257,46,5116,719,40340,2.0897372335151214,Korean <https://weblate.osgeo.org/projects/pgrouting/index/ko/>
phd2,5799,1078,805,1274,299,272,5118,7682,75.48815412652955,Korean <Korean>
phonon,327,0,0,59,0,0,275,327,100.0,Korean <kde-kr@kde.org>
phonon-backend-gstreamer,104,0,0,15,0,0,80,104,100.0,Korean <kde-kr@kde.org>
phonon-backend-vlc,27,0,0,3,0,0,19,27,100.0,Korean <kde-kr@kde.org>
phonon-qt4,116,0,0,25,0,0,95,116,100.0,Korean <kde-kr@kde.org>
phonon-qt4-backend-gstreamer,104,0,0,15,0,0,80,104,100.0,Korean <kde-kr@kde.org>
phosh,111,0,0,57,0,0,107,111,100.0,Korean <gnome-kr@googlegroups.com>
picard,3046,184,7554,1145,41,1311,2556,10784,28.245548961424333,Korean <https://translations.metabrainz.org/projects/picard/2/app/ko/>
picmi,202,0,0,116,0,0,192,202,100.0,Korean <kde-kr@kde.org>
pidgin,8769,0,5225,2079,0,1112,7832,13994,62.662569672716884,Korean (http://app.transifex.com/pidgin/pidgin/language/ko/)
pidgin-sipe,59,0,1060,24,0,249,57,1119,5.272564789991064,Korean (http://www.transifex.com/stefanb/pidgin-sipe/language/ko/)
pim-data-exporter,794,0,0,200,0,0,660,794,100.0,Korean <kde-kr@kde.org>
pim-sieve-editor,470,0,0,125,0,0,389,470,100.0,Korean <kde-kr@kde.org>
pimcommon,884,0,0,216,0,0,700,884,100.0,Korean <kde-kr@kde.org>
pinta,976,0,770,367,0,170,895,1746,55.899198167239405,Korean <ko@li.org>
pipewire,174,218,255,62,19,27,171,647,26.89335394126739,Korean
pipewire-media-session,3,0,2,2,0,1,3,5,60.0,Korean
pitivi,1086,136,305,239,54,107,859,1527,71.11984282907662,Ubuntu Korean Translators <ubuntu-ko@lists.ubuntu.com>
plank,189,0,0,50,0,0,195,189,100.0,Korean <ko@li.org>
plasma-bigscreen,460,0,0,211,0,0,453,460,100.0,Korean <kde-kr@kde.org>
plasma-breeze,262,0,0,92,0,0,259,262,100.0,Korean <kde-kr@kde.org>
plasma-browser-integration,127,0,0,25,0,0,94,127,100.0,Korean <kde-kr@kde.org>
plasma-camera,126,0,7,43,0,3,110,133,94.73684210526315,Korean <kde-kr@kde.org>
plasma-desktop,7729,0,9,1720,0,1,6428,7738,99.8836908761954,Korean <kde-kr@kde.org>
plasma-dialer,151,0,0,58,0,0,150,151,100.0,Korean <kde-kr@kde.org>
plasma-discover,3699,0,11,737,0,2,3117,3710,99.70350404312669,Korean <kde-kr@kde.org>
plasma-disks,205,0,0,19,0,0,162,205,100.0,Korean <kde-kr@kde.org>
plasma-drkonqi,1981,0,0,211,0,0,1481,1981,100.0,Korean <kde-kr@kde.org>
plasma-firewall,393,0,0,145,0,0,349,393,100.0,Korean <kde-kr@kde.org>
plasma-integration,72,0,0,24,0,0,60,72,100.0,Korean <kde-kr@kde.org>
plasma-keyboard,15,0,43,3,0,13,12,58,25.862068965517242,Korean <kde-kr@kde.org>
plasma-mediacenter,172,0,0,87,0,0,164,172,100.0,Korean <kde@peremen.name>
plasma-milou,10,0,0,4,0,0,9,10,100.0,Korean <kde-kr@kde.org>
plasma-mobile,1848,0,0,882,0,0,1649,1848,100.0,Korean <kde-kr@kde.org>
plasma-nano,36,0,0,11,0,0,33,36,100.0,Korean <kde-kr@kde.org>
plasma-nm,6453,0,1,1608,0,1,5467,6454,99.98450573287883,Korean <kde-kr@kde.org>
plasma-oxygen,794,0,0,292,0,0,764,794,100.0,Korean <kde-kr@kde.org>
plasma-pa,423,0,0,126,0,0,410,423,100.0,Korean <kde-kr@kde.org>
plasma-pass,22,0,0,6,0,0,22,22,100.0,Korean <kde-kr@kde.org>
plasma-phonebook,73,0,0,33,0,0,63,73,100.0,Korean <kde-kr@kde.org>
plasma-print-manager,1199,0,0,315,0,0,1046,1199,100.0,Korean <kde-kr@kde.org>
plasma-sdk,945,0,0,310,0,0,806,945,100.0,Korean <kde-kr@kde.org>
plasma-settings,88,0,0,28,0,0,80,88,100.0,Korean <kde-kr@kde.org>
plasma-systemmonitor,689,0,0,202,0,0,545,689,100.0,Korean <kde-kr@kde.org>
plasma-systemsettings,133,0,0,37,0,0,114,133,100.0,Korean <kde-kr@kde.org>
plasma-thunderbolt,174,0,0,39,0,0,131,174,100.0,Korean <kde-kr@kde.org>
plasma-vault,628,0,0,99,0,0,521,628,100.0,Korean <kde-kr@kde.org>
plasma-welcome,1742,0,0,168,0,0,1295,1742,100.0,Korean <kde-kr@kde.org>
plasma-welcome-fedora,108,0,0,11,0,0,92,108,100.0,Korean <https://translate.fedoraproject.org/projects/fedora-kde/plasma-welcome-fedora/ko/>
plasma-workspace,10488,10,0,2314,1,0,8516,10498,99.90474376071633,Korean <kde-kr@kde.org>
plasma-workspace-x11,10488,10,0,2314,1,0,8516,10498,99.90474376071633,Korean <kde-kr@kde.org>
plasma5support,3174,0,0,995,0,0,2861,3174,100.0,Korean <kde-kr@kde.org>
plasmatube,517,0,0,191,0,0,450,517,100.0,Korean <kde-kr@kde.org>
playonlinux,448,0,2280,131,0,318,349,2728,16.422287390029325,Korean <ko@li.org>
pluma,5898,0,7215,1229,0,861,4532,13113,44.978265843056505,Korean (https://app.transifex.com/mate/teams/13566/ko/)
pluma-plugins,206,0,1199,22,0,123,170,1405,14.661921708185051,Korean (https://app.transifex.com/mate/teams/13566/ko/)
plymouth-kcm,93,0,0,20,0,0,78,93,100.0,Korean <kde-kr@kde.org>
pmount,34,0,689,6,0,57,26,723,4.702627939142462,Korean <ko@li.org>
po4a,274,278,2765,47,39,189,247,3317,8.26047633403678,Korean <debian-l10n-korean@lists.debian.org>
poedit,3331,0,0,721,0,0,2728,3331,100.0,Korean
pogo,144,0,432,36,0,65,97,576,25.0,Korean <ko@li.org>
polari,849,0,2,199,0,1,739,851,99.76498237367802,Korean <gnome-kr@googlegroups.com>
policycoreutils,6361,0,0,1000,0,0,5524,6361,100.0,Korean <https://translate.fedoraproject.org/projects/selinux/gui/ko/>
polkit-kde,59,0,0,23,0,0,51,59,100.0,Korean <kde-kr@kde.org>
popt,84,0,6,31,0,1,84,90,93.33333333333333,Korean <https://translate.fedoraproject.org/projects/popt/master/ko/>
postgis,43243,8020,48508,2470,432,2860,34008,99771,43.34225376111295,Korean <https://weblate.osgeo.org/projects/postgis/postgis-manual/ko/>
postgresql-jdbc,2839,0,15,335,0,15,2513,2854,99.47442186405046,PostgreSQL Translators<pgsql-translators@postgresql.org>
postgresql16,77131,0,558,10487,0,40,70034,77689,99.28175159932552,Korean Team <kr@postgresql.org>
postgresql17,84139,0,0,11368,0,0,76220,84139,100.0,Korean Team <kr@postgresql.org>
powerdevil,1825,0,0,399,0,0,1536,1825,100.0,Korean <kde-kr@kde.org>
powertop,17,7,674,8,4,190,17,698,2.4355300859598854,Korean (http://www.transifex.com/projects/p/PowerTOP/language/ko/)
pragha,878,0,12,274,0,2,790,890,98.65168539325843,Korean (Korea) (http://www.transifex.com/p/Pragha/language/ko_KR/)
procps-ng,5178,0,0,925,0,0,4973,5178,100.0,Korean <translation-team-ko@googlegroups.com>
proftpd,823,0,0,198,0,0,794,823,100.0,Korean User Group
prusa-slicer,68539,5825,56641,11907,1741,7609,57555,131005,52.317850463722756,
psmisc,3674,0,0,336,0,0,3039,3674,100.0,Korean <translation-team-ko@googlegroups.com>
ptyxis,1644,0,0,403,0,0,1391,1644,100.0,Korean <Korean>
publican,1751,66,3626,124,2,490,1417,5443,32.169759323902255,Korean <ko@li.org>
pulseaudio,3786,0,0,572,0,0,3208,3786,100.0,Korean <https://translate.fedoraproject.org/projects/pulseaudio/pulseaudio/ko/>
pychess,7592,0,0,1468,0,0,5633,7592,100.0,Korean (http://www.transifex.com/gbtami/pychess/language/ko/)
pyhoca-gui,0,0,1865,0,0,402,0,1865,0.0,none
pykickstart,1628,0,15,180,0,2,1392,1643,99.08703590992087,Korean <https://translate.fedoraproject.org/projects/pykickstart/master/ko/>
python-apt,150,172,222,41,40,37,148,544,27.573529411764707,Korean <ko@li.org>
python-blivet,605,0,0,81,0,0,534,605,100.0,Korean <https://translate.fedoraproject.org/projects/blivet/blivet-master/ko/>
python-caja,6,0,0,2,0,0,6,6,100.0,Korean (https://www.transifex.com/mate/teams/13566/ko/)
python-django-allauth,1759,52,0,298,9,0,1276,1811,97.12865819988956,Korean <https://hosted.weblate.org/projects/allauth/django-allauth/ko/>
python-django-contrib-comments,250,0,0,61,0,0,166,250,100.0,Korean (http://www.transifex.com/django/django-contrib-comments/language/ko/)
python-django-formtools,32,0,0,11,0,0,25,32,100.0,Korean (http://www.transifex.com/django/django-formtools/language/ko/)
python-django-mailman3,355,0,112,72,0,7,247,467,76.017130620985,Korean <https://hosted.weblate.org/projects/gnu-mailman/django-mailman3/ko/>
python-django-rest-framework,555,0,147,92,0,33,473,702,79.05982905982906,Korean (Korea) (http://www.transifex.com/django-rest-framework-1/django-rest-framework/language/ko_KR/)
python-django4.2,3791,0,48,879,0,5,2815,3839,98.74967439437353,Korean (http://www.transifex.com/django/django/language/ko/)
python-django5,3922,0,0,921,0,0,2911,3922,100.0,Korean (http://app.transifex.com/django/django/language/ko/)
python-flask-admin,365,0,2,110,0,2,302,367,99.45504087193461,Korean
python-formencode,811,0,14,108,0,9,530,825,98.3030303030303,Hong Minhee <minhee@dahlia.kr>
python-humanize,88,38,6,35,29,3,56,132,66.66666666666666,ko_KR <LL@li.org>
python-hyperkitty,851,55,31,239,10,10,659,937,90.82177161152615,Korean <https://hosted.weblate.org/projects/gnu-mailman/hyperkitty/ko/>
python-meh,109,0,0,23,0,0,81,109,100.0,Korean <https://translate.fedoraproject.org/projects/python-meh/master/ko/>
python-nikola,94,0,0,44,0,0,86,94,100.0,Korean (http://app.transifex.com/ralsina/nikola/language/ko/)
python-oslo-i18n,30,0,0,8,0,0,30,30,100.0,Korean (South Korea)
python-postorius,3579,1181,405,487,101,54,2721,5165,69.29332042594385,Korean <https://hosted.weblate.org/projects/gnu-mailman/postorius/ko/>
python-simpleline,42,0,0,16,0,0,29,42,100.0,Korean <https://translate.fedoraproject.org/projects/python-simpleline/master/ko/>
python-sphinx,4543,0,1126,696,0,142,3952,5669,80.13759040395131,Korean (http://app.transifex.com/sphinx-doc/sphinx-1/language/ko/)
python-sphinxcontrib-devhelp,0,0,18,0,0,2,0,18,0.0,Korean (https://www.transifex.com/sphinx-doc/teams/36659/ko/)
python-sphinxcontrib-htmlhelp,25,0,0,5,0,0,27,25,100.0,Korean (https://www.transifex.com/sphinx-doc/teams/36659/ko/)
python-sphinxcontrib-qthelp,3,0,30,1,0,2,4,33,9.090909090909092,Korean (https://www.transifex.com/sphinx-doc/teams/36659/ko/)
python-sphinxcontrib-serializinghtml,18,0,0,2,0,0,14,18,100.0,Korean (https://www.transifex.com/sphinx-doc/teams/36659/ko/)
python-uranium,706,0,0,165,0,0,556,706,100.0,LANGUAGE <LL@li.org>
python-wtforms,166,0,23,30,0,3,151,189,87.83068783068782,ko_KR <6566gun@gmail.com>
python-wxpython4,5324,1317,1196,1202,397,366,4694,7837,67.93415847900982,Korean <Korean>
python-ytmusicapi,19,0,0,19,0,0,25,19,100.0,LANGUAGE <LL@li.org>
qmlkonsole,166,0,0,54,0,0,129,166,100.0,Korean <kde-kr@kde.org>
qrca,138,0,0,49,0,0,131,138,100.0,Korean <kde-kr@kde.org>
qt3,483,0,0,201,0,0,497,483,100.0,
qtwebkit,1431,5,0,334,1,0,1146,1436,99.65181058495823,GNOME Korea <gnome-kr@googlegroups.com>
quadrapassel,460,0,0,82,0,0,349,460,100.0,GNOME Korea <gnome-kr@googlegroups.com>
quassel,2278,0,6084,633,0,1074,2035,8362,27.24228653432193,Korean (http://www.transifex.com/quassel/quassel/language/ko/)
quearcode,80,0,0,20,0,0,66,80,100.0,
quodlibet,3492,819,3644,851,245,605,2866,7955,43.89692017598995,Korean <https://hosted.weblate.org/projects/quodlibet/quodlibet/ko/>
rabbitvcs,1797,0,36,492,0,27,1455,1833,98.03600654664486,Korean
ravada,0,0,1075,0,0,286,0,1075,0.0,
realmd,789,28,16,127,4,3,706,833,94.71788715486194,Korean (http://www.transifex.com/freedesktop/realmd/language/ko/)
redhat-menus,261,0,0,86,0,0,247,261,100.0,Korean <ko@li.org>
rednotebook,864,0,416,206,0,71,719,1280,67.5,Korean <https://hosted.weblate.org/projects/rednotebook/desktop-app/ko/>
regextester,0,0,104,0,0,31,0,104,0.0,none
remmina,5257,109,41,990,18,10,4598,5407,97.22581838357685,Korean <https://hosted.weblate.org/projects/remmina/remmina/ko/>
renameutils,9,179,77,7,31,16,11,265,3.3962264150943398,Korean <translation-team-ko@lists.sourceforge.net>
retrace-server,433,0,0,56,0,0,329,433,100.0,Korean <https://translate.fedoraproject.org/projects/abrt/retrace-server/ko/>
rhythmbox,3734,0,0,971,0,0,3216,3734,100.0,GNOME Korea <gnome-kr@googlegroups.com>
rhythmbox-alternative-toolbar,341,0,13,102,0,6,306,354,96.32768361581921,Korean <ko@li.org>
ristretto,655,0,0,197,0,0,586,655,100.0,Korean (http://app.transifex.com/xfce/xfce-apps/language/ko/)
rizin,1379,0,0,159,0,0,1205,1379,100.0,Korean <translation-team-ko@googlegroups.com>
rocs,1448,0,0,300,0,0,1153,1448,100.0,Korean <kde-kr@kde.org>
rpi-imager,13345,135,0,880,17,0,10491,13480,98.99851632047478,Korean <translation-team-ko@googlegroups.com>
rpm,4732,0,0,910,0,0,4564,4732,100.0,Korean <https://translate.fedoraproject.org/projects/rpm/rpm-l10n/ko/>
rpm-ostree,1664,0,0,238,0,0,1550,1664,100.0,Korean <https://translate.fedoraproject.org/projects/dnf/libdnf-dnf-4-master/ko/>
rygel,1632,0,0,302,0,0,1472,1632,100.0,GNOME Korea <gnome-kr@googlegroups.com>
sakura,203,0,5,69,0,1,181,208,97.59615384615384,Korean <ko@li.org>
samba,187,67,270,31,18,79,148,524,35.68702290076336,Novell Language <language@novell.com>
sawfish,2178,1630,3670,547,292,412,1832,7478,29.12543460818401,Korean <ko@li.org>
scim-hangul,186,0,0,27,0,0,125,186,100.0,Korean
scim-pinyin,204,430,0,58,28,0,183,634,32.17665615141956,Korean
scons,48,0,0,22,0,0,43,48,100.0,
scratch,1461,4,5,621,2,3,1387,1470,99.38775510204081,
scummvm,15601,0,0,2458,0,0,12815,15601,100.0,Korean <https://translations.scummvm.org/projects/scummvm/scummvm/ko/>
sddm-kcm,215,0,0,42,0,0,166,215,100.0,Korean <kde-kr@kde.org>
seahorse,2378,0,0,540,0,0,2089,2378,100.0,Korean <gnome-kr@googlegroups.com>
seahorse-caja,421,0,0,110,0,0,360,421,100.0,GNOME Korea <gnome-kr@googlegroups.com>
seahorse-nautilus,421,0,0,110,0,0,360,421,100.0,GNOME Korea <gnome-kr@googlegroups.com>
secrets,1170,0,0,344,0,0,1084,1170,100.0,Korean <gnome-kr@googlegroups.com>
sed,817,0,0,146,0,0,789,817,100.0,Korean <translation-team-ko@googlegroups.com>
setroubleshoot,640,0,0,168,0,0,571,640,100.0,Korean <https://translate.fedoraproject.org/projects/setroubleshoot/setroubleshoot/ko/>
setroubleshoot-plugins,6248,0,0,226,0,0,4700,6248,100.0,Korean <https://translate.fedoraproject.org/projects/setroubleshoot/plugins/ko/>
setuptool,55,0,0,14,0,0,54,55,100.0,Korean <ko@li.org>
shadow-utils,1503,1628,1659,267,207,203,1436,4790,31.37787056367432,Korean <debian-l10n-korean@lists.debian.org>
shared-mime-info,1929,0,337,743,0,128,2014,2266,85.12797881729921,Korean (http://app.transifex.com/freedesktop/shared-mime-info/language/ko/)
shotwell,6861,0,0,1285,0,0,5391,6861,100.0,Korean (http://www.transifex.com/projects/p/shotwell/language/ko/)
showtime,210,0,0,68,0,0,206,210,100.0,GNOME Korea <gnome-kr@googlegroups.com>
shutter,2495,0,598,548,0,58,1880,3093,80.6660200452635,Korean <ko@li.org>
simple-ccsm,59,17,86,40,7,17,67,162,36.41975308641975,Korean <ko@li.org>
simple-scan,948,0,0,216,0,0,797,948,100.0,GNOME Korea <gnome-kr@googlegroups.com>
siril,1483,690,60102,152,100,5227,1061,62275,2.381372942593336,Korean <https://weblate.pixls.us/projects/siril/siril-application/ko/>
skanlite,186,0,0,63,0,0,154,186,100.0,Korean <kde-kr@kde.org>
skanpage,378,0,0,136,0,0,347,378,100.0,Korean <kde-kr@kde.org>
skladnik,154,0,0,47,0,0,129,154,100.0,Korean <kde-kr@kde.org>
skrooge,4575,5329,2426,1411,910,198,3725,12330,37.104622871046224,Korean <kde-kr@kde.org>
slick-greeter,216,0,0,49,0,0,177,216,100.0,Korean <ko@li.org>
slrn,4509,563,279,824,48,78,3665,5351,84.264623434872,Korean - Im Eunjea <eunjea@kldp.org>
smb4k,6077,0,0,653,0,0,4191,6077,100.0,Korean <kde-kr@kde.org>
snapd,40,0,4267,10,0,471,43,4307,0.9287206872533085,Korean <ko@li.org>
snapper,590,270,208,161,70,70,565,1068,55.243445692883896,Korean <https://l10n.opensuse.org/projects/snapper/master/ko/>
snapshot,267,0,0,94,0,0,249,267,100.0,Korean <gnome-kr@googlegroups.com>
snownews,802,0,2,170,0,1,740,804,99.75124378109453,Korean <orchidiii@gmail.com>
sos,54,34,35,11,7,12,55,123,43.90243902439025,<ko@li.org>
sound-juicer,1273,0,0,229,0,0,1152,1273,100.0,GNOME Korea <gnome-kr@googlegroups.com>
soundconverter,180,0,197,82,0,35,185,377,47.745358090185675,Korean <ko@li.org>
spacebar,278,0,0,98,0,0,241,278,100.0,Korean <kde-kr@kde.org>
spacefm,324,8,8390,144,3,1421,296,8722,3.7147443246961704,Korean (http://www.transifex.com/projects/p/spacefm/language/ko/)
spectacle,1911,0,0,384,0,0,1521,1911,100.0,Korean <kde-kr@kde.org>
speedcrunch,0,0,93,0,0,10,0,93,0.0,Korean (http://www.transifex.com/heldercorreia/speedcrunch/language/ko/)
squeekboard,13,0,0,6,0,0,10,13,100.0,
sssd,4581,73,239,695,15,32,3733,4893,93.62354383813611,Korean <https://translate.fedoraproject.org/projects/sssd/sssd-master/ko/>
stellarium,48565,0,153457,16050,0,24874,40107,202022,24.039461048796664,Korean (https://app.transifex.com/stellarium/teams/80998/ko/)
step,1079,26,997,263,2,20,885,2102,51.33206470028544,Korean <kde-kr@kde.org>
subscription-manager,3445,0,0,572,0,0,2915,3445,100.0,Korean <https://translate.fedoraproject.org/projects/subscription-manager/subscription-manager-main/ko/>
subscription-manager-cockpit,511,0,0,116,0,0,447,511,100.0,Korean <https://translate.fedoraproject.org/projects/subscription-manager/cockpit-main/ko/>
subversion,12644,8295,14351,1734,765,802,11174,35290,35.828846698781526,Korean <dev@subversion.tigris.org>
sudo,6294,0,0,952,0,0,5513,6294,100.0,Korean <translation-team-ko@googlegroups.com>
sugar,66,4,2235,14,1,514,50,2305,2.863340563991323,LANGUAGE <LL@li.org>
sugar-abacus,28,0,0,23,0,0,29,28,100.0,LANGUAGE <LL@li.org>
sugar-browse,27,13,294,18,2,51,24,334,8.08383233532934,LANGUAGE <LL@li.org>
sugar-calculator,30,0,836,7,0,162,32,866,3.4642032332563506,LANGUAGE <LL@li.org>
sugar-chat,24,6,107,10,2,69,19,137,17.51824817518248,LANGUAGE <LL@li.org>
sugar-clock,0,1,65,0,1,20,0,66,0.0,LANGUAGE <LL@li.org>
sugar-dimensions,39,2,135,27,2,58,32,176,22.15909090909091,LANGUAGE <LL@li.org>
sugar-finance,21,9,228,13,5,45,20,258,8.13953488372093,LANGUAGE <LL@li.org>
sugar-imageviewer,16,0,42,8,0,8,15,58,27.586206896551722,LANGUAGE <LL@li.org>
sugar-implode,0,0,77,0,0,20,0,77,0.0,LANGUAGE <LL@li.org>
sugar-log,37,8,53,12,2,7,39,98,37.755102040816325,LANGUAGE <LL@li.org>
sugar-maze,5,2,0,3,1,0,7,7,71.42857142857143,LANGUAGE <LL@li.org>
sugar-memorize,5,3,134,4,2,68,5,142,3.5211267605633805,LANGUAGE <LL@li.org>
sugar-physics,14,4,30,14,4,10,14,48,29.166666666666668,LANGUAGE <LL@li.org>
sugar-pippy,40,15,219,16,1,49,34,274,14.5985401459854,LANGUAGE <LL@li.org>
sugar-read,24,0,113,14,0,36,23,137,17.51824817518248,LANGUAGE <LL@li.org>
sugar-record,7,2,53,5,2,17,6,62,11.29032258064516,LANGUAGE <LL@li.org>
sugar-speak,44,1,182,35,1,38,42,227,19.383259911894275,LANGUAGE <LL@li.org>
sugar-stopwatch,2,0,3,2,0,3,2,5,40.0,LANGUAGE <LL@li.org>
sugar-terminal,6,0,115,4,0,22,4,121,4.958677685950414,LANGUAGE <LL@li.org>
sugar-toolkit-gtk3,146,2,65,103,2,18,129,213,68.54460093896714,LANGUAGE <LL@li.org>
sugar-turtleart,74,40,1331,55,26,350,73,1445,5.1211072664359865,LANGUAGE <walter@sugarlabs.org>
sugar-view-slides,4,0,56,3,0,20,4,60,6.666666666666667,LANGUAGE <LL@li.org>
sugar-write,63,0,58,37,0,18,63,121,52.066115702479344,LANGUAGE <LL@li.org>
supertux,3268,0,237,943,0,32,2871,3505,93.23823109843082,Korean (http://www.transifex.com/arctic-games/supertux/language/ko/)
supertuxkart,5957,0,150,1133,0,29,4757,6107,97.54380219420338,Korean (http://app.transifex.com/supertuxkart/supertuxkart/language/ko/)
sushi,54,0,0,14,0,0,47,54,100.0,Korean <gnome-kr@googlegroups.com>
svgpart,3,0,0,2,0,0,4,3,100.0,Korean <kde-kr@kde.org>
sweeper,228,0,0,50,0,0,176,228,100.0,Korean <kde-kr@kde.org>
swell-foop,991,0,0,147,0,0,715,991,100.0,Korean <gnome-kr@googlegroups.com>
switchdesk,102,0,20,10,0,9,85,122,83.60655737704919,Korean <ko@li.org>
sylpheed,3134,2135,1945,951,578,268,2794,7214,43.44330468533407,Korean <gnome-kr-translation@lists.sourceforge.net>
sympa,8346,5233,22963,1367,899,1304,6950,36542,22.839472387937167,한국어 <ko_KR@li.org>
synapse,775,0,81,213,0,21,694,856,90.53738317757009,Kim Boram <Boramism@gmail.com>
syncevolution,1132,0,0,163,0,0,846,1132,100.0,Korean (http://www.transifex.net/projects/p/meego/team/ko/)
synfig,4353,0,526,1096,0,79,3533,4879,89.21910227505636,Korean (Korea) (http://www.transifex.com/morevnaproject/synfig/language/ko_KR/)
synfigstudio,6647,0,724,1563,0,153,5555,7371,90.17772351105684,Korean (Korea) (http://www.transifex.com/morevnaproject/synfig/language/ko_KR/)
sysprof,1954,0,0,366,0,0,1547,1954,100.0,Korean <gnome-kr@googlegroups.com>
sysstat,851,0,0,83,0,0,825,851,100.0,Korean <translation-team-ko@googlegroups.com>
system-config-language,197,17,1,29,1,1,147,215,91.62790697674419,Korean <ko@li.org>
system-config-printer,3508,2,4,922,1,5,3123,3514,99.82925441092772,Korean <https://translate.fedoraproject.org/projects/system-config-printer/master/ko/>
system-config-rootpassword,116,0,0,19,0,0,87,116,100.0,Korean <ko@li.org>
system-switch-java,81,0,0,11,0,0,69,81,100.0,Korean <ko@li.org>
system-switch-mail,9,88,4,6,8,3,10,101,8.91089108910891,Korean <ko@li.org>
systemd,1971,0,0,257,0,0,1568,1971,100.0,Korean <https://translate.fedoraproject.org/projects/systemd/main/ko/>
tali,2427,0,0,187,0,0,1722,2427,100.0,Korean <gnome-kr@googlegroups.com>
tar,3519,136,22,583,13,2,3176,3677,95.7030187652978,Korean <translation-team-ko@googlegroups.com>
tecla,16,0,0,6,0,0,14,16,100.0,Korean <gnome-kr@googlegroups.com>
tellico,5423,0,0,1271,0,0,4241,5423,100.0,Korean <kde-kr@kde.org>
terminator,1042,0,480,345,0,70,926,1522,68.46254927726675,Korean (https://www.transifex.com/terminator/teams/109338/ko/)
terminology,283,99,600,98,23,112,266,982,28.818737270875765,Korean
thonny,1597,0,313,387,0,54,1351,1910,83.61256544502618,
thunar-archive-plugin,88,0,0,15,0,0,55,88,100.0,Korean (http://app.transifex.com/xfce/thunar-plugins/language/ko/)
thunar-media-tags-plugin,158,0,0,60,0,0,142,158,100.0,Korean (http://www.transifex.com/xfce/thunar-plugins/language/ko/)
thunar-vcs-plugin,614,0,0,333,0,0,612,614,100.0,Korean (http://www.transifex.com/xfce/thunar-plugins/language/ko/)
thunar-volman,484,0,0,115,0,0,371,484,100.0,Korean (http://www.transifex.com/xfce/thunar-volman/language/ko/)
tigervnc,1047,0,0,196,0,0,919,1047,100.0,Korean <translation-team-ko@googlegroups.com>
tilix,2804,6,0,720,2,0,2439,2810,99.7864768683274,Korean <https://hosted.weblate.org/projects/tilix/manpage/ko/>
timeshift,2870,0,0,567,0,0,2480,2870,100.0,Korean <ko@li.org>
tinysparql,522,0,0,105,0,0,449,522,100.0,Gnome Korea <gnome-kr@googlegroups.com>
tuba,167,8,2404,89,2,663,152,2579,6.475378053509112,Korean <https://hosted.weblate.org/projects/tuba/tuba/ko/>
tumbler,148,0,0,25,0,0,125,148,100.0,Korean (http://www.transifex.com/xfce/tumbler/language/ko/)
tuxpaint,2005,800,2550,358,80,177,1407,5355,37.44164332399627,N/A
tuxpaint-stamps,3220,29,0,800,5,0,1596,3249,99.10741766697446,<none>
tvtime,746,17,459,181,5,60,706,1222,61.04746317512275,Korean Translation Team <translation-team-ko@lists.sourceforge.net>
udisks2,1517,207,463,406,28,83,1294,2187,69.3644261545496,Korean
ufw,0,0,879,0,0,181,0,879,0.0,Korean <ko@li.org>
ufw-kde,810,5,0,189,1,0,656,815,99.38650306748467,Korean <kde@peremen.name>
uim,861,1,5314,220,1,1584,689,6176,13.941062176165802,Korean <LL@li.org>
umbrello,1997,1175,2988,593,309,773,1713,6160,32.41883116883117,Korean <kde-kr@kde.org>
usermode,570,0,3,95,0,1,489,573,99.47643979057592,Korean (http://www.transifex.com/projects/p/fedora/language/ko/)
util-linux,39724,34,88074,8276,6,3526,36971,127832,31.075161149008075,Korean <translation-team-ko@googlegroups.com>
vakzination,147,0,0,61,0,0,130,147,100.0,Korean <kde-kr@kde.org>
variety,1866,0,945,300,0,83,1656,2811,66.3820704375667,Korean (https://www.transifex.com/variety/teams/123174/ko/)
video-downloader,151,3,1,62,1,1,143,155,97.41935483870968,Korean <https://hosted.weblate.org/projects/video-downloader/gui/ko/>
viking,4,0,6239,4,0,1614,4,6243,0.06407176037161622,Korean <ko@li.org>
vim,9448,0,0,1866,0,0,8871,9448,100.0,
vinagre,1510,0,0,277,0,0,1221,1510,100.0,GNOME Korea <gnome-kr@googlegroups.com>
virt-manager,7355,0,0,1459,0,0,6547,7355,100.0,Korean <https://translate.fedoraproject.org/projects/virt-manager/virt-manager/ko/>
virt-viewer,744,0,2,175,0,1,680,746,99.73190348525469,Korean <https://translate.fedoraproject.org/projects/virt-viewer/virt-viewer/ko/>
visualboyadvance-m,4765,0,1694,1473,0,304,4702,6459,73.7730298807865,Korean (Korea) (http://app.transifex.com/bgk/vba-m/language/ko_KR/)
vlc,34703,0,111,6262,0,29,28555,34814,99.68116275061757,Korean (https://app.transifex.com/yaron/teams/16553/ko/)
volume_key,745,10,8,151,2,1,712,763,97.64089121887287,Korean (http://www.transifex.com/projects/p/fedora/language/ko/)
vte,80,0,0,13,0,0,80,80,100.0,GNOME Korea <gnome-kr@googlegroups.com>
vte291,46,0,0,9,0,0,39,46,100.0,GNOME Korea <gnome-kr@googlegroups.com>
warzone2100,12990,0,4228,2796,0,892,11710,17218,75.44430247415495,Korean
wdiff,5,97,18,2,20,9,7,120,4.166666666666666,Korean <translation-team-ko@lists.sourceforge.net>
webkit2gtk4.0,2623,0,0,570,0,0,2055,2623,100.0,GNOME Korea <gnome-kr@googlegroups.com>
webkitgtk,2623,0,0,570,0,0,2055,2623,100.0,GNOME Korea <gnome-kr@googlegroups.com>
wesnoth,61462,35904,332444,6024,2226,18290,44254,429810,14.299806891417138,none
wget1,3903,113,84,603,27,25,3516,4100,95.1951219512195,Korean <translation-team-ko@lists.sourceforge.net>
wget2,2709,41,27,490,6,4,2542,2777,97.55131436802304,Korean <translation-team-ko@googlegroups.com>
widelands,67600,0,29108,6585,0,3154,48844,96708,69.90114571700377,Korean (http://app.transifex.com/widelands/widelands/language/ko/)
wine,19238,149,241,4270,46,35,16567,19628,98.0130425922152,Korean
wingpanel,20,0,37,5,0,5,18,57,35.08771929824561,Korean <https://l10n.elementary.io/projects/wingpanel/wingpanel/ko/>
wingpanel-indicator-a11y,35,0,20,14,0,3,35,55,63.63636363636363,Korean <https://l10n.elementary.io/projects/wingpanel/indicator-a11y/ko/>
wingpanel-indicator-bluetooth,70,0,10,27,0,3,74,80,87.5,Korean <https://l10n.elementary.io/projects/wingpanel/wingpanel-indicator-bluetooth/ko/>
wingpanel-indicator-datetime,53,0,50,13,0,12,49,103,51.45631067961165,Korean <https://l10n.elementary.io/projects/wingpanel/wingpanel-indicator-datetime/ko/>
wingpanel-indicator-keyboard,56,0,0,17,0,0,54,56,100.0,Korean <https://l10n.elementary.io/projects/wingpanel/wingpanel-indicator-keyboard/ko/>
wireplumber,3,0,0,2,0,0,3,3,100.0,Korean
wireshark,0,0,398,0,0,24,0,398,0.0,Korean (https://app.transifex.com/wireshark/teams/36457/ko/)
workrave,951,56,492,167,23,89,697,1499,63.44229486324217,Korean <freeware@softwant.com>
wxGTK,5324,1317,1196,1202,397,366,4694,7837,67.93415847900982,Korean <Korean>
xapps,73,0,0,36,0,0,65,73,100.0,Korean <ko@li.org>
xdg-desktop-portal-gnome,249,0,0,74,0,0,224,249,100.0,Korean <gnome-kr@googlegroups.com>
xdg-desktop-portal-kde,608,0,0,133,0,0,475,608,100.0,Korean <kde-kr@kde.org>
xdg-desktop-portal-xapp,225,0,0,62,0,0,186,225,100.0,Korean <gnome-kr@googlegroups.com>
xdg-user-dirs,28,0,0,28,0,0,30,28,100.0,Korean <translation-team-ko@lists.sourceforge.net>
xdg-user-dirs-gtk,81,0,0,11,0,0,72,81,100.0,GNOME Korea <gnome-kr-hackers@lists.kldp.net>
xed,11513,0,0,1620,0,0,8678,11513,100.0,MATE Korea <mate-kr@googlegroups.com>
xfburn,1566,0,0,324,0,0,1258,1566,100.0,Korean (http://app.transifex.com/xfce/xfce-apps/language/ko/)
xfce4-appfinder,480,0,24,94,0,3,368,504,95.23809523809523,Korean (http://app.transifex.com/xfce/xfce4-appfinder/language/ko/)
xfce4-battery-plugin,145,0,0,42,0,0,125,145,100.0,Korean (http://app.transifex.com/xfce/xfce-panel-plugins/language/ko/)
xfce4-calculator-plugin,39,0,0,16,0,0,34,39,100.0,Korean (https://app.transifex.com/xfce/teams/16840/ko/)
xfce4-clipman-plugin,550,0,0,89,0,0,427,550,100.0,Korean (http://app.transifex.com/xfce/xfce-panel-plugins/language/ko/)
xfce4-cpufreq-plugin,171,0,0,47,0,0,141,171,100.0,Korean (http://app.transifex.com/xfce/xfce-panel-plugins/language/ko/)
xfce4-cpugraph-plugin,188,0,0,64,0,0,171,188,100.0,Korean (http://app.transifex.com/xfce/xfce-panel-plugins/language/ko/)
xfce4-datetime-plugin,52,0,0,19,0,0,47,52,100.0,Korean (http://www.transifex.com/xfce/xfce-panel-plugins/language/ko/)
xfce4-dict,531,0,0,121,0,0,414,531,100.0,Korean (http://app.transifex.com/xfce/xfce-apps/language/ko/)
xfce4-diskperf-plugin,176,0,0,37,0,0,153,176,100.0,Korean (http://app.transifex.com/xfce/xfce-panel-plugins/language/ko/)
xfce4-docklike-plugin,151,0,0,42,0,0,131,151,100.0,Korean (https://app.transifex.com/xfce/teams/16840/ko/)
xfce4-eyes-plugin,16,0,0,5,0,0,12,16,100.0,Korean (http://app.transifex.com/xfce/xfce-panel-plugins/language/ko/)
xfce4-fsguard-plugin,72,0,0,20,0,0,61,72,100.0,Korean (http://app.transifex.com/xfce/xfce-panel-plugins/language/ko/)
xfce4-genmon-plugin,104,0,0,28,0,0,83,104,100.0,Korean (http://app.transifex.com/xfce/xfce-panel-plugins/language/ko/)
xfce4-mailwatch-plugin,667,0,0,122,0,0,558,667,100.0,Korean (http://app.transifex.com/xfce/xfce-panel-plugins/language/ko/)
xfce4-mount-plugin,381,0,0,57,0,0,308,381,100.0,Korean (http://app.transifex.com/xfce/xfce-panel-plugins/language/ko/)
xfce4-mpc-plugin,101,0,0,37,0,0,105,101,100.0,Korean (http://app.transifex.com/xfce/xfce-panel-plugins/language/ko/)
xfce4-netload-plugin,106,0,0,39,0,0,98,106,100.0,Korean (http://app.transifex.com/xfce/xfce-panel-plugins/language/ko/)
xfce4-notes-plugin,156,0,0,67,0,0,143,156,100.0,Korean (http://app.transifex.com/xfce/xfce-panel-plugins/language/ko/)
xfce4-notifyd,563,0,3,137,0,1,478,566,99.46996466431095,Korean (http://app.transifex.com/xfce/xfce-apps/language/ko/)
xfce4-panel,2042,0,3,494,0,1,1690,2045,99.85330073349633,Korean (https://app.transifex.com/xfce/teams/16840/ko/)
xfce4-panel-profiles,144,0,0,33,0,0,122,144,100.0,Korean (https://app.transifex.com/xfce/teams/16840/ko/)
xfce4-places-plugin,164,0,0,48,0,0,129,164,100.0,Korean (http://app.transifex.com/xfce/xfce-panel-plugins/language/ko/)
xfce4-power-manager,976,0,0,217,0,0,852,976,100.0,Korean (http://app.transifex.com/xfce/xfce4-power-manager/language/ko/)
xfce4-pulseaudio-plugin,195,0,0,46,0,0,180,195,100.0,Korean (http://app.transifex.com/xfce/xfce-panel-plugins/language/ko/)
xfce4-screensaver,668,0,12,151,0,2,620,680,98.23529411764706,Korean (https://app.transifex.com/xfce/teams/16840/ko/)
xfce4-screenshooter,515,0,58,88,0,1,383,573,89.87783595113437,Korean (http://app.transifex.com/xfce/xfce-apps/language/ko/)
xfce4-sensors-plugin,430,0,0,86,0,0,379,430,100.0,Korean (http://app.transifex.com/xfce/xfce-panel-plugins/language/ko/)
xfce4-session,780,0,0,167,0,0,664,780,100.0,Korean (http://app.transifex.com/xfce/xfce4-session/language/ko/)
xfce4-settings,2644,0,0,599,0,0,2180,2644,100.0,Korean (https://app.transifex.com/xfce/teams/16840/ko/)
xfce4-smartbookmark-plugin,23,0,0,10,0,0,21,23,100.0,Korean (http://app.transifex.com/xfce/xfce-panel-plugins/language/ko/)
xfce4-statusnotifier-plugin,129,0,0,25,0,0,100,129,100.0,Korean (https://www.transifex.com/xfce/teams/16840/ko/)
xfce4-systemload-plugin,102,0,0,31,0,0,83,102,100.0,Korean (http://app.transifex.com/xfce/xfce-panel-plugins/language/ko/)
xfce4-taskmanager,241,0,0,79,0,0,218,241,100.0,Korean (http://app.transifex.com/xfce/xfce-apps/language/ko/)
xfce4-terminal,1618,0,27,400,0,3,1386,1645,98.35866261398176,Korean (http://app.transifex.com/xfce/xfce-apps/language/ko/)
xfce4-time-out-plugin,115,0,0,39,0,0,98,115,100.0,Korean (http://app.transifex.com/xfce/xfce-panel-plugins/language/ko/)
xfce4-timer-plugin,138,0,0,50,0,0,118,138,100.0,Korean (http://app.transifex.com/xfce/xfce-panel-plugins/language/ko/)
xfce4-verve-plugin,88,0,0,27,0,0,83,88,100.0,Korean (http://app.transifex.com/xfce/xfce-panel-plugins/language/ko/)
xfce4-wavelan-plugin,81,0,0,23,0,0,71,81,100.0,Korean (http://app.transifex.com/xfce/xfce-panel-plugins/language/ko/)
xfce4-weather-plugin,3598,0,0,321,0,0,2547,3598,100.0,Korean (http://app.transifex.com/xfce/xfce-panel-plugins/language/ko/)
xfce4-whiskermenu-plugin,439,0,0,140,0,0,366,439,100.0,Korean (http://app.transifex.com/gottcode/xfce4-whiskermenu-plugin/language/ko/)
xfce4-xkb-plugin,116,0,3,31,0,1,108,119,97.47899159663865,Korean (http://app.transifex.com/xfce/xfce-panel-plugins/language/ko/)
xfconf,458,0,0,67,0,0,379,458,100.0,Korean (http://app.transifex.com/xfce/xfconf/language/ko/)
xfdashboard,928,0,156,150,0,6,766,1084,85.60885608856088,Korean (https://www.transifex.com/xfce/teams/16840/ko/)
xfdesktop,1045,0,170,254,0,45,853,1215,86.0082304526749,Korean (http://app.transifex.com/xfce/xfdesktop/language/ko/)
xfmpc,175,0,0,78,0,0,167,175,100.0,Korean (http://app.transifex.com/xfce/xfce-apps/language/ko/)
xfwm4,670,0,0,179,0,0,614,670,100.0,Korean (http://app.transifex.com/xfce/xfwm4/language/ko/)
xiphos,4654,126,215,1072,46,23,4053,4995,93.17317317317317,Seong-ho Cho <shcho@gnome.org>
xkeyboard-config,4253,0,0,1290,0,0,4297,4253,100.0,Korean <translation-team-ko@googlegroups.com>
xournalpp,1886,0,3652,490,0,576,1764,5538,34.05561574575659,Korean
xpad,425,0,11,134,0,1,417,436,97.47706422018348,Korean <translation-team-ko@lists.sourceforge.net>
xreader,1625,0,0,380,0,0,1371,1625,100.0,Korean (http://www.transifex.com/mate/MATE/language/ko/)
xscreensaver,354,1793,10665,193,840,1103,311,12812,2.7630346550109275,Korean <ko@li.org>
xwaylandvideobridge,28,0,0,8,0,0,25,28,100.0,Korean <kde-kr@kde.org>
xz,13813,0,0,969,0,0,10899,13813,100.0,Korean <translation-team-ko@googlegroups.com>
yakuake,1671,0,0,238,0,0,1195,1671,100.0,Korean <kde-kr@kde.org>
yelp,351,0,0,74,0,0,286,351,100.0,GNOME Korea <gnome-kr@googlegroups.com>
yelp-xsl,85,0,0,62,0,0,82,85,100.0,GNOME Korea <gnome-kr@googlegroups.com>
yudit,250,11,38,98,2,14,286,299,83.61204013377926,Jungshik Shin <jshin@jshin.net>
zabbix,23718,0,1030,4595,0,152,20502,24748,95.83804751899143,Zabbix <info@zabbix.com>
zanshin,495,0,0,118,0,0,471,495,100.0,Korean <kde-kr@kde.org>
zenity,896,0,0,199,0,0,803,896,100.0,GNOME Korea <gnome-kr@googlegroups.com>
zypper,8944,0,1220,1196,0,105,6502,10164,87.99685163321527,Korean <https://l10n.opensuse.org/projects/zypper/master/ko/>
