package,translatedsourcewords,fuzzysourcewords,untranslatedsourcewords,translated,fuzzy,untranslated,translatedtargetwords,totalsourcewordssum,progress,team
0ad,136,0,0,33,0,0,119,136,100.0,Czech (http://www.transifex.com/wildfire-games/0ad/language/cs/)
DivFix++,551,0,0,104,0,0,508,551,100.0,CZECH
GConf2,4088,0,0,497,0,0,3994,4088,100.0,Czech <gnome-cs-list@gnome.org>
LabPlot,1319,8,5067,717,2,1149,1353,6394,20.62871441976853,Czech <kde-i18n-doc@kde.org>
NetworkManager,907,1978,8210,229,419,966,853,11095,8.174853537629563,Czech <gnome-cs-list@gnome.org>
NetworkManager-fortisslvpn,297,0,0,52,0,0,264,297,100.0,Czech <gnome-cs-list@gnome.org>
NetworkManager-iodine,80,0,0,25,0,0,93,80,100.0,čeština <gnome-cs-list@gnome.org>
NetworkManager-l2tp,347,64,372,63,11,56,331,783,44.31673052362707,Czech <gnome-cs-list@gnome.org>
NetworkManager-libreswan,137,0,0,35,0,0,133,137,100.0,čeština <gnome-cs-list@gnome.org>
NetworkManager-openconnect,5555,0,0,969,0,0,5702,5555,100.0,Czech <gnome-cs-list@gnome.org>
NetworkManager-openvpn,1723,0,0,243,0,0,1627,1723,100.0,Czech <gnome-cs-list@gnome.org>
NetworkManager-pptp,438,0,0,78,0,0,427,438,100.0,Czech <gnome-cs-list@gnome.org>
NetworkManager-ssh,297,0,0,73,0,0,282,297,100.0,Czech <gnome-cs-list@gnome.org>
NetworkManager-sstp,424,0,0,77,0,0,409,424,100.0,Czech <gnome-cs-list@gnome.org>
NetworkManager-vpnc,606,0,0,101,0,0,571,606,100.0,Czech <gnome-cs-list@gnome.org>
ORBit,8,0,0,2,0,0,8,8,100.0,Czech <cs@li.org>
PackageKit,1273,0,0,318,0,0,1301,1273,100.0,Czech (http://www.transifex.com/freedesktop/packagekit/language/cs/)
Thunar,4206,0,0,739,0,0,3834,4206,100.0,Czech (http://www.transifex.com/projects/p/thunar/language/cs/)
WindowMaker,4840,0,48,928,0,34,4362,4888,99.01800327332242,czech <cs@li.org>
Zim,2602,0,213,644,0,46,2377,2815,92.43339253996447,Czech <cs@li.org>
a2ps,1147,316,49,163,10,6,1130,1512,75.85978835978835,Czech <cs@li.org>
abrt,3793,0,176,474,0,2,3550,3969,95.56563366087175,čeština <gnome-cs-list@gnome.org>
accerciser,4622,0,0,443,0,0,4425,4622,100.0,Czech <gnome-cs-list@gnome.org>
accountsservice,59,0,0,10,0,0,59,59,100.0,Czech <translation-team-cs@lists.sourceforge.net>
ailurus,5490,0,2656,853,0,368,5085,8146,67.39504051068009,none
aisleriot,23757,0,0,1602,0,0,20841,23757,100.0,Czech <gnome-cs-list@gnome.org>
alacarte,45,0,0,20,0,0,42,45,100.0,čeština <gnome-cs-list@gnome.org>
alexandria,1014,63,104,266,23,17,933,1181,85.85944115156647,Czech <cs@li.org>
alleyoop,351,0,0,92,0,0,318,351,100.0,Czech <gnome-cs-list@gnome.org>
almanah,828,0,0,139,0,0,821,828,100.0,Czech <gnome-cs-list@gnome.org>
amarok,15872,0,0,2779,0,0,15666,15872,100.0,Czech <kde-i18n-doc@kde.org>
anaconda,7269,0,0,1190,0,0,6704,7269,100.0,Czech (http://www.transifex.com/projects/p/anaconda/language/cs/)
anjuta,18889,0,0,2777,0,0,17566,18889,100.0,Czech <gnome-cs-list@gnome.org>
appcenter,630,12,39,143,1,3,668,681,92.51101321585902,Czech <https://weblate.elementary.io/projects/appcenter/appcenter/cs/>
appstream,815,0,0,186,0,0,798,815,100.0,Czech <https://hosted.weblate.org/projects/appstream/translations/cs/>
apt-cacher-ng,394,0,0,25,0,0,312,394,100.0,Czech <debian-l10n-czech@lists.debian.org>
arandr,172,0,1,37,0,1,153,173,99.42196531791907,Czech <https://hosted.weblate.org/projects/arandr/translations/cs/>
ardour2,6831,0,0,1843,0,0,7480,6831,100.0,Czech <kde-i18n-doc@kde.org>
ardour4,16841,0,826,3774,0,99,17665,17667,95.3246165166695,Czech <kde-i18n-doc@kde.org>
ardour5,28692,0,236,6937,0,16,30376,28928,99.1841814159292,Czech <kde-i18n-doc@kde.org>
arduino,2540,0,2592,447,0,477,2481,5132,49.49337490257209,Czech (Czech Republic) (http://www.transifex.com/projects/p/arduino-ide-15/language/cs_CZ/)
aspell,1726,0,0,293,0,0,1500,1726,100.0,Czech <translation-team-cs@lists.sourceforge.net>
asunder,471,0,9,85,0,2,452,480,98.125,Czech <kde-i18n-doc@kde.org>
at-spi2-core,10,0,0,2,0,0,11,10,100.0,Czech <gnome-cs-list@gnome.org>
atk,440,0,0,169,0,0,417,440,100.0,Czech <gnome-cs-list@gnome.org>
atomix,208,0,0,60,0,0,205,208,100.0,Czech <gnome-cs-list@gnome.org>
atril,3643,0,0,610,0,0,3252,3643,100.0,Czech <mate-cs-list@gnome.org>
attr,344,0,0,30,0,0,337,344,100.0,Czech <translation-team-cs@lists.sourceforge.net>
audacious,768,0,0,326,0,0,790,768,100.0,Czech (http://www.transifex.com/jlindgren/audacious/language/cs/)
audacious-plugins,3904,0,0,876,0,0,3820,3904,100.0,Czech (http://www.transifex.com/jlindgren/audacious/language/cs/)
audacity,11210,1159,599,2627,219,123,11222,12968,86.44355336212215,Czech <translation-team-cs@lists.sourceforge.net>
audex,3269,0,78,400,0,12,3201,3347,97.66955482521661,Czech <kde-i18n-doc@kde.org>
audience,172,0,10,60,0,2,220,182,94.5054945054945,Czech <https://l10n.elementary.io/projects/videos/videos/cs/>
audit-viewer,611,0,0,185,0,0,592,611,100.0,LANGUAGE <LL@li.org>
authconfig,1715,0,0,296,0,0,1521,1715,100.0,Czech (http://www.transifex.com/projects/p/fedora/language/cs/)
avahi,642,2,224,133,2,33,608,868,73.963133640553,Czech (http://www.transifex.com/lennart/avahi/language/cs/)
avogadro,6234,0,373,2249,0,123,6600,6607,94.35447252913576,Czech <kde-i18n-doc@kde.org>
b43-fwcutter,67,0,0,4,0,0,68,67,100.0,Czech <debian-l10n-czech@lists.debian.org>
backintime,1894,0,89,320,0,16,2025,1983,95.51185073121533,Czech <cs@li.org>
backup-manager,947,38,78,149,7,11,844,1063,89.08748824082785,Czech <debian-l10n-czech@lists.debian.org>
bakefile,1,0,0,1,0,0,1,1,100.0,Vaclav Slavik <vaclav.slavik@matfyz.cz>
balsa,18714,0,0,1996,0,0,17214,18714,100.0,čeština <gnome-cs-list@gnome.org>
banshee,17422,0,0,3393,0,0,17599,17422,100.0,Czech <gnome-cs-list@gnome.org>
baobab,1346,0,0,130,0,0,1244,1346,100.0,Czech <gnome-cs-list@gnome.org>
bash,11062,116,0,559,1,0,9970,11178,98.96224727142602,Czech <translation-team-cs@lists.sourceforge.net>
bibletime,4734,4386,600,351,127,166,3767,9720,48.7037037037037,Czech <kde-i18n-doc@kde.org>
bibus,1319,0,0,400,0,0,1164,1319,100.0,Czech <cs@li.org>
bijiben,1181,0,0,221,0,0,1101,1181,100.0,Czech <gnome-cs-list@gnome.org>
bleachbit,1151,0,0,254,0,0,1158,1151,100.0,Czech <cs@li.org>
blender,35149,0,0,11140,0,0,26945,35149,100.0,Taby <tabycz@gmail.com>
blivet-gui,711,0,0,191,0,0,696,711,100.0,Czech (http://www.transifex.com/projects/p/blivet-gui/language/cs/)
blueberry,141,0,0,34,0,0,145,141,100.0,Czech <cs@li.org>
bluedevil,556,0,0,187,0,0,534,556,100.0,Czech <kde-i18n-doc@kde.org>
bluefish,4945,0,0,1548,0,0,5194,4945,100.0,čeština <gnome-cs-list@gnome.org>
blueman,1307,0,139,321,0,30,1276,1446,90.38727524204702,Czech (http://www.transifex.com/projects/p/MATE/language/cs/)
boinc-client,18779,0,217,3168,0,19,17330,18996,98.85765424299852,Czech (http://www.transifex.com/boinc/boinc/language/cs/)
boswars,176,19,21,50,6,17,165,216,81.48148148148148,Czech
brasero,7748,0,0,1112,0,0,6715,7748,100.0,Czech <gnome-cs-list@gnome.org>
byobu,158,0,19,41,0,3,132,177,89.26553672316385,Czech <cs@li.org>
byzanz,236,0,0,52,0,0,225,236,100.0,Czech <gnome-cs-list@gnome.org>
bzflag,2771,0,0,586,0,0,2692,2771,100.0,
bzr,33249,0,0,2353,0,0,28881,33249,100.0,Czech <cs@li.org>
cairo-dock,5688,0,1776,699,0,128,4624,7464,76.20578778135048,Czech <cs@li.org>
cairo-dock-plug-ins,3167,0,7036,620,0,1102,2781,10203,31.039890228364207,Czech <cs@li.org>
caja,9313,0,0,1510,0,0,8504,9313,100.0,Czech (http://www.transifex.com/mate/MATE/language/cs/)
caja-actions,8452,0,0,826,0,0,7528,8452,100.0,Czech <gnome-cs-list@gnome.org>
caja-extensions,556,0,0,127,0,0,511,556,100.0,Czech (http://www.transifex.com/mate/MATE/language/cs/)
caja-terminal,110,0,0,37,0,0,116,110,100.0,Czech <cs@li.org>
calibre,110868,0,41396,10556,0,7177,96425,152264,72.81300898439552,Czech (http://www.transifex.com/calibre/calibre/language/cs/)
california,990,0,0,315,0,0,996,990,100.0,Czech <gnome-cs-list@gnome.org>
camorama,559,0,0,133,0,0,521,559,100.0,Czech <cs@li.org>
cantata,7372,0,0,1235,0,0,7148,7372,100.0,Czech <kde-i18n-doc@kde.org>
capnet-assist,27,0,5,3,0,2,18,32,84.375,Czech <cs@li.org>
caribou,169,0,0,57,0,0,174,169,100.0,Czech <gnome-cs-list@gnome.org>
catfish,507,0,143,93,0,15,452,650,78.0,Czech <cs@li.org>
ccsm,498,10,71,121,6,24,434,579,86.01036269430051,Czech <cs@li.org>
cdcollect,1200,22,6,244,4,2,1061,1228,97.71986970684038,Czech <cs@li.org>
centerim,2805,50,9,802,14,1,2688,2864,97.93994413407822,Czech <translation-team-cs@lists.sourceforge.net>
certmonger,18,7,4931,9,2,819,19,4956,0.36319612590799033,Czech (http://www.transifex.com/projects/p/certmonger/language/cs/)
cheese,2083,0,0,235,0,0,1876,2083,100.0,Czech <gnome-cs-list@gnome.org>
chemtool,1124,0,60,226,0,35,1074,1184,94.93243243243244,cs
cherrytree,2909,0,0,703,0,0,2738,2909,100.0,Czech <kde-i18n-doc@kde.org>
childsplay,1226,0,0,212,0,0,966,1226,100.0,Lubomír Ludvík <lludvik@volny.cz>
chkconfig,513,0,0,96,0,0,472,513,100.0,Czech (http://www.transifex.com/projects/p/fedora/language/cs/)
choqok,1696,0,463,478,0,75,1624,2159,78.55488652153775,Czech <kde-i18n-doc@kde.org>
cinnamon-control-center,1304,0,0,752,0,0,1298,1304,100.0,Czech <Czech <cs-users@lists.fedoraproject.org>>
cinnamon-desktop,231,0,0,31,0,0,198,231,100.0,Czech <gnome-cs-list@gnome.org>
cinnamon-translations,24291,0,0,5079,0,0,23693,24291,100.0,Czech <cs@li.org>
clamtk,456,0,0,144,0,0,424,456,100.0,ITM <hudan@itmanagement.cz>
claws-mail,19996,0,0,3910,0,0,18309,19996,100.0,Czech <cs@li.org>
clementine,5091,0,0,1352,0,0,5081,5091,100.0,Czech (http://www.transifex.com/davidsansome/clementine/language/cs/)
clipit,210,0,8,70,0,4,216,218,96.3302752293578,Czech (http://www.transifex.net/projects/p/clipit/language/cs/)
clutter,3057,0,0,675,0,0,2742,3057,100.0,Czech <gnome-cs-list@gnome.org>
cogl,393,0,0,80,0,0,414,393,100.0,Czech <gnome-cs-list@gnome.org>
colord,1885,0,43,203,0,8,1767,1928,97.76970954356847,Czech (http://www.transifex.com/hughsie/colord/language/cs/)
colord-kde,358,0,11,117,0,3,333,369,97.01897018970189,Czech <kde-i18n-doc@kde.org>
colorhug-client,686,0,746,154,0,143,569,1432,47.90502793296089,Czech (Czech Republic) (http://www.transifex.com/hughsie/colorhug-client/language/cs_CZ/)
comix,1326,0,0,262,0,0,1163,1326,100.0,LANGUAGE <LL@li.org>
common-lisp-controller,57,0,0,7,0,0,49,57,100.0,Czech <debian-l10n-czech@lists.debian.org>
compat-gnutls28,1358,51,30,320,12,7,1285,1439,94.37109103544128,Czech <translation-team-cs@lists.sourceforge.net>
compat-gtkhtml314,485,0,0,309,0,0,492,485,100.0,Czech <gnome-cs-list@gnome.org>
compat-wxGTK3-gtk2,7716,24,47,1851,11,12,7145,7787,99.08822396301528,wxWidgets translators <wx-translators@wxwidgets.org>
compiz,2114,1584,687,498,249,132,2079,4385,48.20980615735462,Czech <opensuse-cz@opensuse.org>
compiz-plugins-experimental,687,719,3075,217,236,444,636,4481,15.331399241240796,Czech <cs@li.org>
compiz-plugins-extra,1115,132,2431,359,30,339,1033,3678,30.315388798259924,Czech <cs@li.org>
compiz-plugins-main,1038,25,3155,337,9,465,996,4218,24.608819345661452,Czech <cs@li.org>
conduit,709,0,0,245,0,0,726,709,100.0,Czech <gnome-cs-list@gnome.org>
conky-manager,684,0,0,171,0,0,633,684,100.0,Czech
console-setup,985,0,0,175,0,0,842,985,100.0,Czech <provoz@debian.cz>
control-center,6496,0,0,2253,0,0,6365,6496,100.0,Czech <Czech <cs-users@lists.fedoraproject.org>>
copyq,0,0,8591,0,0,834,0,8591,0.0,LANGUAGE <LL@li.org>
coreutils,20601,0,0,1730,0,0,20137,20601,100.0,Czech <translation-team-cs@lists.sourceforge.net>
cracklib,93,0,3,15,0,1,74,96,96.875,czech <suse@suse.cz>
cryptsetup,2500,7,0,394,1,0,2560,2507,99.7207818109294,Czech <translation-team-cs@lists.sourceforge.net>
cups,1205,0,7264,535,0,1344,1153,8469,14.228362262368638,Czech
cups-pk-helper,149,0,0,22,0,0,129,149,100.0,Czech (http://www.transifex.com/freedesktop/cups-pk-helper/language/cs/)
cura,4375,349,508,467,41,71,3369,5232,83.62003058103976,Czech <info@3draty.cz>
cura-lulzbot,4384,337,508,470,38,71,3378,5229,83.84012239433926,Czech <info@3draty.cz>
cycle,126,0,0,61,0,0,117,126,100.0,
d-feet,184,0,0,54,0,0,192,184,100.0,Czech <gnome-cs-list@gnome.org>
darktable,9085,0,0,2136,0,0,8763,9085,100.0,Czech <kde-i18n-doc@kde.org>
dasher,7203,0,0,472,0,0,6495,7203,100.0,Czech <gnome-cs-list@gnome.org>
davfs2,835,145,53,125,15,7,840,1033,80.83252662149081,<cs@li.org>
davix,76,268,342,14,50,71,70,686,11.078717201166182,cz
dayplanner,74,216,806,44,44,98,68,1096,6.751824817518248,Czech <cs@li.org>
dc3dd,276,324,271,41,24,22,319,871,31.687715269804823,Czech <translation-team-cs@lists.sourceforge.net>
dconf-editor,1412,0,0,186,0,0,1379,1412,100.0,čeština <gnome-cs-list@gnome.org>
dcraw,597,0,0,121,0,0,626,597,100.0,
ddccontrol,1576,0,0,245,0,0,1486,1576,100.0,Czech <cs@li.org>
debconf,795,0,0,87,0,0,702,795,100.0,Czech <debian-l10n-czech@lists.debian.org>
decibel-audio-player,610,0,884,88,0,149,489,1494,40.82998661311915,Czech <cs@li.org>
deja-dup,3619,0,481,441,0,47,3175,4100,88.26829268292683,Czech <cs@li.org>
deluge,2495,0,233,830,0,48,2299,2728,91.45894428152492,Czech <cs@li.org>
denemo,44079,0,114,5640,0,2,42614,44193,99.74204059466432,Czech <translation-team-cs@lists.sourceforge.net>
devhelp,481,0,0,124,0,0,450,481,100.0,Czech <gnome-cs-list@gnome.org>
dia,6601,0,0,2359,0,0,6826,6601,100.0,Czech <gnome-cs-list@gnome.org>
dialog,25,0,0,23,0,0,25,25,100.0,Czech <translation-team-cs@lists.sourceforge.net>
diffuse,987,0,0,186,0,0,965,987,100.0,NONE <NONE>
diffutils,656,940,204,123,108,17,670,1800,36.44444444444444,Czech <translation-team-cs@lists.sourceforge.net>
digikam,42990,188,3339,7263,43,231,38367,46517,92.4178257411269,Czech <kde-i18n-doc@kde.org>
diodon,183,0,200,35,0,22,159,383,47.78067885117493,Czech <cs@li.org>
dnf,1692,0,194,452,0,36,1638,1886,89.7136797454931,Czech (http://www.transifex.com/projects/p/dnf/language/cs/)
dnf-plugin-system-upgrade,0,0,211,0,0,36,0,211,0.0,Czech
dnf-plugins-extras,0,0,375,0,0,75,0,375,0.0,Czech
dnfdragora,540,12,44,266,3,12,562,596,90.60402684563759,Czech (https://www.transifex.com/MageiaLinux/teams/9361/cs/)
docker-anaconda-addon,0,0,27,0,0,4,0,27,0.0,Czech
dolphin-emu,6840,0,125,1284,0,5,6628,6965,98.20531227566404,Czech (http://www.transifex.com/delroth/dolphin-emu/language/cs/)
dpkg,10990,0,0,1367,0,0,10318,10990,100.0,Czech <debian-l10n-czech@lists.debian.org>
drgeo,1960,25,0,458,3,0,1751,1985,98.74055415617129,Czech <cs@li.org>
duplicity,180,0,3452,26,0,500,198,3632,4.955947136563877,Czech <cs@li.org>
dvdisaster,8805,0,1498,960,0,85,8389,10303,85.46054547219256,none (individual translator)
e16,15,0,2806,9,0,517,15,2821,0.5317263381779511,Czech <cs@li.org>
e2fsprogs,8010,1105,951,1279,152,108,8275,10066,79.5748062785615,Czech <translation-team-cs@lists.sourceforge.net>
easystroke,470,0,0,137,0,0,419,470,100.0,Czech <cs@li.org>
easytag,7780,0,0,1188,0,0,7543,7780,100.0,Czech <gnome-cs-list@gnome.org>
edgar,11373,0,102,1504,0,31,9603,11475,99.11111111111111,Czech <cs@li.org>
efl,240,19,35,106,6,14,235,294,81.63265306122449,Czech <kde-i18n-doc@kde.org>
eiciel,146,16,6,45,6,2,125,168,86.90476190476191,Novell language <language@novell.com>
ejabberd,1897,0,0,439,0,0,1694,1897,100.0,
ekiga,4487,0,0,747,0,0,4077,4487,100.0,Czech <gnome-cs-list@gnome.org>
elinks,4804,4210,3231,1171,301,153,4710,12245,39.23233973050225,Czech <translation-team-cs@lists.souceforge.net>
emerald,624,59,10,202,11,6,609,693,90.04329004329004,Czech <cs@li.org>
empathy,10939,0,0,1449,0,0,9719,10939,100.0,Czech <gnome-cs-list@gnome.org>
engrampa,7696,0,0,829,0,0,6736,7696,100.0,Czech <mate-cs-list@gnome.org>
enigma,8927,90,14,960,5,4,7532,9031,98.848411028679,Czech (http://www.transifex.com/projects/p/enigma/language/cs/)
enlightenment,6936,1261,650,1873,222,95,6611,8847,78.39945744320109,Czech <kde-i18n-doc@kde.org>
entangle,900,0,35,198,0,11,962,935,96.2566844919786,Czech (http://www.transifex.com/projects/p/entangle/language/cs/)
eog,6551,0,0,739,0,0,5972,6551,100.0,Czech <gnome-cs-list@gnome.org>
eog-plugins,429,0,0,103,0,0,406,429,100.0,Czech <gnome-cs-list@gnome.org>
eom,4990,0,0,552,0,0,4433,4990,100.0,Czech <mate-cs-list@gnome.org>
epiphany,5927,0,0,955,0,0,5098,5927,100.0,Czech <gnome-cs-list@gnome.org>
etckeeper,41,0,0,2,0,0,36,41,100.0,Czech <debian-l10n-czech@lists.debian.org>
evince,9183,0,0,1046,0,0,8076,9183,100.0,Czech <gnome-cs-list@gnome.org>
evolution,48217,0,0,6954,0,0,43839,48217,100.0,čeština <gnome-cs-list@gnome.org>
evolution-data-server,5947,0,0,1175,0,0,5837,5947,100.0,čeština <>
evolution-ews,1192,0,0,244,0,0,1190,1192,100.0,Czech <gnome-cs-list@gnome.org>
evolution-mapi,1043,0,0,233,0,0,1016,1043,100.0,čeština <gnome-cs-list@gnome.org>
evolution-rss,884,0,0,225,0,0,901,884,100.0,Czech <gnome-cs-list@gnome.org>
exaile,3254,358,394,907,63,55,3056,4006,81.22815776335497,Czech <https://hosted.weblate.org/projects/exaile/master/cs/>
exif,296,0,0,68,0,0,273,296,100.0,Czech <translation-team-cs@lists.sourceforge.net>
exo,1414,0,0,286,0,0,1328,1414,100.0,Czech (http://www.transifex.com/projects/p/exo/language/cs/)
fantasdic,406,0,0,132,0,0,407,406,100.0,Czech <gnome-cs-list@gnome.org>
feedreader,247,101,578,71,41,107,230,926,26.673866090712746,Czech <cs@li.org>
fetchmail,4382,0,0,692,0,0,4419,4382,100.0,Czech <translation-team-cs@lists.sourceforge.net>
file-roller,2847,0,0,456,0,0,2482,2847,100.0,Czech <gnome-cs-list@gnome.org>
filezilla,10014,0,0,1726,0,0,9462,10014,100.0,Michal Molhanec <michal@molhanec.net>
findutils,2545,23,0,235,4,0,2385,2568,99.1043613707165,Czech <translation-team-cs@lists.sourceforge.net>
firewalld,2176,0,0,404,0,0,1993,2176,100.0,Czech (http://www.transifex.com/projects/p/firewalld/language/cs/)
five-or-more,1572,0,0,218,0,0,1501,1572,100.0,Czech <gnome-cs-list@gnome.org>
flare,3088,0,206,472,0,49,2665,3294,93.74620522161506,
flare-engine,422,41,135,147,11,68,424,598,70.5685618729097,
flatpak,2017,0,312,448,0,43,1968,2329,86.60369257191928,Czech <gnome-cs-list@gnome.org>
flaw,84,0,0,53,0,0,81,84,100.0,LANGUAGE <LL@li.org>
focuswriter,129,0,0,7,0,0,130,129,100.0,Czech (http://www.transifex.com/projects/p/focuswriter/language/cs/)
folks,1056,0,0,130,0,0,1049,1056,100.0,Czech <gnome-cs-list@gnome.org>
fonts-tweak-tool,0,0,164,0,0,49,0,164,0.0,Czech
four-in-a-row,1174,0,0,145,0,0,1065,1174,100.0,Czech <gnome-cs-list@gnome.org>
foxtrotgps,982,0,13,297,0,3,1012,995,98.69346733668341,Czech
fpc,101,0,102,8,0,5,91,203,49.75369458128079,
fpm2,1441,0,55,392,0,10,1317,1496,96.32352941176471,<>
fprintd,419,0,0,57,0,0,384,419,100.0,Czech (http://www.transifex.com/freedesktop/fprintd/language/cs/)
freeciv,12606,25214,60366,2728,3415,1992,11417,98186,12.838897602509522,Czech <cs@li.org>
freedink,271,0,0,57,0,0,261,271,100.0,Czech <translation-team-cs@lists.sourceforge.net>
freedroidrpg,62109,0,0,6387,0,0,54279,62109,100.0,Czech (http://www.transifex.com/arctic-games/freedroid-rpg/language/cs/)
freeipa,133,0,0,31,0,0,135,133,100.0,Czech (http://www.transifex.com/projects/p/freeipa/language/cs/)
frescobaldi,14820,32,701,2108,4,39,13878,15553,95.28708287790137,Czech <kde-i18n-doc@kde.org>
frogr,1508,0,3,295,0,1,1497,1511,99.80145598941098,Czech <gnome-cs-list@gnome.org>
frozen-bubble,698,0,0,148,0,0,698,698,100.0,Czech <cs@li.org>
fslint,349,0,39,124,0,8,349,388,89.94845360824742,Czech <cs@li.org>
fuse-encfs,552,16,721,71,2,64,518,1289,42.823894491854155,Czech <cs@li.org>
fwupd,377,0,245,85,0,62,382,622,60.61093247588425,Czech (http://www.transifex.com/freedesktop/fwupd/language/cs/)
gajim,8802,1945,1191,1766,333,167,7640,11938,73.73094320656726,<>
gala,634,0,49,69,0,8,551,683,92.82576866764275,Czech <cs@li.org>
galculator,935,0,0,275,0,0,912,935,100.0,Czech (http://www.transifex.com/mate/MATE/language/cs/)
gallery2,15258,803,1732,2274,103,166,13323,17793,85.75282414432642,Czech <cs@li.org>
galternatives,165,0,0,43,0,0,147,165,100.0,Czech <debian-l10n-czech@lists.debian.org>
gambas3,5905,0,77,1855,0,21,5235,5982,98.7128050819124,LANGUAGE <LL@li.org>
gammu,3867,123,7,1098,11,2,3819,3997,96.74756067050288,Czech <cs@li.org>
ganglia,59,0,0,4,0,0,48,59,100.0,Czech <debian-l10n-czech@lists.debian.org>
ganyremote,456,27,17,138,5,6,421,500,91.2,Czech
garcon,109,0,0,34,0,0,109,109,100.0,Czech (http://www.transifex.com/projects/p/xfce/language/cs/)
gaupol,2541,0,72,721,0,10,2526,2613,97.24454649827784,Czech <kde-i18n-doc@kde.org>
gbrainy,10222,0,0,1302,0,0,9727,10222,100.0,čeština <gnome-cs-list@gnome.org>
gcab,162,0,0,34,0,0,163,162,100.0,Czech <gnome-cs-list@gnome.org>
gcl,177,0,0,8,0,0,146,177,100.0,Czech <debian-l10n-czech@lists.debian.org>
gcompris,17464,0,0,1961,0,0,15143,17464,100.0,Czech <gnome-cs-list@gnome.org>
gconf-editor,2834,0,0,238,0,0,2501,2834,100.0,Czech <gnome-cs-list@gnome.org>
gcr,700,0,0,254,0,0,661,700,100.0,Czech <gnome-cs-list@gnome.org>
gdesklets,1127,0,401,185,0,19,958,1528,73.7565445026178,Czech <cs@li.org>
gdk-pixbuf2,1409,0,0,211,0,0,1397,1409,100.0,čeština <gnome-cs-list@gnome.org>
gdm,9982,0,0,439,0,0,8850,9982,100.0,Czech <gnome-cs-list@gnome.org>
geany,5381,322,295,1195,64,39,4852,5998,89.71323774591531,Czech <geany-i18n@uvena.de>
geary,3972,0,0,649,0,0,3819,3972,100.0,čeština <gnome-cs-list@gnome.org>
gedit,10878,0,0,1303,0,0,9991,10878,100.0,Czech <gnome-cs-list@gnome.org>
gedit-cossa,101,0,0,51,0,0,117,101,100.0,Czech <gnome-cs-list@gnome.org>
gedit-latex,468,0,0,226,0,0,479,468,100.0,Czech <gnome-cs-list@gnome.org>
gedit-plugins,3131,0,0,353,0,0,2829,3131,100.0,čeština <gnome-cs-list@gnome.org>
geeqie,3278,312,194,1193,42,62,3255,3784,86.62790697674419,Czech <cs@li.org>
genius,8560,0,0,1119,0,0,7617,8560,100.0,čeština <gnome-cs-list@gnome.org>
gettext,1284,1036,5474,185,109,535,1249,7794,16.474210931485757,Czech <translation-team-cs@lists.sourceforge.net>
gftp,3110,216,49,561,69,4,2710,3375,92.14814814814815,Czech <cs@li.org>
ggz-base-libs,48,0,0,11,0,0,47,48,100.0,<cs@li.org>
ggz-gtk-client,599,0,0,205,0,0,550,599,100.0,<cs@li.org>
ghex,3236,0,0,416,0,0,2973,3236,100.0,čeština <gnome-cs-list@gnome.org>
giggle,1204,0,0,244,0,0,1112,1204,100.0,Czech <gnome-cs-list@gnome.org>
gigolo,521,0,0,142,0,0,508,521,100.0,Czech (http://www.transifex.com/projects/p/xfce/language/cs/)
gimagereader,1127,15,2,334,5,1,1225,1144,98.51398601398601,Czech <kde-i18n-doc@kde.org>
gimmix,534,0,0,99,0,0,515,534,100.0,<cs@li.org>
gimp,28792,0,0,7359,0,0,26978,28792,100.0,čeština <gnome-cs-list@gnome.org>
gimp-gap,8871,616,922,1700,53,49,8606,10409,85.22432510327602,Czech <gnome-cs-list@gnome.org>
gitg,2020,0,0,357,0,0,1859,2020,100.0,čeština <gnome-cs-list@gnome.org>
gjots2,912,40,2,255,1,1,846,954,95.59748427672956,Czech
gkrellm,3332,0,452,504,0,47,2717,3784,88.05496828752642,Czech <cs@li.org>
glabels,8523,0,0,1189,0,0,7852,8523,100.0,Czech <gnome-cs-list@gnome.org>
glade,8553,0,0,1883,0,0,8156,8553,100.0,Czech <gnome-cs-list@gnome.org>
glade2,5902,0,0,1311,0,0,5082,5902,100.0,Czech <cs@li.org>
glade3,5967,0,0,1229,0,0,5689,5967,100.0,Czech <gnome-cs-list@gnome.org>
glib-networking,161,0,0,29,0,0,147,161,100.0,čeština <gnome-cs-list@gnome.org>
glib2,6623,0,0,1043,0,0,6337,6623,100.0,čeština <gnome-cs-list@gnome.org>
glibc,8077,0,0,1473,0,0,8186,8077,100.0,Czech <translation-team-cs@lists.sourceforge.net>
glibc-arm-linux-gnu,8077,0,0,1473,0,0,8186,8077,100.0,Czech <translation-team-cs@lists.sourceforge.net>
gliv,1034,0,0,260,0,0,981,1034,100.0,Czech <translation-team-cs@lists.sourceforge.net>
glom,9189,0,0,1091,0,0,7902,9189,100.0,Czech <gnome-cs-list@gnome.org>
glpi,11053,0,223,2920,0,37,10710,11276,98.0223483504789,Czech (Czech Republic) (http://www.transifex.com/glpi/GLPI/language/cs_CZ/)
gmpc,1283,0,195,462,0,46,1355,1478,86.8064952638701,Czech <cs@li.org>
gmusicbrowser,4757,0,591,1462,0,148,4624,5348,88.94913986537023,čeština <L3D9Z6@seznam.cz>
gnomad2,731,0,0,177,0,0,619,731,100.0,
gnome-2048,335,0,0,57,0,0,324,335,100.0,Czech <gnome-cs-list@gnome.org>
gnome-abrt,397,0,0,73,0,0,375,397,100.0,čeština <gnome-cs-list@gnome.org>
gnome-activity-journal,178,0,138,46,0,48,160,316,56.32911392405063,Czech <cs@li.org>
gnome-backgrounds,29,0,0,18,0,0,31,29,100.0,čeština <gnome-cs-list@gnome.org>
gnome-bluetooth,372,0,0,110,0,0,391,372,100.0,Czech <gnome-cs-list@gnome.org>
gnome-boxes,3496,0,0,469,0,0,3343,3496,100.0,Czech <gnome-cs-list@gnome.org>
gnome-builder,3284,0,0,807,0,0,3273,3284,100.0,Czech <gnome-cs-list@gnome.org>
gnome-calculator,3263,0,0,791,0,0,3097,3263,100.0,Czech <gnome-cs-list@gnome.org>
gnome-calendar,424,0,0,138,0,0,424,424,100.0,čeština <gnome-cs-list@gnome.org>
gnome-characters,161,0,0,47,0,0,166,161,100.0,čeština <gnome-cs-list@gnome.org>>
gnome-chess,4517,0,0,367,0,0,3954,4517,100.0,Czech <gnome-cs-list@gnome.org>
gnome-clocks,1255,0,0,176,0,0,1019,1255,100.0,Czech <gnome-cs-list@gnome.org>
gnome-color-manager,2327,0,0,369,0,0,2084,2327,100.0,Czech <gnome-cs-list@gnome.org>
gnome-commander,34489,0,0,4997,0,0,31796,34489,100.0,čeština <gnome-cs-list@gnome.org>
gnome-contacts,433,0,0,157,0,0,430,433,100.0,Czech <gnome-cs-list@gnome.org>
gnome-desktop,2990,0,0,131,0,0,2601,2990,100.0,Czech <gnome-cs-list@gnome.org>
gnome-desktop3,2698,0,0,93,0,0,2334,2698,100.0,Czech <gnome-cs-list@gnome.org>
gnome-devel-docs,169252,0,0,6587,0,0,154988,169252,100.0,Czech <gnome-cs-list@gnome.org>
gnome-dictionary,2106,0,0,300,0,0,1849,2106,100.0,Czech <gnome-cs-list@gnome.org>
gnome-directory-thumbnailer,85,0,0,12,0,0,83,85,100.0,Czech <gnome-cs-list@gnome.org>
gnome-disk-utility,3543,0,0,654,0,0,3468,3543,100.0,čeština <gnome-cs-list@gnome.org>>
gnome-do,597,0,15,140,0,4,538,612,97.54901960784314,Czech <cs@li.org>
gnome-doc-utils,251,0,0,101,0,0,150,251,100.0,Czech <gnome-cs-list@gnome.org>
gnome-documents,1826,0,0,305,0,0,1739,1826,100.0,Czech <gnome-cs-list@gnome.org>
gnome-dvb-daemon,790,0,0,190,0,0,744,790,100.0,Czech <gnome-cs-list@gnome.org>
gnome-font-viewer,130,0,0,30,0,0,116,130,100.0,čeština <gnome-cs-list@gnome.org>
gnome-getting-started-docs,2506,0,0,337,0,0,2166,2506,100.0,Czech <gnome-cs-list@gnome.org>
gnome-gmail,27,17,143,11,3,17,34,187,14.43850267379679,Czech <cs@li.org>
gnome-icon-theme,43,0,0,38,0,0,46,43,100.0,Czech <gnome-cs-list@gnome.org>
gnome-initial-setup,842,0,0,125,0,0,767,842,100.0,čeština <gnome-cs-list@gnome.org>
gnome-keyring,553,0,0,112,0,0,508,553,100.0,Czech <gnome-cs-list@gnome.org>
gnome-klotski,1422,0,0,123,0,0,1280,1422,100.0,Czech <gnome-cs-list@gnome.org>
gnome-libs,988,40,57,381,4,10,915,1085,91.05990783410138,czech <cs@li.org>
gnome-logs,495,0,0,91,0,0,445,495,100.0,Czech <gnome-cs-list@gnome.org>
gnome-mahjongg,1627,0,0,207,0,0,1543,1627,100.0,Czech <gnome-cs-list@gnome.org>
gnome-maps,975,0,0,239,0,0,957,975,100.0,čeština <gnome-cs-list@gnome.org>>
gnome-menus,70,0,0,27,0,0,67,70,100.0,Czech <gnome-cs-list@gnome.org>
gnome-mime-data,887,0,0,362,0,0,926,887,100.0,Czech <cs@li.org>
gnome-mines,1541,0,0,178,0,0,1449,1541,100.0,Czech <gnome-cs-list@gnome.org>
gnome-mud,1309,0,0,275,0,0,1130,1309,100.0,Czech <cs@li.org>
gnome-multi-writer,387,0,0,60,0,0,383,387,100.0,Czech <gnome-cs-list@gnome.org>
gnome-music,1055,0,0,182,0,0,1102,1055,100.0,Czech <gnome-cs-list@gnome.org>
gnome-nettool,1178,0,0,241,0,0,1139,1178,100.0,Czech <gnome-cs-list@gnome.org>
gnome-nibbles,1950,0,0,216,0,0,1719,1950,100.0,Czech <gnome-cs-list@gnome.org>
gnome-online-accounts,1232,0,0,345,0,0,1238,1232,100.0,Czech <gnome-cs-list@gnome.org>
gnome-packagekit,3479,0,0,544,0,0,3255,3479,100.0,čeština <gnome-cs-list@gnome.org>
gnome-phone-manager,563,0,0,98,0,0,524,563,100.0,Czech <gnome-cs-list@gnome.org>
gnome-photos,905,0,0,233,0,0,895,905,100.0,Czech <gnome-cs-list@gnome.org>
gnome-power-manager,486,0,0,150,0,0,530,486,100.0,Czech <gnome-cs-list@gnome.org>
gnome-robots,1689,0,0,255,0,0,1638,1689,100.0,Czech <gnome-cs-list@gnome.org>
gnome-screensaver,291,0,0,58,0,0,276,291,100.0,Czech <gnome-cs-list@gnome.org>
gnome-screenshot,455,0,0,78,0,0,416,455,100.0,čeština <gnome-cs-list@gnome.org>
gnome-search-tool,3069,0,0,344,0,0,2599,3069,100.0,Czech <gnome-cs-list@gnome.org>
gnome-session,319,0,0,59,0,0,293,319,100.0,Czech <gnome-cs-list@gnome.org>
gnome-settings-daemon,2416,0,0,406,0,0,2300,2416,100.0,čeština <gnome-cs-list@gnome.org>
gnome-shell,1458,0,0,347,0,0,1460,1458,100.0,čeština <gnome-cs-list@gnome.org>
gnome-shell-extension-openweather,619,0,0,201,0,0,601,619,100.0,cs_CZ <czech@li.org>
gnome-shell-extension-pomodoro,258,0,0,86,0,0,256,258,100.0,<>
gnome-shell-extension-sustmi,11,0,0,6,0,0,13,11,100.0,
gnome-shell-extension-system-monitor-applet,116,27,14,86,2,6,118,157,73.88535031847134,
gnome-shell-extensions,380,0,0,70,0,0,361,380,100.0,Czech <gnome-cs-list@gnome.org>
gnome-software,2456,0,0,549,0,0,2395,2456,100.0,čeština <gnome-cs-list@gnome.org>
gnome-sound-recorder,285,0,0,72,0,0,287,285,100.0,čeština <gnome-cs-list@gnome.org>
gnome-subtitles,2907,0,0,508,0,0,2651,2907,100.0,Czech <gnome-cs-list@gnome.org>
gnome-sudoku,2795,0,0,278,0,0,2526,2795,100.0,Czech <gnome-cs-list@gnome.org>
gnome-system-log,1602,0,0,160,0,0,1424,1602,100.0,Czech <gnome-cs-list@gnome.org>
gnome-system-monitor,5454,0,0,527,0,0,4817,5454,100.0,Czech <gnome-cs-list@gnome.org>
gnome-taquin,1037,0,0,138,0,0,941,1037,100.0,Czech <gnome-cs-list@gnome.org>
gnome-terminal,7758,0,0,990,0,0,7081,7758,100.0,Czech <gnome-cs-list@gnome.org>
gnome-tetravex,1032,0,0,129,0,0,907,1032,100.0,Czech <gnome-cs-list@gnome.org>
gnome-themes,109,0,0,30,0,0,110,109,100.0,Czech <gnome-cs-list@gnome.org>
gnome-themes-standard,15,0,0,6,0,0,15,15,100.0,Czech <gnome-cs-list@gnome.org>
gnome-todo,479,0,0,120,0,0,488,479,100.0,čeština <gnome-cs-list@gnome.org>
gnome-tweak-tool,436,0,0,150,0,0,460,436,100.0,čeština <gnome-cs-list@gnome.org>
gnome-user-docs,56406,0,0,3137,0,0,48699,56406,100.0,čeština <gnome-cs-list@gnome.org>
gnome-user-share,52,0,0,10,0,0,50,52,100.0,Czech <gnome-cs-list@gnome.org>
gnome-vfs2,1519,0,0,305,0,0,1354,1519,100.0,Czech <gnome-cs-list@gnome.org>
gnome-video-effects,256,0,0,68,0,0,234,256,100.0,Czech <gnome-cs-list@gnome.org>
gnome-weather,192,0,0,42,0,0,188,192,100.0,Czech <gnome-cs-list@gnome.org>
gnome-web-photo,375,0,0,58,0,0,380,375,100.0,Czech <gnome-cs-list@gnome.org>
gnomebaker,287,42,857,88,13,190,256,1186,24.198988195615513,Czech <cs@li.org>
gnomint,49,0,4363,29,0,672,61,4412,1.1106074342701724,Czech <translation-team-cs@lists.sourceforge.net>
gnote,7317,0,0,889,0,0,6876,7317,100.0,Czech <gnome-cs-list@gnome.org>
gnotime,2236,0,12,446,0,8,1851,2248,99.4661921708185,American English <kde-i18n-doc@kde.org>
gnubg,12394,449,279,2540,72,39,11755,13122,94.45206523395824,Czech <cs@li.org>
gnucash,16651,3470,6205,3104,562,432,14651,26326,63.249259287396484,Czech <translation-team-cs@lists.sourceforge.net>
gnumed,1445,1183,26773,347,308,4210,1317,29401,4.91479881636679,LANGUAGE <LL@li.org>
gnumeric,158149,0,14663,14438,0,421,137054,172812,91.51505682475754,čeština <gnome-cs-list@gnome.org>
gnupg,8592,28,20,1290,4,3,8228,8640,99.44444444444444,Czech <translations.cs@gnupg.cz>
gnupg2,12202,604,402,2065,67,36,11997,13208,92.38340399757723,Czech <gnupg-i18n@gnupg.org>
gnutls,1347,167,179,317,38,33,1276,1693,79.56290608387478,Czech <translation-team-cs@lists.sourceforge.net>
gobby,865,0,35,181,0,9,765,900,96.11111111111111,Czech
goffice,6584,0,0,2113,0,0,6391,6584,100.0,Czech <gnome-cs-list@gnome.org>
goffice08,4827,0,0,1610,0,0,4748,4827,100.0,Czech <gnome-cs-list@gnome.org>
gom,184,0,0,46,0,0,145,184,100.0,Czech <gnome-cs-list@gnome.org>
gourmet,2632,122,1185,633,13,246,2418,3939,66.81898959126681,Czech <cs@li.org>
gparted,9227,0,0,937,0,0,8466,9227,100.0,čeština <gnome-cs-list@gnome.org>>
gphoto2,1332,251,163,268,43,27,1200,1746,76.28865979381443,Czech <translation-team-cs@lists.sourceforge.net>
gpick,602,0,0,297,0,0,671,602,100.0,Czech <kde-i18n-doc@kde.org>
gpicview,236,0,0,52,0,0,230,236,100.0,
gpodder,1742,1092,924,496,310,198,1736,3758,46.35444385311336,Czech (Czech Republic) (http://www.transifex.com/projects/p/gpodder/language/cs_CZ/)
gpredict,18,0,6024,6,0,1082,27,6042,0.29791459781529295,Czech <cs@li.org>
gpx-viewer,108,0,0,58,0,0,110,108,100.0,Czech <cs@li.org>
gq,461,556,920,95,150,120,398,1937,23.799690242643262,unknown <LL@li.org>
gramps,37687,0,0,6393,0,0,32575,37687,100.0,Czech <Czech <gnome-cs-list@gnome.org>>
granite,152,0,4,55,0,2,183,156,97.43589743589743,Czech <cs@li.org>
grass,30980,33350,21293,5629,5318,2655,29329,85623,36.181867021711454,<freegeocz@fsv.cvut.cz>
grep,951,0,0,113,0,0,998,951,100.0,Czech <translation-team-cs@lists.sourceforge.net>
grilo,194,0,0,37,0,0,203,194,100.0,Czech <gnome-cs-list@gnome.org>
grilo-plugins,536,0,0,133,0,0,482,536,100.0,Czech <gnome-cs-list@gnome.org>
grisbi,10132,2290,328,2013,200,62,8846,12750,79.46666666666667,
grsync,1137,4,0,160,1,0,1017,1141,99.64943032427695,Czech <gnome-cs-list@gnome.org>
grub-customizer,1160,0,135,181,0,12,1041,1295,89.57528957528957,Czech <cs@li.org>
gscan2pdf,1604,0,235,468,0,38,1521,1839,87.22131593257205,Czech <cs@li.org>
gsettings-desktop-schemas,6232,0,0,560,0,0,5850,6232,100.0,čeština <gnome-cs-list@gnome.org>
gspell,78,0,0,32,0,0,79,78,100.0,Czech <gnome-cs-list@gnome.org>
gstreamer,1914,3,0,347,1,0,1925,1917,99.8435054773083,Czech <translation-team-cs@lists.sourceforge.net>
gstreamer-plugins-bad-free,72,4,20,12,1,1,72,96,75.0,Czech <translation-team-cs@lists.sourceforge.net>
gstreamer-plugins-base,902,0,6,176,0,2,833,908,99.33920704845815,Czech <translation-team-cs@lists.sourceforge.net>
gstreamer-plugins-good,814,0,0,190,0,0,805,814,100.0,Czech <translation-team-cs@lists.sourceforge.net>
gstreamer1,2031,0,0,371,0,0,2060,2031,100.0,Czech <translation-team-cs@lists.sourceforge.net>
gstreamer1-plugins-bad-free,202,42,8,29,7,2,209,252,80.15873015873017,Czech <translation-team-cs@lists.sourceforge.net>
gstreamer1-plugins-base,916,33,0,193,5,0,910,949,96.52265542676501,Czech <translation-team-cs@lists.sourceforge.net>
gstreamer1-plugins-good,747,14,0,105,2,0,675,761,98.16031537450722,Czech <translation-team-cs@lists.sourceforge.net>
gstreamer1-plugins-ugly-free,118,0,0,13,0,0,110,118,100.0,Czech <translation-team-cs@lists.sourceforge.net>
gtg,2185,0,1312,285,0,15,1939,3497,62.48212753788962,Czech <cs@li.org>
gthumb,8771,0,0,1577,0,0,8083,8771,100.0,Czech <gnome-cs-list@gnome.org>
gtick,338,0,0,96,0,0,351,338,100.0,Czech <translation-team-cs@lists.sourceforge.net>
gtk+,202,0,0,105,0,0,196,202,100.0,Czech <cs@li.org>
gtk-murrine-engine,134,0,0,46,0,0,145,134,100.0,Czech <gnome-cs-list@gnome.org>
gtk-vnc,8,0,0,3,0,0,8,8,100.0,Czech <gnome-cs-list@gnome.org>
gtk2,12400,0,0,2583,0,0,10758,12400,100.0,Czech <gnome-cs-list@gnome.org>
gtk2-engines,119,0,0,47,0,0,119,119,100.0,Czech <gnome-cs-list@gnome.org>
gtk3,16008,0,0,3575,0,0,14216,16008,100.0,čeština <gnome-cs-list@gnome.org>
gtkhash,12,0,106,10,0,32,20,118,10.16949152542373,Czech <cs@li.org>
gtkhtml3,522,0,0,317,0,0,527,522,100.0,Czech <gnome-cs-list@gnome.org>
gtkpod,1042,286,6192,284,71,1007,961,7520,13.856382978723406,Czech (Czech Republic) <None>
gtksourceview2,1426,0,0,549,0,0,1492,1426,100.0,Czech <gnome-cs-list@gnome.org>
gtksourceview3,1147,0,0,624,0,0,1238,1147,100.0,čeština <gnome-cs-list@gnome.org>
gtkspell,15,0,0,6,0,0,15,15,100.0,Czech <translation-team-cs@lists.sourceforge.net>
gtkspell3,16,0,0,7,0,0,17,16,100.0,Czech <translation-team-cs@lists.sourceforge.net>
gtranslator,4460,0,0,649,0,0,4090,4460,100.0,Czech <gnome-cs-list@gnome.org>
gtypist,419,99,38,75,9,7,393,556,75.35971223021582,Czech
guake,1066,0,0,194,0,0,981,1066,100.0,Czech (Czech Republic) (http://www.transifex.com/projects/p/guake/language/cs_CZ/)
guayadeque,3326,0,0,1019,0,0,2836,3326,100.0,Czech (Czech Republic) (http://www.transifex.com/projects/p/guayadeque/language/cs_CZ/)
gucharmap,3060,0,0,568,0,0,2878,3060,100.0,Czech <gnome-cs-list@gnome.org>
gummi,372,98,288,163,39,59,373,758,49.07651715039577,Czech <p.janouch@gmail.com>
gupnp-tools,296,0,0,107,0,0,313,296,100.0,Czech <gnome-cs-list@gnome.org>
gutenprint,1980,6300,4607,336,1773,1632,1683,12887,15.364320633196243,Czech <translation-team-cs@lists.sourceforge.net>
gvfs,2910,0,0,631,0,0,2777,2910,100.0,čeština <gnome-cs-list@gnome.org>
gvrng,366,2,5,115,1,5,346,373,98.12332439678283,Czech <jan.pipek@gmail.com>
gwget,379,0,0,103,0,0,358,379,100.0,Czech <gnome-cs-list@gnome.org>
hamster-time-tracker,1638,1,0,222,1,0,1510,1639,99.93898718730934,Czech <gnome-cs-list@gnome.org>
heaptrack,155,0,1005,60,0,114,148,1160,13.36206896551724,Czech <kde-i18n-doc@kde.org>
hexalate,9,0,51,3,0,1,12,60,15.0,Czech (http://www.transifex.com/projects/p/hexalate/language/cs/)
hexchat,3395,0,2539,967,0,478,3175,5934,57.21267273340074,Czech (http://www.transifex.com/hexchat/hexchat/language/cs/)
hitori,817,0,0,73,0,0,727,817,100.0,Czech <gnome-cs-list@gnome.org>
homebank,1250,0,1033,501,0,232,1142,2283,54.752518615856324,Czech <cs@li.org>
homerun,284,0,220,101,0,34,267,504,56.34920634920635,Czech <kde-i18n-doc@kde.org>
hotssh,150,0,0,58,0,0,155,150,100.0,Czech <gnome-cs-list@gnome.org>
hugin,8416,200,0,1548,12,0,7424,8616,97.67873723305478,Čeština
iagno,1465,0,0,190,0,0,1407,1465,100.0,Czech <gnome-cs-list@gnome.org>
ibus,1054,0,0,169,0,0,946,1054,100.0,Czech
ibus-chewing,359,0,0,70,0,0,368,359,100.0,Czech
icewm,0,0,0,0,0,0,0,0,0.0,Czech <translation-team-cs@lists.sourceforge.net>
ikiwiki,3564,750,948,424,58,45,3124,5262,67.7309007981756,Czech <debian-l10n-czech@lists.debian.org>
im-chooser,239,0,0,56,0,0,204,239,100.0,LANGUAGE <LL@li.org>
imsettings,0,0,456,0,0,84,0,456,0.0,LANGUAGE <LL@li.org>
initial-setup,33,0,0,7,0,0,23,33,100.0,Czech
initscripts,922,68,13,144,12,2,864,1003,91.92422731804587,Czech (http://www.transifex.com/projects/p/fedora/language/cs/)
inkscape,16777,7693,13469,4001,2498,1613,15913,37939,44.22098632014549,x
ircp-tray,239,0,0,61,0,0,232,239,100.0,Czech <cs@li.org>
iso-codes,3092,7587,12407,1787,5570,7875,2812,23086,13.393398596552023,Czech <translation-team-cs@lists.sourceforge.net>
isoimagewriter,121,7,271,33,1,45,108,399,30.32581453634085,Czech <kde-i18n-doc@kde.org>
isomaster,674,0,0,107,0,0,623,674,100.0,Czech <kde-i18n-doc@kde.org>
jmol,2752,169,245,929,44,48,2753,3166,86.92356285533796,Czech <Jmol-developers@lists.sf.net>
jpilot,1566,592,916,515,108,140,1462,3074,50.943396226415096,Czech <translation-team-cs@lists.sourceforge.net>
json-glib,303,0,0,44,0,0,279,303,100.0,Czech <gnome-cs-list@gnome.org>
k3b,19252,0,1289,2521,0,13,17200,20541,93.72474563068984,Czech <kde-i18n-doc@kde.org>
kBuild,106,119,280,12,28,41,116,505,20.99009900990099,Czech <cs@li.org>
kactivitymanagerd,9,0,0,4,0,0,9,9,100.0,Czech <kde-i18n-doc@kde.org>
kamoso,62,0,57,28,0,13,65,119,52.10084033613446,Czech <kde-i18n-doc@kde.org>
kanyremote,422,50,12,130,8,6,395,484,87.19008264462809,Czech
kaudiocreator,1136,0,0,273,0,0,1078,1136,100.0,Czech <kde-i18n-doc@kde.org>
kazehakase,1888,0,1,591,0,1,1783,1889,99.94706193753309,Czech <debian-l10n-czech@lists.debian.org>
kbackup,622,8,20,119,2,2,594,650,95.6923076923077,Czech <kde-i18n-doc@kde.org>
kbd,2372,0,0,274,0,0,2285,2372,100.0,Czech <translation-team-cs@lists.sourceforge.net>
kbibtex,1897,0,397,617,0,49,1923,2294,82.69398430688753,Czech <kde-i18n-doc@kde.org>
kbilliards,133,0,75,38,0,26,114,208,63.942307692307686,český <cs@li.org>
kcbench-data,394,211,544,39,21,96,362,1149,34.29068755439513,Czech <diskuze@lists.l10n.cz>
kchildlock,806,0,0,122,0,0,678,806,100.0,Czech <kde-i18n-doc@kde.org>
kchmviewer,320,138,514,69,39,99,258,972,32.92181069958848,<cs@li.org>
kcm-gtk,269,0,107,57,0,14,241,376,71.54255319148936,
kcm_systemd,42,1,1342,31,1,136,42,1385,3.032490974729242,Czech <kde-i18n-doc@kde.org>
kcm_wacomtablet,405,0,493,125,0,74,384,898,45.10022271714922,Czech <kde-i18n-doc@kde.org>
kcoloredit,278,0,0,95,0,0,256,278,100.0,Czech <kde-i18n-doc@kde.org>
kdbg,281,27,547,107,15,76,254,855,32.865497076023395,Czech <flidr@kky.zcu.cz>
kde-cli-tools,2142,0,46,224,0,4,1823,2188,97.89762340036563,Czech <kde-i18n-doc@kde.org>
kde-connect,671,0,0,160,0,0,638,671,100.0,Czech <kde-i18n-doc@kde.org>
kde-gtk-config,305,0,4,74,0,1,275,309,98.70550161812298,Czech <kde-i18n-doc@kde.org>
kde-l10n,211198,0,115792,57453,0,11944,196046,326990,64.58851952659103,Czech <kde-i18n-doc@kde.org>
kde-partitionmanager,1310,0,826,417,0,57,1225,2136,61.329588014981276,Czech <kde-i18n-doc@kde.org>
kdeplasma-addons,2856,0,120,942,0,24,2898,2976,95.96774193548387,Czech <kde-i18n-doc@kde.org>
kdesvn,639,3,4203,258,1,622,633,4845,13.188854489164086,Czech <kde-i18n-doc@kde.org>
kdevelop,1248,0,3801,541,0,444,1271,5049,24.717765894236482,Czech <kde-i18n-doc@kde.org>
kdevelop-php,70,0,372,22,0,38,67,442,15.837104072398189,Czech <kde-i18n-doc@kde.org>
kdevelop-python,47,0,532,25,0,76,48,579,8.117443868739207,Czech <kde-i18n-doc@kde.org>
kdevplatform,1960,0,6785,930,0,882,1958,8745,22.412807318467696,Czech <kde-i18n-doc@kde.org>
kdiagram,49,0,16,33,0,6,46,65,75.38461538461539,Czech <kde-i18n-doc@kde.org>
kdiff3,3506,0,264,650,0,13,3268,3770,92.9973474801061,Czech <kde-i18n-doc@kde.org>
kdissert,89,0,1938,56,0,226,85,2027,4.390725209669463,Czech <suse@suse.cz>
kernel,394,211,544,39,21,96,362,1149,34.29068755439513,Czech <diskuze@lists.l10n.cz>
keurocalc,291,0,0,116,0,0,282,291,100.0,<cs@li.org>
kexec-tools,51,8,24,2,2,8,47,83,61.44578313253012,Czech <cs@li.org>
kf5-baloo,347,0,206,100,0,26,288,553,62.74864376130199,Czech <kde-i18n-doc@kde.org>
kf5-kbookmarks,218,0,12,48,0,1,195,230,94.78260869565217,Czech <kde-i18n-doc@kde.org>
kf5-kconfig,245,0,15,99,0,1,239,260,94.23076923076923,Czech <kde-i18n-doc@kde.org>
kf5-kdbusaddons,48,0,0,6,0,0,43,48,100.0,Czech <kde-i18n-doc@kde.org>
kf5-kdesu,19,0,0,7,0,0,17,19,100.0,Czech <cs@li.org>
kf5-kdoctools,8,0,0,4,0,0,12,8,100.0,Czech <kde-i18n-doc@kde.org>
kf5-kfilemetadata,131,0,9,68,0,3,119,140,93.57142857142857,Czech <kde-i18n-doc@kde.org>
kf5-kiconthemes,35,0,0,18,0,0,35,35,100.0,Czech <kde-i18n-doc@kde.org>
kf5-kio,11154,0,758,1299,0,22,9303,11912,93.63666890530557,Czech <kde-i18n-doc@kde.org>
kf5-kirigami,2,0,0,2,0,0,2,2,100.0,Czech <kde-i18n-doc@kde.org>
kf5-kirigami2,2,0,0,1,0,0,2,2,100.0,Czech <kde-i18n-doc@kde.org>
kf5-kpackage,371,0,75,87,0,4,332,446,83.18385650224215,Czech <kde-i18n-doc@kde.org>
kf5-kpeople,21,0,0,11,0,0,20,21,100.0,Czech <kde-i18n-doc@kde.org>
kf5-krunner,15,0,0,3,0,0,14,15,100.0,Czech <kde-i18n-doc@kde.org>
kf5-kunitconversion,2743,0,2523,1194,0,1050,3340,5266,52.08887200911507,Czech <kde-i18n-doc@kde.org>
kf5-kwallet,1514,0,110,116,0,15,1287,1624,93.22660098522168,Czech <kde-i18n-doc@kde.org>
kf5-kxmlrpcclient,13,0,0,2,0,0,10,13,100.0,Czech <cs@li.org>
kf5-libktorrent,474,0,0,107,0,0,463,474,100.0,Czech <kde-i18n-doc@kde.org>
kf5-plasma,449,0,52,141,0,5,424,501,89.62075848303394,Czech <kde-i18n-doc@kde.org>
kf5-purpose,48,0,32,22,0,7,51,80,60.0,Czech <kde-i18n-doc@kde.org>
kf5-solid,647,0,32,219,0,2,574,679,95.28718703976435,Czech <kde-i18n-doc@kde.org>
kflickr,216,0,116,70,0,17,221,332,65.06024096385542,Czech <cs@li.org>
kgamma,130,0,0,16,0,0,112,130,100.0,Czech <kde-i18n-doc@kde.org>
kgrab,370,0,0,53,0,0,313,370,100.0,Český <cs@li.org>
kgraphviewer,1234,0,17,240,0,2,1133,1251,98.64108713029577,Czech <kde-i18n-doc@kde.org>
khotkeys,436,0,0,129,0,0,405,436,100.0,Czech <kde-i18n-doc@kde.org>
kicad,10836,0,2798,3104,0,340,10086,13634,79.47777614786563,Čeština <cs@li.org>
kiconedit,709,5,12,152,1,2,623,726,97.65840220385675,Czech <kde-i18n-doc@kde.org>
kid3,2160,0,0,905,0,0,2305,2160,100.0,Czech <kde-i18n-doc@kde.org>
kile,11162,0,0,1902,0,0,9652,11162,100.0,Czech <kde-i18n-doc@kde.org>
kinfocenter,2234,0,27,794,0,7,2226,2261,98.80583812472358,Czech <kde-i18n-doc@kde.org>
kio-gdrive,2,0,12,1,0,1,2,14,14.285714285714285,Czech <kde-i18n-doc@kde.org>
kio_gopher,17,0,0,5,0,0,16,17,100.0,Czech <kde-i18n-doc@lists.kde.org>
kio_sysinfo,168,0,0,72,0,0,174,168,100.0,Czech <kde-czech-apps@lists.sf.net>
klamav,767,142,1594,174,37,208,691,2503,30.643228126248502,<cs@li.org>
klavaro,1911,0,0,232,0,0,1672,1911,100.0,Czech <translation-team-cs@lists.sourceforge.net>
kmid2,915,80,27,306,18,9,955,1022,89.53033268101761,Czech <kde-i18n-doc@kde.org>
kmplayer,1248,0,0,370,0,0,1269,1248,100.0,Czech <kde-i18n-doc@kde.org>
kmymoney,15067,0,5959,2816,0,577,13750,21026,71.65889850661085,Czech <kde-i18n-doc@kde.org>
knemo,1236,0,0,352,0,0,1160,1236,100.0,Czech <kde-i18n-doc@kde.org>
knights,668,6,83,202,3,14,619,757,88.24306472919419,Czech <kde-i18n-doc@kde.org>
koffice-kivio,5239,321,2857,1505,190,666,4699,8417,62.24307948200072,cs_CZ <cs@li.org>
konversation,4301,0,5993,1237,0,401,4098,10294,41.78162036137556,Czech <kde-i18n-doc@kde.org>
koverartist,763,0,0,185,0,0,735,763,100.0,Czech <kde-i18n-doc@kde.org>
kphotoalbum,4826,0,4688,820,0,181,4492,9514,50.72524700441454,Czech <kde-i18n-doc@kde.org>
kpilot,2424,661,4071,567,111,183,2154,7156,33.87367244270542,Czech <kde-i18n-doc@kde.org>
kpmcore,934,0,1925,207,0,215,912,2859,32.668765302553346,Czech <kde-i18n-doc@kde.org>
krb5-auth-dialog,2946,0,0,431,0,0,2943,2946,100.0,Czech <gnome-cs-list@gnome.org>
krecipes,2504,0,1142,636,0,129,2408,3646,68.67800329127812,Czech <kde-i18n-doc@kde.org>
krename,2058,0,0,439,0,0,1999,2058,100.0,American English <kde-i18n-doc@kde.org>
krita,9558,84,12773,3791,24,1915,9250,22415,42.641088556770015,Czech <kde-i18n-doc@kde.org>
krusader,7739,0,217,1720,0,17,7344,7956,97.27249874308697,Czech <kde-i18n-doc@kde.org>
kscreen,213,0,0,64,0,0,216,213,100.0,Czech <kde-i18n-doc@kde.org>
kscreenlocker,153,0,43,34,0,2,141,196,78.06122448979592,Czech <kde-i18n-doc@kde.org>
ksensors,57,18,89,33,14,50,58,164,34.756097560975604,Czech <C@li.org>
ksig,71,2,12,17,1,8,58,85,83.52941176470588,Czech <kde-czech-apps@lists.sf.net>
ksnapshot,521,0,0,63,0,0,435,521,100.0,Czech <kde-i18n-doc@kde.org>
ksshaskpass,43,0,0,12,0,0,40,43,100.0,Czech <kde-i18n-doc@kde.org>
ktikz,331,30,9,66,5,2,292,370,89.45945945945945,Czech <kde-i18n-doc@kde.org>
ktorrent,7282,0,457,1378,0,11,6424,7739,94.09484429512857,Czech <kde-i18n-doc@kde.org>
kupfer,6126,0,0,1007,0,0,6067,6126,100.0,Czech <gnome-cs-list@gnome.org>
kvirc,14132,3592,5099,2405,475,608,12673,22823,61.919992989528104,Czech <cs@li.org>
kwebkitpart,576,0,48,156,0,2,524,624,92.3076923076923,Czech <kde-i18n-doc@kde.org>
kwin,5576,0,814,1139,0,66,5047,6390,87.26134585289515,Czech <kde-i18n-doc@kde.org>
kwooty,1592,0,0,397,0,0,1676,1592,100.0,Czech <kde-i18n-de@kde.org>
kxstitch,1772,0,138,533,0,15,1637,1910,92.77486910994764,Czech <kde-i18n-doc@kde.org>
l3afpad,113,0,17,61,0,3,115,130,86.92307692307692,Czech <cs@li.org>
labyrinth,94,52,80,30,12,31,84,226,41.5929203539823,
lasem,29,0,0,10,0,0,30,29,100.0,Czech <gnome-cs-list@gnome.org>
latexila,3361,0,0,686,0,0,3147,3361,100.0,Czech <gnome-cs-list@gnome.org>
lazarus,31480,317,1875,7732,64,435,29188,33672,93.49014017581374,Czech <vaclav@valicek.name>
lazygal,621,67,59,106,8,10,592,747,83.13253012048193,Czech <cs@li.org>
ldm,0,0,55,0,0,19,0,55,0.0,Czech <cs@li.org>
leafpad,103,10,12,54,6,8,107,125,82.39999999999999,Czech <cs@li.org>
lemonpos,2755,171,192,763,40,40,2348,3118,88.35792174470815,<vn158 AT seznam DOT cz>
lftp,4025,0,0,500,0,0,4089,4025,100.0,Czech <translation-team-cs@lists.sourceforge.net>
libappstream-glib,444,0,0,95,0,0,435,444,100.0,Czech (http://www.transifex.com/freedesktop/appstream-glib/language/cs/)
libbonobo,543,0,0,107,0,0,532,543,100.0,Czech <gnome-cs-list@gnome.org>
libbonoboui,368,0,0,115,0,0,342,368,100.0,Czech <gnome-cs-list@gnome.org>
libbytesize,17,0,0,17,0,0,17,17,100.0,Czech
libcryptui,752,0,0,192,0,0,698,752,100.0,Czech <gnome-cs-list@gnome.org>
libepc,147,0,0,26,0,0,146,147,100.0,Czech <gnome-cs-list@gnome.org>
libexif,3309,47,3621,729,5,443,2947,6977,47.42726100042998,Czech <translation-team-cs@lists.sourceforge.net>
libfm,1565,0,0,390,0,0,1429,1565,100.0,Czech <radek@fastlinux.eu>
libgda,17224,0,0,2416,0,0,15990,17224,100.0,Czech <gnome-cs-list@gnome.org>
libgdata,684,0,0,84,0,0,627,684,100.0,Czech <gnome-cs-list@gnome.org>
libgdl,659,0,0,96,0,0,568,659,100.0,Czech <gnome-cs-list@gnome.org>
libgnome,1773,0,0,273,0,0,1587,1773,100.0,Czech <gnome-cs-list@gnome.org>
libgnome-games-support,43,0,0,14,0,0,47,43,100.0,Czech <gnome-cs-list@gnome.org>
libgnome-keyring,44,0,0,9,0,0,36,44,100.0,Czech <gnome-cs-list@gnome.org>
libgnome-media-profiles,460,0,0,51,0,0,439,460,100.0,Czech <gnome-cs-list@gnome.org>
libgnomecanvas,378,0,0,95,0,0,347,378,100.0,Czech <gnome-cs-list@gnome.org>
libgnomekbd,188,0,0,40,0,0,165,188,100.0,čeština <gnome-cs-list@gnome.org>
libgnomeui,1309,0,0,334,0,0,1151,1309,100.0,Czech <gnome-cs-list@gnome.org>
libgovirt,102,0,0,23,0,0,98,102,100.0,Czech <gnome-cs-list@gnome.org>
libgpg-error,925,229,127,311,62,31,936,1281,72.20921155347385,Czech <translation-team-cs@lists.sourceforge.net>
libgphoto2,10476,526,179,2240,175,50,11839,11181,93.69466058492085,Czech <translation-team-cs@lists.sourceforge.net>
libgsf,719,0,0,149,0,0,690,719,100.0,Czech <gnome-cs-list@gnome.org>
libgtop2,126,0,0,40,0,0,133,126,100.0,Czech <gnome-cs-list@gnome.org>
libguestfs,140,5,195437,28,1,16680,140,195582,0.07158122935648475,Czech
libgweather,6173,0,0,4578,0,0,6140,6173,100.0,Czech <gnome-cs-list@gnome.org>
libgxim,0,0,124,0,0,24,0,124,0.0,LANGUAGE <LL@li.org>
libidn,414,0,14,58,0,2,416,428,96.72897196261682,Czech <translation-team-cs@lists.sourceforge.net>
libisds,3137,0,0,482,0,0,3103,3137,100.0,Czech <translation-team-cs@lists.sourceforge.net>
libkexif,25,0,0,14,0,0,23,25,100.0,Czech <cs@li.org>
libkfbapi,42,0,0,6,0,0,35,42,100.0,Czech <kde-i18n-doc@kde.org>
libkgapi,305,0,5,69,0,1,297,310,98.38709677419355,Czech <kde-i18n-doc@kde.org>
libksysguard,1042,0,2124,323,0,73,976,3166,32.91219204042957,Czech <kde-i18n-doc@kde.org>
libktorrent,519,0,0,115,0,0,496,519,100.0,Czech <kde-i18n-doc@kde.org>
libmatekbd,251,0,0,43,0,0,241,251,100.0,Czech (http://www.transifex.com/mate/MATE/language/cs/)
libmatemixer,242,0,0,126,0,0,275,242,100.0,Czech (http://www.transifex.com/mate/MATE/language/cs/)
libmateweather,6124,0,0,4557,0,0,6067,6124,100.0,Czech (http://www.transifex.com/mate/MATE/language/cs/)
libmypaint,171,731,635,15,62,29,162,1537,11.125569290826284,Czech <kde-i18n-doc@kde.org>
libosinfo,0,0,662,0,0,145,0,662,0.0,Czech
libpaper,73,0,0,46,0,0,67,73,100.0,Czech <debian-l10n-czech@lists.debian.org>
libpeas,112,0,0,34,0,0,118,112,100.0,Czech <gnome-cs-list@gnome.org>
libpwquality,343,0,0,53,0,0,291,343,100.0,Czech (http://www.transifex.com/projects/p/libpwquality/language/cs/)
libreoffice,556712,0,149,77371,0,10,465565,556861,99.97324287389492,LANGUAGE <LL@li.org>
libreport,2472,0,2421,388,0,211,2271,4893,50.521152667075405,Czech (http://www.transifex.com/projects/p/libreport/language/cs/)
librfm,1943,348,106,513,77,8,2710,2397,81.05965790571548,Czech <translation-team-cs@lists.sourceforge.net>
libsecret,59,0,0,9,0,0,55,59,100.0,Czech <gnome-cs-list@gnome.org>
libsoup,155,0,0,36,0,0,157,155,100.0,Czech <gnome-cs-list@gnome.org>
libuser,1437,0,0,301,0,0,1381,1437,100.0,Czech (http://www.transifex.com/projects/p/fedora/language/cs/)
libvirt,5527,4053,48900,1184,713,7243,5245,58480,9.45109439124487,Czech (http://www.transifex.com/projects/p/fedora/language/cs/)
libvirt-glib,0,0,145,0,0,29,0,145,0.0,Czech (http://www.transifex.com/projects/p/libvirt-glib/language/cs/)
libvirt-sandbox,0,0,617,0,0,111,0,617,0.0,Czech (http://www.transifex.com/projects/p/fedora/language/cs/)
libwnck,1124,0,0,241,0,0,1076,1124,100.0,Czech <gnome-cs-list@gnome.org>
libwnck3,1086,0,0,231,0,0,1037,1086,100.0,Czech <gnome-cs-list@gnome.org>
libxfce4ui,871,0,0,169,0,0,856,871,100.0,Czech (http://www.transifex.com/projects/p/libxfce4ui/language/cs/)
libxfce4util,424,0,0,7,0,0,372,424,100.0,Czech <translation-team-cs@lists.sourceforge.net>
lifeograph,503,292,209,139,72,60,455,1004,50.0996015936255,Czech <cs@li.org>
liferea,1433,494,337,341,98,59,1326,2264,63.29505300353356,Martin Picek <picek.martin@gnome-cesko.cz>
light-locker,207,0,53,30,0,7,183,260,79.61538461538461,Czech (http://www.transifex.com/the_cavalry/light-locker/language/cs/)
lightdm,163,0,0,21,0,0,135,163,100.0,Czech <cs@li.org>
lightdm-gtk,84,0,0,24,0,0,70,84,100.0,Czech <cs@li.org>
lightdm-kde,110,0,24,53,0,4,116,134,82.08955223880598,Czech <kde-i18n-doc@kde.org>
lightdm-settings,251,0,0,57,0,0,245,251,100.0,Czech <cs@li.org>
lightsoff,1126,0,0,109,0,0,989,1126,100.0,Czech <gnome-cs-list@gnome.org>
lilypond,10757,722,1221,2689,196,293,11056,12700,84.7007874015748,Czech <kde-i18n-doc@kde.org>
lincity-ng,1205,0,718,411,0,46,1148,1923,62.66250650026001,Czech <cs@li.org>
lingot,121,25,1251,46,9,75,123,1397,8.661417322834646,Czech <diskuze@lists.l10n.cz>
linphone,1742,23,88,450,3,12,1696,1853,94.00971397733406,Czech <translation-team-cs@lists.sourceforge.net>
lollypop,984,0,0,284,0,0,1009,984,100.0,Czech (http://www.transifex.com/gnumdk/lollypop/language/cs/)
lxappearance,234,0,0,80,0,0,222,234,100.0,Czech <radek@fastlinux.eu>
lxappearance-obconf,196,0,0,27,0,0,161,196,100.0,Czech <cs@li.org>
lxde-common,14,0,0,5,0,0,17,14,100.0,LANGUAGE <LL@li.org>
lxdm,47,0,0,25,0,0,46,47,100.0,
lxhotkey,449,0,0,193,0,0,530,449,100.0,Czech <kde-i18n-doc@kde.org>
lxinput,83,0,0,26,0,0,79,83,100.0,
lxlauncher,58,0,0,17,0,0,57,58,100.0,Czech
lxmenu-data,97,0,0,37,0,0,98,97,100.0,Czech <gnome-cs-list@gnome.org>
lxmusic,203,0,0,89,0,0,224,203,100.0,Czech
lxpanel,1376,0,0,446,0,0,1365,1376,100.0,Czech <kde-i18n-doc@kde.org>
lxrandr,167,0,0,41,0,0,167,167,100.0,Czech
lxsession,755,0,0,166,0,0,732,755,100.0,Czech
lxshortcut,43,0,0,19,0,0,45,43,100.0,Czech
lxtask,130,0,0,51,0,0,144,130,100.0,Czech <translation-team-cs@lists.sourceforge.net>
lxterminal,247,0,0,131,0,0,236,247,100.0,Czech <kde-i18n-doc@kde.org>
lynx,7178,400,600,1040,71,120,6457,8178,87.77207141110296,Czech <cs@li.org>
lyx,19573,1769,1905,6111,543,267,18190,23247,84.19581021207037,Czech <LL@li.org>
mail-notification,1908,0,0,354,0,0,1681,1908,100.0,Pav Lucistnik <pav@FreeBSD.org>
mailman,13858,911,9274,1105,58,277,12000,24043,57.63839787048205,<cs@li.org>
mailnag,205,0,0,59,0,0,188,205,100.0,Czech <cs@li.org>
make,2219,63,9,426,11,1,2346,2291,96.85726756874728,Czech <translation-team-cs@lists.sourceforge.net>
man-db,1276,14,0,254,2,0,1423,1290,98.91472868217053,Czech <translation-team-cs@lists.sourceforge.net>
man2html,58,0,0,3,0,0,47,58,100.0,Czech <debian-l10n-czech@lists.debian.org>
manaplus,2866,0,1518,928,0,478,2792,4384,65.37408759124088,Czech (http://www.transifex.com/projects/p/manaplus/language/cs/)
marco,4089,0,0,414,0,0,3617,4089,100.0,Czech (http://www.transifex.com/mate/MATE/language/cs/)
mariadb,174,68,32,13,6,3,141,274,63.503649635036496,Czech <debian-l10n-czech@lists.debian.org>
mate-applets,14047,0,0,1579,0,0,12644,14047,100.0,Czech <mate-cs-list@gnome.org>
mate-backgrounds,30,0,0,21,0,0,31,30,100.0,Czech (http://www.transifex.com/mate/MATE/language/cs/)
mate-calc,2951,0,0,659,0,0,2833,2951,100.0,Czech <mate-cs-list@gnome.org>
mate-control-center,2957,0,0,668,0,0,2834,2957,100.0,Czech <mate-cs-list@gnome.org>
mate-desktop,2346,0,0,330,0,0,2097,2346,100.0,Czech (http://www.transifex.com/mate/MATE/language/cs/)
mate-icon-theme,4,0,0,2,0,0,4,4,100.0,Czech (http://www.transifex.com/mate/MATE/language/cs/)
mate-media,226,0,0,96,0,0,222,226,100.0,Czech (http://www.transifex.com/mate/MATE/language/cs/)
mate-menu,297,3,0,109,1,0,306,300,99.0,Czech (http://www.transifex.com/mate/MATE/language/cs/)
mate-menus,97,0,0,37,0,0,98,97,100.0,Czech (http://www.transifex.com/mate/MATE/language/cs/)
mate-notification-daemon,139,0,0,37,0,0,128,139,100.0,Czech (http://www.transifex.com/mate/MATE/language/cs/)
mate-panel,6284,0,0,771,0,0,5520,6284,100.0,Czech <mate-cs-list@gnome.org>
mate-polkit,313,0,0,50,0,0,295,313,100.0,Czech (http://www.transifex.com/mate/MATE/language/cs/)
mate-power-manager,2724,0,0,440,0,0,2560,2724,100.0,Czech (http://www.transifex.com/mate/MATE/language/cs/)
mate-screensaver,983,0,0,156,0,0,863,983,100.0,Czech (http://www.transifex.com/mate/MATE/language/cs/)
mate-sensors-applet,304,0,0,105,0,0,320,304,100.0,Czech (http://www.transifex.com/mate/MATE/language/cs/)
mate-session-manager,681,0,0,114,0,0,643,681,100.0,Czech (http://www.transifex.com/mate/MATE/language/cs/)
mate-settings-daemon,1764,0,0,253,0,0,1607,1764,100.0,Czech (http://www.transifex.com/mate/MATE/language/cs/)
mate-system-monitor,4191,0,0,597,0,0,3689,4191,100.0,Czech <mate-cs-list@gnome.org>
mate-terminal,8077,0,52,784,0,3,6762,8129,99.36031492188461,Czech <mate-cs-list@gnome.org>
mate-themes,58,0,0,11,0,0,53,58,100.0,Czech (http://www.transifex.com/mate/MATE/language/cs/)
mate-user-guide,14341,595,25382,1214,48,1614,12164,40318,35.56972072027382,Czech <mate-cs-list@gnome.org>
mate-utils,9743,0,0,1097,0,0,8464,9743,100.0,Czech <mate-cs-list@gnome.org>
maya-calendar,379,0,15,158,0,6,414,394,96.19289340101524,Czech <cs@li.org>
mc,3207,13,933,1026,1,191,3248,4153,77.22128581748133,Czech (http://www.transifex.com/mc/mc/language/cs/)
mcomix,564,483,1520,155,105,274,520,2567,21.971172574990263,LANGUAGE <LL@li.org>
mcrypt,308,127,530,44,18,81,264,965,31.917098445595855,Czech <cs@li.org>
meld,6000,0,0,775,0,0,5596,6000,100.0,Czech <gnome-cs-list@gnome.org>
menulibre,701,0,0,149,0,0,617,701,100.0,Czech <cs@li.org>
metacity,2042,0,0,311,0,0,1909,2042,100.0,Czech <gnome-cs-list@gnome.org>
midori,2666,0,875,644,0,152,2577,3541,75.28946625247104,Czech < >
minetest,1668,160,4578,506,58,460,1698,6406,26.038089291289417,Czech <https://hosted.weblate.org/projects/minetest/minetest/cs/>
mingw-GConf2,4088,0,0,497,0,0,3994,4088,100.0,Czech <gnome-cs-list@gnome.org>
mingw-atk,440,0,0,169,0,0,417,440,100.0,Czech <gnome-cs-list@gnome.org>
mingw-colord,1885,0,0,203,0,0,1767,1885,100.0,Czech (http://www.transifex.com/projects/p/colord/language/cs/)
mingw-colorhug-client,690,0,719,154,0,140,573,1409,48.970901348474094,Czech (Czech Republic) (http://www.transifex.com/projects/p/colorhug-client/language/cs_CZ/)
mingw-gdk-pixbuf,1409,0,0,211,0,0,1397,1409,100.0,čeština <gnome-cs-list@gnome.org>
mingw-gettext,1284,1052,5447,185,113,529,1249,7783,16.497494539380703,Czech <translation-team-cs@lists.sourceforge.net>
mingw-glib-networking,161,0,0,29,0,0,147,161,100.0,čeština <gnome-cs-list@gnome.org>
mingw-glib2,6623,0,0,1043,0,0,6337,6623,100.0,čeština <gnome-cs-list@gnome.org>
mingw-gnutls,1358,131,170,320,32,30,1285,1659,81.85654008438819,Czech <translation-team-cs@lists.sourceforge.net>
mingw-gstreamer,1914,3,0,347,1,0,1925,1917,99.8435054773083,Czech <translation-team-cs@lists.sourceforge.net>
mingw-gstreamer-plugins-bad-free,72,4,20,12,1,1,72,96,75.0,Czech <translation-team-cs@lists.sourceforge.net>
mingw-gstreamer-plugins-base,902,0,6,176,0,2,833,908,99.33920704845815,Czech <translation-team-cs@lists.sourceforge.net>
mingw-gstreamer-plugins-good,814,0,0,190,0,0,805,814,100.0,Czech <translation-team-cs@lists.sourceforge.net>
mingw-gstreamer1,2032,0,0,372,0,0,2061,2032,100.0,Czech <translation-team-cs@lists.sourceforge.net>
mingw-gstreamer1-plugins-bad-free,202,42,8,29,7,2,209,252,80.15873015873017,Czech <translation-team-cs@lists.sourceforge.net>
mingw-gstreamer1-plugins-base,916,33,0,193,5,0,910,949,96.52265542676501,Czech <translation-team-cs@lists.sourceforge.net>
mingw-gstreamer1-plugins-good,761,0,0,107,0,0,685,761,100.0,Czech <translation-team-cs@lists.sourceforge.net>
mingw-gtk-vnc,8,0,0,3,0,0,8,8,100.0,Czech <gnome-cs-list@gnome.org>
mingw-gtk2,12400,0,0,2583,0,0,10758,12400,100.0,Czech <gnome-cs-list@gnome.org>
mingw-gtk3,16008,0,0,3575,0,0,14216,16008,100.0,čeština <gnome-cs-list@gnome.org>
mingw-gtkhtml3,522,0,0,317,0,0,527,522,100.0,Czech <gnome-cs-list@gnome.org>
mingw-gtksourceview3,1118,0,0,621,0,0,1235,1118,100.0,Czech <gnome-cs-list@gnome.org>
mingw-gtkspell3,16,0,0,7,0,0,17,16,100.0,Czech <translation-team-cs@lists.sourceforge.net>
mingw-libgovirt,102,0,0,23,0,0,98,102,100.0,Czech <gnome-cs-list@gnome.org>
mingw-libgpg-error,925,229,121,311,62,30,936,1275,72.54901960784314,Czech <translation-team-cs@lists.sourceforge.net>
mingw-libgsf,720,0,0,150,0,0,691,720,100.0,Czech <gnome-cs-list@gnome.org>
mingw-libidn,414,0,14,58,0,2,416,428,96.72897196261682,Czech <translation-team-cs@lists.sourceforge.net>
mingw-libsoup,155,0,0,36,0,0,157,155,100.0,Czech <gnome-cs-list@gnome.org>
mingw-libvirt,5527,4053,48900,1184,713,7243,5245,58480,9.45109439124487,Czech (http://www.transifex.com/projects/p/fedora/language/cs/)
mingw-libvirt-glib,0,0,145,0,0,29,0,145,0.0,Czech (http://www.transifex.com/projects/p/libvirt-glib/language/cs/)
mingw-p11-kit,415,0,61,68,0,13,337,476,87.18487394957984,Czech (http://www.transifex.com/freedesktop/p11-kit/language/cs/)
mingw-postgresql,15704,0,0,2670,0,0,14706,15704,100.0,Czech <info@cspug.cx>
mingw-qt5-qtwebkit,1039,652,940,248,141,183,998,2631,39.490687951349294,Czech <gnome-cs-list@gnome.org>
mingw-sane-backends,3113,506,1288,589,189,260,2868,4907,63.439983696759725,
mingw-webkitgtk,1039,644,940,248,139,183,998,2623,39.61113229126954,Czech <gnome-cs-list@gnome.org>
mingw-webkitgtk3,1039,644,940,248,139,183,998,2623,39.61113229126954,Czech <gnome-cs-list@gnome.org>
mingw-wxWidgets,3581,994,1921,792,242,470,3267,6496,55.126231527093594,wxWidgets translators <wx-translators@wxwidgets.org>
mingw-xz,1130,67,163,134,7,15,1130,1360,83.08823529411765,Czech <diskuze@lists.l10n.cz>
minicom,1172,259,358,313,47,31,1203,1789,65.5114589155953,Czech <cs@li.org>
mintmenu,5044,0,2428,1054,0,174,4604,7472,67.50535331905782,Czech <cs@li.org>
mirage,608,145,64,186,50,9,577,817,74.4186046511628,Czech <translation-team-cs@lists.sourceforge.net>
mkvtoolnix,11152,2404,7119,1586,365,542,10218,20675,53.93954050785973,Czech <trottel09@gmail.com>
mlocate,581,0,0,51,0,0,568,581,100.0,Czech (http://www.transifex.com/projects/p/fedora/language/cs/)
moin,4974,26,44,920,7,6,4409,5044,98.61221252973831,
monodevelop,13351,4677,5270,3171,1291,836,11949,23298,57.30534809854924,cs <cs@li.org>
moodle,11,33,8,9,3,2,11,52,21.153846153846153,i18n@lists.horde.org
moserial,2398,0,0,201,0,0,2192,2398,100.0,Czech <gnome-cs-list@gnome.org>
mousepad,1088,0,0,306,0,0,1033,1088,100.0,Czech (http://www.transifex.com/projects/p/xfce-apps/language/cs/)
mousetweaks,114,0,0,30,0,0,114,114,100.0,Czech <gnome-cs-list@gnome.org>
mozo,42,0,0,16,0,0,36,42,100.0,Czech (http://www.transifex.com/mate/MATE/language/cs/)
msitools,71,0,0,26,0,0,77,71,100.0,čeština <gnome-cs-list@gnome.org>
mtpaint,2761,0,370,770,0,102,2559,3131,88.1826892366656,Czech <en@li.org>
muffin,2038,0,0,272,0,0,1858,2038,100.0,Czech <gnome-cs-list@gnome.org>
multimedia-menus,56,0,0,22,0,0,60,56,100.0,Czech <fedora-cs-list@redhat.com>
mutt,5727,33,30,1174,13,13,5611,5790,98.9119170984456,Czech <translation-team-cs@lists.sourceforge.net>
mutter,823,0,0,128,0,0,809,823,100.0,čeština <gnome-cs-list@gnome.org>
mypaint,472,1329,2412,74,291,364,420,4213,11.203417991929742,Čeština <cs@li.org>
nano,2675,181,101,443,25,24,2658,2957,90.4633074061549,Czech <translation-team-cs@lists.sourceforge.net>
nautilus,5893,0,0,1108,0,0,5833,5893,100.0,čeština <gnome-cs-list@gnome.org>
nautilus-image-converter,81,0,0,36,0,0,97,81,100.0,Czech <cs@li.org>
nautilus-pastebin,61,8,15,10,2,3,60,84,72.61904761904762,Czech <cs@li.org>
nautilus-sendto,56,0,0,10,0,0,59,56,100.0,čeština <gnome-cs-list@gnome.org>
ncmpc,706,9,73,255,3,18,722,788,89.59390862944161,Czech <cs@li.org>
ndisc6,1016,0,0,108,0,0,991,1016,100.0,Czech <translation-team-cs@lists.sourceforge.net>
nemiver,4205,0,0,516,0,0,3850,4205,100.0,Czech <gnome-cs-list@gnome.org>
nemo-extensions,258,0,0,49,0,0,232,258,100.0,Czech <cs@li.org>
neon,76,274,338,14,51,70,70,688,11.046511627906977,cz
neovim,6934,3858,2864,1534,750,458,6912,13656,50.77621558289397,Czech <cs@li.org>
net-tools,2928,0,0,608,0,0,3121,2928,100.0,Czech <translation-team-cs@lists.sourceforge.net>
network-manager-applet,3425,0,0,769,0,0,3336,3425,100.0,Czech <gnome-cs-list@gnome.org>
newt,4,0,0,4,0,0,4,4,100.0,Czech
nodm,214,10,28,14,1,2,182,252,84.92063492063492,Czech <debian-l10n-czech@lists.debian.org>
noise,1288,0,34,368,0,9,1319,1322,97.42813918305598,Czech <https://weblate.elementary.io/projects/music/music/cs/>
notification-daemon,33,0,0,11,0,0,32,33,100.0,Czech <gnome-cs-list@gnome.org>
obconf,686,0,52,144,0,12,581,738,92.95392953929539,Czech <diskuze@lists.l10n.cz>
office-runner,125,0,0,21,0,0,121,125,100.0,čeština <gnome-cs-list@gnome.org>
oggconvert,132,0,0,44,0,0,139,132,100.0,Czech <cs@li.org>
olpc-switch-desktop,158,0,0,14,0,0,123,158,100.0,LANGUAGE <LL@li.org>
onboard,1957,0,361,458,0,52,1794,2318,84.42622950819673,Czech <cs@li.org>
openbox,473,0,33,90,0,4,419,506,93.47826086956522,Czech <cs@li.org>
openconnect,5183,0,36,894,0,5,5315,5219,99.31021268442231,Czech (http://www.transifex.com/projects/p/meego/language/cs/)
openerp,20736,0,31588,5321,0,2889,18329,52324,39.62999770659735,Czech <openerp-i18n-czech@lists.launchpad.net>
openerp-client,7729,0,0,574,0,0,6624,7729,100.0,openerp-i18n-czech <openerp-i18n-czech@lists.launchpad.net >
openerp7,25599,0,31486,5415,0,3051,22346,57085,44.84365419987738,Czech <cs@li.org>
openjfx,1039,644,940,248,139,183,998,2623,39.61113229126954,Czech <gnome-cs-list@gnome.org>
openscad,604,0,20,266,0,2,594,624,96.7948717948718,Czech <miro@hroncok.cz>
openteacher,964,0,215,281,0,63,871,1179,81.76420695504665,Czech <cs@li.org>
orage,2931,0,0,1030,0,0,2981,2931,100.0,Czech (http://www.transifex.com/projects/p/xfce-apps/language/cs/)
orca,18372,0,0,2742,0,0,17619,18372,100.0,Czech <gnome-cs-list@gnome.org>
oscap-anaconda-addon,188,0,6,35,0,2,166,194,96.90721649484536,Czech (http://www.transifex.com/projects/p/oscap-anaconda-addon/language/cs/)
osinfo-db-tools,0,0,56,0,0,12,0,56,0.0,Czech
osmo,1640,0,86,669,0,25,1596,1726,95.01738122827346,Czech (http://www.transifex.com/projects/p/osmo/language/cs/)
oyranos,4296,851,185,639,137,52,3981,5332,80.5701425356339,Czech <czech@li.org>
p11-kit,415,0,61,68,0,13,337,476,87.18487394957984,Czech (http://www.transifex.com/freedesktop/p11-kit/language/cs/)
pacman,5398,0,0,896,0,0,5026,5398,100.0,Czech (http://www.transifex.com/toofishes/archlinux-pacman/language/cs/)
pam,595,2,0,119,1,0,563,597,99.66499162479062,Czech (http://www.transifex.net/projects/p/fedora/language/cs/)
pam_krb5,7,0,0,4,0,0,7,7,100.0,Czech (http://www.transifex.com/projects/p/pam_krb5/language/cs/)
pan,3453,0,0,801,0,0,3573,3453,100.0,Czech <gnome-cs-list@gnome.org>
pantheon-agent-polkit,17,0,0,9,0,0,20,17,100.0,LANGUAGE <LL@li.org>
pantheon-calculator,78,0,0,36,0,0,101,78,100.0,LANGUAGE <LL@li.org>
pantheon-files,2354,0,322,467,0,56,2470,2676,87.96711509715995,Czech <cs@li.org>
pantheon-greeter,29,0,0,10,0,0,27,29,100.0,Czech <https://weblate.elementary.io/projects/desktop/greeter/cs/>
pantheon-photos,3832,0,282,820,0,53,3825,4114,93.14535731648031,Czech <https://weblate.elementary.io/projects/photos/photos/cs/>
pantheon-terminal,224,0,0,58,0,0,278,224,100.0,Czech <cs@li.org>
paprefs,131,0,0,23,0,0,128,131,100.0,Czech <translation-team-cs@lists.sourceforge.net>
parcellite,156,0,0,52,0,0,155,156,100.0,
parole,918,0,0,273,0,0,929,918,100.0,Czech (http://www.transifex.com/projects/p/xfce-apps/language/cs/)
parted,3683,494,239,456,56,38,3248,4416,83.40126811594203,Czech <translation-team-cs@lists.sourceforge.net>
passwd,315,0,0,55,0,0,295,315,100.0,Czech (http://www.transifex.com/projects/p/fedora/language/cs/)
pastebinit,58,0,125,10,0,17,49,183,31.693989071038253,Czech <cs@li.org>
pavucontrol,219,1,17,85,1,1,226,237,92.40506329113924,Czech <translation-team-cs@lists.sourceforge.net>
pbuilder,96,0,0,9,0,0,75,96,100.0,Czech <debian-l10n-czech@lists.debian.org>
pcmanfm,1210,0,0,296,0,0,1156,1210,100.0,Czech <radek@fastlinux.eu>
pdfmod,864,0,0,136,0,0,875,864,100.0,Czech <gnome-cs-list@gnome.org>
pdfshuffler,41,23,61,18,5,20,39,125,32.800000000000004,Czech
perl-Padre,1312,1044,1918,352,357,367,1144,4274,30.697239120262047,Czech
perl-libintl-perl,19,0,0,19,0,0,19,19,100.0,Czech <guido.flohr@cantanea.com>
pessulus,130,0,0,33,0,0,138,130,100.0,Czech <gnome-cs-list@gnome.org>
pgadmin3,16709,100,89,4372,19,11,17378,16898,98.88152444076222,Czech <gnome-cs-list@gnome.org>
phatch,1813,0,740,654,0,170,1701,2553,71.01449275362319,Czech <cs@li.org>
phodav,40,0,0,12,0,0,44,40,100.0,Czech <gnome-cs-list@gnome.org>
photocollage,46,0,0,20,0,0,41,46,100.0,none <none@none.com>
photoprint,1412,1,4,317,1,1,1374,1417,99.64714184897672,Czech <gnome-cs-list@gnome.org>
php-horde-Horde-Alarm,13,0,0,5,0,0,13,13,100.0,i18n@lists.horde.org
php-horde-Horde-Argv,1,3,56,1,3,9,1,60,1.6666666666666667,i18n@lists.horde.org
php-horde-Horde-Browser,52,0,14,5,0,1,42,66,78.78787878787878,i18n@lists.horde.org
php-horde-Horde-Cli,11,0,0,3,0,0,8,11,100.0,i18n@lists.horde.org
php-horde-Horde-Compress,10,15,0,3,3,0,9,25,40.0,i18n@lists.horde.org
php-horde-Horde-Core,488,242,305,200,40,21,467,1035,47.149758454106276,i18n@lists.horde.org
php-horde-Horde-Crypt,340,42,14,88,6,3,333,396,85.85858585858585,i18n@lists.horde.org
php-horde-Horde-Data,7,0,0,2,0,0,6,7,100.0,i18n@lists.horde.org
php-horde-Horde-Date,4,12,20,4,3,4,4,36,11.11111111111111,i18n@lists.horde.org
php-horde-Horde-Exception,2,2,0,1,1,0,2,4,50.0,i18n@lists.horde.org
php-horde-Horde-Form,319,180,54,100,36,10,301,553,57.68535262206148,i18n@lists.horde.org
php-horde-Horde-Icalendar,0,3,0,0,1,0,0,3,0.0,i18n@lists.horde.org
php-horde-Horde-Image,25,133,423,24,78,183,25,581,4.3029259896729775,i18n@lists.horde.org
php-horde-Horde-Imsp,14,0,0,2,0,0,8,14,100.0,i18n@lists.horde.org
php-horde-Horde-Itip,0,4,52,0,2,8,0,56,0.0,i18n@lists.horde.org
php-horde-Horde-Kolab-Storage,42,12,66,2,2,5,35,120,35.0,i18n@lists.horde.org
php-horde-Horde-LoginTasks,6,0,0,5,0,0,8,6,100.0,i18n@lists.horde.org
php-horde-Horde-Mime,9,31,8,8,2,2,9,48,18.75,i18n@lists.horde.org
php-horde-Horde-Mime-Viewer,1,4,42,1,3,16,1,47,2.127659574468085,i18n@lists.horde.org
php-horde-Horde-Nls,399,26,5,250,10,3,372,430,92.79069767441861,i18n@lists.horde.org
php-horde-Horde-Perms,6,0,0,5,0,0,7,6,100.0,i18n@lists.horde.org
php-horde-Horde-Prefs,22,10,0,7,1,0,20,32,68.75,i18n@lists.horde.org
php-horde-Horde-Rpc,11,17,20,2,3,2,10,48,22.916666666666664,i18n@lists.horde.org
php-horde-Horde-Share,13,17,18,6,3,3,11,48,27.083333333333332,i18n@lists.horde.org
php-horde-Horde-SyncMl,0,3,0,0,1,0,0,3,0.0,i18n@lists.horde.org
php-horde-Horde-Text-Filter,1,0,0,1,0,0,1,1,100.0,i18n@lists.horde.org
php-horde-Horde-Token,0,0,35,0,0,2,0,35,0.0,i18n@lists.horde.org
php-horde-Horde-Vfs,10,0,0,3,0,0,8,10,100.0,i18n@lists.horde.org
php-horde-horde,3127,214,133,788,45,22,2829,3474,90.01151410477836,Czech <i18n@lists.horde.org>
php-horde-imp,5410,1034,429,1215,143,37,4999,6873,78.71380765313546,Czech <dev@lists.horde.org>
php-horde-ingo,831,151,29,232,26,4,796,1011,82.19584569732937,i18n@lists.horde.org
php-horde-kronolith,2665,688,499,649,103,47,2396,3852,69.18483904465212,Czech <dev@lists.horde.org>
php-horde-mnemo,489,49,37,137,4,4,434,575,85.04347826086956,Czech <i18n@lists.horde.org>
php-horde-nag,1340,234,52,336,33,10,1219,1626,82.41082410824109,Czech <dev@lists.horde.org>
php-horde-passwd,334,0,0,54,0,0,310,334,100.0,Czech <i18n@lists.horde.org>
php-horde-turba,1795,27,36,425,7,6,1552,1858,96.60925726587729,Czech <dev@lists.horde.org>
php-phpmyadmin-sql-parser,7,96,124,3,21,20,9,227,3.0837004405286343,Czech <https://hosted.weblate.org/projects/phpmyadmin/sql-parser/cs/>
picard,794,0,831,309,0,164,824,1625,48.86153846153846,Czech (http://www.transifex.com/projects/p/musicbrainz/language/cs/)
pidgin,15746,10,0,3432,1,0,14322,15756,99.93653211474994,Czech (http://www.transifex.com/pidgin/pidgin/language/cs/)
pidgin-birthday-reminder,204,0,85,57,0,9,194,289,70.58823529411765,Czech (http://www.transifex.com/kgraefe/pidgin-birthday-reminder/language/cs/)
pidgin-guifications,407,66,32,165,21,6,384,505,80.5940594059406,CZ <g16fx@centrum.cz>
pidgin-musictracker,127,0,206,48,0,12,119,333,38.13813813813814,Czech <cs@li.org>
pidgin-otr,1064,0,0,159,0,0,1000,1064,100.0,Czech
pidgin-sipe,1064,0,0,256,0,0,1057,1064,100.0,Czech (http://www.transifex.com/stefanb/pidgin-sipe/language/cs/)
pidgin-toobars,299,0,0,91,0,0,287,299,100.0,
piklab,4480,1752,996,1112,454,213,4266,7228,61.98118428334256,Czech <cs@li.org>
pinfo,315,6,0,53,1,0,304,321,98.13084112149532,Czech <debian-l10n-czech@lists.debian.org>
pingus,3773,891,731,380,30,36,3184,5395,69.93512511584801,czech
pinta,1578,0,40,512,0,16,1447,1618,97.52781211372064,Czech <cs@li.org>
pioneers,2241,233,515,646,46,96,2067,2989,74.97490799598529,
pitivi,9878,9,130,866,1,7,8857,10017,98.61235898971749,čeština <gnome-cs-list@gnome.org>
pix,9002,0,0,1648,0,0,8332,9002,100.0,čeština <gnome-cs-list@gnome.org>
plank,108,0,81,39,0,11,130,189,57.14285714285714,Czech <cs@li.org>
planner,1844,0,0,535,0,0,1691,1844,100.0,Czech <gnome-cs-list@gnome.org>
plasma-applet-redshift-control,57,0,5,26,0,4,57,62,91.93548387096774,Martin Kotelnik <clearmartin@seznam.cz>
plasma-applet-weather-widget,155,0,11,45,0,11,159,166,93.37349397590361,Martin Kotelnik <clearmartin@seznam.cz>
plasma-breeze,244,0,11,95,0,1,250,255,95.68627450980392,Czech <kde-i18n-doc@kde.org>
plasma-desktop,10122,0,801,2020,0,79,9141,10923,92.66684976654766,Czech <kde-i18n-doc@kde.org>
plasma-discover,687,0,380,272,0,55,696,1067,64.38612933458295,Czech <kde-i18n-doc@kde.org>
plasma-integration,58,0,0,21,0,0,53,58,100.0,Czech <kde-i18n-doc@kde.org>
plasma-mediacenter,172,0,0,87,0,0,183,172,100.0,Czech <kde-i18n-doc@kde.org>
plasma-milou,33,0,2,14,0,1,27,35,94.28571428571428,Czech <kde-i18n-doc@kde.org>
plasma-nm,2615,0,1826,956,0,177,2513,4441,58.88313442918262,Czech <kde-i18n-doc@kde.org>
plasma-oxygen,807,0,0,295,0,0,815,807,100.0,Czech <kde-i18n-doc@kde.org>
plasma-pa,133,0,27,66,0,3,131,160,83.125,Czech <kde-i18n-doc@kde.org>
plasma-pk-updates,2074,2,60,399,1,15,1836,2136,97.09737827715355,Czech <kde-i18n-doc@kde.org>
plasma-sdk,586,0,293,204,0,54,579,879,66.66666666666666,Czech <kde-i18n-doc@kde.org>
plasma-systemsettings,186,0,0,43,0,0,173,186,100.0,Czech <kde-i18n-doc@kde.org>
plasma-user-manager,53,0,236,24,0,25,50,289,18.33910034602076,Czech <kde-i18n-doc@kde.org>
plasma-workspace,10784,0,269,2591,0,29,9878,11053,97.56627160047046,Czech <kde-i18n-doc@kde.org>
playonlinux,2694,0,34,446,0,3,2332,2728,98.75366568914956,Czech <cs@li.org>
pluma,12615,0,0,1779,0,0,11351,12615,100.0,Czech <mate-cs-list@gnome.org>
pmount,723,0,0,63,0,0,626,723,100.0,Czech <cs@li.org>
po4a,1853,64,29,199,4,5,1700,1946,95.22096608427543,Czech <debian-l10n-czech@lists.debian.org>
poedit,2491,0,1,536,0,1,2389,2492,99.95987158908507,Czech
pogo,576,0,0,101,0,0,490,576,100.0,Czech <cs@li.org>
polari,678,0,0,159,0,0,739,678,100.0,čeština <gnome-cs-list@gnome.org>
policycoreutils,5,4,15347,5,3,2148,5,15356,0.03256056264652253,Czech (Czech Republic) (http://www.transifex.com/projects/p/fedora/language/cs_CZ/)
polkit,228,0,0,26,0,0,213,228,100.0,Czech <kde-i18n-doc@kde.org>
polkit-gnome,285,0,0,46,0,0,276,285,100.0,Czech <gnome-cs-list@gnome.org>
polkit-kde,94,0,0,28,0,0,100,94,100.0,Czech <kde-i18n-doc@kde.org>
popt,78,0,6,29,0,2,79,84,92.85714285714286,Czech <translation-team-cs@lists.sourceforge.net>
postgresql,15704,0,0,2670,0,0,14706,15704,100.0,Czech <info@cspug.cx>
postgresql-jdbc,777,263,1216,94,37,147,591,2256,34.441489361702125,
poweradmin,309,0,1779,60,0,218,258,2088,14.798850574712644,Czech (http://www.transifex.net/projects/p/poweradmin/team/cs/)
powerdevil,588,0,85,117,0,3,536,673,87.36998514115899,Czech <kde-i18n-doc@kde.org>
powertop,404,68,139,110,23,43,383,611,66.12111292962356,Czech (Czech Republic) (http://www.transifex.com/projects/p/PowerTOP/language/cs_CZ/)
pragha,878,0,12,274,0,2,807,890,98.65168539325843,Czech (http://www.transifex.com/p/Pragha/language/cs/)
psad,467,0,0,31,0,0,493,467,100.0,Czech <translation-team-cs@lists.sourceforge.net>
psmisc,781,141,7,82,1,1,777,929,84.06889128094726,Czech <translation-team-cs@lists.sourceforge.net>
pspp,11,2,10366,2,2,1968,9,10379,0.10598323537913093,
publican,40151,563,898,2787,17,99,34835,41612,96.48899355955012,Czech
publican-fedora,6,0,101,1,0,7,7,107,5.607476635514018,Czech
pulseaudio,2011,951,342,407,43,46,1941,3304,60.865617433414045,Czech <translation-team-cs@lists.sourceforge.net>
pulsecaster,147,0,0,20,0,0,135,147,100.0,Czech (http://www.transifex.com/projects/p/pulsecaster/language/cs/)
purple-telegram,644,0,0,123,0,0,599,644,100.0,Czech (Czech Republic) (http://www.transifex.com/telegram-purple-developers/telegram-purple/language/cs_CZ/)
pybliographer,5853,0,0,572,0,0,5121,5853,100.0,čeština <gnome-cs-list@gnome.org>
pychess,4449,0,6,873,0,6,4260,4455,99.86531986531986,Czech (http://www.transifex.com/gbtami/pychess/language/cs/)
pykickstart,1378,0,0,151,0,0,1219,1378,100.0,Czech (http://www.transifex.com/projects/p/pykickstart/language/cs/)
python-blivet,692,0,0,97,0,0,660,692,100.0,Czech (http://www.transifex.com/projects/p/blivet/language/cs/)
python-blivet1,707,0,0,132,0,0,667,707,100.0,Czech
python-caja,6,0,0,2,0,0,5,6,100.0,Czech (http://www.transifex.com/mate/MATE/language/cs/)
python-colander,130,8,23,25,2,3,111,161,80.74534161490683,Petr Viktorin <encukou@gmail.com>
python-django,3552,0,0,786,0,0,3599,3552,100.0,Czech (http://www.transifex.com/django/django/language/cs/)
python-django-countries,438,0,1,263,0,1,409,439,99.77220956719817,Czech (http://www.transifex.com/smileychris/django-countries/language/cs/)
python-django-debug-toolbar,355,0,2,136,0,1,407,357,99.43977591036415,Czech (http://www.transifex.com/projects/p/django-debug-toolbar/language/cs/)
python-django-extensions,0,0,42,0,0,14,0,42,0.0,LANGUAGE <LL@li.org>
python-django-formtools,32,0,0,11,0,0,30,32,100.0,Czech (http://www.transifex.com/projects/p/django-formtools/language/cs/)
python-django-openstack-auth,75,0,0,15,0,0,72,75,100.0,Czech
python-django-registration,84,0,0,17,0,0,78,84,100.0,LANGUAGE <LL@li.org>
python-django-rest-framework,493,0,69,74,0,16,464,562,87.72241992882563,Czech (http://www.transifex.com/django-rest-framework-1/django-rest-framework/language/cs/)
python-django-reversion,119,0,0,21,0,0,108,119,100.0,LANGUAGE <LL@li.org>
python-django-simple-captcha,11,0,0,3,0,0,11,11,100.0,Czech <>
python-fedora,49,0,165,17,0,12,38,214,22.897196261682243,Czech (http://www.transifex.com/projects/p/python-fedora/language/cs/)
python-flask-admin,321,0,40,98,0,11,304,361,88.9196675900277,Czech
python-lettuce,7697,0,0,2455,0,0,7255,7697,100.0,Czech
python-meh,109,0,0,23,0,0,85,109,100.0,Czech (http://www.transifex.com/projects/p/python-meh/language/cs/)
python-sphinx,470,0,75,174,0,23,450,545,86.23853211009175,Czech (http://www.transifex.com/sphinx-doc/sphinx-1/language/cs/)
qof,554,0,0,35,0,0,449,554,100.0,Czech <debian-l10n-czech@lists.debian.org>
qtwebkit,1059,6,28,252,2,8,1016,1093,96.88929551692588,Czech <gnome-cs-list@gnome.org>
quadrapassel,1479,0,0,180,0,0,1319,1479,100.0,Czech <gnome-cs-list@gnome.org>
quassel,5107,0,275,1130,0,81,4765,5382,94.89037532515793,Czech (http://www.transifex.com/ald/quassel/language/cs/)
quitcount,154,12,0,39,1,0,233,166,92.7710843373494,
quodlibet,4974,327,430,1221,80,79,4728,5731,86.79113592741233,Czech (Czech Republic)
quota,4058,459,79,506,21,19,4206,4596,88.2941688424717,Czech <translation-team-cs@lists.sourceforge.net>
qutim,3195,0,4413,1522,0,1312,3047,7608,41.995268138801265,LANGUAGE <LL@li.org>
rabbitvcs,340,0,591,172,0,145,299,931,36.51987110633727,Czech <cs@li.org>
radiotray,130,0,0,46,0,0,135,130,100.0,Czech (http://www.transifex.com/projects/p/radiotray/language/cs/)
rapid-photo-downloader,1831,0,0,409,0,0,1643,1831,100.0,Czech <cs@li.org>
rawstudio,264,337,1005,125,149,228,271,1606,16.43835616438356,Rawstudio development <rawstudio-dev@rawstudio.org>
realmd,0,0,778,0,0,125,0,778,0.0,Czech (http://www.transifex.com/projects/p/freedesktop/language/cs/)
redhat-menus,261,0,0,86,0,0,259,261,100.0,Czech
rednotebook,2159,0,135,463,0,17,2121,2294,94.11508282476024,Czech <cs@li.org>
redshift,1024,0,2,149,0,2,1071,1026,99.80506822612085,Czech <cs@li.org>
regexxer,466,0,1,99,0,1,424,467,99.78586723768737,Czech <cs@li.org>
rekonq,1729,0,473,509,0,84,1654,2202,78.51952770208901,Czech <kde-i18n-doc@kde.org>
remmina,783,0,796,230,0,234,776,1579,49.58834705509816,Czech <cs@li.org>
renameutils,265,0,0,54,0,0,268,265,100.0,Czech <translation-team-cs@lists.sourceforge.net>
resapplet,106,0,0,22,0,0,94,106,100.0,cs_CZ <cs@li.org>
retrace-server,0,0,381,0,0,51,0,381,0.0,Czech
revelation,1222,0,723,340,0,62,1036,1945,62.82776349614396,LANGUAGE <LL@li.org>
rhn-client-tools,1491,83,2483,282,9,129,1333,4057,36.751294059649986,Czech (http://www.transifex.com/projects/p/spacewalk/language/cs/)
rhnsd,20,0,46,5,0,13,18,66,30.303030303030305,LANGUAGE <LL@li.org>
rhythmbox,11796,0,0,1520,0,0,10744,11796,100.0,Czech <gnome-cs-list@gnome.org>
ristretto,756,0,0,195,0,0,727,756,100.0,Czech (http://www.transifex.com/xfce/xfce-apps/language/cs/)
rkward,3300,3,30857,992,1,2877,3211,34160,9.660421545667447,Czech <kde-i18n-doc@kde.org>
rodent,1668,619,7515,517,147,208,1590,9802,17.016935319322588,
root,211,0,0,11,0,0,160,211,100.0,Czech <debian-l10n-czech@lists.debian.org>
rpm,2521,201,1411,507,37,263,2383,4133,60.996854585047174,Czech (http://www.transifex.com/rpm-team/rpm/language/cs/)
rsibreak,1098,0,0,153,0,0,876,1098,100.0,Czech <kde-i18n-doc@kde.org>
rt,7848,0,3338,1856,0,659,7384,11186,70.15912748077955,Czech <cs@li.org>
rust,1130,67,195,134,7,20,1130,1392,81.17816091954023,Czech <diskuze@lists.l10n.cz>
rygel,1616,0,0,303,0,0,1649,1616,100.0,Czech <gnome-cs-list@gnome.org>
sakura,128,30,50,41,11,18,122,208,61.53846153846154,Czech <gnome-cs-list@gnome.org>
samba,187,67,270,31,18,79,174,524,35.68702290076336,Novell Language <language@novell.com>
sane-backends,3113,506,1288,589,189,260,2868,4907,63.439983696759725,
sawfish,6543,0,0,1036,0,0,6375,6543,100.0,Czech <gnome-cs-list@gnome.org>
schroot,963,534,197,237,100,28,916,1694,56.84769775678866,Czech <debian-l10n-czech@lists.debian.org>
scilab,32456,879,17626,4980,120,2424,29185,50961,63.68791821196601,Czech <cs@li.org>
scratch,1444,0,26,603,0,23,1466,1470,98.2312925170068,LANGUAGE <LL@li.org>
scratch-text-editor,692,0,198,197,0,16,698,890,77.75280898876404,Czech <cs@li.org>
screenshot-tool,128,0,18,39,0,5,135,146,87.67123287671232,Czech <cs@li.org>
scummvm,3902,0,0,894,0,0,3616,3902,100.0,
sddm-kcm,104,0,0,43,0,0,98,104,100.0,Czech <kde-i18n-doc@kde.org>
seahorse,9056,0,0,965,0,0,7918,9056,100.0,Czech <gnome-cs-list@gnome.org>
seahorse-nautilus,487,0,0,121,0,0,499,487,100.0,Czech <gnome-cs-list@gnome.org>
seahorse-sharing,97,0,0,22,0,0,94,97,100.0,Czech <gnome-cs-list@gnome.org>
sed,520,13,15,84,2,5,514,548,94.8905109489051,Czech <translation-team-cs@lists.sourceforge.net>
setroubleshoot,619,0,0,163,0,0,539,619,100.0,Czech (http://www.transifex.com/projects/p/fedora/language/cs/)
setroubleshoot-plugins,856,0,5379,25,0,187,728,6235,13.728949478748998,Czech (http://www.transifex.com/projects/p/fedora/language/cs/)
setuptool,55,0,0,14,0,0,51,55,100.0,Czech <fedora-cs-list@redhat.com>
sflphone,1344,0,1823,525,0,288,1293,3167,42.437638143353325,Czech <cs@li.org>
shadow-utils,3022,517,384,453,78,51,2845,3923,77.03288299770584,Czech <debian-l10n-czech@lists.debian.org>
shared-mime-info,1803,0,66,706,0,23,1924,1869,96.46869983948636,Czech (http://www.transifex.com/freedesktop/shared-mime-info/language/cs/)
sharutils,2974,173,0,299,5,0,2806,3147,94.50270098506515,Czech <translation-team-cs@lists.sourceforge.net>
shigofumi,7531,0,0,801,0,0,7352,7531,100.0,Czech <translation-team-cs@lists.sourceforge.net>
shotwell,13506,0,0,1644,0,0,12974,13506,100.0,čeština <gnome-cs-list@gnome.org>
shutter,3093,0,0,606,0,0,2978,3093,100.0,Czech <cs@li.org>
simon,11090,0,726,2393,0,58,10246,11816,93.85578876100203,Czech <kde-i18n-doc@kde.org>
simple-ccsm,6,0,89,6,0,17,7,95,6.315789473684211,Czech <cs@li.org>
simple-scan,696,0,1229,164,0,89,682,1925,36.15584415584416,Czech <cs@li.org>
simsu,9,0,72,3,0,1,8,81,11.11111111111111,Czech (http://www.transifex.com/projects/p/simsu/language/cs/)
skanlite,183,0,0,63,0,0,164,183,100.0,Czech <kde-i18n-doc@kde.org>
skrooge,10298,0,0,2224,0,0,9190,10298,100.0,Czech <kde-i18n-doc@kde.org>
skychart,5122,86,1410,1686,10,246,4565,6618,77.39498337866425,
sleuthkit,3319,0,3642,730,0,444,2954,6961,47.67993104439017,Czech <translation-team-cs@lists.sourceforge.net>
slick-greeter,211,0,0,47,0,0,194,211,100.0,Czech <cs@li.org>
slingshot-launcher,216,0,1,67,0,1,202,217,99.53917050691244,Czech <https://l10n.elementary.io/projects/wingpanel/applications-menu/cs/>
smb4k,728,0,5573,343,0,355,734,6301,11.553721631487065,Czech <kde-i18n-doc@kde.org>
smuxi,2841,0,0,600,0,0,2705,2841,100.0,Czech (http://www.transifex.com/projects/p/smuxi/language/cs/)
snap-photobooth,25,0,0,5,0,0,33,25,100.0,Czech <cs@li.org>
snapd,67,0,3650,3,0,410,64,3717,1.8025289211729891,Czech <cs@li.org>
snapper,743,0,0,180,0,0,782,743,100.0,Czech <kde-i18n-doc@kde.org>
solfege,4177,0,261,984,0,77,3980,4438,94.1189725101397,Czech <translation-team-cs@lists.sourceforge.net>
sos,54,33,35,11,7,12,50,122,44.26229508196721,Czech <Czech <cs-users@lists.fedoraproject.org>>
sound-juicer,3565,0,0,330,0,0,3346,3565,100.0,Czech <gnome-cs-list@gnome.org>
soundconverter,388,0,0,121,0,0,371,388,100.0,Czech <cs@li.org>
soundkonverter,4062,0,0,570,0,0,3880,4062,100.0,Czech (http://www.transifex.com/hessijames/soundkonverter/language/cs/)
spacefm,7375,0,1703,1565,0,57,7517,9078,81.24036131306454,Czech (http://www.transifex.com/ignorantguru/spacefm/language/cs/)
sparkleshare,249,0,153,61,0,26,221,402,61.940298507462686,
specto,219,151,565,57,40,130,203,935,23.422459893048128,
speech-dispatcher,330,0,0,46,0,0,313,330,100.0,<speechd@lists.freebsoft.org>
springlobby,1500,786,3393,580,244,561,1383,5679,26.413100898045432,Czech <cs@li.org>
squirrelmail,11252,0,0,1814,0,0,9588,11252,100.0,Czech <squirrelmail-i18n@lists.sourceforge.net>
sssd,36,0,30329,14,0,2288,31,30365,0.11855754981063725,Czech (http://www.transifex.com/projects/p/sssd/language/cs/)
stardict,696,864,1475,101,140,352,549,3035,22.932454695222404,Czech <cs@li.org>
steadyflow,423,0,47,88,0,5,393,470,90.0,Czech <cs@li.org>
stellarium,10057,0,13945,3002,0,2946,9075,24002,41.90067494375469,Czech <cs@li.org>
storaged,880,202,847,280,26,172,878,1929,45.619491964748576,Czech
subdownloader,968,0,0,272,0,0,873,968,100.0,LANGUAGE <LL@li.org>
subtitleeditor,3496,0,0,873,0,0,3230,3496,100.0,Czech <translation-team-cs@lists.sourceforge.net>
sudo,3889,0,0,573,0,0,3655,3889,100.0,Czech <translation-team-cs@lists.sourceforge.net>
sugar,207,8,1518,117,6,296,203,1733,11.944604731679169,LANGUAGE <LL@li.org>
sugar-abacus,28,0,6,24,0,1,28,34,82.35294117647058,LANGUAGE <LL@li.org>
sugar-browse,82,0,107,36,0,16,73,189,43.386243386243386,LANGUAGE <LL@li.org>
sugar-calculator,193,54,624,75,9,80,188,871,22.158438576349024,LANGUAGE <LL@li.org>
sugar-calendario,9,0,34,9,0,18,9,43,20.930232558139537,LANGUAGE <LL@li.org>
sugar-chat,57,0,80,34,0,47,59,137,41.605839416058394,LANGUAGE <LL@li.org>
sugar-clock,36,2,28,15,2,4,498,66,54.54545454545454,LANGUAGE <LL@li.org>
sugar-deducto,0,0,109,0,0,23,0,109,0.0,LANGUAGE <LL@li.org>
sugar-finance,76,86,27,36,2,2,71,189,40.21164021164021,LANGUAGE <LL@li.org>
sugar-fototoon,4,0,73,4,0,29,4,77,5.194805194805195,LANGUAGE <LL@li.org>
sugar-fractionbounce,0,0,68,0,0,23,0,68,0.0,LANGUAGE <LL@li.org>
sugar-getiabooks,3,0,116,3,0,30,3,119,2.5210084033613445,LANGUAGE <LL@li.org>
sugar-imageviewer,16,0,42,8,0,8,21,58,27.586206896551722,LANGUAGE <LL@li.org>
sugar-implode,77,0,0,20,0,0,66,77,100.0,LANGUAGE <LL@li.org>
sugar-infoslicer,2,0,234,2,0,60,2,236,0.847457627118644,LANGUAGE <LL@li.org>
sugar-jukebox,15,0,54,10,0,12,17,69,21.73913043478261,LANGUAGE <LL@li.org>
sugar-labyrinth,254,0,27,93,0,1,230,281,90.39145907473309,LANGUAGE <LL@li.org>
sugar-log,5,0,93,5,0,16,5,98,5.1020408163265305,LANGUAGE <LL@li.org>
sugar-maze,7,0,0,4,0,0,7,7,100.0,LANGUAGE <LL@li.org>
sugar-measure,155,0,0,73,0,0,146,155,100.0,LANGUAGE <LL@li.org>
sugar-memorize,55,2,85,45,2,27,55,142,38.732394366197184,LANGUAGE <LL@li.org>
sugar-moon,91,0,26,32,0,1,94,117,77.77777777777779,LANGUAGE <LL@li.org>
sugar-paint,12,0,78,12,0,40,12,90,13.333333333333334,LANGUAGE <LL@li.org>
sugar-physics,28,0,20,27,0,1,28,48,58.333333333333336,LANGUAGE <LL@li.org>
sugar-pippy,13,0,96,7,0,24,13,109,11.926605504587156,LANGUAGE <LL@li.org>
sugar-playgo,0,0,85,0,0,30,0,85,0.0,LANGUAGE <LL@li.org>
sugar-read,27,0,110,16,0,34,27,137,19.708029197080293,LANGUAGE <LL@li.org>
sugar-recall,28,0,19,7,0,2,35,47,59.57446808510638,LANGUAGE <LL@li.org>
sugar-record,31,0,31,19,0,5,35,62,50.0,LANGUAGE <LL@li.org>
sugar-ruler,14,0,15,5,0,3,11,29,48.275862068965516,LANGUAGE <LL@li.org>
sugar-speak,34,0,193,34,0,40,34,227,14.977973568281937,LANGUAGE <LL@li.org>
sugar-story,24,0,0,11,0,0,24,24,100.0,LANGUAGE <LL@li.org>
sugar-terminal,6,0,115,4,0,22,5,121,4.958677685950414,LANGUAGE <LL@li.org>
sugar-toolkit,24,1,48,19,1,17,30,73,32.87671232876712,LANGUAGE <LL@li.org>
sugar-toolkit-gtk3,30,0,46,25,0,15,36,76,39.473684210526315,LANGUAGE <LL@li.org>
sugar-turtleart,110,52,1297,84,28,323,110,1459,7.539410555174777,LANGUAGE <walter@sugarlabs.org>
sugar-typing-turtle,2,1,596,2,1,124,2,599,0.333889816360601,LANGUAGE <LL@li.org>
sugar-view-slides,0,0,7,0,0,5,0,7,0.0,LANGUAGE <LL@li.org>
sugar-visualmatch,158,0,0,78,0,0,150,158,100.0,LANGUAGE <LL@li.org>
sugar-words,3,0,0,3,0,0,3,3,100.0,LANGUAGE <LL@li.org>
sugar-write,83,2,36,48,1,6,85,121,68.59504132231406,LANGUAGE <LL@li.org>
supertux,2980,0,0,918,0,0,2697,2980,100.0,Czech (http://www.transifex.com/arctic-games/supertux/language/cs/)
supertuxkart,3180,0,0,730,0,0,3099,3180,100.0,Czech (http://www.transifex.com/supertuxkart/supertuxkart/language/cs/)
sushi,24,0,0,11,0,0,28,24,100.0,Czech <gnome-cs-list@gnome.org>
swell-foop,1624,0,0,134,0,0,1469,1624,100.0,Czech <gnome-cs-list@gnome.org>
switchboard,62,0,0,18,0,0,87,62,100.0,Czech <cs@li.org>
switchboard-plug-a11y,127,0,83,52,0,27,119,210,60.476190476190474,LANGUAGE <LL@li.org>
switchboard-plug-about,72,0,0,22,0,0,71,72,100.0,Czech <https://l10n.elementary.io/projects/switchboard/switchboard-plug-about/cs/>
switchboard-plug-applications,39,0,46,17,0,12,38,85,45.88235294117647,LANGUAGE <LL@li.org>
switchboard-plug-bluetooth,39,0,0,18,0,0,40,39,100.0,Czech <cs@li.org>
switchboard-plug-display,33,0,0,15,0,0,37,33,100.0,Czech <cs@li.org>
switchboard-plug-keyboard,253,0,118,107,0,38,248,371,68.19407008086253,Czech <cs@li.org>
switchboard-plug-mouse-touchpad,43,0,2,20,0,1,40,45,95.55555555555556,Czech <cs@li.org>
switchboard-plug-networking,272,4,156,99,2,24,256,432,62.96296296296296,Czech <https://l10n.elementary.io/projects/switchboard/switchboard-plug-networking/cs/>
switchboard-plug-notifications,124,0,7,17,0,1,101,131,94.65648854961832,Czech <https://l10n.elementary.io/projects/switchboard/switchboard-plug-notifications/cs/>
switchboard-plug-onlineaccounts,107,0,54,27,0,22,106,161,66.45962732919256,Czech <cs@li.org>
switchboard-plug-pantheon-shell,120,0,12,49,0,2,120,132,90.9090909090909,Czech <cs@li.org>
switchboard-plug-printers,198,0,90,79,0,38,190,288,68.75,Czech <https://weblate.elementary.io/projects/switchboard/switchboard-plug-printers/cs/>
switchdesk,139,0,0,20,0,0,131,139,100.0,Czech <cs@li.org>
sylpheed,6760,263,95,1708,37,19,6606,7118,94.97049733071088,Petr Kovar <pknbe@volny.cz>
synapse,741,0,83,206,0,21,757,824,89.92718446601941,Czech <cs@li.org>
synaptic,2476,434,321,575,53,34,2405,3231,76.63262147941813,cs <cs@li.org>
syncthing-gtk,1800,0,0,342,0,0,1708,1800,100.0,Czech (http://www.transifex.com/syncthing-gtk/syncthing-gtk/language/cs/)
synfig,265,0,9127,125,0,2231,233,9392,2.821550255536627,Czech (http://www.transifex.com/morevnaproject/synfig/language/cs/)
synfigstudio,1034,0,12081,415,0,2716,1033,13115,7.884102173084255,Czech (http://www.transifex.com/morevnaproject/synfig/language/cs/)
sysprof,1196,0,0,144,0,0,1021,1196,100.0,Czech <gnome-cs-list@gnome.org>
sysstat,690,0,0,78,0,0,596,690,100.0,Czech  <translation-team-cs@lists.sourceforge.net>
system-config-audit,1241,0,0,267,0,0,1110,1241,100.0,Czech (http://www.transifex.com/projects/p/fedora/language/cs/)
system-config-bind,2980,46,6393,583,7,474,2654,9419,31.63817815054677,American English <kde-i18n-doc@lists.kde.org>
system-config-firewall,2807,0,7,330,0,1,2500,2814,99.75124378109453,Czech <Czech <cs-users@lists.fedoraproject.org>>
system-config-httpd,877,0,0,227,0,0,777,877,100.0,Czech <cs@li.org>
system-config-kdump,185,0,692,10,0,146,145,877,21.094640820980615,Czech (http://www.transifex.com/projects/p/fedora/language/cs/)
system-config-keyboard,187,0,0,81,0,0,174,187,100.0,Czech <Czech <cs-users@lists.fedoraproject.org>>
system-config-kickstart,1144,0,0,253,0,0,1053,1144,100.0,Czech (http://www.transifex.com/projects/p/system-config-kickstart/language/cs/)
system-config-language,197,0,0,29,0,0,182,197,100.0,Czech <Czech <cs-users@lists.fedoraproject.org>>
system-config-printer,3055,7,96,733,6,16,2766,3158,96.7384420519316,Czech (http://www.transifex.com/projects/p/system-config-printer/language/cs/)
system-config-rootpassword,116,0,0,19,0,0,107,116,100.0,Czech <cs@li.org>
system-config-users,1436,0,85,172,0,8,1207,1521,94.41157133464826,Czech (http://www.transifex.com/projects/p/fedora/language/cs/)
system-config-users-docs,1054,0,0,77,0,0,918,1054,100.0,LANGUAGE <LL@li.org>
system-switch-java,81,0,0,11,0,0,66,81,100.0,Czech <fedora-cs-list@redhat.com>
system-switch-mail,158,0,0,24,0,0,161,158,100.0,Czech <fedora-cs-list@redhat.com>
systemtap,4458,2189,2632,787,286,388,4326,9279,48.04397025541545,Czech
tagtool,943,10,5,205,3,3,973,958,98.43423799582463,<cs@li.org>
tali,2404,0,0,184,0,0,2140,2404,100.0,Czech <gnome-cs-list@gnome.org>
tanglet,128,0,0,6,0,0,114,128,100.0,Czech (http://www.transifex.com/gottcode/tanglet/language/cs/)
tar,3594,0,26,587,0,3,3684,3620,99.2817679558011,Czech <translation-team-cs@lists.sourceforge.net>
tellico,5602,0,191,1178,0,44,4834,5793,96.70291731399966,Czech <kde-i18n-doc@kde.org>
terminator,583,0,827,208,0,209,557,1410,41.34751773049645,Czech <cs@li.org>
texi2html,211,492,940,34,71,76,229,1643,12.842361533779673,Czech <cs@li.org>
texinfo,5459,0,0,654,0,0,5262,5459,100.0,Czech <translation-team-cs@lists.sourceforge.net>
texlive,1229,0,0,306,0,0,1193,1229,100.0,Czech <>
thunar-archive-plugin,86,0,0,13,0,0,98,86,100.0,Czech <xfce-i18n@xfce.org>
thunar-media-tags-plugin,156,0,0,58,0,0,151,156,100.0,Czech <xfce-i18n@xfce.org>
thunar-vcs-plugin,595,0,0,320,0,0,807,595,100.0,Czech (http://www.transifex.com/projects/p/thunar-plugins/language/cs/)
thunar-vfs,387,0,0,86,0,0,381,387,100.0,Czech <translation-team-cs@lists.sourceforge.net>
thunar-volman,487,0,0,113,0,0,473,487,100.0,Czech (http://www.transifex.com/projects/p/xfce/language/cs/)
tilda,319,326,269,92,43,66,282,914,34.901531728665205,Czech <cs@li.org>
tinyca2,1755,161,15,407,35,2,1660,1931,90.88555152770586,czech
tomboy,7256,0,0,742,0,0,6673,7256,100.0,čeština <gnome-cs-list@gnome.org>
toppler,552,0,0,215,0,0,527,552,100.0,
torbrowser-launcher,300,0,0,53,0,0,275,300,100.0,
tortoisehg,11167,0,1056,1952,0,404,10056,12223,91.36054978319561,Czech <kde-i18n-doc@kde.org>
totem,6050,0,0,644,0,0,5290,6050,100.0,Czech <gnome-cs-list@gnome.org>
totem-pl-parser,29,0,0,8,0,0,25,29,100.0,Czech <gnome-cs-list@gnome.org>
trac,5197,584,7341,1077,95,270,4834,13122,39.60524310318549,Czech (http://www.transifex.com/projects/p/trac/language/cs/)
trac-accountmanager-plugin,771,12,425,137,1,66,729,1208,63.824503311258276,Czech (http://www.transifex.com/projects/p/Trac_Plugin-L10N/language/cs/)
tracer,174,0,0,23,0,0,158,174,100.0,Czech (http://www.transifex.com/projects/p/tracer/language/cs/)
tracker,3747,0,0,600,0,0,3873,3747,100.0,čeština <gnome-cs-list@gnome.org>
transmageddon,327,0,0,70,0,0,329,327,100.0,Czech <gnome-cs-list@gnome.org>
transmission,1809,0,0,494,0,0,2000,1809,100.0,Czech <cs@li.org>
transmission-remote-gtk,571,0,234,263,0,84,596,805,70.93167701863354,Czech <cs@li.org>
trojita,2077,0,2311,631,0,262,1942,4388,47.333637192342756,Czech <kde-i18n-doc@kde.org>
tryton,951,325,298,237,80,104,840,1574,60.419313850063524,
trytond,0,0,2648,0,0,1207,0,2648,0.0,
trytond-account,0,0,2743,0,5,1215,0,2743,0.0,
trytond-account-invoice,0,0,1028,0,2,370,0,1028,0.0,
trytond-account-invoice-history,0,0,2,0,0,1,0,2,0.0,
trytond-account-invoice-line-standalone,0,0,10,0,0,4,0,10,0.0,
trytond-account-product,0,0,296,0,0,95,0,296,0.0,
trytond-account-statement,0,0,231,0,1,126,0,231,0.0,
trytond-account-stock-anglo-saxon,0,0,74,0,0,12,0,74,0.0,
trytond-account-stock-continental,0,0,325,0,0,69,0,325,0.0,
trytond-analytic-account,0,0,184,0,0,95,0,184,0.0,
trytond-analytic-invoice,0,0,13,0,0,3,0,13,0.0,
trytond-analytic-purchase,0,0,22,0,0,4,0,22,0.0,
trytond-analytic-sale,0,0,13,0,0,3,0,13,0.0,
trytond-calendar,0,0,621,0,0,283,0,621,0.0,
trytond-calendar-classification,0,0,2,0,0,2,0,2,0.0,
trytond-calendar-scheduling,0,0,100,0,0,50,0,100,0.0,
trytond-calendar-todo,0,0,489,0,0,217,0,489,0.0,
trytond-company,0,0,118,0,0,77,0,118,0.0,
trytond-company-work-time,0,0,18,0,0,5,0,18,0.0,
trytond-country,7252,19,268,5096,19,128,7226,7539,96.19312906220983,
trytond-currency,356,0,113,182,0,51,344,469,75.90618336886993,
trytond-dashboard,0,0,35,0,0,22,0,35,0.0,
trytond-google-maps,0,0,2,0,0,1,0,2,0.0,
trytond-ldap-authentication,0,0,10,0,0,1,0,10,0.0,
trytond-party,0,1,267,0,1,151,0,268,0.0,
trytond-party-siret,0,0,18,0,0,5,0,18,0.0,
trytond-party-vcarddav,0,0,14,0,0,5,0,14,0.0,
trytond-product,0,0,375,0,0,210,0,375,0.0,
trytond-product-cost-fifo,0,0,24,0,0,4,0,24,0.0,
trytond-product-cost-history,0,0,27,0,0,14,0,27,0.0,
trytond-product-price-list,0,0,74,0,0,32,0,74,0.0,
trytond-project,0,0,143,0,0,62,0,143,0.0,
trytond-project-plan,0,0,83,0,0,46,0,83,0.0,
trytond-project-revenue,0,0,12,0,0,8,0,12,0.0,
trytond-purchase,0,0,571,0,0,291,0,571,0.0,
trytond-purchase-invoice-line-standalone,0,0,51,0,0,22,0,51,0.0,
trytond-sale,0,0,536,0,0,266,0,536,0.0,
trytond-sale-opportunity,0,5,315,0,5,169,0,320,0.0,
trytond-sale-price-list,0,0,5,0,0,2,0,5,0.0,
trytond-stock,0,0,1203,0,9,554,0,1203,0.0,
trytond-stock-forecast,0,0,174,0,0,81,0,174,0.0,
trytond-stock-inventory-location,0,0,17,0,0,11,0,17,0.0,
trytond-stock-location-sequence,0,0,1,0,0,1,0,1,0.0,
trytond-stock-product-location,0,0,23,0,0,14,0,23,0.0,
trytond-stock-supply,0,0,147,0,0,58,0,147,0.0,
trytond-stock-supply-day,0,0,27,0,0,18,0,27,0.0,
trytond-timesheet,0,0,278,0,0,131,0,278,0.0,
tumbler,278,0,0,44,0,0,291,278,100.0,Czech (http://www.transifex.com/projects/p/xfce/language/cs/)
tuxanci,674,0,0,163,0,0,596,674,100.0,
tuxmath,238,115,1101,71,13,164,222,1454,16.368638239339752,czech <cs@li.org>
tuxpaint,1465,114,12,271,10,10,1221,1591,92.08045254556882,Czech <cs@li.org>
tuxpaint-stamps,1015,578,1118,250,218,182,777,2711,37.44005901881224,Czech <cs@li.org>
tuxtype2,71,0,9,32,0,8,65,80,88.75,czech <cs@li.org>
tvtime,1120,67,35,238,3,5,1096,1222,91.65302782324059,Lukáš Slánský <lukas@schnauzer.cz>
ufraw,2155,17,0,424,1,0,2112,2172,99.21731123388582,Czech <kde-i18n-doc@kde.org>
ufw,879,0,0,181,0,0,882,879,100.0,Czech <cs@li.org>
ufw-kde,199,0,616,131,0,59,200,815,24.41717791411043,Czech <kde-i18n-doc@kde.org>
uget,948,10,73,338,2,21,944,1031,91.94956353055287,Czech (http://www.transifex.com/uget/uget/language/cs/)
unetbootin,2795,0,364,166,0,12,2429,3159,88.47736625514403,LANGUAGE <LL@li.org>
unixcw,85,0,0,6,0,0,80,85,100.0,Czech <debian-l10n-czech@lists.debian.org>
usermode,573,0,0,96,0,0,514,573,100.0,Czech (http://www.transifex.com/projects/p/fedora/language/cs/)
util-linux,21780,26,13,3800,4,2,21789,21819,99.82125670287364,Czech <translation-team-cs@lists.sourceforge.net>
vdr,1369,0,0,520,0,0,1265,1369,100.0,Czech <vdr@linuxtv.org>
vdr-epgsearch,881,1,1537,311,1,76,813,2419,36.42000826787929,Czech <vdr@linuxtv.org>
vdr-live,760,44,110,265,14,32,658,914,83.15098468271334,see developers in README
vdr-skinenigmang,0,0,334,0,0,134,0,334,0.0,<vdr@linuxtv.org>
viewnior,425,0,0,144,0,0,402,425,100.0,Czech <cs@li.org>
viking,4035,0,100,1044,0,12,3673,4135,97.58162031438935,Czech <cs@li.org>
vim,5851,0,0,1283,0,0,5827,5851,100.0,Czech <cs@li.org>
vinagre,2540,0,0,357,0,0,2344,2540,100.0,Czech <gnome-cs-list@gnome.org>
vino,1228,0,0,134,0,0,1166,1228,100.0,Czech <gnome-cs-list@gnome.org>
virt-manager,1924,22,6418,645,8,1083,1859,8364,23.00334768053563,Czech (http://www.transifex.com/projects/p/virt-manager/language/cs/)
virt-viewer,4,0,780,3,0,166,4,784,0.5102040816326531,Czech
virtualplanet,308,8,122,178,6,46,293,438,70.31963470319634,French <kde-i18n-doc@kde.org>
visualboyadvance-m,2038,0,643,798,0,211,2033,2681,76.01641178664677,Czech (http://www.transifex.com/projects/p/vba-m/language/cs/)
vocal,377,0,0,79,0,0,334,377,100.0,Czech <cs@li.org>
vodovod,261,8,188,72,3,156,256,457,57.11159737417943,Czech <kde-czech-apps@lists.sf.net>
volume_key,745,0,0,151,0,0,724,745,100.0,Czech (http://www.transifex.com/projects/p/fedora/language/cs/)
vorbis-tools,2502,1264,343,338,120,43,2401,4109,60.89072767096617,Czech <translation-team-cs@lists.sourceforge.net>
vte,80,0,0,13,0,0,84,80,100.0,Czech <gnome-cs-list@gnome.org>
vte291,31,0,0,5,0,0,33,31,100.0,čeština <gnome-cs-list@gnome.org>
vte3,80,0,0,13,0,0,84,80,100.0,Czech <gnome-cs-list@gnome.org>
wallpapoz,400,0,0,102,0,0,387,400,100.0,Czech
wammu,5251,0,0,918,0,0,4899,5251,100.0,Czech <https://hosted.weblate.org/projects/gammu/wammu-doc/cs/>
warmux,1186,744,814,234,118,120,1299,2744,43.221574344023324,Čeština
warzone2100,2449,1023,18984,704,287,3817,2382,22456,10.905771286070538,Czech <cs@li.org>
watchdog,97,0,0,6,0,0,85,97,100.0,Czech <debian-l10n-czech@lists.debian.org>
wdiff,993,0,0,150,0,0,1035,993,100.0,Czech <translation-team-cs@lists.sourceforge.net>
webkitgtk,1039,644,940,248,139,183,998,2623,39.61113229126954,Czech <gnome-cs-list@gnome.org>
webkitgtk3,1039,644,940,248,139,183,998,2623,39.61113229126954,Czech <gnome-cs-list@gnome.org>
webkitgtk4,1039,644,940,248,139,183,998,2623,39.61113229126954,Czech <gnome-cs-list@gnome.org>
weechat,9537,9951,7612,1450,470,197,9072,27100,35.19188191881919,weechat-dev <weechat-dev@nongnu.org>
wesnoth,252815,180,3021,16164,13,178,212148,256016,98.74968751953003,Český <wesnoth-cs-l@buchtovi.cz>
wget,3747,98,31,617,12,3,3975,3876,96.671826625387,Czech <translation-team-cs@lists.sourceforge.net>
whaawmp,799,0,0,160,0,0,709,799,100.0,Czech <cs@li.org>
whois,493,0,0,30,0,0,517,493,100.0,Czech <translation-team-cs@lists.sourceforge.net>
wicd,1058,0,80,231,0,23,984,1138,92.97012302284709,cs <LL@li.org>
wicd-kde,358,0,0,122,0,0,396,358,100.0,Czech <kde-i18n-doc@kde.org>
widelands,31005,0,3289,3062,0,267,26631,34294,90.40940106141015,Czech <cs@li.org>
wine,10262,1334,3866,2570,173,709,9696,15462,66.36916310955891,Czech
wine-docs,50,45,1111,11,10,102,47,1206,4.1459369817578775,CS
wingpanel,8,0,0,2,0,0,8,8,100.0,LANGUAGE <LL@li.org>
wingpanel-indicator-bluetooth,17,0,0,10,0,0,15,17,100.0,Czech <https://l10n.elementary.io/projects/wingpanel/wingpanel-indicator-bluetooth/cs/>
wingpanel-indicator-datetime,20,0,0,6,0,0,16,20,100.0,LANGUAGE <LL@li.org>
wingpanel-indicator-keyboard,7,0,0,3,0,0,6,7,100.0,LANGUAGE <LL@li.org>
wingpanel-indicator-network,101,0,0,31,0,0,103,101,100.0,Czech <https://l10n.elementary.io/projects/wingpanel/wingpanel-indicator-network/cs/>
wingpanel-indicator-notifications,29,0,0,11,0,0,32,29,100.0,Czech <https://l10n.elementary.io/projects/wingpanel/wingpanel-indicator-notifications/cs/>
wingpanel-indicator-power,89,0,0,24,0,0,124,89,100.0,LANGUAGE <LL@li.org>
wingpanel-indicator-session,54,0,0,17,0,0,37,54,100.0,Czech <https://l10n.elementary.io/projects/wingpanel/wingpanel-indicator-session/cs/>
wingpanel-indicator-sound,15,0,0,7,0,0,13,15,100.0,Czech <cs@li.org>
wireshark,79,0,0,4,0,0,82,79,100.0,Czech (https://www.transifex.com/wireshark/teams/36457/cs/)
workrave,957,196,168,174,54,34,833,1321,72.44511733535201,Czech <translation-team-cs@lists.sourceforge.net>
wxGTK,3581,994,1921,792,242,470,3267,6496,55.126231527093594,wxWidgets translators <wx-translators@wxwidgets.org>
wxGTK3,7624,71,105,1780,47,55,7055,7800,97.74358974358974,wxWidgets translators <wx-translators@wxwidgets.org>
wxMaxima,2399,524,2278,653,128,271,2219,5201,46.125745049029035,<cs@li.org>
wxPython,9373,61,810,2393,25,193,8705,10244,91.49746192893402,wxWidgets translators <wx-translators@wxwidgets.org>
x-tile,732,0,0,150,0,0,722,732,100.0,Czech <kde-i18n-doc@kde.org>
xaos,391,225,291,173,87,94,388,907,43.109151047409036,Czech
xarchiver,1131,0,0,277,0,0,1076,1131,100.0,Czech <translation-team-cs@lists.sourceforge.net>
xcdroast,8044,0,0,848,0,0,6867,8044,100.0,Czech <cs@li.org>
xchat,4882,94,51,1186,32,14,4554,5027,97.11557589019296,Czech <translation-team-cs@lists.sourceforge.net>
xchat-gnome,6257,0,0,1241,0,0,6012,6257,100.0,Czech <gnome-cs-list@gnome.org>
xchm,142,28,64,59,12,25,139,234,60.68376068376068,čeština <cs@li.org>
xdg-desktop-portal,88,0,0,12,0,0,70,88,100.0,Czech <gnome-cs-list@gnome.org>
xdg-desktop-portal-gtk,53,0,0,20,0,0,60,53,100.0,Czech <gnome-cs-list@gnome.org>
xdg-user-dirs,28,0,0,28,0,0,28,28,100.0,Czech <translation-team-cs@lists.sourceforge.net>
xdg-user-dirs-gtk,162,0,0,22,0,0,164,162,100.0,Czech <gnome-cs-list@gnome.org>
xed,12083,0,0,1645,0,0,10787,12083,100.0,Czech <mate-cs-list@gnome.org>
xfbib,342,0,0,75,0,0,320,342,100.0,Czech
xfburn,1375,0,0,303,0,0,1293,1375,100.0,Czech (http://www.transifex.com/projects/p/xfce-apps/language/cs/)
xfce4-appfinder,322,0,0,70,0,0,281,322,100.0,Czech (http://www.transifex.com/projects/p/xfce/language/cs/)
xfce4-battery-plugin,147,0,0,42,0,0,161,147,100.0,Czech (http://www.transifex.com/xfce/xfce-panel-plugins/language/cs/)
xfce4-cellmodem-plugin,179,0,0,44,0,0,180,179,100.0,Czech <translation-team-cs@lists.sourceforge.net>
xfce4-clipman-plugin,478,0,0,72,0,0,412,478,100.0,Czech (http://www.transifex.com/xfce/xfce-panel-plugins/language/cs/)
xfce4-cpufreq-plugin,140,0,0,39,0,0,134,140,100.0,Czech (http://www.transifex.com/projects/p/xfce/language/cs/)
xfce4-cpugraph-plugin,71,0,0,35,0,0,79,71,100.0,Czech <translation-team-cs@lists.sourceforge.net>
xfce4-datetime-plugin,52,0,0,19,0,0,51,52,100.0,Czech (http://www.transifex.com/xfce/xfce-panel-plugins/language/cs/)
xfce4-dict,519,0,0,111,0,0,487,519,100.0,Czech (http://www.transifex.com/projects/p/xfce-apps/language/cs/)
xfce4-diskperf-plugin,183,0,0,38,0,0,176,183,100.0,Czech <translation-team-cs@lists.sourceforge.net>
xfce4-embed-plugin,219,0,0,33,0,0,182,219,100.0,Czech (http://www.transifex.com/projects/p/xfce/language/cs/)
xfce4-eyes-plugin,15,0,0,4,0,0,14,15,100.0,Czech <cs@li.org>
xfce4-fsguard-plugin,71,0,0,19,0,0,75,71,100.0,Czech <translation-team-cs@lists.sourceforge.net>
xfce4-genmon-plugin,85,0,0,19,0,0,79,85,100.0,Czech <translation-team-cs@lists.sourceforge.net>
xfce4-hardware-monitor-plugin,356,0,0,129,0,0,330,356,100.0,Czech <gnome-cs-list@gnome.org>
xfce4-mailwatch-plugin,657,0,0,110,0,0,670,657,100.0,Czech <translation-team-cs@lists.sourceforge.net>
xfce4-mixer,94,29,58,12,11,13,76,181,51.93370165745856,Czech
xfce4-mount-plugin,338,0,3,52,0,2,306,341,99.12023460410558,Czech <xfce-i18n@xfce.org>
xfce4-mpc-plugin,76,0,0,24,0,0,86,76,100.0,Czech (http://www.transifex.com/projects/p/xfce-panel-plugins/language/cs/)
xfce4-netload-plugin,92,0,0,35,0,0,88,92,100.0,Czech (http://www.transifex.com/projects/p/xfce-panel-plugins/language/cs/)
xfce4-notes-plugin,163,0,0,57,0,0,145,163,100.0,Czech <translation-team-cs@lists.sourceforge.net>
xfce4-notifyd,175,0,0,54,0,0,173,175,100.0,Czech (http://www.transifex.com/xfce/xfce-apps/language/cs/)
xfce4-panel,1705,0,0,394,0,0,1589,1705,100.0,Czech (http://www.transifex.com/projects/p/xfce4-panel/language/cs/)
xfce4-places-plugin,160,0,0,45,0,0,139,160,100.0,Czech (http://www.transifex.com/projects/p/xfce/language/cs/)
xfce4-power-manager,1017,0,0,202,0,0,1002,1017,100.0,Czech (http://www.transifex.com/xfce/xfce4-power-manager/language/cs/)
xfce4-pulseaudio-plugin,108,0,0,23,0,0,101,108,100.0,Czech (http://www.transifex.com/xfce/xfce-panel-plugins/language/cs/)
xfce4-screenshooter,550,0,0,81,0,0,505,550,100.0,Czech (http://www.transifex.com/projects/p/xfce-apps/language/cs/)
xfce4-sensors-plugin,358,0,0,74,0,0,356,358,100.0,Czech (http://www.transifex.com/projects/p/xfce-panel-plugins/language/cs/)
xfce4-session,1066,0,0,208,0,0,1017,1066,100.0,Czech (http://www.transifex.com/projects/p/xfce/language/cs/)
xfce4-settings,1617,0,0,354,0,0,1460,1617,100.0,Czech (http://www.transifex.com/projects/p/xfce4-settings/language/cs/)
xfce4-smartbookmark-plugin,22,0,0,9,0,0,26,22,100.0,Czech <translation-team-cs@lists.sourceforge.net>
xfce4-systemload-plugin,75,0,0,24,0,0,91,75,100.0,Czech (http://www.transifex.com/projects/p/xfce-panel-plugins/language/cs/)
xfce4-taskmanager,223,0,0,75,0,0,225,223,100.0,Czech (http://www.transifex.com/projects/p/xfce-apps/language/cs/)
xfce4-terminal,1341,0,0,341,0,0,1269,1341,100.0,Czech (http://www.transifex.com/xfce/xfce-apps/language/cs/)
xfce4-time-out-plugin,89,0,0,32,0,0,95,89,100.0,Czech
xfce4-timer-plugin,131,3,0,41,1,0,132,134,97.76119402985076,Czech (http://www.transifex.com/projects/p/xfce/language/cs/)
xfce4-verve-plugin,103,0,0,25,0,0,102,103,100.0,Czech (http://www.transifex.com/projects/p/xfce-panel-plugins/language/cs/)
xfce4-wavelan-plugin,67,0,0,18,0,0,66,67,100.0,Czech (http://www.transifex.com/projects/p/xfce-panel-plugins/language/cs/)
xfce4-weather-plugin,3668,0,0,330,0,0,3250,3668,100.0,Czech (http://www.transifex.com/xfce/xfce-panel-plugins/language/cs/)
xfce4-whiskermenu-plugin,250,0,0,91,0,0,242,250,100.0,Czech (http://www.transifex.com/gottcode/xfce4-whiskermenu-plugin/language/cs/)
xfce4-xkb-plugin,43,0,0,17,0,0,44,43,100.0,Czech (http://www.transifex.com/projects/p/xfce/language/cs/)
xfconf,452,0,0,67,0,0,413,452,100.0,Czech (http://www.transifex.com/projects/p/xfconf/language/cs/)
xfdesktop,979,0,0,222,0,0,899,979,100.0,Czech (http://www.transifex.com/projects/p/xfdesktop/language/cs/)
xfe,3626,2368,15,1051,28,3,3389,6009,60.342819104676316,dvx-alone <arch_dvx@users.sourceforge.net>
xfmpc,131,0,36,56,0,14,146,167,78.44311377245509,Czech
xfpanel-switch,0,0,62,0,0,24,0,62,0.0,Czech <cs@li.org>
xfwm4,673,0,0,173,0,0,651,673,100.0,Czech (http://www.transifex.com/projects/p/xfwm4/language/cs/)
xiphos,4556,131,81,1042,38,22,4383,4768,95.55369127516778,Czech (http://www.transifex.com/projects/p/xiphos/language/cs/)
xkeyboard-config,3719,0,0,1093,0,0,3853,3719,100.0,Czech <translation-team-cs@lists.sourceforge.net>
xlog,1358,64,40,323,3,7,1237,1462,92.88645690834473,Czech <cs@li.org>
xmms,2946,223,274,949,49,47,2900,3443,85.56491431890792,Czech <cs@li.org>
xmoto,2961,0,878,603,0,219,2559,3839,77.12946079708257,Čeština <cs@li.org>
xournal,1016,0,0,282,0,0,1009,1016,100.0,Czech <kde-czech-apps@lists.sourceforge.net>
xpad,191,0,215,50,0,75,196,406,47.04433497536946,Czech <cs@li.org>
xplayer,6558,0,0,745,0,0,5789,6558,100.0,Czech <gnome-cs-list@gnome.org>
xplayer-plparser,29,0,0,8,0,0,25,29,100.0,Czech <gnome-cs-list@gnome.org>
xreader,3572,0,0,597,0,0,3178,3572,100.0,Czech <mate-cs-list@gnome.org>
xsane,2358,764,102,588,113,27,2301,3224,73.13895781637717,Czech <cs@li.org>
xviewer,6541,0,0,740,0,0,5953,6541,100.0,Czech <gnome-cs-list@gnome.org>
xviewer-plugins,413,0,0,100,0,0,393,413,100.0,Czech <gnome-cs-list@gnome.org>
xz,1130,67,163,134,7,15,1130,1360,83.08823529411765,Czech <diskuze@lists.l10n.cz>
yakuake,1300,5,268,206,1,14,1126,1573,82.64462809917356,Czech <kde-i18n-doc@kde.org>
yelp,448,0,0,104,0,0,371,448,100.0,čeština <gnome-cs-list@gnome.org>
yelp-xsl,81,0,0,59,0,0,76,81,100.0,Czech <gnome-cs-list@gnome.org>
yum,2730,0,339,599,0,61,2634,3069,88.95405669599218,Czech (http://www.transifex.net/projects/p/yum/team/cs/)
yum-rhn-plugin,45,39,63,7,3,7,45,147,30.612244897959183,Czech (http://www.transifex.com/projects/p/fedora/language/cs/)
yumex-dnf,0,0,712,0,0,191,0,712,0.0,Czech (http://www.transifex.com/timlau/yumex/language/cs/)
zabbix,15751,0,60,3264,0,6,15567,15811,99.62051736133071,Zabbix <info@zabbix.com>
zathura,583,0,7,138,0,2,565,590,98.8135593220339,Czech (http://www.transifex.com/pwmt/zathura/language/cs/)
zenity,3883,0,0,543,0,0,3746,3883,100.0,Czech <gnome-cs-list@gnome.org>
