package,translatedsourcewords,fuzzysourcewords,untranslatedsourcewords,translated,fuzzy,untranslated,translatedtargetwords,totalsourcewordssum,progress,team
0ad,300,0,0,56,0,0,248,300,100.0,Turkish (http://www.transifex.com/wildfire-games/0ad/language/tr/)
4Pane,541,0,12143,169,0,1716,513,12684,4.2652160201829075,Turkish (http://www.transifex.com/davidgh/4Pane/language/tr/)
GConf2,4088,0,0,497,0,0,3404,4088,100.0,Turkish <gnome-turk@gnome.org>
LabPlot,7247,4733,2887,1813,1511,548,6542,14867,48.7455438218874,Turkish <kde-i18n-doc@kde.org>
ModemManager,147,0,0,19,0,0,152,147,100.0,Türkçe <takim@gnome.org.tr>
NetworkManager,6436,3146,19612,1030,461,760,5821,29194,22.045625813523326,Türkçe <takim@gnome.org.tr>
NetworkManager-fortisslvpn,321,0,0,60,0,0,278,321,100.0,Turkish <gnome-turk@gnome.org>
NetworkManager-iodine,75,0,0,21,0,0,79,75,100.0,Turkish <gnome-turk@gnome.org>
NetworkManager-l2tp,424,0,870,85,0,116,408,1294,32.766615146831526,Turkish <gnome-turk@gnome.org>
NetworkManager-libreswan,317,160,376,80,7,8,296,853,37.162954279015246,Turkish <gnome-turk@gnome.org>
NetworkManager-openconnect,6200,99,3221,1102,15,479,5887,9520,65.12605042016807,Turkish <gnome-turk@gnome.org>
NetworkManager-openvpn,2154,0,0,300,0,0,1947,2154,100.0,Turkish <takim@gnome.org.tr>
NetworkManager-pptp,519,5,5,87,2,5,489,529,98.10964083175804,Turkish <gnome-turk@gnome.org>
NetworkManager-sstp,842,8,28,145,2,2,741,878,95.8997722095672,Turkish <gnome-turk@gnome.org>
NetworkManager-vpnc,616,0,0,102,0,0,558,616,100.0,Turkish <gnome-turk@gnome.org>
PackageKit,1296,0,0,324,0,0,1122,1296,100.0,Turkish (http://app.transifex.com/freedesktop/packagekit/language/tr/)
R,10178,3970,14307,1805,600,1992,8831,28455,35.76875768757687,Turkish <muratalk@gmail.com>
R-pkgdown,119,0,9,64,0,5,119,128,92.96875,none
Thunar,5430,0,0,976,0,0,4311,5430,100.0,Turkish (https://app.transifex.com/xfce/teams/16840/tr/)
WindowMaker,3744,0,33,778,0,22,3347,3777,99.12629070691025,Turkish
Zim,1915,279,1192,464,70,243,1764,3386,56.55640874187833,Turkish <https://hosted.weblate.org/projects/zim/develop/tr/>
a2ps,667,802,63,141,34,9,643,1532,43.5378590078329,Turkish <gnu-tr-u12a@lists.sourceforge.net>
abattis-cantarell-fonts,27,0,0,3,0,0,26,27,100.0,Türkçe <gnome-turk@gnome.org>
abrt,3676,0,0,417,0,0,3253,3676,100.0,Turkish <https://translate.fedoraproject.org/projects/abrt/abrt/tr/>
accerciser,676,0,0,234,0,0,655,676,100.0,Türkçe <takim@gnome.org.tr>
accessibility-inspector,197,0,0,126,0,0,211,197,100.0,Turkish <kde-l10n-tr@kde.org>
accountsservice,73,0,0,12,0,0,69,73,100.0,Türkçe <gnome-turk@gnome.org>
agenda,10,7,0,4,2,0,10,17,58.82352941176471,Turkish <tr@li.org>
aisleriot,2982,0,0,681,0,0,2224,2982,100.0,Türkçe <gnome-turk@gnome.org>
akonadi-calendar,2372,0,0,390,0,0,1961,2372,100.0,Turkish <kde-l10n-tr@kde.org>
akonadi-calendar-tools,760,0,0,166,0,0,696,760,100.0,Turkish <kde-l10n-tr@kde.org>
akonadi-contacts,1128,0,0,280,0,0,947,1128,100.0,Turkish <kde-l10n-tr@kde.org>
akonadi-import-wizard,394,0,0,84,0,0,385,394,100.0,Turkish <kde-l10n-tr@kde.org>
akonadi-mime,581,0,0,115,0,0,509,581,100.0,Turkish <kde-l10n-tr@kde.org>
akonadi-notes,2,0,0,1,0,0,2,2,100.0,Turkish <kde-l10n-tr@kde.org>
akonadi-search,67,0,0,18,0,0,59,67,100.0,Turkish <kde-l10n-tr@kde.org>
akonadi-server,2994,0,0,496,0,0,2546,2994,100.0,Turkish <kde-l10n-tr@kde.org>
akonadiconsole,777,0,0,369,0,0,772,777,100.0,Turkish <kde-l10n-tr@kde.org>
akregator,1893,0,0,435,0,0,1691,1893,100.0,Turkish <kde-l10n-tr@kde.org>
alacarte,48,0,0,21,0,0,47,48,100.0,Türkçe <gnome-turk@gnome.org>
alligator,193,0,0,87,0,0,211,193,100.0,Turkish <kde-l10n-tr@kde.org>
almanah,805,0,0,143,0,0,737,805,100.0,Türkçe <gnome-turk@gnome.org>
amarok,14307,0,0,2497,0,0,12703,14307,100.0,Turkish <kde-l10n-tr@kde.org>
amtk,11,0,0,3,0,0,12,11,100.0,Türkçe <gnome-turk@gnome.org>
anaconda,7937,92,190,1302,24,22,6636,8219,96.56892566005597,Turkish <https://translate.fedoraproject.org/projects/anaconda/master/tr/>
anaconda-webui,1055,7,4,205,2,1,912,1066,98.96810506566605,Turkish <https://translate.fedoraproject.org/projects/anaconda-webui/anaconda-webui/tr/>
analitza,999,0,0,223,0,0,812,999,100.0,Turkish <kde-l10n-tr@kde.org>
android-tools,5834,2926,7772,1058,425,1078,5711,16532,35.28913622066296,Turkish <gnu-tr-u12a@lists.sourceforge.net>
angelfish,744,0,0,185,0,0,659,744,100.0,Turkish <kde-l10n-tr@kde.org>
anjuta,8407,0,0,2062,0,0,7482,8407,100.0,Türkçe <gnome-turk@gnome.org>
anope,20138,0,0,1732,0,0,16052,20138,100.0,Turkish
apostrophe,533,0,0,166,0,0,524,533,100.0,Türkçe <gnome-turk@gnome.org>
appeditor,583,0,0,119,0,0,491,583,100.0,
appstream,6953,41,17,767,5,1,5952,7011,99.17272856939096,Turkish <https://hosted.weblate.org/projects/appstream/translations/tr/>
apptainer,3766,2918,3576,672,424,470,3843,10260,36.705653021442494,Turkish <gnu-tr-u12a@lists.sourceforge.net>
apt,5409,56,101,710,15,23,4715,5566,97.17930291052821,Debian l10n Turkish <debian-l10n-turkish@lists.debian.org>
arandr,173,0,0,38,0,0,165,173,100.0,Turkish <https://hosted.weblate.org/projects/arandr/translations/tr/>
aria2,1313,9,6174,181,1,218,1108,7496,17.516008537886872,Turkish <tr@li.org>
arianna,175,0,0,85,0,0,168,175,100.0,Turkish <kde-l10n-tr@kde.org>
ark,1983,0,0,371,0,0,1671,1983,100.0,Turkish <kde-l10n-tr@kde.org>
arm-none-eabi-binutils-cs,28514,2249,1134,4645,279,163,25930,31897,89.39398689531932,Turkish <gnu-tr-u12a@lists.sourceforge.net>
arm-none-eabi-gcc-cs,15356,64860,56320,2385,8804,5462,13402,136536,11.246850647448293,Turkish <gnu-tr-u12a@lists.sourceforge.net>
artikulate,329,0,0,144,0,0,314,329,100.0,Turkish <kde-l10n-tr@kde.org>
asunder,492,0,1,91,0,1,458,493,99.79716024340772,Turkish <kde-l10n-tr@kde.org>
at-spi2-core,465,0,0,175,0,0,411,465,100.0,Turkish <takim@gnome.org.tr>
atlantik,566,0,0,161,0,0,509,566,100.0,Turkish <kde-l10n-tr@kde.org>
atomix,168,0,0,43,0,0,160,168,100.0,Türkçe <gnome-turk@gnome.org>
atril,2730,8,5087,572,2,455,2498,7825,34.888178913738024,Turkish (https://app.transifex.com/mate/teams/13566/tr/)
audacious,879,0,33,364,0,9,881,912,96.38157894736842,Turkish (http://app.transifex.com/audacious/audacious/language/tr/)
audacious-plugins,3984,0,224,959,0,23,3813,4208,94.67680608365019,Turkish (http://app.transifex.com/audacious/audacious/language/tr/)
audacity,18943,0,0,4398,0,0,17740,18943,100.0,Turkish (https://app.transifex.com/klyok/teams/690/tr/)
audex,2615,0,0,415,0,0,2291,2615,100.0,Turkish <kde-l10n-tr@kde.org>
audiocd-kio,913,0,0,208,0,0,883,913,100.0,Turkish <kde-l10n-tr@kde.org>
audiotube,236,0,0,93,0,0,239,236,100.0,Turkish <kde-l10n-tr@kde.org>
authselect,6293,7,0,646,1,0,5318,6300,99.8888888888889,Turkish <https://translate.fedoraproject.org/projects/authselect/master-application/tr/>
avahi,868,0,0,168,0,0,789,868,100.0,Türkçe <gnome-turk@gnome.org>
avogadro2,415,0,0,167,0,0,591,415,100.0,Turkish <https://hosted.weblate.org/projects/avogadro/avogadroapp/tr/>
avogadro2-libs,2528,492,2256,759,156,665,2523,5276,47.915087187263076,Turkish <https://hosted.weblate.org/projects/avogadro/avogadrolibs/tr/>
avr-binutils,28514,2249,1134,4645,279,163,25930,31897,89.39398689531932,Turkish <gnu-tr-u12a@lists.sourceforge.net>
avr-gcc,15356,65102,56735,2385,8832,5495,13402,137193,11.192990896036969,Turkish <gnu-tr-u12a@lists.sourceforge.net>
axel,335,268,4,75,5,2,331,607,55.18945634266886,Turkish
backintime,1842,516,266,328,51,18,1690,2624,70.19817073170732,Turkish <https://translate.codeberg.org/projects/backintime/common/tr/>
badwolf,238,0,1,46,0,1,214,239,99.581589958159,Turkish
baloo-widgets,67,0,0,40,0,0,68,67,100.0,Turkish <kde-l10n-tr@kde.org>
balsa,6839,0,44,1639,0,7,6048,6883,99.36074386168822,Turkish <gnometurk@gnome.org>
baobab,1392,0,0,146,0,0,1052,1392,100.0,Turkish <gnome-turk@gnome.org>
bash,8075,1825,1799,566,10,18,6920,11699,69.02299341824087,Turkish <gnome-turk@gnome.org>
bijiben,422,0,0,130,0,0,395,422,100.0,Türkçe <gnome-turk@gnome.org>
binutils,28514,2249,1134,4645,279,163,25930,31897,89.39398689531932,Turkish <gnu-tr-u12a@lists.sourceforge.net>
bison,778,537,491,149,68,91,727,1806,43.078626799557036,Turkish <gnu-tr-u12a@lists.sourceforge.net>
blackbox-terminal,1000,0,0,231,0,0,886,1000,100.0,Turkish <takim@gnome.org.tr>
bleachbit,1923,0,0,364,0,0,1696,1923,100.0,
blender,11411,0,0,3221,0,0,10854,11411,100.0,Turkish <https://translate.blender.org/projects/blender-ui/ui/tr/>
blinken,134,0,0,47,0,0,137,134,100.0,Turkish <kde-l10n-tr@kde.org>
blivet-gui,1111,0,0,267,0,0,1053,1111,100.0,Turkish <https://translate.fedoraproject.org/projects/blivet/blivet-gui/tr/>
blogilo,1391,1,0,336,1,0,1161,1392,99.92816091954023,Turkish <kde-l10n-tr@kde.org>
bluedevil,601,0,0,212,0,0,553,601,100.0,Turkish <kde-l10n-tr@kde.org>
bluefish,5087,10,0,1580,5,0,4998,5097,99.80380616048656,none
blueman,2365,0,0,824,0,0,2366,2365,100.0,Turkish <https://hosted.weblate.org/projects/blueman/2-4/tr/>
boinc-client,21010,0,237,3489,0,10,18339,21247,98.8845484068339,Turkish (http://www.transifex.com/boinc/boinc/language/tr/)
bomber,110,0,0,27,0,0,93,110,100.0,Turkish <kde-l10n-tr@kde.org>
bookworm,795,0,0,149,0,0,718,795,100.0,Turkish <https://hosted.weblate.org/projects/bookworm/bookworm/tr/>
boswars,189,6,21,53,3,17,173,216,87.5,<tr@li.org>
bottles,3451,0,0,676,0,0,3091,3451,100.0,Turkish <https://hosted.weblate.org/projects/bottles/bottles/tr/>
bovo,82,0,0,26,0,0,74,82,100.0,Turkish <kde-l10n-tr@kde.org>
brasero,5549,0,0,969,0,0,4527,5549,100.0,Türkçe <gnome-turk@gnome.org>
breezy,0,0,33704,0,0,2380,0,33704,0.0,
bubblemail,0,0,478,0,0,141,0,478,0.0,none
budgie-control-center,7269,8,637,2381,4,141,6595,7914,91.84988627748294,Turkish (https://app.transifex.com/buddiesofbudgie/teams/129844/tr/)
budgie-desktop,1638,0,221,412,0,69,1468,1859,88.11188811188812,Turkish (https://app.transifex.com/buddiesofbudgie/teams/129844/tr/)
budgie-desktop-view,17,0,0,7,0,0,17,17,100.0,Turkish (https://www.transifex.com/buddiesofbudgie/teams/129844/tr/)
budgie-screensaver,291,0,0,58,0,0,235,291,100.0,Turkish <gnome-turk@gnome.org>
budgie-session,435,0,0,68,0,0,352,435,100.0,Turkish <gnome-turk@gnome.org>
bygfoot,3630,18,13,750,6,2,3064,3661,99.15323682054084,
byobu,121,0,56,33,0,11,111,177,68.36158192090396,Turkish <tr@li.org>
cairo-dock,2241,0,5223,429,0,398,1838,7464,30.02411575562701,Turkish <tr@li.org>
cairo-dock-plug-ins,1423,0,8781,394,0,1328,1206,10204,13.945511564092513,Turkish <tr@li.org>
caja,9612,0,544,1594,0,2,7786,10156,94.64356045687279,Turkish (https://app.transifex.com/mate/teams/13566/tr/)
caja-actions,1415,0,17397,196,0,1320,1215,18812,7.521794599192005,Turkish (https://app.transifex.com/mate/teams/13566/tr/)
caja-extensions,802,0,43,172,0,9,722,845,94.91124260355029,Turkish (https://app.transifex.com/mate/teams/13566/tr/)
calamares,478,0,0,83,0,0,389,478,100.0,Turkish (Turkey) (https://app.transifex.com/calamares/teams/20061/tr_TR/)
calendarsupport,2759,0,0,385,0,0,2247,2759,100.0,Turkish <kde-l10n-tr@kde.org>
calibre,102234,0,82201,14489,0,5895,80316,184435,55.43091061891723,Turkish (http://app.transifex.com/calibre/calibre/language/tr/)
calindori,550,0,0,184,0,0,505,550,100.0,Turkish <kde-l10n-tr@kde.org>
calligra,30218,0,0,6159,0,0,26165,30218,100.0,Turkish <kde-l10n-tr@kde.org>
calligraplan,6199,1071,2673,1523,305,337,5488,9943,62.345368601025854,Turkish <kde-l10n-tr@kde.org>
calls,14,0,0,8,0,0,14,14,100.0,Turkish <takim@gnome.org.tr>
camorama,830,1,4,166,1,2,738,835,99.40119760479041,Turkish <https://translate.fedoraproject.org/projects/camorama/master/tr/>
cantor,3987,0,0,767,0,0,3510,3987,100.0,Turkish <kde-l10n-tr@kde.org>
caribou,169,0,0,57,0,0,171,169,100.0,Turkish <gnome-turk@gnome.org>
cataclysm-dda,3723,0,873833,441,0,71280,3138,877556,0.42424642985746774,Turkish (https://www.transifex.com/cataclysm-dda-translators/teams/2217/tr/)
catfish,1103,0,1,162,0,1,994,1104,99.90942028985508,Turkish (https://app.transifex.com/xfce/teams/16840/tr/)
cawbird,278,92,863,115,30,192,273,1233,22.54663422546634,Turkish (Turkey) (http://www.transifex.com/cawbird/cawbird/language/tr_TR/)
ccsm,556,10,25,144,6,13,535,591,94.07783417935703,Turkish <tr@li.org>
celestia,2010,321,184,759,74,53,2012,2515,79.92047713717693,Turkish (https://www.transifex.com/celestia/teams/93131/tr/)
celestia-data,897,109,341,760,84,252,981,1347,66.59242761692651,Turkish <kde-i18n-doc@kde.org>
celluloid,849,0,0,221,0,0,798,849,100.0,Turkish <https://hosted.weblate.org/projects/celluloid/celluloid/tr/>
certmonger,2831,0,0,473,0,0,2589,2831,100.0,Turkish <https://translate.fedoraproject.org/projects/certmonger/master/tr/>
cervisia,1615,0,0,420,0,0,1434,1615,100.0,Turkish <kde-l10n-tr@kde.org>
cgit,35369,0,0,5211,0,0,31408,35369,100.0,Turkish (https://github.com/bitigchi/git-po/)
chatty,1081,0,0,368,0,0,969,1081,100.0,Turkish <takim@gnome.org.tr>
cheese,2170,0,0,242,0,0,1628,2170,100.0,Turkish <gnome-turk@gnome.org>
chirp,5030,172,28,414,2,2,4033,5230,96.17590822179733,TURKISH
chkconfig,530,67,0,99,10,0,466,597,88.77721943048577,Turkish <https://translate.fedoraproject.org/projects/fedora-sysv/chkconfig/tr/>
chromium-bsu,311,0,781,77,0,113,293,1092,28.479853479853478,Turkish (https://www.transifex.com/projects/p/chromium-bsu/language/tr/
cinnamon-control-center,672,8,633,612,4,140,672,1313,51.18050266565118,Turkish <none>
cinnamon-desktop,226,5,3,27,3,2,189,234,96.58119658119658,Turkish <gnome-turk@gnome.org>
cinnamon-translations,23715,0,0,5367,0,0,21131,23715,100.0,Turkish <tr@li.org>
clamtk,153,0,295,57,0,81,153,448,34.151785714285715,Turkish <LL@li.org>
clapper,294,0,0,118,0,0,303,294,100.0,Turkish
claws-mail,20932,0,0,4118,0,0,17877,20932,100.0,Türkçe <if.gnu.linux@gmail.com>
clawsker,1693,0,0,303,0,0,1506,1693,100.0,Turkish <if.gnu.linux@gmail.com>
clementine,5896,0,1710,1734,0,388,5377,7606,77.51774914541151,Turkish (Turkey) (http://app.transifex.com/davidsansome/clementine/language/tr_TR/)
clutter,3057,0,0,675,0,0,2405,3057,100.0,Türkçe <gnome-turk@gnome.org>
cockpit,9090,0,0,2239,0,0,8375,9090,100.0,Turkish <https://translate.fedoraproject.org/projects/cockpit/main/tr/>
cockpit-files,468,0,0,165,0,0,486,468,100.0,Turkish <https://translate.fedoraproject.org/projects/cockpit-files/cockpit-files/tr/>
cockpit-machines,3173,0,0,699,0,0,2917,3173,100.0,Turkish <https://translate.fedoraproject.org/projects/cockpit-machines/main/tr/>
cockpit-ostree,246,0,0,91,0,0,237,246,100.0,Turkish <https://translate.fedoraproject.org/projects/cockpit-ostree/main/tr/>
cockpit-podman,1143,0,0,327,0,0,1130,1143,100.0,Turkish <https://translate.fedoraproject.org/projects/cockpit-podman/main/tr/>
cogl,393,0,0,80,0,0,374,393,100.0,Turkish <gnome-turk@gnome.org>
coin,25,0,227,12,0,38,23,252,9.920634920634921,none
colord,450,0,1516,37,0,214,347,1966,22.88911495422177,Turkish (https://app.transifex.com/freedesktop/teams/12151/tr/)
colord-kde,282,0,0,104,0,0,268,282,100.0,Turkish <kde-l10n-tr@kde.org>
compiz,2361,1382,642,586,191,102,2152,4385,53.842645381984035,Turkish <tr@li.org>
compiz-plugins-experimental,512,1106,2855,176,335,381,456,4473,11.446456516879053,Turkish <tr@li.org>
compiz-plugins-extra,976,470,2327,333,137,280,908,3773,25.86800954147893,Turkish <tr@li.org>
compiz-plugins-main,1499,234,2485,446,77,288,1345,4218,35.53816974869606,Turkish <tr@li.org>
console-setup,984,1,0,179,1,0,874,985,99.8984771573604,Debian L10N Turkish
coreutils,20215,1414,235,1793,79,13,17786,21864,92.45792169776801,Turkish <gnome-turk@gnome.org>
cozy,789,0,0,177,0,0,706,789,100.0,Turkish (https://app.transifex.com/geigi/teams/78138/tr/)
cpeditor,647,0,0,383,0,0,638,647,100.0,Turkish <kde-l10n-tr@kde.org>
cpio,1571,284,81,268,35,14,1398,1936,81.14669421487604,Turkish <gnu-tr-u12a@lists.sourceforge.net>
cpu-x,1506,75,45,324,16,6,1358,1626,92.619926199262,Turkish <https://hosted.weblate.org/projects/cpu-x/translations/tr/>
cracklib,90,0,0,15,0,0,88,90,100.0,Turkish <https://translate.fedoraproject.org/projects/cracklib/master/tr/>
crash,4961,0,0,740,0,0,4577,4961,100.0,Turkish <gnu-tr-u12a@lists.sourceforge.net>
cross-binutils,28514,2249,1134,4645,279,163,25930,31897,89.39398689531932,Turkish <gnu-tr-u12a@lists.sourceforge.net>
cross-gcc,15356,64860,56320,2385,8804,5462,13402,136536,11.246850647448293,Turkish <gnu-tr-u12a@lists.sourceforge.net>
crow-translate,1574,0,0,511,0,0,1442,1574,100.0,Turkish <kde-l10n-tr@kde.org>
cups-pk-helper,149,0,0,22,0,0,168,149,100.0,Turkish (http://www.transifex.com/freedesktop/cups-pk-helper/language/tr/)
cura,23493,0,13,2676,0,6,18614,23506,99.94469497149665,LANGUAGE <LL@li.org>
d-feet,123,0,0,39,0,0,119,123,100.0,Türkçe <gnome-turk@gnome.org>
d-spy,117,0,0,52,0,0,106,117,100.0,Türkçe <takim@gnome.org.tr>
dasher,1292,0,0,249,0,0,1144,1292,100.0,Türkçe <gnome-turk@gnome.org>
davix,76,249,361,14,46,75,57,686,11.078717201166182,tr
dconf-editor,2931,0,0,389,0,0,2446,2931,100.0,Türkçe <takim@gnome.org.tr>
debbuild,241,0,0,73,0,0,237,241,100.0,Turkish <https://translate.fedoraproject.org/projects/debbuild/master/tr/>
debconf,737,65,60,84,6,4,629,862,85.49883990719258,Debian L10n Turkish <debian-l10n-turkish@lists.debian.org>
deepin-daemon,1201,0,13,256,0,3,1055,1214,98.92915980230642,Turkish (https://www.transifex.com/linuxdeepin/teams/3617/tr/)
deepin-pw-check,67,0,17,12,0,1,58,84,79.76190476190477,Turkish (https://www.transifex.com/linuxdeepin/teams/3617/tr/)
deja-dup,3721,0,0,446,0,0,2810,3721,100.0,
deluge,4340,0,0,1333,0,0,4147,4340,100.0,Turkish <tr@li.org>
desktopfolder,359,0,8,112,0,3,307,367,97.82016348773843,Turkish (https://www.transifex.com/ubuntu-budgie/teams/72251/tr/)
devhelp,1161,0,0,150,0,0,943,1161,100.0,Türkçe <gnome-turk@gnome.org>
dia,1253,1915,2543,568,779,699,1164,5711,21.94011556645071,Turkish <gnome-turk@gnome.org>
dialect,1233,0,0,776,0,0,1343,1233,100.0,
dialog,37,0,0,25,0,0,36,37,100.0,Turkish <gnome-turk@gnome.org>
diffutils,1864,0,0,263,0,0,1790,1864,100.0,Turkish <gnome-turk@gnome.org>
digikam,62710,0,0,10476,0,0,54192,62710,100.0,Turkish <kde-l10n-tr@kde.org>
dino,1104,0,14,290,0,4,965,1118,98.74776386404294,none
dippi,143,251,1143,34,16,204,144,1537,9.303838646714379,none
dnf,4718,0,0,879,0,0,4356,4718,100.0,Turkish <https://translate.fedoraproject.org/projects/dnf/dnf-master/tr/>
dnf-plugins-core,2103,22,12,313,2,1,1903,2137,98.4089845577913,Turkish <https://translate.fedoraproject.org/projects/dnf/dnf-plugins-core-l10n-master/tr/>
dnf-plugins-extras,121,0,0,21,0,0,106,121,100.0,Turkish <https://translate.fedoraproject.org/projects/dnf/dnf-plugins-extras/tr/>
dnf5,102,2,1502,34,1,191,94,1606,6.351183063511831,Turkish <https://translate.fedoraproject.org/projects/dnf5/dnf5-plugin-config-manager/tr/>
dnfdragora,1350,0,421,437,0,37,1346,1771,76.22811970638057,Turkish (https://www.transifex.com/MageiaLinux/teams/9361/tr/)
dolphin,6420,0,0,907,0,0,5306,6420,100.0,Turkish <kde-l10n-tr@kde.org>
dolphin-emu,2469,0,14325,864,0,1856,2328,16794,14.701679171132549,Turkish (http://app.transifex.com/delroth/dolphin-emu/language/tr/)
dolphin-plugins,1607,0,0,446,0,0,1505,1607,100.0,Turkish <kde-l10n-tr@kde.org>
doublecmd,3823,680,7901,1292,370,1842,3584,12404,30.82070299903257,
dpkg,7140,2101,373,977,180,43,6872,9614,74.26669440399417,Turkish <debian-l10n-turkish@lists.debian.org>
dragon,248,0,0,82,0,0,223,248,100.0,Turkish <kde-l10n-tr@kde.org>
drawing,7308,8,60,810,2,4,5744,7376,99.07809110629067,
duplicity,161,0,2216,44,0,307,149,2377,6.773243584350021,Turkish
dvdbackup,26,0,998,10,0,102,27,1024,2.5390625,Turkish <tr@li.org>
dynamic-wallpaper-editor,186,84,426,58,20,51,174,696,26.72413793103448,Turkish <teknomobil@yandex.com>
e16,2569,45,2,503,11,2,2341,2616,98.20336391437309,Turkish <tr@li.org>
e2fsprogs,3766,2918,3576,672,424,470,3843,10260,36.705653021442494,Turkish <gnu-tr-u12a@lists.sourceforge.net>
easyeffects,2290,0,2722,652,0,144,2117,5012,45.69034317637669,Turkish <https://hosted.weblate.org/projects/easyeffects/main/tr/>
easytag,5281,0,0,1025,0,0,4557,5281,100.0,Türkçe <gnome-turk@gnome.org>
edgar,4,0,11470,4,0,1531,4,11474,0.03486142583231654,Turkish <tr@li.org>
efl,154,1,1,57,1,1,143,156,98.71794871794873,Turkish <tr@li.org>
eiskaltdcpp,3593,5,28,1147,2,4,3473,3626,99.08990623276338,Turkish (https://www.transifex.com/tehnick/teams/11818/tr/)
electrum,3549,0,9492,1068,0,1380,3058,13041,27.214170692431562,Turkish
elementary-calculator,170,2,23,61,1,3,162,195,87.17948717948718,Turkish <https://l10n.elementary.io/projects/calculator/calculator/tr/>
elementary-calendar,519,20,113,203,6,12,602,652,79.60122699386503,Turkish <https://l10n.elementary.io/projects/calendar/calendar/tr/>
elementary-camera,91,5,37,27,1,7,86,133,68.42105263157895,Turkish <https://l10n.elementary.io/projects/camera/camera/tr/>
elementary-code,986,87,499,218,21,55,931,1572,62.72264631043257,Turkish <https://l10n.elementary.io/projects/code/code/tr/>
elementary-files,2349,37,152,516,17,18,2061,2538,92.5531914893617,Turkish <https://l10n.elementary.io/projects/files/files/tr/>
elementary-icon-theme,26,0,323,5,0,58,24,349,7.4498567335243555,Turkish <https://l10n.elementary.io/projects/desktop/icons-extra/tr/>
elementary-mail,412,99,350,124,30,53,382,861,47.851335656213706,Turkish <https://l10n.elementary.io/projects/mail/mail/tr/>
elementary-music,135,6,66,31,3,7,121,207,65.21739130434783,Turkish <https://l10n.elementary.io/projects/music/music/tr/>
elementary-notifications,17,0,23,5,0,3,18,40,42.5,Turkish <https://l10n.elementary.io/projects/desktop/notifications-extra/tr/>
elementary-onboarding,317,0,0,66,0,0,302,317,100.0,Turkish <https://l10n.elementary.io/projects/installer/onboarding/tr/>
elinks,349,1577,11607,165,507,1173,337,13533,2.5788812532328382,Turkish <gnu-tr-u12a@lists.sourceforge.net>
elisa-player,814,0,0,301,0,0,789,814,100.0,Turkish <kde-l10n-tr@kde.org>
emerald,652,39,5,215,4,1,641,696,93.67816091954023,Turkish <tulliana@gmail.com>
engrampa,2633,0,5182,515,0,368,2338,7815,33.691618682021755,Turkish (https://app.transifex.com/mate/teams/13566/tr/)
enlightenment,5040,3041,634,1803,320,135,4727,8715,57.831325301204814,Turkish <kde-i18n-doc@kde.org>
enscript,1385,440,8,191,15,2,1279,1833,75.55919258046919,Turkish <gnu-tr-u12a@lists.sourceforge.net>
entangle,965,0,0,233,0,0,846,965,100.0,Turkish <https://translate.fedoraproject.org/projects/entangle/master/tr/>
eog,6133,0,0,641,0,0,4638,6133,100.0,Türkçe <gnome-turk@gnome.org>
eog-plugins,403,0,0,100,0,0,357,403,100.0,Türkçe <takim@gnome.org.tr>
eom,2247,0,2711,370,0,172,1930,4958,45.320693828156514,Turkish (https://app.transifex.com/mate/teams/13566/tr/)
ephemeral,1929,0,0,222,0,0,1663,1929,100.0,none
epiphany,7203,0,0,1051,0,0,5890,7203,100.0,Turkish <gnome-turk@gnome.org>
etherape,150,148,849,66,57,140,132,1147,13.077593722755013,Görkem <gorkem@gelecek.com.tr>
eventviews,3283,0,0,322,0,0,2687,3283,100.0,Turkish <kde-l10n-tr@kde.org>
evince,8627,0,0,1016,0,0,6534,8627,100.0,Türkçe <gnome-turk@gnome.org>
evolution,31390,0,0,6116,0,0,25099,31390,100.0,Turkish <takim@gnome.org.tr>
evolution-data-server,9801,0,0,1730,0,0,8082,9801,100.0,Türkçe <takim@gnome.org.tr>
evolution-ews,1993,0,0,361,0,0,1626,1993,100.0,Türkçe <gnome-turk@gnome.org>
evolution-mapi,1039,0,0,226,0,0,898,1039,100.0,Türkçe <gnome-turk@gnome.org>
exaile,2119,399,2084,691,139,291,2044,4602,46.04519774011299,Turkish <https://hosted.weblate.org/projects/exaile/master/tr/>
exif,296,0,0,68,0,0,256,296,100.0,Turkish <gnu-tr-u12a@lists.sourceforge.net>
exo,738,0,0,145,0,0,598,738,100.0,Turkish (http://www.transifex.com/xfce/exo/language/tr/)
falkon,4799,0,0,1508,0,0,4536,4799,100.0,Turkish <kde-l10n-tr@kde.org>
fcitx-chewing,55,0,0,26,0,0,57,55,100.0,Turkish (http://www.transifex.com/fcitx/fcitx/language/tr/)
fcitx-cloudpinyin,63,0,0,15,0,0,57,63,100.0,Turkish (http://www.transifex.com/fcitx/fcitx/language/tr/)
fcitx-configtool,102,0,4,31,0,2,93,106,96.22641509433963,Turkish (http://www.transifex.com/fcitx/fcitx/language/tr/)
fcitx-hangul,37,0,0,18,0,0,38,37,100.0,Turkish (http://www.transifex.com/fcitx/fcitx/language/tr/)
fcitx-kkc,10,0,108,6,0,41,10,118,8.47457627118644,Turkish (http://www.transifex.com/fcitx/fcitx/language/tr/)
fcitx-m17n,45,0,0,17,0,0,48,45,100.0,Turkish (http://www.transifex.com/fcitx/fcitx/language/tr/)
fcitx-skk,84,0,0,37,0,0,79,84,100.0,Turkish (http://www.transifex.com/fcitx/fcitx/language/tr/)
fcitx-sunpinyin,104,0,0,40,0,0,103,104,100.0,Turkish (http://www.transifex.com/fcitx/fcitx/language/tr/)
fcitx-table-extra,24,0,0,20,0,0,24,24,100.0,Turkish (http://www.transifex.com/fcitx/fcitx/language/tr/)
fcitx-unikey,96,0,0,42,0,0,105,96,100.0,Turkish (http://www.transifex.com/fcitx/fcitx/language/tr/)
fcitx5-mozc,4,0,74,2,0,26,4,78,5.128205128205128,Turkish (https://app.transifex.com/fcitx/teams/12005/tr/)
fheroes2,2898,571,17848,490,105,2458,2338,21317,13.594783506121875,Turkish <tr@li.org>
fielding,41,0,0,19,0,0,39,41,100.0,Turkish <kde-l10n-tr@kde.org>
file-roller,3038,0,0,481,0,0,2285,3038,100.0,Turkish <gnome-turk@gnome.org>
filelight,268,0,0,86,0,0,246,268,100.0,Turkish <kde-l10n-tr@kde.org>
filezilla,10775,0,9,1875,0,1,9278,10784,99.91654302670622,Turkish (Turkey) (http://www.transifex.com/zeron/filezilla/language/tr_TR/)
findutils,1738,603,197,182,43,22,1456,2538,68.47911741528763,Turkish <gnu-tr-u12a@lists.sourceforge.net>
firewalld,2216,0,1,414,0,1,1976,2217,99.95489400090212,Turkish <https://translate.fedoraproject.org/projects/firewalld/master/tr/>
five-or-more,239,0,0,53,0,0,221,239,100.0,Türkçe <gnome-turk@gnome.org>
flatpak,6204,22,122,1220,3,18,5535,6348,97.73156899810964,Türkçe <gnome-turk@gnome.org>
flatpak-kcm,200,0,0,63,0,0,209,200,100.0,Turkish <kde-l10n-tr@kde.org>
flatseal,477,0,0,142,0,0,428,477,100.0,Türkçe <takim@gnome.org.tr>
fontforge,730,0,0,171,0,0,646,730,100.0,Turkish
fonts-tweak-tool,4,0,191,2,0,62,3,195,2.051282051282051,Turkish
four-in-a-row,480,0,0,136,0,0,431,480,100.0,Türkçe <gnome-turk@gnome.org>
fprintd,433,0,0,60,0,0,362,433,100.0,Turkish <https://translate.fedoraproject.org/projects/fprintd/fprintd/tr/>
fractal,4564,0,354,914,0,17,3593,4918,92.80195201301342,Türkçe <takim@gnome.org.tr>
fragments,850,0,0,239,0,0,707,850,100.0,Türkçe <takim@gnome.org.tr>
francis,78,0,0,36,0,0,70,78,100.0,Turkish <kde-l10n-tr@kde.org>
freeciv,11089,33047,71991,2419,4508,3295,8961,116127,9.549028219104946,Turkish <yerellestirme@kde.org.tr>
freedink,5,65,0,2,11,0,5,70,7.142857142857142,Turkish <gnu-tr-u12a@lists.sourceforge.net>
freedink-data,13758,0,12,2218,0,3,11002,13770,99.91285403050108,Turkish <gnu-tr-u12a@lists.sourceforge.net>
freedink-dfarc,778,0,0,135,0,0,660,778,100.0,LANGUAGE(DİL) <LL@li.org>
freeipa,2738,0,0,358,0,0,2474,2738,100.0,Turkish <https://translate.fedoraproject.org/projects/freeipa/master/tr/>
frescobaldi,1228,2308,17093,429,844,1290,1146,20629,5.952784914440835,Turkish <kde-i18n-doc@kde.org>
frogr,696,0,0,189,0,0,630,696,100.0,Türkçe <gnome-turk@gnome.org>
frozen-bubble,698,0,0,148,0,0,603,698,100.0,Türkçe <tr@li.org>
furnace,2,0,15571,1,0,3633,3,15573,0.012842740640852756,none
fuse-encfs,1049,24,216,119,3,15,968,1289,81.38091543832428,Turkish <tr@li.org>
fwupd,1564,0,0,366,0,0,1499,1564,100.0,Turkish (http://app.transifex.com/freedesktop/fwupd/language/tr/)
g4music,169,0,0,76,0,0,178,169,100.0,Turkish <takim@gnome.org.tr>
gajim,250,2925,3174,133,1007,576,233,6349,3.93762797290912,Turkish <https://translate.gajim.org/projects/gajim/master/tr/>
gala,259,9,13,56,2,2,252,281,92.17081850533808,Turkish <https://l10n.elementary.io/projects/desktop/gala/tr/>
galculator,935,0,0,275,0,0,892,935,100.0,Turkish (http://www.transifex.com/mate/MATE/language/tr/)
gambas3,4297,6,2682,1467,3,642,3954,6985,61.517537580529705,
gamehub,1115,0,0,365,0,0,1099,1115,100.0,Turkish <https://hosted.weblate.org/projects/gamehub/translations/tr/>
gammastep,930,10,15,146,2,1,805,955,97.38219895287958,Turkish <tr@li.org>
gammu,3583,261,173,1065,33,15,3498,4017,89.19591735125717,Turkish <https://hosted.weblate.org/projects/gammu/gammu-docs/tr/>
garcon,125,0,0,38,0,0,112,125,100.0,Turkish (https://www.transifex.com/xfce/teams/16840/tr/)
gaupol,2049,0,27,609,0,5,1895,2076,98.69942196531792,Turkish (https://app.transifex.com/otsaloma/teams/64879/tr/)
gbrainy,8755,0,0,1131,0,0,6373,8755,100.0,Türkçe <gnome-turk@gnome.org>
gcab,128,0,0,31,0,0,114,128,100.0,Türkçe <gnome-turk@gnome.org>
gcal,4918,25,63,1416,13,19,4559,5006,98.24210946863764,Turkish <gnu-tr-u12a@lists.sourceforge.net>
gcc,15356,65164,56765,2385,8838,5500,13402,137285,11.185490038970027,Turkish <gnu-tr-u12a@lists.sourceforge.net>
gcc13,15389,62701,52414,2390,8547,5119,13434,130504,11.791975724881997,Turkish <gnu-tr-u12a@lists.sourceforge.net>
gcolor3,423,0,0,59,0,0,322,423,100.0,Turkish <gnome-turk@gnome.org>
gcompris-qt,35296,0,0,3937,0,0,27459,35296,100.0,Turkish <kde-l10n-tr@kde.org>
gconf-editor,336,0,0,98,0,0,309,336,100.0,Turkish <gnome-turk@gnome.org>
gcr,505,0,0,176,0,0,482,505,100.0,Türkçe <takim@gnome.org.tr>
gcr3,795,0,0,276,0,0,745,795,100.0,Türkçe <gnome-turk@gnome.org>
gdb,4961,0,0,740,0,0,4577,4961,100.0,Turkish <gnu-tr-u12a@lists.sourceforge.net>
gdk-pixbuf2,1325,0,0,198,0,0,1081,1325,100.0,Türkçe <gnome-turk@gnome.org>
gdm,1170,0,9204,192,0,314,1057,10374,11.278195488721805,Türkçe <gnome-turk@gnome.org>
geany,5956,221,103,1312,28,13,5023,6280,94.8407643312102,Gürkan Gür <seqizz@gmail.com>
geany-plugins,4333,489,3691,1166,65,499,3840,8513,50.8986256313873,Muha Aliss <muhaaliss@gmail.com>
geary,5839,0,0,825,0,0,4624,5839,100.0,Turkish <gnome-turk@gnome.org>
gedit,3851,0,0,672,0,0,3004,3851,100.0,Türkçe <takim@gnome.org.tr>
gedit-plugins,746,0,0,112,0,0,637,746,100.0,Türkçe <takim@gnome.org.tr>
geeqie,3351,1435,1615,1232,410,240,3306,6401,52.3511951257616,Milis Linux Translation Team <https://milislinux.org>
gegl04,8935,688,1635,2050,79,110,8032,11258,79.3657843311423,Türkçe <takim@gnome.org.tr>
gettext,5732,2025,907,615,193,123,4783,8664,66.15881809787626,Turkish <gnu-tr-u12a@lists.sourceforge.net>
gftp,3335,0,0,594,0,0,2799,3335,100.0,Turkish <gnome-turk@gnome.org>
ggz-base-libs,74,0,0,17,0,0,66,74,100.0,Turkish <gnome-turk@gnome.org>
ghc9.10,77,0,0,26,0,0,72,77,100.0,Turkish (https://www.transifex.com/readthedocs/teams/101354/tr/)
ghc9.8,77,0,0,26,0,0,72,77,100.0,Turkish (https://www.transifex.com/readthedocs/teams/101354/tr/)
ghdl,15389,62701,52414,2390,8547,5119,13434,130504,11.791975724881997,Turkish <gnu-tr-u12a@lists.sourceforge.net>
ghex,1261,0,0,243,0,0,1038,1261,100.0,Türkçe <takim@gnome.org.tr>
ghostwriter,1326,0,0,338,0,0,1215,1326,100.0,Turkish <kde-l10n-tr@kde.org>
gigolo,540,0,1,157,0,1,511,541,99.81515711645102,Turkish (http://app.transifex.com/xfce/xfce-apps/language/tr/)
gimagereader,1817,0,0,482,0,0,1699,1817,100.0,Turkish <https://hosted.weblate.org/projects/gimagereader/translations/tr/>
gimp,40884,0,3,9682,0,1,36846,40887,99.9926627045271,Turkish <takim@gnome.org.tr>
gimp3,47356,0,56,10756,0,4,42527,47412,99.88188644225092,Turkish <gnome-turk@gnome.org>
gip,100,0,0,30,0,0,98,100,100.0,TurkishTeam <orhanveliesen@ttnet.net.tr>
girara,173,0,43,45,0,7,194,216,80.0925925925926,Turkish (http://app.transifex.com/pwmt/girara/language/tr/)
git,39610,0,0,5836,0,0,35201,39610,100.0,Turkish (https://github.com/bitigchi/git-po/)
git-cinnabar,36430,0,0,5367,0,0,32298,36430,100.0,Turkish (https://github.com/bitigchi/git-po/)
git-cola,523,0,3373,236,0,676,516,3896,13.424024640657084,Turkish
gitg,2631,0,0,482,0,0,2120,2631,100.0,Türkçe <gnome-turk@gnome.org>
glabels,2458,0,0,777,0,0,2332,2458,100.0,Türkçe <gnome-turk@gnome.org>
glade,6943,0,0,1809,0,0,6084,6943,100.0,Türkçe <gnome-turk@gnome.org>
glaxnimate,3571,0,0,1042,0,0,3172,3571,100.0,Turkish <kde-l10n-tr@kde.org>
glib-networking,460,0,0,68,0,0,348,460,100.0,Turkish <takim@gnome.org.tr>
glib2,7922,0,0,1255,0,0,6832,7922,100.0,Turkish <takim@gnome.org.tr>
glibc,7725,0,0,1401,0,0,7016,7725,100.0,Turkish <gnome-turk@gnome.org>
gliv,642,185,207,166,54,40,586,1034,62.0889748549323,Turkish <gnu-tr-u12a@lists.sourceforge.net>
gmult,40,0,10,27,0,4,54,50,80.0,Turkish <gnu-tr-u12a@lists.sourceforge.net>
gnome-2048,382,0,0,69,0,0,338,382,100.0,Türkçe <gnome-turk@gnome.org>
gnome-abrt,221,0,0,55,0,0,188,221,100.0,Turkish <https://translate.fedoraproject.org/projects/abrt/gnome-abrt/tr/>
gnome-applets,4530,0,0,773,0,0,3768,4530,100.0,Turkish <tr@li.org>
gnome-bluetooth,318,0,0,92,0,0,270,318,100.0,Türkçe <takim@gnome.org.tr>
gnome-bluetooth3.34,373,0,0,110,0,0,323,373,100.0,Türkçe <gnome-turk@gnome.org>
gnome-boxes,4042,0,0,482,0,0,3141,4042,100.0,Turkish <gnome-turk@gnome.org>
gnome-break-timer,461,75,60,72,4,7,317,596,77.3489932885906,Türkçe <gnome-turk@gnome.org>
gnome-builder,5587,0,0,1415,0,0,4921,5587,100.0,Turkish <takim@gnome.org.tr>
gnome-calculator,3869,0,0,987,0,0,3295,3869,100.0,Turkish <gnome-turk@gnome.org>
gnome-calendar,1009,0,0,279,0,0,845,1009,100.0,Türkçe <takim@gnome.org.tr>
gnome-characters,161,0,0,56,0,0,152,161,100.0,Türkçe <takim@gnome.org.tr>
gnome-chess,1484,0,0,247,0,0,1307,1484,100.0,Türkçe <gnome-turk@gnome.org>
gnome-clocks,1349,0,0,234,0,0,987,1349,100.0,Türkçe <gnome-turk@gnome.org>
gnome-color-manager,1796,0,0,345,0,0,1525,1796,100.0,Türkçe <gnome-turk@gnome.org>
gnome-commander,10950,0,0,1945,0,0,9001,10950,100.0,Turkish <takim@gnome.org.tr>
gnome-connections,666,0,0,120,0,0,550,666,100.0,Türkçe <gnome-turk@gnome.org>
gnome-console,318,0,0,95,0,0,274,318,100.0,Turkish <takim@gnome.org.tr>
gnome-contacts,764,0,0,220,0,0,657,764,100.0,Turkish <takim@gnome.org.tr>
gnome-control-center,8677,8,633,2658,4,140,7731,9318,93.12084138227087,Turkish <none>
gnome-desktop3,9777,0,0,279,0,0,7637,9777,100.0,Türkçe <gnome-turk@gnome.org>
gnome-dictionary,717,0,0,161,0,0,596,717,100.0,Türkçe <gnome-turk@gnome.org>
gnome-directory-thumbnailer,85,0,0,12,0,0,80,85,100.0,Türkçe <gnome-turk@gnome.org>
gnome-disk-utility,4091,0,0,754,0,0,3478,4091,100.0,Turkish <takim@gnome.org.tr>
gnome-do,566,0,46,139,0,5,522,612,92.48366013071896,Turkish <tr@li.org>
gnome-doc-utils,251,0,0,101,0,0,259,251,100.0,Turkish <gnome-turk@gnome.org>
gnome-extensions-app,3249,0,0,682,0,0,2722,3249,100.0,Turkish <takim@gnome.org.tr>
gnome-firmware,696,0,0,176,0,0,584,696,100.0,Türkçe <gnome-turk@gnome.org>
gnome-flashback,1472,0,0,271,0,0,1139,1472,100.0,Turkish <takim@gnome.org.tr>
gnome-font-viewer,538,0,0,208,0,0,581,538,100.0,Türkçe <takim@gnome.org.tr>
gnome-icon-theme,20,0,0,16,0,0,21,20,100.0,Turkish <gnome-turk@gnome.org>
gnome-initial-setup,896,0,0,133,0,0,710,896,100.0,Turkish <takim@gnome.org.tr>
gnome-keyring,469,0,0,98,0,0,404,469,100.0,Turkish <takim@gnome.org.tr>
gnome-klotski,275,0,0,85,0,0,261,275,100.0,Türkçe <gnome-turk@gnome.org>
gnome-logs,672,0,0,150,0,0,546,672,100.0,Türkçe <gnome-turk@gnome.org>
gnome-mahjongg,310,0,0,68,0,0,256,310,100.0,Türkçe <takim@gnome.org.tr>
gnome-maps,1446,0,0,430,0,0,1304,1446,100.0,Turkish <takim@gnome.org.tr>
gnome-menus,81,0,0,38,0,0,74,81,100.0,Türkçe <gnome-turk@gnome.org>
gnome-mime-data,887,0,0,362,0,0,941,887,100.0,Turkish <gnome-turk@gnome.org>
gnome-mines,364,0,0,80,0,0,295,364,100.0,Türkçe <gnome-turk@gnome.org>
gnome-multi-writer,386,0,0,58,0,0,328,386,100.0,Türkçe <gnome-turk@gnome.org>
gnome-music,872,0,0,190,0,0,718,872,100.0,Turkish <tr@li.org>
gnome-nettool,664,0,0,219,0,0,632,664,100.0,Türkçe <>
gnome-network-displays,229,0,0,35,0,0,203,229,100.0,Turkish <takim@gnome.org.tr>
gnome-nibbles,1706,0,0,236,0,0,1337,1706,100.0,Türkçe <gnome-turk@gnome.org>
gnome-online-accounts,706,0,0,150,0,0,582,706,100.0,Turkish <takim@gnome.org.tr>
gnome-online-accounts-gtk,36,0,0,14,0,0,33,36,100.0,Turkish <tr@li.org>
gnome-packagekit,3500,0,0,553,0,0,2680,3500,100.0,Türkçe <gnome-turk@gnome.org>
gnome-panel,3022,0,0,495,0,0,2392,3022,100.0,Turkish <gnome-turk@gnome.org>
gnome-photos,572,0,0,220,0,0,532,572,100.0,Türkçe <gnome-turk@gnome.org>
gnome-power-manager,430,0,0,123,0,0,316,430,100.0,Türkçe <gnome-turk@gnome.org>
gnome-radio,337,0,0,54,0,0,285,337,100.0,Turkish <gnometurk@gnome.org>
gnome-remote-desktop,820,0,0,43,0,0,672,820,100.0,Turkish <takim@gnome.org.tr>
gnome-robots,596,0,0,96,0,0,507,596,100.0,Türkçe <gnome-turk@gnome.org>
gnome-screenshot,417,0,0,64,0,0,360,417,100.0,Türkçe <gnome-turk@gnome.org>
gnome-session,429,0,0,68,0,0,351,429,100.0,Turkish <takim@gnome.org.tr>
gnome-settings-daemon,3883,0,0,538,0,0,3271,3883,100.0,Turkish <takim@gnome.org.tr>
gnome-shell,3249,0,0,682,0,0,2722,3249,100.0,Turkish <takim@gnome.org.tr>
gnome-shell-extension-appindicator,105,0,0,30,0,0,96,105,100.0,Turkish <takim@gnome.org.tr>
gnome-shell-extension-blur-my-shell,672,0,29,103,0,1,572,701,95.86305278174036,Turkish <https://hosted.weblate.org/projects/blur-my-shell/blur-my-shell/tr/>
gnome-shell-extension-bubblemail,0,0,133,0,0,37,0,133,0.0,none
gnome-shell-extension-caffeine,349,2,1,85,2,1,330,352,99.14772727272727,Turkish <gnome-turk@gnome.org>
gnome-shell-extension-dash-to-dock,655,0,0,164,0,0,588,655,100.0,Turkish <gnome-turk@gnome.org>
gnome-shell-extension-dash-to-panel,1208,0,0,340,0,0,1174,1208,100.0,Türkçe <takim@gnome.org.tr>
gnome-shell-extension-freon,363,0,0,88,0,0,338,363,100.0,Turkish
gnome-shell-extension-gsconnect,691,0,131,239,0,19,676,822,84.06326034063261,Turkish
gnome-shell-extension-netspeed,26,3,31,15,2,22,26,60,43.333333333333336,Türkçe <teknomobil@yandex.com>
gnome-shell-extension-openweather,850,0,0,265,0,0,809,850,100.0,Turkish
gnome-shell-extension-system-monitor-applet,131,48,12,93,6,7,146,191,68.58638743455498,Turkish
gnome-shell-extensions,304,0,0,71,0,0,310,304,100.0,Turkish <takim@gnome.org.tr>
gnome-shell-frippery,22,0,0,8,0,0,26,22,100.0,Turkish <gnome-turk@gnome.org>
gnome-software,5436,0,0,1058,0,0,4282,5436,100.0,Turkish <takim@gnome.org.tr>
gnome-sound-recorder,271,0,0,78,0,0,253,271,100.0,Türkçe <gnome-turk@gnome.org>
gnome-subtitles,1664,0,0,377,0,0,1526,1664,100.0,Türkçe <gnome-turk@gnome.org>
gnome-sudoku,458,0,0,84,0,0,375,458,100.0,Türkçe <takim@gnome.org.tr>
gnome-system-log,522,0,0,94,0,0,437,522,100.0,Turkish <gnome-turk@gnome.org>
gnome-system-monitor,6383,0,0,612,0,0,4910,6383,100.0,Turkish <gnome-turk@gnome.org>
gnome-taquin,431,0,0,111,0,0,393,431,100.0,Türkçe <gnome-turk@gnome.org>
gnome-terminal,8058,0,0,1048,0,0,6469,8058,100.0,Turkish <gnome-turk@gnome.org>
gnome-tetravex,968,0,0,165,0,0,832,968,100.0,Türkçe <gnome-turk@gnome.org>
gnome-text-editor,1779,0,0,363,0,0,1482,1779,100.0,Turkish <gnome-turk@gnome.org>
gnome-themes-extra,15,0,0,6,0,0,15,15,100.0,Turkish <gnometurk@gnome.org>
gnome-todo,748,0,0,162,0,0,601,748,100.0,Türkçe <gnome-turk@gnome.org>
gnome-tour,138,0,0,23,0,0,119,138,100.0,Türkçe <takim@gnome.org.tr>
gnome-tweaks,433,0,0,125,0,0,407,433,100.0,Turkish <takim@gnome.org.tr>
gnome-usage,419,0,0,58,0,0,318,419,100.0,Türkçe <takim@gnome.org.tr>
gnome-user-docs,850,22,66943,291,7,3728,791,67815,1.2534100125341001,Turkish <https://hosted.weblate.org/projects/gnome-docs-tr/gnome-user-docs-tr/tr/>
gnome-user-share,49,0,0,10,0,0,48,49,100.0,Türkçe <gnome-turk@gnome.org>
gnome-vfs2,1508,0,0,301,0,0,1274,1508,100.0,Turkish <gnome-turk@gnome.org>
gnome-video-effects,256,0,0,68,0,0,214,256,100.0,Türkçe <gnome-turk@gnome.org>
gnome-weather,235,0,0,48,0,0,185,235,100.0,Türkçe <takim@gnome.org.tr>
gnote,3248,0,0,544,0,0,2752,3248,100.0,Turkish <takim@gnome.org.tr>
gnubg,1319,4266,13910,467,1066,2033,1257,19495,6.765837394203642,Türkce <LL@li.org>
gnubik,45,77,157,13,17,53,41,279,16.129032258064516,Turkish <gnome-turk@gnome.org>
gnucash,24697,6652,8248,4079,987,815,20207,39597,62.37088668333459,Turkish <https://hosted.weblate.org/projects/gnucash/gnucash/tr/>
gnucobol,3072,678,5892,521,89,928,2852,9642,31.860609831985066,Turkish <gnome-turk@gnome.org>
gnujump,903,0,0,145,0,0,723,903,100.0,Turkish <yerellestirme@kde.org.tr>
gnumeric,5232,6316,25492,1425,1571,2871,4524,37040,14.125269978401727,Türkçe <gnome-turk@gnome.org>
gnupg1,7582,580,478,1140,95,62,6882,8640,87.75462962962963,Turkish <gnu-tr-u12a@lists.sourceforge.net>
gnupg2,13713,7,6,2210,1,1,12607,13726,99.90528923211424,Turkish
godot,37467,0,0,8949,0,0,36493,37467,100.0,Turkish <https://hosted.weblate.org/projects/godot-engine/godot/tr/>
godot3,19740,6510,258895,4186,1514,12318,18390,285145,6.9227936663802625,Turkish <https://hosted.weblate.org/projects/godot-engine/godot-class-reference/tr/>
goffice,6561,60,1,2119,3,1,5997,6622,99.07882814859559,Turkish <gnometurk@gnome.org>
goodvibes,344,0,0,121,0,0,335,344,100.0,Turkish <https://hosted.weblate.org/projects/goodvibes/translations/tr/>
gparted,3059,0,0,514,0,0,2653,3059,100.0,Turkish <takim@gnome.org.tr>
gpaste,1477,4,0,248,1,0,1297,1481,99.72991222147198,Turkish <https://hosted.weblate.org/projects/gpaste/gpaste/tr/>
gpicview,236,4,16,52,2,4,213,256,92.1875,LANGUAGE <LL@li.org>
gpodder,2280,142,214,581,45,42,2096,2636,86.49468892261002,
gramps,40701,0,0,7117,0,0,34372,40701,100.0,Turkish <https://hosted.weblate.org/projects/gramps-project/gramps/tr/>
granatier,243,0,0,66,0,0,214,243,100.0,Turkish <kde-l10n-tr@kde.org>
granite,498,0,0,118,0,0,455,498,100.0,Turkish <https://l10n.elementary.io/projects/desktop/granite/tr/>
granite-7,113,2,254,48,1,37,122,369,30.62330623306233,Turkish <https://l10n.elementary.io/projects/desktop/granite/tr/>
grantlee-editor,532,0,0,159,0,0,486,532,100.0,Turkish <kde-l10n-tr@kde.org>
grantleetheme,14,0,0,6,0,0,14,14,100.0,Turkish <kde-l10n-tr@kde.org>
grass,11590,7611,109767,2575,1415,15684,10021,128968,8.986725389243844,Turkish <https://weblate.osgeo.org/projects/grass-gis/grasslibs/tr/>
grep,928,0,5,115,0,1,850,933,99.46409431939979,Turkish <gnome-turk@gnome.org>
gretl,17258,1740,1574,4325,403,214,15924,20572,83.89072525763174,Turkish <kde-l10n-tr@kde.org>
grilo,191,0,0,36,0,0,159,191,100.0,Türkçe <gnome-turk@gnome.org>
grilo-plugins,477,0,0,112,0,0,392,477,100.0,Türkçe <gnome-turk@gnome.org>
grsync,553,93,514,86,20,56,467,1160,47.672413793103445,Turkish <gnu-tr-u12a@lists.sourceforge.net>
grub-customizer,561,0,734,138,0,55,461,1295,43.32046332046332,Turkish <tr@li.org>
grub2,4482,360,3453,946,79,503,4123,8295,54.03254972875226,Turkish <gnome-turk@gnome.org>
gscan2pdf,2146,0,381,549,0,50,1922,2527,84.92283339928768,Turkish <tr@li.org>
gsettings-desktop-schemas,7201,0,0,634,0,0,6061,7201,100.0,Turkish <takim@gnome.org.tr>
gspell,76,0,0,31,0,0,77,76,100.0,Türkçe <gnome-turk@gnome.org>
gstreamer1,2202,3,18,385,2,4,1910,2223,99.05533063427801,Turkish <gnome-turk@gnome.org>
gstreamer1-plugins-bad-free,197,0,0,29,0,0,153,197,100.0,Turkish <gnome-turk@gnome.org>
gstreamer1-plugins-base,999,36,45,208,8,7,894,1080,92.5,Turkish <gnome-turk@gnome.org>
gstreamer1-plugins-good,814,4,7,101,1,2,637,825,98.66666666666667,Turkish <gnome-turk@gnome.org>
gstreamer1-plugins-ugly-free,80,0,0,10,0,0,56,80,100.0,Turkish <gnu-tr-u12a@lists.sourceforge.net>
gthumb,3608,0,0,1200,0,0,3185,3608,100.0,Turkish <takim@gnome.org.tr>
gtk+,202,0,0,105,0,0,181,202,100.0,Turkish <gnome-turk@gnome.org>
gtk-gnutella,17295,0,0,2811,0,0,16034,17295,100.0,Turkish (http://www.transifex.com/gtk-gnutella/gtk-gnutella/language/tr/)
gtk-vnc,8,0,0,3,0,0,9,8,100.0,Turkish <gnome-turk@gnome.org>
gtk2,12848,475,381,2627,100,57,10222,13704,93.75364856976066,Turkish <gnome-turk@gnome.org>
gtk2-engines,119,0,0,47,0,0,129,119,100.0,Turkish <gnome-turk@gnome.org>
gtk3,16726,0,0,3938,0,0,13961,16726,100.0,Turkish <takim@gnome.org.tr>
gtk4,4764,0,0,1636,0,0,4376,4764,100.0,Türkçe <takim@gnome.org.tr>
gtkhash,213,0,0,63,0,0,224,213,100.0,Turkish <https://hosted.weblate.org/projects/gtkhash/translations/tr/>
gtkhtml3,522,0,0,317,0,0,533,522,100.0,Türkçe <gnome-turk@gnome.org>
gtksourceview2,1120,0,0,448,0,0,1029,1120,100.0,Turkish <gnome-turk@gnome.org>
gtksourceview3,322,0,0,106,0,0,291,322,100.0,Türkçe <gnome-turk@gnome.org>
gtksourceview4,308,0,0,94,0,0,273,308,100.0,Türkçe <gnome-turk@gnome.org>
gtksourceview5,371,0,0,112,0,0,330,371,100.0,Turkish <takim@gnome.org.tr>
gtkspell,11,0,0,5,0,0,13,11,100.0,Turkish <turkce@pardus.org.tr>
gtkspell3,15,0,0,6,0,0,17,15,100.0,Turkish <gnu-tr-u12a@lists.sourceforge.net>
gtranslator,1199,0,0,266,0,0,1034,1199,100.0,Turkish <takim@gnome.org.tr>
gtypist,482,6,68,89,1,1,437,556,86.6906474820144,Turkish <pardus-translators@pardus.org.tr>
guake,298,180,1165,81,45,189,266,1643,18.137553256238586,Turkish <https://hosted.weblate.org/projects/guake/guake/tr/>
guayadeque,3185,163,70,964,38,19,2811,3418,93.18314803978936,Turkish (Turkey) (http://www.transifex.com/anonbeat/guayadeque/language/tr_TR/)
gucharmap,1478,0,0,510,0,0,1376,1478,100.0,Türkçe <takim@gnome.org.tr>
gupnp-tools,395,0,0,128,0,0,378,395,100.0,Türkçe <gnome-turk@gnome.org>
gutenprint,10859,4645,1000,3290,1323,277,10356,16504,65.79617062530295,Turkish <gnu-tr-u12a@lists.sourceforge.net>
guvcview,487,119,446,239,45,131,513,1052,46.29277566539924,Turkish <tr@li.org>
gvfs,2270,0,0,422,0,0,1938,2270,100.0,Türkçe <takim@gnome.org.tr>
gweled,157,0,60,42,0,5,130,217,72.35023041474655,Turkish <tr@li.org>
gwenview,2075,0,0,456,0,0,1794,2075,100.0,Turkish <kde-l10n-tr@kde.org>
hardinfo2,3343,0,997,1175,0,145,3418,4340,77.02764976958525,Türkçe <takim@gnome.org.tr>
haruna,1867,0,0,354,0,0,1719,1867,100.0,Turkish <kde-l10n-tr@kde.org>
harvey,0,0,182,0,0,33,0,182,0.0,none
hash-o-matic,223,0,0,60,0,0,177,223,100.0,Turkish <kde-l10n-tr@kde.org>
heaptrack,1365,16,24,198,4,8,1126,1405,97.15302491103202,Turkish <kde-i18n-doc@kde.org>
hello,40,75,129,13,10,23,42,244,16.39344262295082,Turkish <gnu-tr-u12a@lists.sourceforge.net>
hexchat,5971,0,0,1446,0,0,5458,5971,100.0,Turkish (http://www.transifex.com/hexchat/hexchat/language/tr/)
hitori,236,0,0,62,0,0,203,236,100.0,Turkish <gnometurk@gnome.org>
homebank,2613,12,538,820,4,173,2382,3163,82.61144483085678,Turkish <tr@li.org>
hunspell,592,21,0,78,1,0,531,613,96.5742251223491,Turkish <https://hosted.weblate.org/projects/hunspell/translations/tr/>
hydrapaper,329,0,574,78,0,96,328,903,36.434108527131784,Turkish <gnome-turk@gnome.org>
iagno,801,0,0,149,0,0,712,801,100.0,Turkish <gnome-turk@gnome.org>
ibus,2596,0,0,602,0,0,2319,2596,100.0,Turkish <https://translate.fedoraproject.org/projects/ibus/ibus/tr/>
ibus-anthy,705,0,0,194,0,0,621,705,100.0,Turkish <https://translate.fedoraproject.org/projects/ibus/ibus-anthy/tr/>
ibus-m17n,57,0,0,24,0,0,58,57,100.0,Turkish <https://translate.stg.fedoraproject.org/projects/ibus-m17n/app/tr/>
ibus-table,1116,0,0,152,0,0,976,1116,100.0,Turkish <https://translate.fedoraproject.org/projects/ibus-table/app/tr/>
ibus-typing-booster,2268,8,0,256,2,0,1877,2276,99.64850615114236,Turkish <https://translate.fedoraproject.org/projects/ibus-typing-booster/app/tr/>
icewm,2500,0,0,525,0,0,2413,2500,100.0,Turkish <https://l10n.opensuse.org/projects/icewm/icewm-1-4-branch/tr/>
ikiwiki,99,19,1411,34,6,270,108,1529,6.474820143884892,Turkish <debian-l10n-turkish@lists.debian.org>
im-chooser,253,0,9,57,0,1,210,262,96.56488549618321,Turkish <https://translate.fedoraproject.org/projects/im-chooser/master/tr/>
imsettings,0,0,500,0,0,92,0,500,0.0,LANGUAGE <LL@li.org>
incidenceeditor,2224,0,0,423,0,0,1800,2224,100.0,Turkish <kde-l10n-tr@kde.org>
indent,261,0,0,52,0,0,245,261,100.0,Turkish <gnu-tr-u12a@lists.sourceforge.net>
initial-setup,106,0,0,20,0,0,80,106,100.0,Turkish <https://translate.fedoraproject.org/projects/initial-setup/master/tr/>
initscripts,855,90,217,131,9,24,796,1162,73.58003442340791,Turkish <https://translate.fedoraproject.org/projects/fedora-sysv/initscripts/tr/>
inkscape,37912,6061,5595,8058,1628,742,34507,49568,76.48482892188508,https://gitlab.com/bitigchi/inkscape
insight,4961,0,0,740,0,0,4577,4961,100.0,Turkish <gnu-tr-u12a@lists.sourceforge.net>
iputils,1404,0,0,252,0,0,1415,1404,100.0,Turkish <https://translate.fedoraproject.org/projects/iputils/iputils/tr/>
islamic-menus,5,0,0,2,0,0,5,5,100.0,Turkish <tr@li.org>
iso-codes,16563,1078,6168,11341,643,3654,16845,23809,69.56613045487,Turkish <https://hosted.weblate.org/projects/iso-codes/iso-15924/tr/>
isoimagewriter,460,0,0,81,0,0,351,460,100.0,Turkish <kde-l10n-tr@kde.org>
isomaster,674,0,0,107,0,0,591,674,100.0,Tutku DALMAZ <t@gmail.com>
itinerary,2697,0,0,828,0,0,2498,2697,100.0,Turkish <kde-l10n-tr@kde.org>
jmol,2044,172,950,791,45,185,2000,3166,64.56096020214783,Turkish <yerellestirme@kde.org.tr>
jpilot,1719,669,686,545,111,107,1530,3074,55.9206245933637,Turkish <gnu-tr-u12a@lists.sourceforge.net>
json-glib,307,0,0,47,0,0,254,307,100.0,Türkçe <takim@gnome.org.tr>
juk,1435,0,0,338,0,0,1249,1435,100.0,Turkish <kde-l10n-tr@kde.org>
jwhois,395,17,28,64,3,4,347,440,89.77272727272727,Turkish <gnu-tr-u12a@lists.sourceforge.net>
jwm,352,27,18,95,7,3,294,397,88.66498740554157,
k3b,20145,0,0,2519,0,0,17078,20145,100.0,Turkish <kde-l10n-tr@kde.org>
kBuild,235,391,764,50,55,80,225,1390,16.906474820143885,Turkish <gnu-tr-u12a@lists.sourceforge.net>
kaccounts-integration,150,0,0,27,0,0,120,150,100.0,Turkish <kde-l10n-tr@kde.org>
kaccounts-providers,77,0,0,29,0,0,67,77,100.0,Turkish <kde-l10n-tr@kde.org>
kactivitymanagerd,15,0,0,7,0,0,14,15,100.0,Turkish <kde-l10n-tr@kde.org>
kaddressbook,1150,0,0,240,0,0,992,1150,100.0,Turkish <kde-l10n-tr@kde.org>
kaffeine,1219,85,89,447,17,33,1169,1393,87.50897343862168,Turkish (http://www.transifex.com/projects/p/extragear-multimedia-k-tr/language/tr/)
kaidan,1794,0,0,379,0,0,1513,1794,100.0,Turkish <kde-l10n-tr@kde.org>
kajongg,2499,0,0,519,0,0,2135,2499,100.0,Turkish <kde-l10n-tr@kde.org>
kalarm,8562,0,0,1253,0,0,7126,8562,100.0,Turkish <kde-l10n-tr@kde.org>
kalendar,1568,0,0,563,0,0,1480,1568,100.0,Turkish <kde-l10n-tr@kde.org>
kalgebra,276,0,0,135,0,0,278,276,100.0,Turkish <kde-l10n-tr@kde.org>
kalk,69,0,0,41,0,0,74,69,100.0,Turkish <kde-l10n-tr@kde.org>
kalm,555,0,0,43,0,0,516,555,100.0,Turkish <kde-l10n-tr@kde.org>
kalzium,9093,0,0,1297,0,0,7591,9093,100.0,Turkish <kde-l10n-tr@kde.org>
kamera,272,0,0,37,0,0,199,272,100.0,Turkish <kde-l10n-tr@kde.org>
kamoso,145,0,0,42,0,0,135,145,100.0,Turkish <kde-l10n-tr@kde.org>
kanagram,527,0,0,144,0,0,478,527,100.0,Turkish <kde-l10n-tr@kde.org>
kapman,115,0,0,36,0,0,97,115,100.0,Turkish <kde-l10n-tr@kde.org>
kapow,12,0,90,3,0,1,11,102,11.76470588235294,Turkish (http://www.transifex.com/gottcode/kapow/language/tr/)
kapptemplate,226,0,0,52,0,0,181,226,100.0,Turkish <kde-l10n-tr@kde.org>
kasts,1360,0,0,395,0,0,1293,1360,100.0,Turkish <kde-l10n-tr@kde.org>
kate,8829,0,0,1981,0,0,7799,8829,100.0,Turkish <kde-l10n-tr@kde.org>
katomic,184,0,0,59,0,0,178,184,100.0,Turkish <kde-l10n-tr@kde.org>
kbackup,694,0,0,141,0,0,556,694,100.0,Turkish <kde-l10n-tr@kde.org>
kbd,294,1090,1094,51,145,146,275,2478,11.864406779661017,Turkish <gnu-tr-u12a@lists.sourceforge.net>
kbibtex,2351,54,71,706,15,12,2154,2476,94.95153473344104,Turkish <kde-l10n-tr@kde.org>
kblackbox,1364,0,0,102,0,0,1008,1364,100.0,Turkish <kde-l10n-tr@kde.org>
kblocks,157,0,0,37,0,0,172,157,100.0,Turkish <kde-l10n-tr@kde.org>
kbounce,156,0,0,43,0,0,157,156,100.0,Turkish <kde-l10n-tr@kde.org>
kbrickbuster,158,0,0,42,0,0,136,158,100.0,Turkish <kde-l10n-tr@kde.org>
kbruch,1347,0,0,198,0,0,1009,1347,100.0,Turkish <kde-l10n-tr@kde.org>
kcachegrind,4055,0,0,590,0,0,3407,4055,100.0,Turkish <kde-l10n-tr@kde.org>
kcalc,1111,0,0,392,0,0,969,1111,100.0,Turkish <kde-l10n-tr@kde.org>
kcalutils,1439,0,0,394,0,0,1341,1439,100.0,Turkish <kde-l10n-tr@kde.org>
kcharselect,92,0,0,36,0,0,95,92,100.0,Turkish <kde-l10n-tr@kde.org>
kchmviewer,419,90,463,60,36,111,322,972,43.10699588477366,Turkish <tr@li.org>
kclock,368,0,0,147,0,0,359,368,100.0,Turkish <kde-l10n-tr@kde.org>
kcm_wacomtablet,1049,0,0,240,0,0,914,1049,100.0,Turkish <kde-l10n-tr@kde.org>
kcolorchooser,29,0,0,10,0,0,29,29,100.0,Turkish <kde-l10n-tr@kde.org>
kcoloredit,254,24,0,89,6,0,232,278,91.36690647482014,Turkish <yerellestirme@kde.org.tr>
kcron,436,0,0,191,0,0,395,436,100.0,Turkish <kde-l10n-tr@kde.org>
kdb,1454,32,16,240,3,1,1221,1502,96.80426098535287,
kdbg,113,94,695,43,39,122,104,902,12.527716186252771,Turkish <kde-i18n-tr@kde.org>
kde-cli-tools,1748,0,0,194,0,0,1425,1748,100.0,Turkish <kde-l10n-tr@kde.org>
kde-connect,1483,0,0,413,0,0,1337,1483,100.0,Turkish <kde-l10n-tr@kde.org>
kde-dev-utils,96,0,0,34,0,0,97,96,100.0,Turkish <kde-l10n-tr@kde.org>
kde-inotify-survey,190,0,0,8,0,0,144,190,100.0,Turkish <kde-l10n-tr@kde.org>
kde-l10n,101919,53,3188,20958,7,211,85871,105160,96.9180296690757,Turkish (http://www.transifex.com/projects/p/kde-runtime-k-tr/language/tr/)
kde-partitionmanager,2289,0,0,536,0,0,2095,2289,100.0,Turkish <kde-l10n-tr@kde.org>
kde-style-breeze,241,6,19,91,2,8,250,266,90.6015037593985,Turkish <kde-l10n-tr@kde.org>
kdebugsettings,302,0,0,82,0,0,299,302,100.0,Turkish <kde-l10n-tr@kde.org>
kdecoration,39,0,0,15,0,0,43,39,100.0,Turkish <kde-l10n-tr@kde.org>
kdenetwork-filesharing,907,0,0,109,0,0,722,907,100.0,Turkish <kde-l10n-tr@kde.org>
kdenlive,20661,1831,6192,4305,730,784,18630,28684,72.02970297029702,Turkish <kde-l10n-tr@kde.org>
kdepim-addons,3916,0,0,752,0,0,3234,3916,100.0,Turkish <kde-l10n-tr@kde.org>
kdepim-runtime,7323,0,0,1111,0,0,5904,7323,100.0,Turkish <kde-l10n-tr@kde.org>
kdeplasma-addons,2109,0,0,672,0,0,2025,2109,100.0,Turkish <kde-l10n-tr@kde.org>
kdesdk-kioslaves,84,0,0,17,0,0,78,84,100.0,Turkish <kde-l10n-tr@kde.org>
kdesdk-thumbnailers,4,0,0,4,0,0,4,4,100.0,Turkish <kde-l10n-tr@kde.org>
kdesvn,4916,16,5,911,2,1,4322,4937,99.57464046992101,Turkish <kde-i18n-doc@kde.org>
kdevelop,16011,0,0,3139,0,0,14061,16011,100.0,Turkish <kde-l10n-tr@kde.org>
kdevelop-php,535,0,0,74,0,0,447,535,100.0,Turkish <kde-l10n-tr@kde.org>
kdf,177,0,0,71,0,0,176,177,100.0,Turkish <kde-l10n-tr@kde.org>
kdiagram,66,0,0,40,0,0,61,66,100.0,Turkish <kde-l10n-tr@kde.org>
kdiagram2,65,0,1,39,0,1,59,66,98.48484848484848,Turkish <kde-l10n-tr@kde.org>
kdialog,403,0,0,78,0,0,409,403,100.0,Turkish <kde-l10n-tr@kde.org>
kdiamond,124,0,0,33,0,0,118,124,100.0,Turkish <kde-l10n-tr@kde.org>
kdiff3,3473,0,0,634,0,0,3166,3473,100.0,Turkish <kde-l10n-tr@kde.org>
kdissert,0,0,2027,0,0,282,0,2027,0.0,<yerellestirme@kde.org.tr>
kdnssd,30,0,0,7,0,0,25,30,100.0,Turkish <kde-l10n-tr@kde.org>
kdump-anaconda-addon,0,0,194,0,0,22,0,194,0.0,LANGUAGE <LL@li.org>
keditbookmarks,470,0,0,133,0,0,518,470,100.0,Turkish <kde-l10n-tr@kde.org>
kexi,6850,488,42,1423,67,6,5896,7380,92.81842818428184,Turkish <kde-l10n-tr@kde.org>
keysmith,304,0,0,91,0,0,273,304,100.0,Turkish <kde-l10n-tr@kde.org>
kf5-akonadi-calendar,2222,0,0,370,0,0,1861,2222,100.0,Turkish <kde-l10n-tr@kde.org>
kf5-akonadi-contacts,1116,0,0,276,0,0,937,1116,100.0,Turkish <kde-l10n-tr@kde.org>
kf5-akonadi-mime,580,0,0,114,0,0,510,580,100.0,Turkish <kde-l10n-tr@kde.org>
kf5-akonadi-notes,2,0,0,1,0,0,2,2,100.0,Turkish <kde-l10n-tr@kde.org>
kf5-akonadi-search,67,0,0,18,0,0,58,67,100.0,Turkish <kde-l10n-tr@kde.org>
kf5-akonadi-server,2596,0,0,441,0,0,2220,2596,100.0,Turkish <kde-l10n-tr@kde.org>
kf5-baloo,860,0,0,179,0,0,724,860,100.0,Turkish <kde-l10n-tr@kde.org>
kf5-calendarsupport,2779,0,0,391,0,0,2268,2779,100.0,Turkish <kde-l10n-tr@kde.org>
kf5-eventviews,2949,0,0,307,0,0,2424,2949,100.0,Turkish <kde-l10n-tr@kde.org>
kf5-grantleetheme,14,0,0,6,0,0,14,14,100.0,Turkish <kde-l10n-tr@kde.org>
kf5-incidenceeditor,2208,0,0,420,0,0,1793,2208,100.0,Turkish <kde-l10n-tr@kde.org>
kf5-karchive,488,0,0,82,0,0,407,488,100.0,Turkish <kde-l10n-tr@kde.org>
kf5-kauth,73,0,0,8,0,0,71,73,100.0,Turkish <kde-l10n-tr@kde.org>
kf5-kblog,243,0,0,27,0,0,173,243,100.0,Turkish <kde-l10n-tr@kde.org>
kf5-kbookmarks,230,0,0,49,0,0,219,230,100.0,Turkish <kde-l10n-tr@kde.org>
kf5-kcalendarutils,1437,0,0,393,0,0,1347,1437,100.0,Turkish <kde-l10n-tr@kde.org>
kf5-kcmutils,266,0,0,38,0,0,242,266,100.0,Turkish <kde-l10n-tr@kde.org>
kf5-kcodecs,370,0,0,53,0,0,260,370,100.0,Turkish <kde-l10n-tr@kde.org>
kf5-kcompletion,18,0,0,11,0,0,18,18,100.0,Turkish <kde-l10n-tr@kde.org>
kf5-kconfig,289,0,0,104,0,0,265,289,100.0,Turkish <kde-l10n-tr@kde.org>
kf5-kconfigwidgets,342,0,0,125,0,0,346,342,100.0,Turkish <kde-l10n-tr@kde.org>
kf5-kcontacts,177,0,0,108,0,0,182,177,100.0,Turkish <kde-l10n-tr@kde.org>
kf5-kcoreaddons,382,0,0,132,0,0,348,382,100.0,Turkish <kde-l10n-tr@kde.org>
kf5-kdav,185,0,0,20,0,0,115,185,100.0,Turkish <kde-l10n-tr@kde.org>
kf5-kdbusaddons,48,0,0,6,0,0,40,48,100.0,Turkish <kde-l10n-tr@kde.org>
kf5-kdeclarative,161,0,0,25,0,0,147,161,100.0,Turkish <kde-l10n-tr@kde.org>
kf5-kdelibs4support,5353,0,0,2544,0,0,5523,5353,100.0,Turkish <kde-l10n-tr@kde.org>
kf5-knotifications,21,0,0,8,0,0,18,21,100.0,Turkish <kde-l10n-tr@kde.org>
kf5-knotifyconfig,129,0,0,17,0,0,95,129,100.0,Turkish <kde-l10n-tr@kde.org>
kf5-kontactinterface,4,0,0,2,0,0,13,4,100.0,Turkish <kde-l10n-tr@kde.org>
kf5-kpackage,452,0,0,73,0,0,361,452,100.0,Turkish <kde-l10n-tr@kde.org>
kf5-kparts,138,0,0,30,0,0,130,138,100.0,Turkish <kde-l10n-tr@kde.org>
kf5-kpeople,13,0,0,8,0,0,11,13,100.0,Turkish <kde-l10n-tr@kde.org>
kf5-kpimtextedit,382,0,0,167,0,0,377,382,100.0,Turkish <kde-l10n-tr@kde.org>
kf5-kpty,15,0,0,4,0,0,15,15,100.0,Turkish <kde-l10n-tr@kde.org>
kf5-kross,100,0,0,35,0,0,105,100,100.0,Turkish <kde-l10n-tr@kde.org>
kf5-kservice,173,0,0,28,0,0,155,173,100.0,Turkish <kde-l10n-tr@kde.org>
kf5-ksmtp,86,0,0,12,0,0,71,86,100.0,Turkish <kde-l10n-tr@kde.org>
kf5-ktexteditor,9233,0,0,1264,0,0,7568,9233,100.0,Turkish <kde-l10n-tr@kde.org>
kf5-ktextwidgets,473,0,0,130,0,0,440,473,100.0,Turkish <kde-l10n-tr@kde.org>
kf5-ktnef,355,0,0,143,0,0,369,355,100.0,Turkish <kde-l10n-tr@kde.org>
kf5-kunitconversion,5757,0,0,2483,0,0,5322,5757,100.0,Turkish <kde-l10n-tr@kde.org>
kf5-kwallet,1460,0,0,110,0,0,1229,1460,100.0,Turkish <kde-l10n-tr@kde.org>
kf5-kwidgetsaddons,1293,0,0,463,0,0,1228,1293,100.0,Turkish <kde-l10n-tr@kde.org>
kf5-kwindowsystem,2,0,0,1,0,0,2,2,100.0,Turkish <kde-l10n-tr@kde.org>
kf5-kxmlgui,1574,0,0,230,0,0,1321,1574,100.0,Turkish <kde-l10n-tr@kde.org>
kf5-kxmlrpcclient,13,0,0,2,0,0,11,13,100.0,Turkish <kde-l10n-tr@kde.org>
kf5-libgravatar,23,0,0,10,0,0,21,23,100.0,Turkish <kde-l10n-tr@kde.org>
kf5-libkcddb,400,0,0,211,0,0,365,400,100.0,Turkish <kde-l10n-tr@kde.org>
kf5-libkdepim,35,0,0,10,0,0,37,35,100.0,Turkish <kde-l10n-tr@kde.org>
kf5-libkgapi,378,0,0,85,0,0,371,378,100.0,Turkish <kde-l10n-tr@kde.org>
kf5-libkgeomap,139,0,0,46,0,0,127,139,100.0,Turkish (http://www.transifex.com/projects/p/extragear-libs-k-tr/language/tr/)
kf5-libkleo,2423,0,0,430,0,0,2278,2423,100.0,Turkish <kde-l10n-tr@kde.org>
kf5-libksieve,3122,0,0,537,0,0,2607,3122,100.0,Turkish <kde-l10n-tr@kde.org>
kf5-libktorrent,465,0,0,105,0,0,388,465,100.0,Turkish <kde-l10n-tr@kde.org>
kf5-mailcommon,2755,0,0,498,0,0,2187,2755,100.0,Turkish <kde-l10n-tr@kde.org>
kf5-mailimporter,1408,0,0,127,0,0,1209,1408,100.0,Turkish <kde-l10n-tr@kde.org>
kf5-messagelib,7833,0,0,1371,0,0,6470,7833,100.0,Turkish <kde-l10n-tr@kde.org>
kf5-pimcommon,830,0,0,208,0,0,708,830,100.0,Turkish <kde-l10n-tr@kde.org>
kf5-plasma,362,0,0,105,0,0,358,362,100.0,Turkish <kde-l10n-tr@kde.org>
kf5-purpose,323,0,0,75,0,0,270,323,100.0,Turkish <kde-l10n-tr@kde.org>
kf5-qqc2-desktop-style,19,0,0,11,0,0,21,19,100.0,Turkish <kde-l10n-tr@kde.org>
kf5-solid,588,0,0,159,0,0,494,588,100.0,Turkish <kde-l10n-tr@kde.org>
kf5-sonnet,683,0,0,76,0,0,521,683,100.0,Turkish <kde-l10n-tr@kde.org>
kf5-syntax-highlighting,647,0,0,383,0,0,638,647,100.0,Turkish <kde-l10n-tr@kde.org>
kf6-baloo,869,0,0,181,0,0,728,869,100.0,Turkish <kde-l10n-tr@kde.org>
kf6-karchive,487,9,0,84,1,0,403,496,98.18548387096774,Turkish <kde-l10n-tr@kde.org>
kf6-kauth,73,0,0,8,0,0,71,73,100.0,Turkish <kde-l10n-tr@kde.org>
kf6-kbookmarks,179,0,0,38,0,0,166,179,100.0,Turkish <kde-l10n-tr@kde.org>
kf6-kcmutils,200,0,0,45,0,0,192,200,100.0,Turkish <kde-l10n-tr@kde.org>
kf6-kcodecs,370,0,0,53,0,0,260,370,100.0,Turkish <kde-l10n-tr@kde.org>
kf6-kcolorscheme,1,0,0,1,0,0,1,1,100.0,Turkish <kde-l10n-tr@kde.org>
kf6-kcompletion,18,0,0,11,0,0,18,18,100.0,Turkish <kde-l10n-tr@kde.org>
kf6-kconfig,550,0,0,204,0,0,521,550,100.0,Turkish <kde-l10n-tr@kde.org>
kf6-kconfigwidgets,312,0,0,117,0,0,327,312,100.0,Turkish <kde-l10n-tr@kde.org>
kf6-kcontacts,168,0,0,100,0,0,173,168,100.0,Turkish <kde-l10n-tr@kde.org>
kf6-kcoreaddons,452,0,0,156,0,0,438,452,100.0,Turkish <kde-l10n-tr@kde.org>
kf6-kdav,185,0,0,20,0,0,115,185,100.0,Turkish <kde-l10n-tr@kde.org>
kf6-kdbusaddons,48,0,0,6,0,0,40,48,100.0,Turkish <kde-l10n-tr@kde.org>
kf6-kdeclarative,169,0,0,21,0,0,137,169,100.0,Turkish <kde-l10n-tr@kde.org>
kf6-kdesu,19,0,0,7,0,0,20,19,100.0,Turkish <kde-l10n-tr@kde.org>
kf6-kdnssd,3,0,0,3,0,0,3,3,100.0,Turkish <kde-l10n-tr@kde.org>
kf6-kdoctools,8,0,0,4,0,0,10,8,100.0,Turkish <kde-l10n-tr@kde.org>
kf6-kfilemetadata,307,0,0,139,0,0,330,307,100.0,Turkish <kde-l10n-tr@kde.org>
kf6-kglobalaccel,34,0,0,5,0,0,30,34,100.0,Turkish <kde-l10n-tr@kde.org>
kf6-kholidays,150,0,0,97,0,0,156,150,100.0,Turkish <kde-l10n-tr@kde.org>
kf6-ki18n,124,0,0,110,0,0,132,124,100.0,Turkish <kde-l10n-tr@kde.org>
kf6-kiconthemes,46,0,0,22,0,0,47,46,100.0,Turkish <kde-l10n-tr@kde.org>
kf6-kio,8540,0,0,1121,0,0,6557,8540,100.0,Turkish <kde-l10n-tr@kde.org>
kf6-kirigami,95,0,0,50,0,0,96,95,100.0,Turkish <kde-l10n-tr@kde.org>
kf6-kirigami-addons,653,0,0,119,0,0,565,653,100.0,Turkish <kde-l10n-tr@kde.org>
kf6-kitemviews,6,0,0,3,0,0,6,6,100.0,Turkish <kde-l10n-tr@kde.org>
kf6-kjobwidgets,136,0,0,40,0,0,119,136,100.0,Turkish <kde-l10n-tr@kde.org>
kf6-knewstuff,1038,0,0,131,0,0,778,1038,100.0,Turkish <kde-l10n-tr@kde.org>
kf6-knotifications,0,0,0,0,0,0,0,0,0.0,Turkish <kde-l10n-tr@kde.org>
kf6-knotifyconfig,19,0,0,7,0,0,16,19,100.0,Turkish <kde-l10n-tr@kde.org>
kf6-kpackage,338,0,0,58,0,0,277,338,100.0,Turkish <kde-l10n-tr@kde.org>
kf6-kparts,57,0,0,11,0,0,61,57,100.0,Turkish <kde-l10n-tr@kde.org>
kf6-kpeople,15,0,0,9,0,0,13,15,100.0,Turkish <kde-l10n-tr@kde.org>
kf6-kpty,15,0,0,4,0,0,15,15,100.0,Turkish <kde-l10n-tr@kde.org>
kf6-kservice,45,0,0,12,0,0,61,45,100.0,Turkish <kde-l10n-tr@kde.org>
kf6-kstatusnotifieritem,17,0,0,6,0,0,17,17,100.0,Turkish <kde-l10n-tr@kde.org>
kf6-ksvg,4,0,0,2,0,0,4,4,100.0,Turkish <kde-l10n-tr@kde.org>
kf6-ktexteditor,9463,0,0,1319,0,0,7846,9463,100.0,Turkish <kde-l10n-tr@kde.org>
kf6-ktextwidgets,473,0,0,130,0,0,437,473,100.0,Turkish <kde-l10n-tr@kde.org>
kf6-kunitconversion,5849,0,0,2504,0,0,5411,5849,100.0,Turkish <kde-l10n-tr@kde.org>
kf6-kuserfeedback,1157,0,0,270,0,0,1030,1157,100.0,Turkish <kde-l10n-tr@kde.org>
kf6-kwallet,1461,0,0,110,0,0,1228,1461,100.0,Turkish <kde-l10n-tr@kde.org>
kf6-kwidgetsaddons,1277,0,0,466,0,0,1235,1277,100.0,Turkish <kde-l10n-tr@kde.org>
kf6-kwindowsystem,2,0,0,1,0,0,2,2,100.0,Turkish <kde-l10n-tr@kde.org>
kf6-kxmlgui,1274,0,0,196,0,0,1098,1274,100.0,Turkish <kde-l10n-tr@kde.org>
kf6-purpose,319,0,0,74,0,0,265,319,100.0,Turkish <kde-l10n-tr@kde.org>
kf6-qqc2-desktop-style,22,0,0,14,0,0,23,22,100.0,Turkish <kde-l10n-tr@kde.org>
kf6-solid,605,0,0,166,0,0,519,605,100.0,Turkish <kde-l10n-tr@kde.org>
kf6-sonnet,684,0,0,77,0,0,524,684,100.0,Turkish <kde-l10n-tr@kde.org>
kf6-syntax-highlighting,702,0,0,407,0,0,690,702,100.0,Turkish <kde-l10n-tr@kde.org>
kfind,517,0,0,117,0,0,460,517,100.0,Turkish <kde-l10n-tr@kde.org>
kfloppy,641,0,0,100,0,0,567,641,100.0,Turkish <kde-l10n-tr@kde.org>
kfourinline,384,0,0,154,0,0,374,384,100.0,Turkish <kde-l10n-tr@kde.org>
kgamma,38,0,0,15,0,0,36,38,100.0,Turkish <kde-l10n-tr@kde.org>
kgeography,10043,0,0,7240,0,0,9776,10043,100.0,Turkish <kde-l10n-tr@kde.org>
kgeotag,1954,0,0,313,0,0,1682,1954,100.0,Turkish <kde-l10n-tr@kde.org>
kget,2767,0,0,742,0,0,2504,2767,100.0,Turkish <kde-l10n-tr@kde.org>
kgoldrunner,28047,0,0,1017,0,0,18828,28047,100.0,Turkish <kde-l10n-tr@kde.org>
kgpg,4912,0,0,687,0,0,4088,4912,100.0,Turkish <kde-l10n-tr@kde.org>
kgrab,370,0,0,53,0,0,303,370,100.0,Turkish <yerellestirme@kde.org.tr>
kgraphviewer,1189,0,0,212,0,0,1003,1189,100.0,Turkish <kde-l10n-tr@kde.org>
khangman,449,0,0,116,0,0,400,449,100.0,Turkish <kde-l10n-tr@kde.org>
khelpcenter,221,0,0,84,0,0,230,221,100.0,Turkish <kde-l10n-tr@kde.org>
kicad,31396,15674,1969,5458,3730,17,27088,49039,64.02251269397826,Turkish <https://hosted.weblate.org/projects/kicad/v8/tr/>
kiconedit,726,0,0,155,0,0,593,726,100.0,Turkish <yerellestirme@kde.org.tr>
kid3,3194,0,0,1399,0,0,3258,3194,100.0,Turkish <kde-l10n-tr@kde.org>
kidentitymanagement,260,0,0,54,0,0,237,260,100.0,Turkish <kde-l10n-tr@kde.org>
kig,7457,0,0,1276,0,0,5941,7457,100.0,Turkish <kde-l10n-tr@kde.org>
kigo,508,0,0,133,0,0,423,508,100.0,Turkish <kde-l10n-tr@kde.org>
kile,12868,0,0,2176,0,0,10691,12868,100.0,Turkish <kde-l10n-tr@kde.org>
killbots,637,0,0,127,0,0,565,637,100.0,Turkish <kde-l10n-tr@kde.org>
kimap,118,0,0,51,0,0,131,118,100.0,Turkish <kde-l10n-tr@kde.org>
kinfocenter,443,0,0,195,0,0,434,443,100.0,Turkish <kde-l10n-tr@kde.org>
kio-admin,3,0,0,1,0,0,3,3,100.0,Turkish <kde-l10n-tr@kde.org>
kio-extras,2904,0,0,278,0,0,2327,2904,100.0,Turkish <kde-l10n-tr@kde.org>
kio-extras-kf5,1130,0,0,146,0,0,913,1130,100.0,Turkish <kde-l10n-tr@kde.org>
kio-gdrive,78,0,0,19,0,0,71,78,100.0,Turkish <kde-l10n-tr@kde.org>
kio_gopher,17,0,0,5,0,0,19,17,100.0,Turkish (http://www.transifex.com/projects/p/extragear-network-k-tr/language/tr/)
kirigami-gallery,982,0,0,140,0,0,787,982,100.0,Turkish <kde-l10n-tr@kde.org>
kiriki,145,0,0,51,0,0,135,145,100.0,Turkish <kde-l10n-tr@kde.org>
kiten,651,0,0,172,0,0,591,651,100.0,Turkish <kde-l10n-tr@kde.org>
kitinerary,108,0,0,30,0,0,97,108,100.0,Turkish <kde-l10n-tr@kde.org>
kjots,651,0,0,134,0,0,606,651,100.0,Turkish <kde-l10n-tr@kde.org>
kjournald,116,0,0,58,0,0,112,116,100.0,Turkish <kde-l10n-tr@kde.org>
kjumpingcube,413,0,0,95,0,0,361,413,100.0,Turkish <kde-l10n-tr@kde.org>
klamav,2485,0,18,412,0,7,1947,2503,99.28086296444268,Turkish <yerellestirme@kde.org.tr>
klavaro,1893,0,0,231,0,0,1435,1893,100.0,Turkish <gnome-turk@gnome.org>
kldap,215,0,0,62,0,0,198,215,100.0,Turkish <kde-l10n-tr@kde.org>
kleopatra,13651,0,0,1984,0,0,11603,13651,100.0,Turkish <kde-l10n-tr@kde.org>
klettres,440,0,0,85,0,0,371,440,100.0,Turkish <kde-l10n-tr@kde.org>
klickety,178,0,0,62,0,0,165,178,100.0,Turkish <kde-l10n-tr@kde.org>
klines,99,0,0,28,0,0,83,99,100.0,Turkish <kde-l10n-tr@kde.org>
kmag,432,0,0,98,0,0,355,432,100.0,Turkish <kde-l10n-tr@kde.org>
kmahjongg,359,0,0,99,0,0,323,359,100.0,Turkish <kde-l10n-tr@kde.org>
kmail,9314,0,0,1531,0,0,7834,9314,100.0,Turkish <kde-l10n-tr@kde.org>
kmail-account-wizard,278,0,0,90,0,0,257,278,100.0,Turkish <kde-l10n-tr@kde.org>
kmailtransport,669,0,0,107,0,0,551,669,100.0,Turkish <kde-l10n-tr@kde.org>
kmenuedit,278,0,0,64,0,0,260,278,100.0,Turkish <kde-l10n-tr@kde.org>
kmid2,923,80,19,308,18,7,877,1022,90.31311154598825,Turkish <kde-i18n-doc@kde.org>
kmime,152,0,0,6,0,0,97,152,100.0,Turkish <kde-l10n-tr@kde.org>
kmines,164,0,0,48,0,0,157,164,100.0,Turkish <kde-l10n-tr@kde.org>
kmix,1159,0,0,227,0,0,1033,1159,100.0,Turkish <kde-l10n-tr@kde.org>
kmousetool,147,0,0,32,0,0,140,147,100.0,Turkish <kde-l10n-tr@kde.org>
kmouth,1474,0,0,202,0,0,1113,1474,100.0,Turkish <kde-l10n-tr@kde.org>
kmplayer,1248,1,0,370,1,0,1141,1249,99.919935948759,Turkish <kde-i18n-doc@kde.org>
kmplot,2501,0,0,486,0,0,2024,2501,100.0,Turkish <kde-l10n-tr@kde.org>
kmymoney,20268,1380,403,3363,301,38,16749,22051,91.9141989025441,Turkish <kde-l10n-tr@kde.org>
knavalbattle,401,0,0,104,0,0,362,401,100.0,Turkish <kde-l10n-tr@kde.org>
knetwalk,236,0,0,56,0,0,204,236,100.0,Turkish <kde-l10n-tr@kde.org>
knights,798,0,0,238,0,0,721,798,100.0,Turkish <kde-l10n-tr@kde.org>
knotes,787,0,0,241,0,0,701,787,100.0,Turkish <kde-l10n-tr@kde.org>
koffice-kivio,3689,1243,3485,1167,524,670,3398,8417,43.82796720921944,Turkish <tr@li.org>
koko,311,0,0,141,0,0,314,311,100.0,Turkish <kde-l10n-tr@kde.org>
kolf,405,0,0,150,0,0,391,405,100.0,Turkish <kde-l10n-tr@kde.org>
kollision,109,0,0,30,0,0,102,109,100.0,Turkish <kde-l10n-tr@kde.org>
kolorfill,60,0,0,12,0,0,52,60,100.0,Turkish <kde-l10n-tr@kde.org>
kolourpaint,2655,0,0,455,0,0,2340,2655,100.0,Turkish <kde-l10n-tr@kde.org>
komikku,1640,0,3646,404,0,573,1495,5286,31.0253499810821,Turkish <https://hosted.weblate.org/projects/komikku/main/tr/>
kommit,1558,0,0,459,0,0,1416,1558,100.0,Turkish <kde-l10n-tr@kde.org>
kompare,1413,0,0,200,0,0,1068,1413,100.0,Turkish <kde-l10n-tr@kde.org>
kongress,184,0,0,67,0,0,167,184,100.0,Turkish <kde-l10n-tr@kde.org>
konqueror,9226,0,0,1367,0,0,7622,9226,100.0,Turkish <kde-l10n-tr@kde.org>
konquest,248,0,0,99,0,0,251,248,100.0,Turkish <kde-l10n-tr@kde.org>
konsole,4299,0,0,897,0,0,3768,4299,100.0,Turkish <kde-l10n-tr@kde.org>
konsole5,3996,0,0,840,0,0,3523,3996,100.0,Turkish <kde-l10n-tr@kde.org>
kontact,490,0,0,87,0,0,444,490,100.0,Turkish <kde-l10n-tr@kde.org>
kontactinterface,4,0,0,2,0,0,13,4,100.0,Turkish <kde-l10n-tr@kde.org>
kontrast,327,0,0,46,0,0,275,327,100.0,Turkish <kde-l10n-tr@kde.org>
konversation,10398,0,0,1649,0,0,8568,10398,100.0,Turkish <kde-l10n-tr@kde.org>
kopeninghours,160,0,0,20,0,0,176,160,100.0,Turkish <kde-l10n-tr@kde.org>
kopete,17175,0,0,3295,0,0,14260,17175,100.0,Turkish <kde-l10n-tr@kde.org>
korganizer,7140,0,0,991,0,0,5697,7140,100.0,Turkish <kde-l10n-tr@kde.org>
kosmindoormap,616,0,0,436,0,0,635,616,100.0,Turkish <kde-l10n-tr@kde.org>
kpat,589,0,0,213,0,0,581,589,100.0,Turkish <kde-l10n-tr@kde.org>
kphotoalbum,9043,0,0,1108,0,0,7394,9043,100.0,Turkish <kde-l10n-tr@kde.org>
kpilot,1473,366,5317,511,50,300,1368,7156,20.58412520961431,Turkish <yerellestirme@kde.org.tr>
kpimtextedit,274,0,0,123,0,0,270,274,100.0,Turkish <kde-l10n-tr@kde.org>
kpipewire,26,0,0,4,0,0,19,26,100.0,Turkish <kde-l10n-tr@kde.org>
kpmcore,3296,0,0,500,0,0,2918,3296,100.0,Turkish <kde-l10n-tr@kde.org>
kproperty,137,8,0,79,3,0,149,145,94.48275862068965,
kpublictransport,55,0,0,27,0,0,54,55,100.0,Turkish <kde-l10n-tr@kde.org>
krb5-auth-dialog,1798,0,0,357,0,0,1773,1798,100.0,Türkçe <gnome-turk@gnome.org>
krdc,1192,0,0,296,0,0,1124,1192,100.0,Turkish <kde-l10n-tr@kde.org>
krdp,266,0,0,57,0,0,239,266,100.0,Turkish <kde-l10n-tr@kde.org>
krecipes,3633,13,0,755,10,0,3063,3646,99.6434448710916,Turkish <kde-l10n-tr@kde.org>
krecorder,130,0,0,54,0,0,126,130,100.0,Turkish <kde-l10n-tr@kde.org>
krename,2142,0,0,452,0,0,1950,2142,100.0,Turkish <kde-l10n-tr@kde.org>
kreport,453,2,0,192,1,0,419,455,99.56043956043956,Turkish <kde-l10n-tr@kde.org>
kreversi,404,0,0,133,0,0,378,404,100.0,Turkish <kde-l10n-tr@kde.org>
krfb,734,0,0,104,0,0,635,734,100.0,Turkish <kde-l10n-tr@kde.org>
krita,35926,0,60,8555,0,3,32685,35986,99.83326849330295,Turkish <kde-l10n-tr@kde.org>
kronometer,218,12,3,73,6,1,193,233,93.56223175965665,Turkish <kde-i18n-doc@kde.org>
kruler,158,0,0,44,0,0,130,158,100.0,Turkish <kde-l10n-tr@kde.org>
krusader,8099,0,0,1761,0,0,7026,8099,100.0,Turkish <kde-l10n-tr@kde.org>
ksanecore,59,0,0,10,0,0,62,59,100.0,Turkish <kde-l10n-tr@kde.org>
kscreen,614,0,0,109,0,0,519,614,100.0,Turkish <kde-l10n-tr@kde.org>
kscreenlocker,287,0,0,54,0,0,236,287,100.0,Turkish <kde-l10n-tr@kde.org>
kshisen,667,0,0,75,0,0,519,667,100.0,Turkish <kde-l10n-tr@kde.org>
ksig,85,0,0,26,0,0,73,85,100.0,Turkish <tr@li.org>
ksirk,4725,0,0,581,0,0,3743,4725,100.0,Turkish <kde-l10n-tr@kde.org>
ksmtp,86,0,0,12,0,0,71,86,100.0,Turkish <kde-l10n-tr@kde.org>
ksnakeduel,243,0,0,56,0,0,237,243,100.0,Turkish <kde-l10n-tr@kde.org>
kspaceduel,165,0,0,81,0,0,172,165,100.0,Turkish <kde-l10n-tr@kde.org>
ksquares,293,0,0,87,0,0,238,293,100.0,Turkish <kde-l10n-tr@kde.org>
ksshaskpass,55,0,0,16,0,0,59,55,100.0,Turkish <kde-l10n-tr@kde.org>
kstars,27706,12248,18805,8638,2522,1481,24288,58759,47.15192566245171,Turkish <kde-l10n-tr@kde.org>
ksudoku,1744,0,0,163,0,0,1350,1744,100.0,Turkish <kde-l10n-tr@kde.org>
ksystemlog,3101,0,0,488,0,0,2464,3101,100.0,Turkish <kde-l10n-tr@kde.org>
ksystemstats,947,0,0,219,0,0,826,947,100.0,Turkish <kde-l10n-tr@kde.org>
kteatime,203,0,0,67,0,0,201,203,100.0,Turkish <kde-l10n-tr@kde.org>
ktechlab,3704,0,0,933,0,0,3381,3704,100.0,Turkish <kde-l10n-tr@kde.org>
ktextaddons,749,32,59,251,4,25,689,840,89.16666666666667,Turkish <kde-l10n-tr@kde.org>
ktimer,258,0,0,53,0,0,221,258,100.0,Turkish <kde-l10n-tr@kde.org>
ktnef,355,0,0,143,0,0,369,355,100.0,Turkish <kde-l10n-tr@kde.org>
ktorrent,7492,0,0,1368,0,0,6207,7492,100.0,Turkish <kde-l10n-tr@kde.org>
ktouch,964,0,0,259,0,0,879,964,100.0,Turkish <kde-l10n-tr@kde.org>
ktp-contact-runner,208,0,0,43,0,0,198,208,100.0,Turkish <kde-l10n-tr@kde.org>
ktp-desktop-applets,75,0,0,22,0,0,62,75,100.0,Turkish <kde-l10n-tr@kde.org>
ktrip,103,0,0,42,0,0,102,103,100.0,Turkish <kde-l10n-tr@kde.org>
ktuberling,158,0,0,38,0,0,105,158,100.0,Turkish <kde-l10n-tr@kde.org>
kturtle,1538,0,0,349,0,0,1351,1538,100.0,Turkish <kde-l10n-tr@kde.org>
kubrick,1213,0,0,168,0,0,1234,1213,100.0,Turkish <kde-l10n-tr@kde.org>
kunifiedpush,91,0,0,16,0,0,68,91,100.0,Turkish <kde-l10n-tr@kde.org>
kuserfeedback,1157,0,0,270,0,0,1029,1157,100.0,Turkish <kde-l10n-tr@kde.org>
kvirc,4395,0,26628,1229,0,3433,3991,31023,14.166908422783099,Turkish (http://app.transifex.com/kvirc/KVIrc/language/tr/)
kwalletmanager5,828,0,0,168,0,0,710,828,100.0,Turkish <kde-l10n-tr@kde.org>
kwave,5821,0,0,1314,0,0,5044,5821,100.0,Turkish <kde-l10n-tr@kde.org>
kweather,153,0,0,75,0,0,153,153,100.0,Turkish <kde-l10n-tr@kde.org>
kweathercore,120,0,0,42,0,0,120,120,100.0,Turkish <kde-l10n-tr@kde.org>
kwebkitpart,669,0,0,165,0,0,594,669,100.0,Turkish (http://www.transifex.com/projects/p/extragear-base-k-tr/language/tr/)
kwin,6612,0,0,1256,0,0,5662,6612,100.0,Turkish <kde-l10n-tr@kde.org>
kwin-x11,6612,0,0,1256,0,0,5662,6612,100.0,Turkish <kde-l10n-tr@kde.org>
kwordquiz,254,0,0,93,0,0,260,254,100.0,Turkish <kde-l10n-tr@kde.org>
l3afpad,113,0,17,61,0,3,116,130,86.92307692307692,Türkçe <yerellestirme@kde.org.tr>
labwc,23,0,0,14,0,0,27,23,100.0,Turkish <https://translate.lxqt-project.org/projects/labwc/labwc/tr/>
lagrange,2371,0,0,857,0,0,2857,2371,100.0,Turkish <http://weblate.skyjake.fi/projects/lagrange/ui/tr/>
lasem,29,0,0,10,0,0,33,29,100.0,Turkish <gnome-turk@gnome.org>
lazarus,36554,208,1977,8600,41,588,33461,38739,94.35968920209608,
lazpaint,874,0,722,214,0,133,787,1596,54.761904761904766,
lbrickbuster2,3864,443,27,440,12,10,3258,4334,89.1555145362252,Turkish <yerellestirme@kde.org.tr>
leafpad,125,0,0,68,0,0,130,125,100.0,Turkish <gnu-tr-u12a@lists.sourceforge.net>
libadwaita,289,0,0,82,0,0,268,289,100.0,Turkish <takim@gnome.org.tr>
libappstream-glib,990,16,7,206,3,1,884,1013,97.72951628825271,Turkish (http://www.transifex.com/freedesktop/appstream-glib/language/tr/)
libbonobo,543,0,0,107,0,0,455,543,100.0,Turkish <gnome-turk@gnome.org>
libbonoboui,368,0,0,115,0,0,335,368,100.0,Turkish <gnome-turk@gnome.org>
libbytesize,17,0,0,17,0,0,17,17,100.0,Turkish <https://translate.fedoraproject.org/projects/blivet/libbytesize/tr/>
libcryptui,3012,0,0,654,0,0,2515,3012,100.0,Turkish <gnome-turk@gnome.org>
libdnf,1374,290,0,209,29,0,1215,1664,82.57211538461539,Turkish <https://translate.fedoraproject.org/projects/dnf/libdnf-dnf-4-master/tr/>
libecpg,60206,4225,3027,8415,545,299,53148,67458,89.24960716297548,Turkish <ceviri@postgresql.org.tr>
libexif,3299,354,4160,917,97,306,2977,7813,42.22449763215154,Turkish <tr@li.org>
libfilezilla,402,0,0,76,0,0,326,402,100.0,Turkish (Turkey) (http://www.transifex.com/zeron/filezilla/language/tr_TR/)
libgda,11262,0,0,2042,0,0,9584,11262,100.0,Türkçe <gnome-turk@gnome.org>
libgda5,9,2126,9007,7,490,1557,10,11142,0.08077544426494346,Turkish <gnome-turk@gnome.org>
libgdata,701,0,0,87,0,0,564,701,100.0,Türkçe <gnome-turk@gnome.org>
libgdl,659,0,0,96,0,0,522,659,100.0,Türkçe <gnome-turk@gnome.org>
libgedit-gtksourceview,301,2,16,90,1,3,268,319,94.35736677115987,Türkçe <gnome-turk@gnome.org>
libgnome,1772,0,0,273,0,0,1449,1772,100.0,Turkish <gnome-turk@gnome.org>
libgnome-games-support,43,0,0,14,0,0,35,43,100.0,Türkçe <gnome-turk@gnome.org>
libgnome-games-support1,43,0,0,14,0,0,35,43,100.0,Türkçe <gnome-turk@gnome.org>
libgnome-keyring,44,0,0,9,0,0,40,44,100.0,Turkish <gnome-turk@gnome.org>
libgnomecanvas,378,0,0,95,0,0,323,378,100.0,Turkish <gnome-turk@gnome.org>
libgnomekbd,187,0,0,39,0,0,175,187,100.0,Türkçe <gnome-turk@gnome.org>
libgnomeui,1226,0,0,320,0,0,954,1226,100.0,Turkish <gnome-turk@gnome.org>
libgovirt,103,0,0,23,0,0,89,103,100.0,Türkçe <gnome-turk@gnome.org>
libgpg-error,1627,5,4,489,2,2,1627,1636,99.44987775061125,Turkish
libgravatar,25,0,0,10,0,0,24,25,100.0,Turkish <kde-l10n-tr@kde.org>
libgsf,725,0,0,151,0,0,614,725,100.0,Türkçe <gnome-turk@gnome.org>
libgtop2,126,0,0,40,0,0,110,126,100.0,Türkçe <takim@gnome.org.tr>
libgweather,6970,0,0,5159,0,0,6939,6970,100.0,Türkçe <takim@gnome.org.tr>
libgxim,0,0,124,0,0,24,0,124,0.0,LANGUAGE <LL@li.org>
libhandy,75,0,1333,52,0,256,79,1408,5.326704545454546,Turkish <gnome-turk@gnome.org>
libkcddb,400,0,0,211,0,0,365,400,100.0,Turkish <kde-l10n-tr@kde.org>
libkcompactdisc,15,0,0,10,0,0,15,15,100.0,Turkish <kde-l10n-tr@kde.org>
libkdegames,316,0,0,124,0,0,303,316,100.0,Turkish <kde-l10n-tr@kde.org>
libkdepim,36,0,0,11,0,0,38,36,100.0,Turkish <kde-l10n-tr@kde.org>
libkeduvocdocument,171,0,0,81,0,0,162,171,100.0,Turkish <kde-l10n-tr@kde.org>
libkgapi,378,0,0,85,0,0,371,378,100.0,Turkish <kde-l10n-tr@kde.org>
libkleo,3017,0,0,541,0,0,2761,3017,100.0,Turkish <kde-l10n-tr@kde.org>
libkmahjongg,11,0,0,11,0,0,14,11,100.0,Turkish <kde-l10n-tr@kde.org>
libkomparediff2,143,0,0,19,0,0,99,143,100.0,Turkish <kde-l10n-tr@kde.org>
libksane,284,0,0,92,0,0,274,284,100.0,Turkish <kde-l10n-tr@kde.org>
libkscreen,24,0,0,6,0,0,19,24,100.0,Turkish <kde-l10n-tr@kde.org>
libkscreen-qt5,24,0,0,6,0,0,19,24,100.0,Turkish <kde-l10n-tr@kde.org>
libksieve,3132,0,0,543,0,0,2614,3132,100.0,Turkish <kde-l10n-tr@kde.org>
libksysguard,1068,0,0,367,0,0,955,1068,100.0,Turkish <kde-l10n-tr@kde.org>
libktorrent,465,0,0,105,0,0,389,465,100.0,Turkish <kde-l10n-tr@kde.org>
libmatekbd,308,0,0,91,0,0,292,308,100.0,Turkish (https://app.transifex.com/mate/teams/13566/tr/)
libmatemixer,242,0,0,126,0,0,245,242,100.0,Turkish (https://app.transifex.com/mate/teams/13566/tr/)
libmateweather,820,0,5363,419,0,4179,806,6183,13.262170467410641,Turkish (https://app.transifex.com/mate/teams/13566/tr/)
libmypaint,303,0,2000,88,0,74,289,2303,13.156752062527138,Turkish <https://hosted.weblate.org/projects/mypaint/libmypaint/tr/>
libnma,800,4,3,179,2,2,712,807,99.13258983890955,Türkçe <gnome-turk@gnome.org>
libosinfo,817,0,0,171,0,0,704,817,100.0,Turkish <https://translate.fedoraproject.org/projects/libosinfo/libosinfo/tr/>
libpanel,107,0,0,29,0,0,99,107,100.0,Turkish <takim@gnome.org.tr>
libpeas,19,0,0,4,0,0,11,19,100.0,Turkish <takim@gnome.org.tr>
libpeas1,103,0,0,29,0,0,92,103,100.0,Turkish <gnome-turk@gnome.org>
libplasma,272,0,0,54,0,0,245,272,100.0,Turkish <kde-l10n-tr@kde.org>
libpq,60206,4225,3027,8415,545,299,53148,67458,89.24960716297548,Turkish <ceviri@postgresql.org.tr>
libpwquality,345,0,0,51,0,0,257,345,100.0,Turkish <https://translate.fedoraproject.org/projects/libpwquality/app/tr/>
libreoffice,506961,4,253124,72860,2,21512,409305,760089,66.69758409870423,Turkish <https://translations.documentfoundation.org/projects/libo_ui-master/accessibilitymessages/tr/>
libreport,4928,0,0,603,0,0,4181,4928,100.0,Turkish <https://translate.fedoraproject.org/projects/abrt/libreport/tr/>
libsecret,64,0,0,10,0,0,44,64,100.0,Türkçe <takim@gnome.org.tr>
libshumate,22,0,0,10,0,0,21,22,100.0,Turkish <takim@gnome.org.tr>
libsoup,183,0,0,43,0,0,181,183,100.0,Türkçe <gnome-turk@gnome.org>
libsoup3,172,0,0,37,0,0,169,172,100.0,Türkçe <takim@gnome.org.tr>
libuser,990,38,409,212,7,82,901,1437,68.89352818371609,Turkish (http://www.transifex.com/projects/p/fedora/language/tr/)
libvirt,97,0,69151,7,0,10433,103,69248,0.14007624768946395,Turkish <https://translate.fedoraproject.org/projects/libvirt/libvirt/tr/>
libvirt-glib,158,0,0,31,0,0,108,158,100.0,Turkish <https://translate.stg.fedoraproject.org/projects/libvirt-glib/application/tr/>
libvirt-sandbox,0,0,617,0,0,111,0,617,0.0,Turkish (http://www.transifex.com/projects/p/fedora/language/tr/)
libwnck,1124,0,0,241,0,0,1026,1124,100.0,Turkish <gnome-turk@gnome.org>
libwnck3,1086,0,0,231,0,0,986,1086,100.0,Türkçe <gnome-turk@gnome.org>
libxfce4ui,1018,0,0,211,0,0,919,1018,100.0,Turkish (https://app.transifex.com/xfce/teams/16840/tr/)
libxfce4util,424,0,0,7,0,0,424,424,100.0,Turkish (http://www.transifex.com/xfce/libxfce4util/language/tr/)
libxfce4windowing,63,0,0,19,0,0,60,63,100.0,Turkish (https://www.transifex.com/xfce/teams/16840/tr/)
libzypp,1009,465,1276,463,320,213,953,2750,36.69090909090909,Turkish <https://l10n.opensuse.org/projects/libzypp/master/tr/>
lifeograph,1463,2,41,434,1,7,1294,1506,97.14475431606905,Turkish
liferea,1579,263,359,405,58,73,1412,2201,71.74011812812357,Türkçe <gnome-turk@gnome.org>
light-locker,260,0,0,37,0,0,214,260,100.0,Turkish (http://www.transifex.com/the_cavalry/light-locker/language/tr/)
lightdm,163,0,0,21,0,0,141,163,100.0,Turkish <tr@li.org>
lightdm-gtk,80,0,9,23,0,2,72,89,89.8876404494382,Turkish <tr@li.org>
lightdm-settings,355,0,0,74,0,0,298,355,100.0,Turkish <tr@li.org>
lightsoff,143,0,0,27,0,0,120,143,100.0,Türkçe <takim@gnome.org.tr>
lilypond,1787,18,102,347,4,16,1673,1907,93.70739381227058,Turkish <gnu-tr-u12a@lists.sourceforge.net>
lincity-ng,1696,0,0,416,0,0,1388,1696,100.0,Turkish <kde-l10n-tr@kde.org>
liquidshell,555,0,0,174,0,0,566,555,100.0,Turkish <kde-l10n-tr@kde.org>
lokalize,4134,0,0,680,0,0,3519,4134,100.0,Turkish <kde-l10n-tr@kde.org>
lollypop,1423,0,5,454,0,1,1332,1428,99.64985994397759,Turkish <https://hosted.weblate.org/projects/gnumdk/lollypop/tr/>
lordsawar,7170,0,0,1874,0,0,6146,7170,100.0,Turkish <gnu-tr-u12a@lists.sourceforge.net>
loupe,1068,0,0,220,0,0,920,1068,100.0,Turkish <takim@gnome.org.tr>
lskat,266,0,0,89,0,0,251,266,100.0,Turkish <kde-l10n-tr@kde.org>
lutris,1947,134,5537,482,48,716,1764,7618,25.557889209766344,Turkish
lxde-common,14,0,0,5,0,0,17,14,100.0,LANGUAGE <LL@li.org>
lxdm,48,0,0,26,0,0,51,48,100.0,LANGUAGE <LL@li.org>
lxinput,83,0,0,26,0,0,75,83,100.0,LANGUAGE <LL@li.org>
lxlauncher,58,0,0,17,0,0,50,58,100.0,LANGUAGE <LL@li.org>
lxmenu-data,97,0,0,37,0,0,95,97,100.0,Turkish <gnome-turk@gnome.org>
lxmusic,203,0,0,89,0,0,206,203,100.0,LANGUAGE <LL@li.org>
lxshortcut,43,0,0,19,0,0,44,43,100.0,LANGUAGE <LL@li.org>
lynx,8411,0,0,1284,0,0,7457,8411,100.0,Turkish <gnome-turk@gnome.org>
magpie,1253,0,0,148,0,0,1072,1253,100.0,Türkçe <gnome-turk@gnome.org>
mailcommon,2803,0,0,514,0,0,2227,2803,100.0,Turkish <kde-l10n-tr@kde.org>
mailimporter,1405,0,0,126,0,0,1206,1405,100.0,Turkish <kde-l10n-tr@kde.org>
mailman3,4634,0,6,398,0,3,4729,4640,99.87068965517241,Turkish <https://hosted.weblate.org/projects/gnu-mailman/mailman/tr/>
mailnag,207,0,0,66,0,0,215,207,100.0,Turkish <https://hosted.weblate.org/projects/mailnag/mailnag/tr/>
make,763,1386,444,181,223,73,746,2593,29.42537601234092,Turkish <gnu-tr-u12a@lists.sourceforge.net>
malcontent,1409,0,0,132,0,0,1088,1409,100.0,Turkish <tr@li.org>
maliit-keyboard,37,4,40,34,2,25,37,81,45.67901234567901,Turkish <tr@li.org>
mame,2778,0,984,1001,0,313,2760,3762,73.84370015948963,Turkish (https://www.transifex.com/readthedocs/teams/101354/tr/)
man-db,9253,417,148,589,35,27,7505,9818,94.2452638011815,Turkish <gnu-tr-u12a@lists.sourceforge.net>
manafirewall,26,0,1071,25,0,108,26,1097,2.3701002734731085,Turkish (https://www.transifex.com/MageiaLinux/teams/9361/tr/)
marble,11664,0,0,3374,0,0,10792,11664,100.0,Turkish <kde-l10n-tr@kde.org>
marco,4062,0,109,426,0,7,3458,4171,97.386717813474,Turkish (https://app.transifex.com/mate/teams/13566/tr/)
mariadb10.11,221,0,0,36,0,0,184,221,100.0,Turkish <debian-l10n-turkish@lists.debian.org>
markdownpart,23,0,0,9,0,0,24,23,100.0,Turkish <kde-l10n-tr@kde.org>
marker,202,0,0,80,0,0,193,202,100.0,Turkish <gnome-turk@gnome.org>
marknote,313,4,0,137,2,0,312,317,98.73817034700315,Turkish <kde-l10n-tr@kde.org>
massif-visualizer,360,0,0,111,0,0,336,360,100.0,Turkish <kde-l10n-tr@kde.org>
mate-applets,11519,0,4587,1260,0,395,10370,16106,71.51993046069788,Turkish (https://app.transifex.com/mate/teams/13566/tr/)
mate-backgrounds,55,0,0,29,0,0,58,55,100.0,Turkish (https://app.transifex.com/mate/teams/13566/tr/)
mate-calc,1626,0,1701,526,0,225,1581,3327,48.87285843101893,Turkish (https://app.transifex.com/mate/teams/13566/tr/)
mate-control-center,3800,24,4436,1214,9,304,3478,8260,46.00484261501211,Turkish (https://app.transifex.com/mate/teams/13566/tr/)
mate-desktop,2395,6,11,292,2,1,2160,2412,99.29519071310115,Turkish (https://app.transifex.com/mate/teams/13566/tr/)
mate-icon-theme,4,0,0,2,0,0,4,4,100.0,Turkish (https://app.transifex.com/mate/teams/13566/tr/)
mate-media,244,0,0,100,0,0,251,244,100.0,Turkish (https://app.transifex.com/mate/teams/13566/tr/)
mate-menu,301,0,7,109,0,1,301,308,97.72727272727273,Turkish (http://www.transifex.com/mate/MATE/language/tr/)
mate-menus,103,0,0,39,0,0,100,103,100.0,Turkish (https://app.transifex.com/mate/teams/13566/tr/)
mate-notification-daemon,186,0,0,53,0,0,234,186,100.0,Turkish (https://app.transifex.com/mate/teams/13566/tr/)
mate-panel,6095,2,656,773,1,48,5046,6753,90.25618243743521,Turkish (https://app.transifex.com/mate/teams/13566/tr/)
mate-polkit,123,0,0,21,0,0,118,123,100.0,Turkish (https://app.transifex.com/mate/teams/13566/tr/)
mate-power-manager,3091,7,2025,428,2,122,2604,5123,60.33574077688855,Turkish (https://app.transifex.com/mate/teams/13566/tr/)
mate-screensaver,1037,0,64,174,0,2,897,1101,94.18710263396912,Turkish (https://app.transifex.com/mate/teams/13566/tr/)
mate-sensors-applet,2028,0,132,222,0,4,1786,2160,93.88888888888889,Turkish (https://app.transifex.com/mate/teams/13566/tr/)
mate-session-manager,715,0,2,132,0,1,609,717,99.72105997210599,Turkish (https://app.transifex.com/mate/teams/13566/tr/)
mate-settings-daemon,2074,0,129,316,0,2,1778,2203,94.1443486155243,Turkish (https://app.transifex.com/mate/teams/13566/tr/)
mate-system-monitor,2199,0,2695,419,0,242,2048,4894,44.932570494483045,Turkish (https://app.transifex.com/mate/teams/13566/tr/)
mate-terminal,4903,0,3335,562,0,203,4057,8238,59.516873027433846,Turkish (https://app.transifex.com/mate/teams/13566/tr/)
mate-themes,74,0,0,23,0,0,75,74,100.0,Turkish (http://app.transifex.com/mate/MATE/language/tr/)
mate-user-admin,474,0,131,108,0,18,419,605,78.34710743801652,Turkish (https://www.transifex.com/mate/teams/13566/tr/)
mate-user-guide,35759,0,7214,2738,0,490,27708,42973,83.21271496055664,Turkish (https://app.transifex.com/mate/teams/13566/tr/)
mate-utils,5938,0,3963,803,0,268,5121,9901,59.97374002625997,Turkish (https://app.transifex.com/mate/teams/13566/tr/)
maui-mauikit,92,0,0,44,0,0,84,92,100.0,Turkish <kde-l10n-tr@kde.org>
mbox-importer,40,0,0,13,0,0,43,40,100.0,Turkish <kde-l10n-tr@kde.org>
mc,3752,0,677,1184,0,87,3539,4429,84.71438247911493,Turkish (http://app.transifex.com/mc/mc/language/tr/)
mediawriter,836,0,0,155,0,0,664,836,100.0,Turkish <https://translate.fedoraproject.org/projects/fedora-media-writer/mediawriter/tr/>
meld,2773,0,0,545,0,0,2436,2773,100.0,Turkish <takim@gnome.org.tr>
menulibre,1079,0,0,185,0,0,887,1079,100.0,Turkish (https://www.transifex.com/bluesabreorg/teams/99550/tr/)
merkuro,1926,0,0,687,0,0,1825,1926,100.0,Turkish <kde-l10n-tr@kde.org>
messagelib,7692,0,0,1406,0,0,6380,7692,100.0,Turkish <kde-l10n-tr@kde.org>
metacity,1831,0,0,278,0,0,1615,1831,100.0,Turkish <gnome-turk@gnome.org>
metadata-cleaner,718,0,0,91,0,0,616,718,100.0,Turkish <https://hosted.weblate.org/projects/metadata-cleaner/application/tr/>
meteo,260,0,0,91,0,0,252,260,100.0,Turkish <gnome-turk@gnome.org>
mimetreeparser,274,0,0,88,0,0,246,274,100.0,Turkish <kde-l10n-tr@kde.org>
minetest,7052,1755,869,1159,118,58,6294,9676,72.88135593220339,Turkish <https://hosted.weblate.org/projects/minetest/minetest/tr/>
mingw-GConf2,4088,0,0,497,0,0,3404,4088,100.0,Turkish <gnome-turk@gnome.org>
mingw-atk,440,0,0,169,0,0,385,440,100.0,Turkish <gnome-turk@gnome.org>
mingw-binutils,28514,2249,1134,4645,279,163,25930,31897,89.39398689531932,Turkish <gnu-tr-u12a@lists.sourceforge.net>
mingw-colord,1885,0,0,203,0,0,1585,1885,100.0,Turkish (http://www.transifex.com/projects/p/colord/language/tr/)
mingw-gcc,15356,65102,56735,2385,8832,5495,13402,137193,11.192990896036969,Turkish <gnu-tr-u12a@lists.sourceforge.net>
mingw-gdb,4961,0,0,740,0,0,4577,4961,100.0,Turkish <gnu-tr-u12a@lists.sourceforge.net>
mingw-gdk-pixbuf,1325,0,0,198,0,0,1081,1325,100.0,Türkçe <gnome-turk@gnome.org>
mingw-gettext,5732,2025,907,615,193,123,4783,8664,66.15881809787626,Turkish <gnu-tr-u12a@lists.sourceforge.net>
mingw-glib-networking,438,0,0,65,0,0,332,438,100.0,Turkish <takim@gnome.org.tr>
mingw-glib2,7922,0,0,1255,0,0,6832,7922,100.0,Turkish <takim@gnome.org.tr>
mingw-gsettings-desktop-schemas,7163,0,0,629,0,0,6030,7163,100.0,Turkish <takim@gnome.org.tr>
mingw-gstreamer1,2202,3,18,385,2,4,1910,2223,99.05533063427801,Turkish <gnome-turk@gnome.org>
mingw-gstreamer1-plugins-bad-free,197,0,0,29,0,0,153,197,100.0,Turkish <gnome-turk@gnome.org>
mingw-gstreamer1-plugins-base,999,36,45,208,8,7,894,1080,92.5,Turkish <gnome-turk@gnome.org>
mingw-gstreamer1-plugins-good,814,4,7,101,1,2,637,825,98.66666666666667,Turkish <gnome-turk@gnome.org>
mingw-gtk2,12848,475,381,2627,100,57,10222,13704,93.75364856976066,Turkish <gnome-turk@gnome.org>
mingw-gtk3,16726,0,0,3938,0,0,13961,16726,100.0,Turkish <takim@gnome.org.tr>
mingw-gtk4,4245,14,6,1515,4,1,3936,4265,99.53106682297772,Türkçe <gnome-turk@gnome.org>
mingw-gtksourceview3,322,0,0,106,0,0,291,322,100.0,Türkçe <gnome-turk@gnome.org>
mingw-hunspell,613,0,0,79,0,0,554,613,100.0,Turkish <https://hosted.weblate.org/projects/hunspell/translations/tr/>
mingw-json-glib,307,0,0,47,0,0,254,307,100.0,Türkçe <gnome-turk@gnome.org>
mingw-libcharset,15,31,296,4,8,34,16,342,4.385964912280701,Turkish <gnu-tr-u12a@lists.sourceforge.net>
mingw-libgovirt,103,0,0,23,0,0,89,103,100.0,Türkçe <gnome-turk@gnome.org>
mingw-libsoup,183,0,0,43,0,0,181,183,100.0,Türkçe <gnome-turk@gnome.org>
mingw-mediawriter,845,0,0,162,0,0,690,845,100.0,Turkish <https://translate.fedoraproject.org/projects/fedora-media-writer/mediawriter/tr/>
mingw-p11-kit,476,0,0,81,0,0,324,476,100.0,Turkish (http://www.transifex.com/freedesktop/p11-kit/language/tr/)
mingw-postgresql,10079,0,0,1469,0,0,8911,10079,100.0,
mingw-wxWidgets,6679,0,0,1523,0,0,5506,6679,100.0,Hakki Dogusan <dogusanh@tr.net>
mingw-wxWidgets3,7565,63,67,1764,42,47,6346,7695,98.31059129304744,Turkish (Turkey) (http://www.transifex.com/projects/p/wxwidgets_unofficial/language/tr_TR/)
minigalaxy,342,0,16,113,0,4,278,358,95.53072625698324,
minuet,534,0,0,203,0,0,541,534,100.0,Turkish <kde-l10n-tr@kde.org>
mkvtoolnix,25337,27,168,3094,2,9,21346,25532,99.23625254582484,Turkish (http://www.transifex.com/moritz-bunkus/mkvtoolnix/language/tr/)
mlocate,22,0,559,7,0,44,20,581,3.7865748709122204,Turkish (http://www.transifex.com/projects/p/fedora/language/tr/)
modem-manager-gui,1808,0,1495,481,0,86,1697,3303,54.73811686345746,Turkish (http://www.transifex.com/ethereal/modem-manager-gui/language/tr/)
monodevelop,7455,7503,8340,1732,2201,1365,6696,23298,31.998454802987382,Turkish <gnome-turk@gnome.org>
moodle,515,0,0,81,0,0,400,515,100.0,İTÜ BİDB <sistemdestek@itu.edu.tr>
moserial,544,0,83,132,0,20,488,627,86.76236044657098,Turkish <gnometurk@gnome.org>
mousepad,1700,0,0,428,0,0,1425,1700,100.0,Turkish (http://app.transifex.com/xfce/xfce-apps/language/tr/)
mousetweaks,131,0,0,34,0,0,124,131,100.0,Türkçe <gnome-turk@gnome.org>
mozo,46,0,0,24,0,0,45,46,100.0,Turkish (https://app.transifex.com/mate/teams/13566/tr/)
msitools,85,0,0,29,0,0,80,85,100.0,Türkçe <gnome-turk@gnome.org>
mtpaint,752,0,2707,302,0,705,691,3459,21.740387395200926,Turkish <tr@li.org>
muffin,1219,0,0,144,0,0,1056,1219,100.0,Türkçe <gnome-turk@gnome.org>
multimedia-menus,56,0,0,22,0,0,53,56,100.0,Turkishh <fedora-trans-tr@redhat.com>
mutt,6717,8,4,1417,2,1,6352,6729,99.82166740971913,https://gitlab.com/bitigchi/mutt
mutter,1358,0,0,147,0,0,1151,1358,100.0,Türkçe <takim@gnome.org.tr>
mypaint,6407,0,0,1272,0,0,5625,6407,100.0,Turkish <https://hosted.weblate.org/projects/mypaint/mypaint/tr/>
nano,3434,0,52,620,0,12,2867,3486,98.5083189902467,Turkish <gnome-turk@gnome.org>
nautilus,5429,0,0,1118,0,0,4288,5429,100.0,Turkish <takim@gnome.org.tr>
ncmpc,713,0,0,276,0,0,712,713,100.0,Turkish <https://hosted.weblate.org/projects/ncmpc/translations/tr/>
nemiver,1341,0,0,340,0,0,1185,1341,100.0,Türkçe <gnome-turk@gnome.org>
neochat,4352,0,0,1089,0,0,3864,4352,100.0,Turkish <kde-l10n-tr@kde.org>
neomutt,8116,0,0,1682,0,0,7579,8116,100.0,https://github.com/neomutt/neomutt
neon,76,265,403,14,49,82,57,744,10.21505376344086,tr
neovim,9060,0,20,1651,0,2,8557,9080,99.77973568281938,Turkish <https://github.com/bitigchi/neovim>
network-manager-applet,4439,0,0,874,0,0,3959,4439,100.0,Turkish <gnometurk@gnome.org>
newsbeuter,976,140,226,257,20,57,880,1342,72.72727272727273,Türkçe <en@li.org>
newsboat,2098,0,0,439,0,0,1900,2098,100.0,https://github.com/bitigchi/newsboat
newt,4,0,0,4,0,0,4,4,100.0,Turkish <debian-l10n-turkish@lists.debian.org>
nfoview,99,0,9,30,0,7,98,108,91.66666666666666,Turkish (http://app.transifex.com/otsaloma/nfoview/language/tr/)
nicotine+,5038,0,0,1272,0,0,4730,5038,100.0,Turkish <https://hosted.weblate.org/projects/nicotine-plus/nicotine-plus/tr/>
noggin,679,340,779,129,49,118,546,1798,37.76418242491658,Turkish <https://translate.fedoraproject.org/projects/fedora-infra/noggin/tr/>
notejot,5,25,459,5,9,102,5,489,1.0224948875255624,
notification-daemon,17,0,0,7,0,0,15,17,100.0,Turkish <gnome-turk@gnome.org>
novnc,127,0,0,67,0,0,138,127,100.0,Türkçe <gnome-turk@gnome.org>
nutty,487,9,112,136,5,11,487,608,80.09868421052632,Turkish <https://hosted.weblate.org/projects/nutty/translations/tr/>
obconf,670,0,68,143,0,13,557,738,90.78590785907859,Turkish
obs-cef,0,0,0,0,0,0,0,0,0.0,
okteta,2531,7,0,616,2,0,2089,2538,99.72419227738378,Turkish <kde-l10n-tr@kde.org>
okular,5864,0,0,1281,0,0,5079,5864,100.0,Turkish <kde-l10n-tr@kde.org>
onionshare,4844,0,0,196,0,0,3893,4844,100.0,tr <LL@li.org>
openbox,473,0,33,90,0,4,416,506,93.47826086956522,Turkish <gnome-turk@gnome.org>
openconnect,5798,0,3733,1024,0,541,5516,9531,60.83307103137131,Turkish <gnome-turk@gnome.org>
opensp,5771,0,0,722,0,0,5099,5771,100.0,Turkish <gnu-tr-u12a@lists.sourceforge.net>
optiimage,145,0,0,45,0,0,130,145,100.0,Turkish <kde-l10n-tr@kde.org>
optimizer,0,0,282,0,0,75,0,282,0.0,none
orage,2304,0,0,912,0,0,2065,2304,100.0,Turkish (https://www.transifex.com/xfce/teams/16840/tr/)
orca,5608,0,0,1790,0,0,5083,5608,100.0,Turkish <takim@gnome.org.tr>
osinfo-db-tools,222,0,0,43,0,0,203,222,100.0,Turkish <https://translate.fedoraproject.org/projects/libosinfo/osinfo-db-tools/tr/>
osmo,1478,0,293,608,0,90,1390,1771,83.45567476002259,Hedef Türkçe <iletisim@hedefturkce.com>
paprefs,131,0,6,23,0,2,123,137,95.62043795620438,Turkish <https://translate.fedoraproject.org/projects/pulseaudio/paprefs/tr/>
paraview,77,0,0,26,0,0,72,77,100.0,Turkish (https://www.transifex.com/readthedocs/teams/101354/tr/)
parcellite,62,70,24,25,17,10,62,156,39.743589743589745,Turkish
parley,3433,0,0,729,0,0,2928,3433,100.0,Turkish <kde-l10n-tr@kde.org>
parole,1141,0,6,296,0,3,1042,1147,99.4768962510898,Turkish (http://app.transifex.com/xfce/xfce-apps/language/tr/)
parted,4055,263,310,519,30,28,3386,4628,87.61884183232497,Turkish <gnu-tr-u12a@lists.sourceforge.net>
pastebinit,195,0,0,29,0,0,161,195,100.0,Turkish <tr@li.org>
pavucontrol,526,8,332,147,4,28,483,866,60.739030023094685,Turkish <https://translate.fedoraproject.org/projects/pulseaudio/pavucontrol/tr/>
pbuilder,96,0,0,9,0,0,93,96,100.0,Debian L10n Turkish <debian-l10n-turkish@lists.debian.org>
pdfarranger,563,0,0,197,0,0,519,563,100.0,Türkçe <takim@gnome.org.tr>
peek,300,21,243,59,5,33,259,564,53.191489361702125,Turkish <https://hosted.weblate.org/projects/peek/translations/tr/>
phodav,63,0,0,17,0,0,58,63,100.0,Turkish <gnome-turk@gnome.org>
phonon,327,0,0,59,0,0,275,327,100.0,Turkish <kde-l10n-tr@kde.org>
phonon-backend-gstreamer,0,104,0,0,15,0,0,104,0.0,Turkish (http://www.transifex.com/projects/p/qt-k-tr/language/tr/)
phonon-backend-vlc,27,0,0,3,0,0,25,27,100.0,Turkish <kde-l10n-tr@kde.org>
phosh,553,0,0,205,0,0,492,553,100.0,Turkish <takim@gnome.org.tr>
phosh-mobile-settings,540,0,0,149,0,0,474,540,100.0,Turkish <takim@gnome.org.tr>
picard,2914,40,14111,1423,3,2697,2829,17065,17.075886317023148,Turkish <https://translations.metabrainz.org/projects/picard/2/app/tr/>
picmi,202,0,0,116,0,0,211,202,100.0,Turkish <kde-l10n-tr@kde.org>
pidgin,13653,0,341,3127,0,64,11820,13994,97.56324138916679,Turkish (http://app.transifex.com/pidgin/pidgin/language/tr/)
pidgin-birthday-reminder,20,0,269,13,0,53,19,289,6.920415224913495,Turkish (http://www.transifex.com/kgraefe/pidgin-birthday-reminder/language/tr/)
pidgin-sipe,1119,0,0,273,0,0,998,1119,100.0,Turkish (http://www.transifex.com/stefanb/pidgin-sipe/language/tr/)
pim-data-exporter,794,0,0,200,0,0,771,794,100.0,Turkish <kde-l10n-tr@kde.org>
pim-sieve-editor,459,0,0,122,0,0,427,459,100.0,Turkish <kde-l10n-tr@kde.org>
pimcommon,915,0,0,218,0,0,774,915,100.0,Turkish <kde-l10n-tr@kde.org>
pingus,2220,0,3175,215,0,231,1775,5395,41.149212233549584,"Giray Devlet <giray@devlet.cc>, Cağrı Çöltekin <cagri@metu.edu.tr>"
pinta,1593,0,153,506,0,31,1535,1746,91.23711340206185,Turkish <tr@li.org>
pipewire,682,0,0,116,0,0,594,682,100.0,Türkçe <takim@gnome.org.tr>
pipewire-media-session,5,0,0,3,0,0,5,5,100.0,Turkish <https://translate.fedoraproject.org/projects/pipewire/pipewire/tr/>
pitivi,2482,0,0,545,0,0,2076,2482,100.0,Turkish <gnome-turk@gnome.org>
plank,189,0,0,50,0,0,196,189,100.0,Turkish <tr@li.org>
plasma-bigscreen,228,0,0,93,0,0,219,228,100.0,Turkish <kde-l10n-tr@kde.org>
plasma-breeze,254,0,0,91,0,0,266,254,100.0,Turkish <kde-l10n-tr@kde.org>
plasma-browser-integration,127,0,0,25,0,0,103,127,100.0,Turkish <kde-l10n-tr@kde.org>
plasma-desktop,7420,0,0,1648,0,0,6844,7420,100.0,Turkish <kde-l10n-tr@kde.org>
plasma-dialer,153,0,0,60,0,0,151,153,100.0,Turkish <kde-l10n-tr@kde.org>
plasma-discover,3678,0,0,737,0,0,3171,3678,100.0,Turkish <kde-l10n-tr@kde.org>
plasma-disks,205,0,0,19,0,0,171,205,100.0,Turkish <kde-l10n-tr@kde.org>
plasma-drkonqi,1925,0,0,200,0,0,1608,1925,100.0,Turkish <kde-l10n-tr@kde.org>
plasma-firewall,393,0,0,145,0,0,394,393,100.0,Turkish <kde-l10n-tr@kde.org>
plasma-integration,72,0,0,24,0,0,68,72,100.0,Turkish <kde-l10n-tr@kde.org>
plasma-mediacenter,83,0,0,37,0,0,82,83,100.0,Turkish <kde-l10n-tr@kde.org>
plasma-milou,10,0,0,4,0,0,11,10,100.0,Turkish <kde-l10n-tr@kde.org>
plasma-mobile,2256,0,0,1082,0,0,2155,2256,100.0,Turkish <kde-l10n-tr@kde.org>
plasma-nano,33,0,0,10,0,0,30,33,100.0,Turkish <kde-l10n-tr@kde.org>
plasma-nm,5590,0,0,1338,0,0,5203,5590,100.0,Turkish <kde-l10n-tr@kde.org>
plasma-oxygen,794,0,0,292,0,0,807,794,100.0,Turkish <kde-l10n-tr@kde.org>
plasma-pa,382,0,0,117,0,0,387,382,100.0,Turkish <kde-l10n-tr@kde.org>
plasma-pass,22,0,0,6,0,0,19,22,100.0,Turkish <kde-l10n-tr@kde.org>
plasma-phonebook,73,0,0,33,0,0,72,73,100.0,Turkish <kde-l10n-tr@kde.org>
plasma-pk-updates,2077,4,0,399,1,0,1626,2081,99.80778471888515,Turkish <kde-l10n-tr@kde.org>
plasma-print-manager,1382,0,0,363,0,0,1249,1382,100.0,Turkish <kde-l10n-tr@kde.org>
plasma-sdk,934,0,0,303,0,0,862,934,100.0,Turkish <kde-l10n-tr@kde.org>
plasma-settings,68,0,0,18,0,0,80,68,100.0,Turkish <kde-l10n-tr@kde.org>
plasma-systemmonitor,611,0,0,193,0,0,590,611,100.0,Turkish <kde-l10n-tr@kde.org>
plasma-systemsettings,128,0,0,35,0,0,133,128,100.0,Turkish <kde-l10n-tr@kde.org>
plasma-thunderbolt,174,0,0,39,0,0,153,174,100.0,Turkish <kde-l10n-tr@kde.org>
plasma-vault,874,0,0,102,0,0,657,874,100.0,Turkish <kde-l10n-tr@kde.org>
plasma-welcome,1603,0,0,151,0,0,1361,1603,100.0,Turkish <kde-l10n-tr@kde.org>
plasma-workspace,12568,3,0,3010,1,0,11618,12571,99.97613555007557,Turkish <kde-l10n-tr@kde.org>
plasma-workspace-x11,12568,3,0,3010,1,0,11618,12571,99.97613555007557,Turkish <kde-l10n-tr@kde.org>
plasma5support,402,0,0,182,0,0,396,402,100.0,Turkish <kde-l10n-tr@kde.org>
plasmatube,517,0,0,191,0,0,510,517,100.0,Turkish <kde-l10n-tr@kde.org>
playonlinux,869,0,1859,211,0,238,763,2728,31.85483870967742,Turkish <tr@li.org>
pluma,6470,0,6643,1578,0,512,5746,13113,49.34034927171509,Turkish (https://app.transifex.com/mate/teams/13566/tr/)
pluma-plugins,635,0,770,86,0,59,576,1405,45.195729537366546,Turkish (https://app.transifex.com/mate/teams/13566/tr/)
plymouth,14,0,2,5,0,2,11,16,87.5,Turkish <https://translate.fedoraproject.org/projects/plymouth/master/tr/>
plymouth-kcm,93,0,0,20,0,0,74,93,100.0,Turkish <kde-l10n-tr@kde.org>
pmount,31,0,692,5,0,58,23,723,4.287690179806362,Turkish <tr@li.org>
poedit,5091,0,0,1046,0,0,4539,5091,100.0,Turkish
pogo,576,0,0,101,0,0,446,576,100.0,Turkish <tr@li.org>
polari,2033,0,0,269,0,0,1582,2033,100.0,Turkish <gnome-turk@gnome.org>
policycoreutils,2055,71,4235,383,11,606,1853,6361,32.30624115705078,Turkish <https://translate.fedoraproject.org/projects/selinux/gui/tr/>
polkit,239,0,0,27,0,0,231,239,100.0,Türkçe <takim@gnome.org.tr>
polkit-gnome,130,0,155,33,0,13,111,285,45.614035087719294,Turkish <gnome-turk@gnome.org>
polkit-kde,59,0,0,23,0,0,67,59,100.0,Turkish <kde-l10n-tr@kde.org>
popt,84,0,6,31,0,1,85,90,93.33333333333333,Turkish <https://translate.fedoraproject.org/projects/popt/master/tr/>
postgresql-jdbc,1503,358,721,169,45,101,1138,2582,58.21068938807126,Turkish <pgsql-tr-genel@PostgreSQL.org>
postgresql15,21662,867,99,3457,138,21,19388,22628,95.73095280183843,Turkish <ceviri@postgresql.org.tr>
postgresql16,60206,4225,3027,8415,545,299,53148,67458,89.24960716297548,Turkish <ceviri@postgresql.org.tr>
powerdevil,1721,15,0,344,1,0,1526,1736,99.13594470046083,Turkish <kde-l10n-tr@kde.org>
powertop,93,39,566,30,11,161,89,698,13.32378223495702,Turkish (Turkey) (http://www.transifex.com/projects/p/PowerTOP/language/tr_TR/)
pragha,653,0,237,212,0,64,597,890,73.37078651685394,Turkish (http://www.transifex.com/p/Pragha/language/tr/)
prusa-slicer,39535,0,5120,6927,0,642,33478,44655,88.53431866532303,
pspp,4375,3059,7605,1250,621,896,4127,15039,29.091029988696054,Turkish <gnu-tr-u12a@lists.sourceforge.net>
ptyxis,1547,0,0,378,0,0,1342,1547,100.0,Turkish <takim@gnome.org.tr>
publican,0,0,861,0,0,45,0,861,0.0,None
pulseaudio,3786,0,0,572,0,0,3375,3786,100.0,Turkish <https://translate.fedoraproject.org/projects/pulseaudio/pulseaudio/tr/>
pychess,1093,0,6499,395,0,1073,974,7592,14.396733403582719,Turkish (http://www.transifex.com/gbtami/pychess/language/tr/)
pyhoca-gui,1812,47,6,396,5,1,1683,1865,97.15817694369974,Turkish <x2go-i18n@lists.x2go.org>
pykickstart,1604,24,0,178,2,0,1339,1628,98.52579852579852,Turkish <https://translate.fedoraproject.org/projects/pykickstart/master/tr/>
python-SecretStorage,64,0,0,10,0,0,44,64,100.0,Türkçe <takim@gnome.org.tr>
python-apt,157,160,227,41,39,38,164,544,28.860294117647058,Turkish <tr@li.org>
python-blivet,605,0,0,81,0,0,517,605,100.0,Turkish <https://translate.fedoraproject.org/projects/blivet/blivet-master/tr/>
python-caja,6,0,0,2,0,0,6,6,100.0,Turkish (https://www.transifex.com/mate/teams/13566/tr/)
python-django,3844,0,0,885,0,0,3502,3844,100.0,Turkish (http://www.transifex.com/django/django/language/tr/)
python-django-allauth,571,419,535,110,43,93,493,1525,37.44262295081967,Turkish (http://www.transifex.com/projects/p/django-allauth/language/tr/)
python-django-contrib-comments,250,0,0,61,0,0,233,250,100.0,Turkish (http://www.transifex.com/django/django-contrib-comments/language/tr/)
python-django-formtools,32,0,0,11,0,0,27,32,100.0,Turkish (http://www.transifex.com/projects/p/django-formtools/language/tr/)
python-django-mailman3,355,0,0,72,0,0,291,355,100.0,Turkish <https://hosted.weblate.org/projects/gnu-mailman/django-mailman3/tr/>
python-django-rest-framework,1109,0,295,187,0,63,979,1404,78.98860398860398,Turkish (Turkey) (http://www.transifex.com/django-rest-framework-1/django-rest-framework/language/tr_TR/)
python-django-taggit,28,0,1,11,0,1,28,29,96.55172413793103,LANGUAGE <LL@li.org>
python-django4.2,3844,0,0,885,0,0,3502,3844,100.0,Turkish (http://www.transifex.com/django/django/language/tr/)
python-fedora,67,0,147,20,0,9,57,214,31.308411214953267,Turkish (http://www.transifex.com/projects/p/python-fedora/language/tr/)
python-flask-admin,367,0,0,112,0,0,342,367,100.0,Turkish
python-flask-security-too,289,14,891,65,2,150,226,1194,24.204355108877724,
python-formencode,642,43,128,88,5,22,522,813,78.96678966789668,Oktay Sancak <oktaysancak@gmail.com>
python-humanize,118,0,14,62,0,5,98,132,89.39393939393939,Turkish
python-hyperkitty,951,0,0,265,0,0,865,951,100.0,Turkish <https://hosted.weblate.org/projects/gnu-mailman/hyperkitty/tr/>
python-manatools,4,0,0,4,0,0,4,4,100.0,Turkish (https://www.transifex.com/MageiaLinux/teams/9361/tr/)
python-meh,109,0,0,23,0,0,86,109,100.0,Turkish <https://translate.fedoraproject.org/projects/python-meh/master/tr/>
python-nikola,94,0,0,44,0,0,97,94,100.0,Turkish (http://app.transifex.com/ralsina/nikola/language/tr/)
python-postorius,5052,2,0,630,1,0,4234,5054,99.9604273842501,Turkish <https://hosted.weblate.org/projects/gnu-mailman/postorius/tr/>
python-pycryptodomex,77,0,0,26,0,0,72,77,100.0,Turkish (https://www.transifex.com/readthedocs/teams/101354/tr/)
python-simpleline,42,0,0,16,0,0,42,42,100.0,Turkish <https://translate.fedoraproject.org/projects/python-simpleline/master/tr/>
python-sphinx,3380,0,1582,572,0,183,3035,4962,68.11769447803306,Turkish (http://app.transifex.com/sphinx-doc/sphinx-1/language/tr/)
python-sphinx_rtd_theme,77,0,0,26,0,0,72,77,100.0,Turkish (https://www.transifex.com/readthedocs/teams/101354/tr/)
python-sphinxcontrib-devhelp,0,0,18,0,0,2,0,18,0.0,Turkish (https://www.transifex.com/sphinx-doc/teams/36659/tr/)
python-sphinxcontrib-htmlhelp,25,0,0,5,0,0,23,25,100.0,Turkish (https://www.transifex.com/sphinx-doc/teams/36659/tr/)
python-sphinxcontrib-qthelp,0,0,33,0,0,3,0,33,0.0,Turkish (https://www.transifex.com/sphinx-doc/teams/36659/tr/)
python-sphinxcontrib-serializinghtml,18,0,0,2,0,0,12,18,100.0,Turkish (https://www.transifex.com/sphinx-doc/teams/36659/tr/)
python-uranium,706,0,0,165,0,0,578,706,100.0,LANGUAGE <LL@li.org>
python-wtforms,166,0,23,30,0,3,144,189,87.83068783068782,tr <melihcar@gmail.com>
python-wxpython4,7837,0,0,1965,0,0,6769,7837,100.0,Turkish (Turkey) (http://www.transifex.com/klyok/wxwidgets/language/tr_TR/)
python-ytmusicapi,18,0,1,18,0,1,24,19,94.73684210526315,
qemu,35,0,0,19,0,0,34,35,100.0,Türkçe <>
qmlkonsole,161,0,0,53,0,0,143,161,100.0,Turkish <kde-l10n-tr@kde.org>
qrca,140,0,0,50,0,0,130,140,100.0,Turkish <kde-l10n-tr@kde.org>
quadrapassel,460,0,0,82,0,0,341,460,100.0,Türkçe <gnome-turk@gnome.org>
quassel,4872,0,3490,1186,0,521,4389,8362,58.26357330782109,Turkish (http://www.transifex.com/quassel/quassel/language/tr/)
quodlibet,7897,0,22,1687,0,2,7050,7919,99.72218714484153,Turkish <https://hosted.weblate.org/projects/quodlibet/quodlibet/tr/>
radeontop,42,0,160,7,0,25,31,202,20.792079207920793,Turkish <tr@li.org>
rapid-photo-downloader,8062,0,24,921,0,3,6664,8086,99.70319069997527,Turkish <tr@li.org>
ravada,2661,0,0,716,0,0,2217,2661,100.0,Turkish <https://hosted.weblate.org/projects/ravada/translation/tr/>
realmd,789,28,16,127,4,3,720,833,94.71788715486194,Turkish (http://www.transifex.com/freedesktop/realmd/language/tr/)
recapp,156,0,0,43,0,0,131,156,100.0,Turkish <umitsolmaz@alvehe.com>
recode,402,346,6,60,15,4,375,754,53.315649867374006,Turkish <gnu-tr-u12a@lists.sourceforge.net>
redhat-menus,246,5,10,78,3,5,238,261,94.25287356321839,Turkish <fedora-trans-tr@redhat.com>
rednotebook,1278,0,0,276,0,0,1137,1278,100.0,Turkish <https://hosted.weblate.org/projects/rednotebook/desktop-app/tr/>
redshift,74,0,954,34,0,117,71,1028,7.198443579766536,Turkish <tr@li.org>
regextester,0,0,104,0,0,31,0,104,0.0,none
rekonq,2202,0,0,593,0,0,2065,2202,100.0,Turkish <kde-l10n-tr@kde.org>
remmina,5385,0,11,998,0,2,4827,5396,99.79614529280948,Turkish <https://hosted.weblate.org/projects/remmina/remmina/tr/>
renameutils,82,109,74,16,23,15,91,265,30.943396226415093,Turkish <gnu-tr-u12a@lists.sourceforge.net>
renderdoc,77,0,0,26,0,0,72,77,100.0,Turkish (https://www.transifex.com/readthedocs/teams/101354/tr/)
retrace-server,433,0,0,56,0,0,343,433,100.0,Turkish <https://translate.fedoraproject.org/projects/abrt/retrace-server/tr/>
reuse,928,119,523,133,18,27,772,1570,59.10828025477707,Turkish <https://hosted.weblate.org/projects/fsfe/reuse-tool/tr/>
rhythmbox,3781,0,0,952,0,0,3234,3781,100.0,Turkish <takim@gnome.org.tr>
rhythmbox-alternative-toolbar,354,0,0,108,0,0,345,354,100.0,
ristretto,674,0,0,210,0,0,613,674,100.0,Turkish (http://app.transifex.com/xfce/xfce-apps/language/tr/)
rizin,1379,0,0,159,0,0,1223,1379,100.0,Turkish <gnome-turk@gnome.org>
rkward,6251,911,2481,852,142,196,5203,9643,64.82422482629887,Turkish <kde-l10n-tr@kde.org>
rocs,1480,0,0,314,0,0,1266,1480,100.0,Turkish <kde-l10n-tr@kde.org>
rpm,2411,8,2313,481,2,427,2146,4732,50.95097210481826,Turkish <https://translate.fedoraproject.org/projects/rpm/master/tr/>
rpm-ostree,1480,0,0,229,0,0,1341,1480,100.0,Turkish <https://translate.fedoraproject.org/projects/dnf/libdnf-dnf-4-master/tr/>
rsibreak,1098,0,111,153,0,7,835,1209,90.81885856079404,Turkish <yerellestirme@kde.org.tr>
rt,4076,0,9801,1142,0,2037,3702,13877,29.372342725372917,Turkish <tr@li.org>
ruqola,6133,1882,504,1357,507,100,5536,8519,71.99201784246976,Turkish <kde-l10n-tr@kde.org>
rust,77,0,0,26,0,0,72,77,100.0,Turkish (https://www.transifex.com/readthedocs/teams/101354/tr/)
rygel,1632,0,0,302,0,0,1345,1632,100.0,Türkçe <takim@gnome.org.tr>
sakura,203,0,5,69,0,1,202,208,97.59615384615384,Turkish <tr_TR>
samba,519,5,0,127,1,0,477,524,99.04580152671755,French <debian-l10n-french@lists.debian.org>
sawfish,1154,1547,3742,338,313,331,1082,6443,17.910911066273474,GNOME Turk <gnome-turk@gnome.org>
scons,48,0,0,22,0,0,49,48,100.0,
scratch,1464,0,6,622,0,4,1481,1470,99.59183673469387,LANGUAGE <LL@li.org>
scummvm,1935,1724,11942,462,527,1469,1684,15601,12.403051086468816,Turkish <https://translations.scummvm.org/projects/scummvm/scummvm/tr/>
sdcc,4098,0,0,592,0,0,3794,4098,100.0,Turkish <gnu-tr-u12a@lists.sourceforge.net>
sddm-kcm,215,0,0,42,0,0,194,215,100.0,Turkish <kde-l10n-tr@kde.org>
seahorse,2378,0,0,540,0,0,1990,2378,100.0,Turkish <gnome-turk@gnome.org>
seahorse-caja,411,10,0,109,1,0,367,421,97.62470308788599,Turkish <gnome-turk@gnome.org>
seahorse-nautilus,490,0,0,124,0,0,430,490,100.0,Türkçe <gnome-turk@gnome.org>
secrets,1170,0,0,365,0,0,1047,1170,100.0,Türkçe <takim@gnome.org.tr>
sed,817,0,0,146,0,0,750,817,100.0,Turkish <gnome-turk@gnome.org>
sequeler,406,0,0,134,0,0,388,406,100.0,Turkish <https://hosted.weblate.org/projects/sequeler/translations/tr/>
setroubleshoot,640,0,0,168,0,0,585,640,100.0,Turkish <https://translate.fedoraproject.org/projects/setroubleshoot/setroubleshoot/tr/>
setroubleshoot-plugins,0,0,6246,0,0,226,0,6246,0.0,none
setuptool,47,8,0,13,1,0,46,55,85.45454545454545,Turkish <fedora-trans-tr@redhat.com>
shadow-utils,1118,1988,1739,221,261,207,1044,4845,23.07533539731682,Türkçe <tr@li.org>
shared-mime-info,1929,0,337,743,0,128,2062,2266,85.12797881729921,Turkish (http://app.transifex.com/freedesktop/shared-mime-info/language/tr/)
sharutils,476,191,2480,112,37,155,430,3147,15.125516364791865,Turkish <gnu-tr-u12a@lists.sourceforge.net>
shotwell,6675,0,0,1239,0,0,5303,6675,100.0,Türkçe <gnome-turk@gnome.org>
shutter,3066,0,27,605,0,1,2673,3093,99.1270611057226,Turkish <tr@li.org>
sigil,592,21,0,78,1,0,531,613,96.5742251223491,Turkish <https://hosted.weblate.org/projects/hunspell/translations/tr/>
simple-ccsm,11,54,97,9,31,24,12,162,6.790123456790123,Turkish <yerellestirme@kde.org.tr>
simple-scan,2197,0,0,325,0,0,1752,2197,100.0,<takim@gnome.org.tr>
skanlite,186,0,0,63,0,0,168,186,100.0,Turkish <kde-l10n-tr@kde.org>
skanpage,358,0,0,122,0,0,343,358,100.0,Turkish <kde-l10n-tr@kde.org>
skladnik,154,0,0,47,0,0,133,154,100.0,Turkish <kde-l10n-tr@kde.org>
skrooge,9556,2151,474,2206,179,115,8106,12181,78.45004515228635,Turkish <kde-l10n-tr@kde.org>
skychart,782,116,5832,215,8,1692,712,6730,11.61961367013373,
slick-greeter,216,0,0,49,0,0,201,216,100.0,Turkish <tr@li.org>
slrn,4341,690,320,802,66,82,3770,5351,81.12502336011961,Turkish
smb4k,6117,315,130,646,30,10,4926,6562,93.21853093569034,Turkish <kde-l10n-tr@kde.org>
snapd,748,0,3559,164,0,317,663,4307,17.36707685163687,Turkish <tr@li.org>
snapper,163,449,480,60,116,76,174,1092,14.926739926739927,Turkish <https://l10n.opensuse.org/projects/snapper/master/tr/>
snapshot,228,0,0,81,0,0,217,228,100.0,Turkish <takim@gnome.org.tr>
solaar,1834,0,0,455,0,0,1638,1834,100.0,
sos,54,34,35,11,7,12,53,123,43.90243902439025,Turkish <none>
sound-juicer,1254,0,0,226,0,0,1103,1254,100.0,Türkçe <takim@gnome.org.tr>
soundconverter,510,0,0,129,0,0,470,510,100.0,Turkish <Free (Not in Team)>
soundtracker,1092,1169,2362,318,384,505,970,4623,23.621025308241403,Turkish <gnu-tr-u12a@lists.sourceforge.net>
spacebar,278,0,0,98,0,0,276,278,100.0,Turkish <kde-l10n-tr@kde.org>
spacefm,619,0,8459,267,0,1355,597,9078,6.8186825291914515,Turkish (http://www.transifex.com/ignorantguru/spacefm/language/tr/)
spectacle,1758,0,0,335,0,0,1571,1758,100.0,Turkish <kde-l10n-tr@kde.org>
speedcrunch,0,0,93,0,0,10,0,93,0.0,Turkish (Turkey) (http://www.transifex.com/heldercorreia/speedcrunch/language/tr_TR/)
speedtest,36,0,0,13,0,0,35,36,100.0,Türkçe <takim@gnome.org.tr>
squeekboard,13,0,0,6,0,0,10,13,100.0,Turkish <gnometurk@gnome.org>
sssd,4649,46,113,705,8,10,4218,4808,96.69301164725458,Turkish <https://translate.fedoraproject.org/projects/sssd/sssd-2-9/tr/>
startdde,24,0,0,6,0,0,22,24,100.0,Turkish (https://www.transifex.com/linuxdeepin/teams/3617/tr/)
stellarium,62056,0,146084,22734,0,23299,57057,208140,29.814547900451622,Turkish (https://app.transifex.com/stellarium/teams/80998/tr/)
step,4270,0,0,996,0,0,3431,4270,100.0,Turkish <kde-l10n-tr@kde.org>
subtitleeditor,2419,0,878,664,0,176,2142,3297,73.36973005762815,Turkish <tr@li.org>
sudo,2087,0,1477,322,0,224,1808,3564,58.557800224466895,Turkish <gnu-tr-u12a@lists.sourceforge.net>
sugar,408,29,1868,137,9,383,380,2305,17.700650759219087,LANGUAGE <LL@li.org>
sugar-browse,58,18,258,24,2,45,51,334,17.365269461077844,LANGUAGE <LL@li.org>
sugar-calculator,362,71,433,86,15,68,291,866,41.801385681293304,LANGUAGE <LL@li.org>
sugar-chat,54,3,80,33,1,47,52,137,39.416058394160586,LANGUAGE <LL@li.org>
sugar-clock,1,0,65,1,0,20,1,66,1.5151515151515151,LANGUAGE <LL@li.org>
sugar-distance,72,4,23,14,1,11,60,99,72.72727272727273,LANGUAGE <LL@li.org>
sugar-imageviewer,16,0,42,8,0,8,17,58,27.586206896551722,LANGUAGE <LL@li.org>
sugar-implode,0,0,77,0,0,20,0,77,0.0,LANGUAGE <LL@li.org>
sugar-log,41,4,53,13,1,7,34,98,41.83673469387755,LANGUAGE <LL@li.org>
sugar-memorize,24,8,110,13,7,54,26,142,16.901408450704224,LANGUAGE <LL@li.org>
sugar-physics,1,0,47,1,0,27,1,48,2.083333333333333,LANGUAGE <LL@li.org>
sugar-pippy,40,16,219,16,2,49,34,275,14.545454545454545,LANGUAGE <LL@li.org>
sugar-read,41,0,96,21,0,29,42,137,29.927007299270077,LANGUAGE <LL@li.org>
sugar-record,20,0,42,12,0,12,15,62,32.25806451612903,LANGUAGE <LL@li.org>
sugar-stopwatch,2,0,3,2,0,3,2,5,40.0,LANGUAGE <LL@li.org>
sugar-terminal,6,0,115,4,0,22,5,121,4.958677685950414,LANGUAGE <LL@li.org>
sugar-toolkit-gtk3,156,0,57,109,0,14,154,213,73.23943661971832,LANGUAGE <LL@li.org>
sugar-turtleart,57,13,1389,40,9,386,57,1459,3.906785469499657,LANGUAGE <walter@sugarlabs.org>
sugar-write,63,0,58,37,0,18,62,121,52.066115702479344,LANGUAGE <LL@li.org>
supertux,2105,0,930,595,0,340,1833,3035,69.35749588138385,Turkish (http://www.transifex.com/arctic-games/supertux/language/tr/)
supertuxkart,5958,0,1,1109,0,1,5118,5959,99.98321866084913,Turkish (http://www.transifex.com/supertuxkart/supertuxkart/language/tr/)
sushi,54,0,0,14,0,0,39,54,100.0,Turkish <takim@gnome.org.tr>
svgpart,3,0,0,2,0,0,4,3,100.0,Turkish (http://www.transifex.com/projects/p/kdegraphics-k-tr/language/tr/)
swappy,19,0,5,8,0,2,20,24,79.16666666666666,none
sweeper,228,0,0,50,0,0,193,228,100.0,Turkish <kde-l10n-tr@kde.org>
swell-foop,1021,0,0,151,0,0,784,1021,100.0,Turkish <tr@li.org>
switchdesk,16,85,21,3,9,7,15,122,13.114754098360656,<en@li.org>
sylpheed,6874,281,59,1730,52,15,6137,7214,95.28694205711116,Turkish <gnu-tr-u12a@lists.sourceforge.net>
sympa,1444,6089,29009,368,1167,2035,1230,36542,3.9516173170598217,Türkçe
synapse,234,0,622,98,0,136,207,856,27.33644859813084,Turkish <tr@li.org>
syncevolution,89,127,903,38,41,81,96,1119,7.953529937444147,MeeGo Türkçe
synfig,109,0,4770,73,0,1102,104,4879,2.2340643574502974,Turkish (http://www.transifex.com/morevnaproject/synfig/language/tr/)
synfigstudio,2140,0,5231,769,0,947,2065,7371,29.032695699362364,Turkish (http://www.transifex.com/morevnaproject/synfig/language/tr/)
sysprof,967,0,0,311,0,0,926,967,100.0,Turkish <takim@gnome.org.tr>
sysstat,851,0,0,83,0,0,805,851,100.0,Turkish <gnome-turk@gnome.org>
system-config-language,60,55,100,13,5,13,48,215,27.906976744186046,Turkish <hasanalpinan@gmail.com>
system-config-printer,3508,2,4,922,1,5,3221,3514,99.82925441092772,Turkish <https://translate.fedoraproject.org/projects/system-config-printer/master/tr/>
system-config-rootpassword,15,26,75,3,5,11,11,116,12.931034482758621,Turkish <fedora-trans-tr@redhat.com>
system-switch-java,81,0,0,11,0,0,72,81,100.0,Turkish <none>
system-switch-mail,9,88,4,6,8,3,9,101,8.91089108910891,Turkish <fedora-trans-list@redhat.com>
systemd,1568,0,231,200,0,27,1455,1799,87.15953307392996,Turkish <https://translate.fedoraproject.org/projects/systemd/master/tr/>
tali,438,0,0,100,0,0,372,438,100.0,Türkçe <gnome-turk@gnome.org>
tar,3466,180,31,578,17,3,3140,3677,94.26162632580908,Turkish <gnome-turk@gnome.org>
taxi,0,0,62,0,0,15,0,62,0.0,LANGUAGE <LL@li.org>
tecla,6,0,0,3,0,0,7,6,100.0,Turkish <takim@gnome.org.tr>
tellico,5358,0,0,1263,0,0,4682,5358,100.0,Turkish <kde-l10n-tr@kde.org>
template-glib,23,0,0,4,0,0,19,23,100.0,Turkish <gnome-turk@gnome.org>
tepl,306,0,40,75,0,9,243,346,88.4393063583815,Turkish <gnometurk@gnome.org>
terminator,569,0,953,189,0,226,507,1522,37.385019710906704,Turkish (https://www.transifex.com/terminator/teams/109338/tr/)
terminology,982,0,0,233,0,0,925,982,100.0,Turkish <https://hosted.weblate.org/projects/terminology/terminology/tr/>
texi2html,974,384,285,62,67,52,867,1643,59.2818015824711,Turkish <gnu-tr-u12a@lists.sourceforge.net>
texinfo,4798,685,630,652,87,75,4156,6113,78.48846720104696,Turkish <gnome-turk@gnome.org>
thonny,1490,0,0,341,0,0,1342,1490,100.0,
thunar-archive-plugin,88,0,0,15,0,0,64,88,100.0,Turkish (http://www.transifex.com/xfce/thunar-plugins/language/tr/)
thunar-media-tags-plugin,158,0,0,60,0,0,143,158,100.0,Turkish (http://www.transifex.com/xfce/thunar-plugins/language/tr/)
thunar-vcs-plugin,774,0,0,307,0,0,761,774,100.0,Turkish (http://www.transifex.com/xfce/thunar-plugins/language/tr/)
thunar-volman,484,0,0,115,0,0,393,484,100.0,Turkish (http://www.transifex.com/xfce/thunar-volman/language/tr/)
tigervnc,1047,0,0,196,0,0,910,1047,100.0,Turkish <gnome-turk@gnome.org>
tilda,0,0,708,0,0,203,0,708,0.0,Turkish <tr@li.org>
tiled,151,17,29591,21,2,1873,121,29759,0.5074095231694613,Turkish <https://hosted.weblate.org/projects/tiled/documentation-index/tr/>
tilix,2810,0,0,722,0,0,2523,2810,100.0,Turkish <https://hosted.weblate.org/projects/tilix/manpage/tr/>
timeshift,2870,0,0,567,0,0,2770,2870,100.0,Turkish <tr@li.org>
tin,10303,1289,353,1478,106,71,9519,11945,86.25366262034323,Turkish <gnu-tr-u12a@lists.sourceforge.net>
tokodon,3212,0,0,976,0,0,3001,3212,100.0,Turkish <kde-l10n-tr@kde.org>
tomboy,3353,0,0,480,0,0,2839,3353,100.0,Turkish <gnome-turk@gnome.org>
transmission,2431,0,10,584,0,1,2237,2441,99.59033183121672,Turkish (https://app.transifex.com/transmissionbt/teams/33778/tr/)
transmission-remote-gtk,321,31,778,195,13,206,324,1130,28.407079646017696,Turkish <tr@li.org>
util-linux,17910,8057,2888,3439,1385,469,16437,28855,62.06896551724138,Turkish <gnome-turk@gnome.org>
vakzination,147,0,0,61,0,0,136,147,100.0,Turkish <kde-l10n-tr@kde.org>
variety,2013,0,798,339,0,44,1729,2811,71.61152614727855,Turkish (https://www.transifex.com/variety/teams/123174/tr/)
vdr,797,0,612,326,0,226,713,1409,56.56493967352733,Turkish <vdr@linuxtv.org>
vdr-epgsearch,0,0,2485,0,0,396,0,2485,0.0,Turkish <vdr@linuxtv.org>
vdr-extrecmenung,0,0,318,0,0,98,0,318,0.0,<vdr@linuxtv.org>
vdr-screenshot,35,0,0,14,0,0,33,35,100.0,Turkish <vdr@linuxtv.org>
vdr-skinenigmang,0,0,334,0,0,134,0,334,0.0,<vdr@linuxtv.org>
vdrift,46,0,1603,32,0,376,44,1649,2.7895694360218317,Turkish (http://www.transifex.com/vdrift/vdrift/language/tr/)
video-downloader,155,0,0,64,0,0,155,155,100.0,Turkish <https://hosted.weblate.org/projects/video-downloader/gui/tr/>
viewnior,375,0,50,121,0,23,332,425,88.23529411764706,Turkish <tr@li.org>
viking,633,0,5610,272,0,1346,617,6243,10.139356078808264,Turkish <tr@li.org>
vim,17438,0,0,2983,0,0,15840,17438,100.0,Turkish <https://github.com/bitigchi/vim>
vinagre,1510,0,0,277,0,0,1257,1510,100.0,Turkish <gnome-turk@gnome.org>
virt-manager,7347,0,0,1451,0,0,6796,7347,100.0,Turkish <https://translate.fedoraproject.org/projects/virt-manager/virt-manager/tr/>
virt-top,415,0,0,84,0,0,401,415,100.0,Turkish <https://translate.fedoraproject.org/projects/virt-top/master/tr/>
virt-viewer,744,0,2,175,0,1,668,746,99.73190348525469,Turkish <https://translate.fedoraproject.org/projects/virt-viewer/virt-viewer/tr/>
visualboyadvance-m,1795,0,1371,596,0,275,1786,3166,56.69614655716993,Turkish (http://app.transifex.com/bgk/vba-m/language/tr/)
vlc,34712,48,19,6266,14,5,31723,34779,99.80735501308261,Turkish (https://app.transifex.com/yaron/teams/16553/tr/)
volume_key,427,10,326,101,2,51,385,763,55.96330275229357,Turkish (http://www.transifex.com/projects/p/fedora/language/tr/)
volumeicon,92,0,0,37,0,0,94,92,100.0,Aylinux <aylinux.org>
votca,77,0,0,26,0,0,72,77,100.0,Turkish (https://www.transifex.com/readthedocs/teams/101354/tr/)
vrms-rpm,27,6,0,25,6,0,239,33,81.81818181818183,
vte,108,0,0,19,0,0,95,108,100.0,Turkish <gnome-turk@gnome.org>
vte291,46,0,0,9,0,0,35,46,100.0,Türkçe <gnome-turk@gnome.org>
wallpapoz,395,0,0,101,0,0,359,395,100.0,Hedef Türkçe <iletisim@hedefturkce.com>
warmux,237,920,1587,84,122,266,199,2744,8.637026239067055,Turkish <yerellestirme@kde.org.tr>
warzone2100,15773,0,1445,3349,0,339,14570,17218,91.60761993262865,Turkish
wdiff,103,726,164,16,102,32,102,993,10.372608257804632,Turkish <gnu-tr-u12a@lists.sourceforge.net>
webkit2gtk4.0,1653,0,0,495,0,0,1613,1653,100.0,Türkçe <takim@gnome.org.tr>
webkitgtk,1653,0,0,495,0,0,1613,1653,100.0,Türkçe <takim@gnome.org.tr>
weechat,20591,6090,10415,2289,576,966,17800,37096,55.50733232693552,weechat-dev <weechat-dev@nongnu.org>
wesnoth,309749,6,29983,19576,1,1726,222108,339738,91.17290382588936,Turkish <->
wget2,170,64,2490,51,16,426,176,2724,6.240822320117474,Turkish <gnome-turk@gnome.org>
whois,514,0,0,40,0,0,457,514,100.0,
widelands,5737,0,86114,767,0,8591,5362,91851,6.245985345831836,Turkish (http://app.transifex.com/widelands/widelands/language/tr/)
wike,520,29,0,151,2,0,480,549,94.71766848816029,
wildcard,121,0,6,37,0,2,118,127,95.2755905511811,Türkçe <takim@gnome.org.tr>
wine,18936,352,200,4242,51,32,16660,19488,97.16748768472905,Turkish <kde-l10n-tr@kde.org>
wingpanel,19,0,38,5,0,5,18,57,33.33333333333333,LANGUAGE <LL@li.org>
wingpanel-indicator-a11y,37,0,18,15,0,2,37,55,67.27272727272727,Turkish <https://l10n.elementary.io/projects/wingpanel/indicator-a11y/tr/>
wingpanel-indicator-bluetooth,80,0,0,30,0,0,86,80,100.0,Turkish <https://l10n.elementary.io/projects/wingpanel/wingpanel-indicator-bluetooth/tr/>
wingpanel-indicator-datetime,73,0,30,20,0,5,64,103,70.87378640776699,Turkish <https://l10n.elementary.io/projects/wingpanel/wingpanel-indicator-datetime/tr/>
wingpanel-indicator-keyboard,56,0,0,17,0,0,60,56,100.0,Turkish <https://l10n.elementary.io/projects/wingpanel/wingpanel-indicator-keyboard/tr/>
wireplumber,3,0,0,2,0,0,3,3,100.0,Turkish <tr>
workrave,871,109,519,137,39,103,734,1499,58.10540360240161,Turkish <gnome-turk@gnome.org>
wxGTK,7837,0,0,1965,0,0,6769,7837,100.0,Turkish (Turkey) (http://www.transifex.com/klyok/wxwidgets/language/tr_TR/)
wxMaxima,8594,7620,5916,1400,746,604,7394,22130,38.834161771351106,Tufan Şirin <tsirin@turgutozal.edu.tr>
xapps,73,0,0,36,0,0,69,73,100.0,Turkish <tr@li.org>
xarchiver,1317,0,0,312,0,0,1107,1317,100.0,Turkish <https://hosted.weblate.org/projects/xarchiver/translations/tr/>
xawtv,11,58,57,2,5,17,13,126,8.73015873015873,Turkish <debian-l10n-turkish@lists.debian.org>
xboard,84,193,2296,49,91,584,77,2573,3.2646715895841427,Turkish <gnu-tr-u12a@lists.sourceforge.net>
xca,392,27,2867,138,16,541,309,3286,11.929397443700548,Turkish <tr@li.org>
xdg-desktop-portal,254,0,0,36,0,0,187,254,100.0,Türkçe <gnome-turk@gnome.org>
xdg-desktop-portal-gnome,219,0,0,66,0,0,203,219,100.0,Turkish <takim@gnome.org.tr>
xdg-desktop-portal-gtk,246,0,0,67,0,0,220,246,100.0,Turkish <gnome-turk@gnome.org>
xdg-desktop-portal-kde,445,0,0,117,0,0,432,445,100.0,Turkish <kde-l10n-tr@kde.org>
xdg-desktop-portal-xapp,225,0,0,62,0,0,205,225,100.0,Turkish <gnome-turk@gnome.org>
xdg-user-dirs,28,0,0,28,0,0,28,28,100.0,Turkish <gnome-turk@gnome.org>
xdg-user-dirs-gtk,81,0,0,11,0,0,57,81,100.0,Turkish <gnome-turk@gnome.org>
xed,3775,0,0,928,0,0,3333,3775,100.0,Turkish (http://www.transifex.com/projects/p/MATE/language/tr/)
xen,35,0,0,19,0,0,34,35,100.0,Türkçe <>
xfburn,1566,0,0,324,0,0,1215,1566,100.0,Turkish (http://www.transifex.com/xfce/xfce-apps/language/tr/)
xfce4-appfinder,455,0,0,89,0,0,369,455,100.0,Turkish (http://www.transifex.com/xfce/xfce4-appfinder/language/tr/)
xfce4-battery-plugin,145,0,0,42,0,0,131,145,100.0,Turkish (http://app.transifex.com/xfce/xfce-panel-plugins/language/tr/)
xfce4-calculator-plugin,39,0,0,16,0,0,39,39,100.0,Turkish (https://app.transifex.com/xfce/teams/16840/tr/)
xfce4-clipman-plugin,567,0,0,97,0,0,462,567,100.0,Turkish (http://app.transifex.com/xfce/xfce-panel-plugins/language/tr/)
xfce4-cpufreq-plugin,174,0,0,48,0,0,154,174,100.0,Turkish (http://www.transifex.com/xfce/xfce-panel-plugins/language/tr/)
xfce4-cpugraph-plugin,185,0,0,63,0,0,175,185,100.0,Turkish (http://app.transifex.com/xfce/xfce-panel-plugins/language/tr/)
xfce4-datetime-plugin,52,0,0,19,0,0,49,52,100.0,Turkish (http://www.transifex.com/xfce/xfce-panel-plugins/language/tr/)
xfce4-dict,531,0,0,121,0,0,435,531,100.0,Turkish (http://app.transifex.com/xfce/xfce-apps/language/tr/)
xfce4-diskperf-plugin,181,0,0,37,0,0,161,181,100.0,Turkish (http://www.transifex.com/xfce/xfce-panel-plugins/language/tr/)
xfce4-docklike-plugin,151,0,0,42,0,0,136,151,100.0,Turkish (https://www.transifex.com/xfce/teams/16840/tr/)
xfce4-eyes-plugin,16,0,0,5,0,0,14,16,100.0,Turkish (http://www.transifex.com/xfce/xfce-panel-plugins/language/tr/)
xfce4-fsguard-plugin,71,0,0,19,0,0,65,71,100.0,Turkish (http://www.transifex.com/xfce/xfce-panel-plugins/language/tr/)
xfce4-genmon-plugin,116,0,0,29,0,0,106,116,100.0,Turkish (http://www.transifex.com/xfce/xfce-panel-plugins/language/tr/)
xfce4-mailwatch-plugin,678,0,0,123,0,0,577,678,100.0,Turkish (http://app.transifex.com/xfce/xfce-panel-plugins/language/tr/)
xfce4-mount-plugin,380,0,0,56,0,0,303,380,100.0,Turkish (http://app.transifex.com/xfce/xfce-panel-plugins/language/tr/)
xfce4-mpc-plugin,68,0,31,24,0,11,68,99,68.68686868686868,Turkish (http://app.transifex.com/xfce/xfce-panel-plugins/language/tr/)
xfce4-netload-plugin,91,0,15,34,0,5,90,106,85.84905660377359,Turkish (http://app.transifex.com/xfce/xfce-panel-plugins/language/tr/)
xfce4-notes-plugin,173,0,0,65,0,0,156,173,100.0,Turkish (http://app.transifex.com/xfce/xfce-panel-plugins/language/tr/)
xfce4-notifyd,388,0,172,102,0,33,328,560,69.28571428571428,Turkish (http://www.transifex.com/xfce/xfce-apps/language/tr/)
xfce4-panel,1954,0,0,489,0,0,1644,1954,100.0,Turkish (https://app.transifex.com/xfce/teams/16840/tr/)
xfce4-panel-profiles,144,0,0,33,0,0,126,144,100.0,Turkish (https://app.transifex.com/xfce/teams/16840/tr/)
xfce4-places-plugin,162,0,0,47,0,0,136,162,100.0,Turkish (http://www.transifex.com/xfce/xfce-panel-plugins/language/tr/)
xfce4-power-manager,1029,0,0,212,0,0,884,1029,100.0,Turkish (https://app.transifex.com/xfce/teams/16840/tr/)
xfce4-pulseaudio-plugin,148,0,0,35,0,0,133,148,100.0,Turkish (http://www.transifex.com/xfce/xfce-panel-plugins/language/tr/)
xfce4-screensaver,757,0,0,167,0,0,650,757,100.0,Turkish (https://app.transifex.com/xfce/teams/16840/tr/)
xfce4-screenshooter,507,0,66,86,0,3,369,573,88.48167539267016,Turkish (http://app.transifex.com/xfce/xfce-apps/language/tr/)
xfce4-sensors-plugin,433,0,0,87,0,0,368,433,100.0,Turkish (http://www.transifex.com/xfce/xfce-panel-plugins/language/tr/)
xfce4-session,781,0,0,167,0,0,617,781,100.0,Turkish (https://app.transifex.com/xfce/teams/16840/tr/)
xfce4-settings,2476,0,0,580,0,0,2043,2476,100.0,Turkish (https://www.transifex.com/xfce/teams/16840/tr/)
xfce4-smartbookmark-plugin,22,0,0,9,0,0,17,22,100.0,Turkish (http://www.transifex.com/xfce/xfce-panel-plugins/language/tr/)
xfce4-statusnotifier-plugin,129,0,0,25,0,0,106,129,100.0,Turkish (https://www.transifex.com/xfce/teams/16840/tr/)
xfce4-systemload-plugin,87,0,0,23,0,0,87,87,100.0,Turkish (http://www.transifex.com/xfce/xfce-panel-plugins/language/tr/)
xfce4-taskmanager,229,0,0,74,0,0,206,229,100.0,Turkish (http://app.transifex.com/xfce/xfce-apps/language/tr/)
xfce4-terminal,1616,0,0,400,0,0,1432,1616,100.0,Turkish (http://app.transifex.com/xfce/xfce-apps/language/tr/)
xfce4-time-out-plugin,115,0,0,39,0,0,104,115,100.0,Turkish (http://www.transifex.com/xfce/xfce-panel-plugins/language/tr/)
xfce4-timer-plugin,138,0,0,49,0,0,130,138,100.0,Turkish (http://www.transifex.com/xfce/xfce-panel-plugins/language/tr/)
xfce4-verve-plugin,88,0,0,27,0,0,82,88,100.0,Turkish (http://app.transifex.com/xfce/xfce-panel-plugins/language/tr/)
xfce4-wavelan-plugin,80,0,0,22,0,0,69,80,100.0,Turkish (http://www.transifex.com/xfce/xfce-panel-plugins/language/tr/)
xfce4-weather-plugin,3598,0,0,321,0,0,2765,3598,100.0,Turkish (http://app.transifex.com/xfce/xfce-panel-plugins/language/tr/)
xfce4-whiskermenu-plugin,439,0,0,140,0,0,395,439,100.0,Turkish (http://app.transifex.com/gottcode/xfce4-whiskermenu-plugin/language/tr/)
xfce4-xkb-plugin,65,0,0,24,0,0,64,65,100.0,Turkish (http://www.transifex.com/xfce/xfce-panel-plugins/language/tr/)
xfconf,458,0,0,67,0,0,357,458,100.0,Turkish (http://app.transifex.com/xfce/xfconf/language/tr/)
xfdashboard,1106,0,0,157,0,0,958,1106,100.0,Turkish (https://www.transifex.com/xfce/teams/16840/tr/)
xfdesktop,1036,0,5,245,0,1,820,1041,99.51969260326608,Turkish (http://www.transifex.com/xfce/xfdesktop/language/tr/)
xfe,3853,2304,83,1088,12,13,3650,6240,61.746794871794876,Türkçe <tr@li.org>
xfmpc,175,0,0,78,0,0,184,175,100.0,Turkish (http://www.transifex.com/xfce/xfce-apps/language/tr/)
xfwm4,670,0,0,179,0,0,605,670,100.0,Turkish (http://www.transifex.com/xfce/xfwm4/language/tr/)
xine-lib,10277,344,2786,833,58,313,8667,13407,76.65398672335347,Türkçe <yerellestirme@kde.org.tr>
xiphos,3410,481,1090,789,162,189,3102,4981,68.46014856454528,Turkish <support@crosswire.org>
xkeyboard-config,4064,0,0,1265,0,0,4056,4064,100.0,Turkish <gnome-turk@gnome.org>
xmoto,3638,81,214,789,13,39,3179,3933,92.49936435291126,Turkish <yerellestirme@kde.org.tr>
xournalpp,4288,0,470,884,0,21,3841,4758,90.12189995796554,Turkish
xpad,184,0,252,48,0,87,181,436,42.201834862385326,Turkish <tr@li.org>
xreader,1625,0,0,380,0,0,1406,1625,100.0,Turkish (http://www.transifex.com/mate/MATE/language/tr/)
xsane,2325,788,111,576,121,31,2087,3224,72.11538461538461,Turkish <kde-i18n-tr@kde.org>
xscreensaver,1115,5556,6143,610,1045,481,1098,12814,8.701420321523335,Turkish Localization Team <yerellestirme-ekibi@googlegroups.com>
xwaylandvideobridge,28,0,0,8,0,0,27,28,100.0,Turkish <kde-l10n-tr@kde.org>
xz,1640,0,0,260,0,0,1439,1640,100.0,Turkish <gnome-turk@gnome.org>
yakuake,1671,0,0,238,0,0,1311,1671,100.0,Turkish <kde-l10n-tr@kde.org>
yelp,351,0,0,74,0,0,278,351,100.0,Türkçe <gnome-turk@gnome.org>
yelp-xsl,88,0,0,64,0,0,84,88,100.0,Türkçe <gnome-turk@gnome.org>
zabbix,8892,34,10595,2276,6,1684,8523,19521,45.55094513600738,Zabbix translation team
zanshin,495,0,0,118,0,0,412,495,100.0,Turkish <kde-l10n-tr@kde.org>
zathura,773,0,97,169,0,16,672,870,88.85057471264368,Turkish (http://app.transifex.com/pwmt/zathura/language/tr/)
zaz,229,0,0,107,0,0,235,229,100.0,Turkish <kde-i18n-doc@kde.org>
zenity,851,0,32,196,0,3,744,883,96.37599093997736,Türkçe <takim@gnome.org.tr>
zypper,9099,122,657,1213,12,45,7690,9878,92.1137882162381,Turkish <https://l10n.opensuse.org/projects/zypper/master/tr/>
