package,translatedsourcewords,fuzzysourcewords,untranslatedsourcewords,translated,fuzzy,untranslated,translatedtargetwords,totalsourcewordssum,progress,team
0ad,285,0,15,55,0,1,260,300,95.0,Ukrainian (http://www.transifex.com/wildfire-games/0ad/language/uk/)
4Pane,3357,0,9327,723,0,1162,2976,12684,26.466414380321666,Ukrainian (Ukraine) (http://www.transifex.com/davidgh/4Pane/language/uk_UA/)
DivFix++,0,0,0,0,0,0,0,0,0.0,arestarh <arestarh ukr.net>
GConf2,4088,0,0,497,0,0,3802,4088,100.0,translation@linux.org.ua
LabPlot,10997,0,0,3008,0,0,11235,10997,100.0,Ukrainian <kde-i18n-uk@kde.org>
ModemManager,147,0,0,19,0,0,163,147,100.0,Ukrainian <kde-i18n-uk@kde.org>
NetworkManager,26168,344,251,2181,10,3,25807,26763,97.77678137727459,Ukrainian <kde-i18n-uk@kde.org>
NetworkManager-fortisslvpn,6,20,297,4,8,48,6,323,1.8575851393188854,Ukrainian <trans-uk@lists.fedoraproject.org>
NetworkManager-l2tp,385,0,869,78,0,115,415,1254,30.701754385964914,Ukrainian <kde-i18n-uk@kde.org>
NetworkManager-libreswan,462,0,0,75,0,0,498,462,100.0,Ukrainian <uk@li.org>
NetworkManager-openconnect,305,102,2834,81,17,498,336,3241,9.410675717371182,translation@linux.org.ua
NetworkManager-openvpn,1941,0,0,268,0,0,2090,1941,100.0,Ukrainian <kde-i18n-uk@kde.org>
NetworkManager-pptp,144,0,0,44,0,0,138,144,100.0,Ukrainian <trans-uk@lists.fedoraproject.org>
NetworkManager-ssh,39,43,204,17,14,38,36,286,13.636363636363635,translation@linux.org.ua
NetworkManager-sstp,144,0,0,44,0,0,138,144,100.0,Ukrainian <trans-uk@lists.fedoraproject.org>
NetworkManager-vpnc,156,0,0,41,0,0,149,156,100.0,translation@linux.org.ua
PackageKit,1282,0,0,321,0,0,1276,1282,100.0,Ukrainian (http://www.transifex.com/freedesktop/packagekit/language/uk/)
aisleriot,3075,0,0,679,0,0,2315,3075,100.0,linux.org.ua
akonadi-calendar-tools,785,0,0,172,0,0,852,785,100.0,Ukrainian <kde-i18n-uk@kde.org>
akonadi-import-wizard,394,0,0,84,0,0,420,394,100.0,Ukrainian <kde-i18n-uk@kde.org>
akregator,1807,0,0,439,0,0,1803,1807,100.0,Ukrainian <kde-i18n-uk@kde.org>
alacarte,42,0,0,16,0,0,40,42,100.0,Ukrainian <uk@li.org>
alexandria,829,100,283,241,25,58,835,1212,68.3993399339934,
alleyoop,342,0,0,87,0,0,324,342,100.0,Ukrainian <linux@linux.org.ua>
almanah,722,0,0,143,0,0,608,722,100.0,Ukrainian <uk@li.org>
amarok,15819,0,0,2780,0,0,16818,15819,100.0,Ukrainian <kde-i18n-uk@kde.org>
amtk,11,0,0,3,0,0,11,11,100.0,Ukrainian <trans-uk@lists.fedoraproject.org>
anaconda,8030,0,0,1355,0,0,8009,8030,100.0,Ukrainian <https://translate.fedoraproject.org/projects/anaconda/f33/uk/>
analitza,992,0,0,222,0,0,937,992,100.0,Ukrainian <kde-i18n-uk@kde.org>
android-tools,16227,558,1252,2421,111,125,17333,18037,89.965071796862,Ukrainian <trans-uk@lists.fedoraproject.org>
anjuta,7522,1611,12516,1678,464,486,6861,21649,34.74525382234746,Ukrainian <uk@li.org>
appstream,4504,0,0,501,0,0,4251,4504,100.0,Ukrainian <https://hosted.weblate.org/projects/appstream/translations/uk/>
apt,3443,821,1139,510,98,102,3391,5403,63.7238571164168,Українська <uk@li.org>
arandr,173,0,0,38,0,0,150,173,100.0,Ukrainian <https://hosted.weblate.org/projects/arandr/translations/uk/>
arduino,3204,0,0,607,0,0,2926,3204,100.0,Ukrainian (http://www.transifex.com/mbanzi/arduino-ide-15/language/uk/)
aria2,3008,0,4478,233,0,166,2828,7486,40.1816724552498,Ukrainian <uk@li.org>
ark,1917,0,0,342,0,0,1992,1917,100.0,Ukrainian <kde-i18n-uk@kde.org>
arm-none-eabi-binutils-cs,71716,0,0,11119,0,0,75435,71716,100.0,Ukrainian <trans-uk@lists.fedoraproject.org>
arm-none-eabi-gcc-cs,7821,0,105882,1527,0,12680,7915,113703,6.878446478984723,Ukrainian <trans-uk@lists.fedoraproject.org>
artikulate,338,0,0,149,0,0,330,338,100.0,Ukrainian <kde-i18n-uk@kde.org>
aspell,1797,0,0,303,0,0,1568,1797,100.0,Ukrainian <trans-uk@lists.fedoraproject.org>
asunder,19,0,473,17,0,74,22,492,3.861788617886179,http://littlesvr.ca/ostd/
at-spi2-core,10,0,0,2,0,0,11,10,100.0,translation@linux.org.ua
atk,440,0,0,169,0,0,404,440,100.0,Ukrainian <kde-i18n-uk@kde.org>
atomix,125,0,0,44,0,0,117,125,100.0,Ukrainian <uk@li.org>
atril,3798,0,48,637,0,4,3328,3846,98.75195007800312,Ukrainian (https://www.transifex.com/mate/teams/13566/uk/)
audacious,820,0,39,351,0,8,812,859,95.45983701979046,Ukrainian (http://www.transifex.com/audacious/audacious/language/uk/)
audacious-plugins,4092,0,162,968,0,17,3897,4254,96.19181946403384,Ukrainian (http://www.transifex.com/audacious/audacious/language/uk/)
audacity,17657,0,0,4133,0,0,18196,17657,100.0,Ukrainian <kde-i18n-uk@kde.org>
audex,3347,0,0,412,0,0,3340,3347,100.0,Ukrainian <kde-i18n-uk@kde.org>
authselect,6201,0,0,643,0,0,6053,6201,100.0,Ukrainian <https://translate.fedoraproject.org/projects/authselect/master-application/uk/>
avahi,868,0,0,168,0,0,883,868,100.0,"Ukrainian <kde-i18n-uk@kde.org>
uk/)"
avogadro,6579,0,28,2360,0,12,6772,6607,99.57620705312547,Ukrainian <translation@linux.org.ua>
avogadro2,137,67,258,84,25,40,223,462,29.653679653679653,Ukrainian <translation@linux.org.ua>
avogadro2-libs,723,979,1764,380,371,389,774,3466,20.859780727062898,Ukrainian <https://hosted.weblate.org/projects/avogadro/avogadrolibs/uk/>
avr-binutils,71716,0,0,11119,0,0,75435,71716,100.0,Ukrainian <trans-uk@lists.fedoraproject.org>
avr-gcc,7821,0,105882,1527,0,12680,7915,113703,6.878446478984723,Ukrainian <trans-uk@lists.fedoraproject.org>
backintime,433,0,1539,140,0,209,423,1972,21.957403651115616,Ukrainian <uk@li.org>
bacula,230,241,302,38,26,53,219,773,29.75420439844761,Ukrainian
baloo-widgets,52,0,0,31,0,0,57,52,100.0,Ukrainian <kde-i18n-uk@kde.org>
balsa,6725,0,0,1618,0,0,6942,6725,100.0,Ukrainian <trans-uk@lists.fedoraproject.org>
banshee,10874,0,0,1799,0,0,9496,10874,100.0,Ukrainian <uk@li.org>
banshee-community-extensions,1141,0,179,270,0,40,981,1320,86.43939393939394,LANGUAGE <LL@li.org>
baobab,1402,0,0,149,0,0,1326,1402,100.0,Ukrainian <trans-uk@lists.fedoraproject.org>
bash,9806,1695,6,565,20,1,8768,11507,85.21769357782219,Ukrainian <translation-team-uk@lists.sourceforge.net>
bibletime,377,0,4418,181,0,213,369,4795,7.86235662148071,Ukrainian (http://www.transifex.com/bibletime/bibletime/language/uk/)
bijiben,1310,0,0,251,0,0,1223,1310,100.0,Ukrainian <trans-uk@lists.fedoraproject.org>
binutils,71716,0,0,11119,0,0,75435,71716,100.0,Ukrainian <trans-uk@lists.fedoraproject.org>
bison,1697,0,0,288,0,0,1805,1697,100.0,Ukrainian <trans-uk@lists.fedoraproject.org>
bleachbit,1808,0,0,349,0,0,1725,1808,100.0,Ukrainian <uk@li.org>
blender,127481,0,0,26487,0,0,117286,127481,100.0,Ukrainian (Ukraine) (http://www.transifex.com/lxlalexlxl/blender/language/uk_UA/)
blinken,133,0,0,47,0,0,125,133,100.0,Ukrainian <kde-i18n-uk@kde.org>
blivet-gui,1005,26,0,252,6,0,1046,1031,97.47817652764307,Ukrainian <https://translate.fedoraproject.org/projects/blivet/blivet-gui/uk/>
blogilo,1392,0,0,337,0,0,1313,1392,100.0,Ukrainian <kde-i18n-uk@kde.org>
blueberry,166,0,0,37,0,0,168,166,100.0,Ukrainian <uk@li.org>
bluedevil,494,0,0,181,0,0,474,494,100.0,Ukrainian <kde-i18n-uk@kde.org>
bluefish,5049,0,0,1575,0,0,5400,5049,100.0,Ukrainian <translation@linux.org.ua>
blueman,1085,171,601,272,74,233,1063,1857,58.427571351642435,Ukrainian <https://hosted.weblate.org/projects/blueman/blueman/uk/>
boinc-client,28638,0,2792,4447,0,208,26656,31430,91.11676741966275,Ukrainian (http://www.transifex.com/boinc/boinc/language/uk/)
bomber,110,0,0,27,0,0,106,110,100.0,Ukrainian <kde-i18n-uk@kde.org>
bookworm,679,62,54,136,7,6,641,795,85.40880503144655,Ukrainian <https://hosted.weblate.org/projects/bookworm/bookworm/uk/>
bottles,169,71,1295,27,15,310,178,1535,11.009771986970684,Ukrainian <https://hosted.weblate.org/projects/bottles/bottles/uk/>
bovo,81,0,0,25,0,0,69,81,100.0,Ukrainian <kde-i18n-uk@kde.org>
brasero,5546,0,0,968,0,0,4764,5546,100.0,linux.org.ua
breezy,0,0,33704,0,0,2380,0,33704,0.0,
bubblemail,0,0,472,0,0,134,0,472,0.0,none
byobu,177,0,0,44,0,0,172,177,100.0,Ukrainian <translation@linux.org.ua>
byzanz,236,0,0,52,0,0,219,236,100.0,Ukrainian <uk@li.org>
cairo-dock,7464,0,0,827,0,0,6045,7464,100.0,Ukrainian <kde-i18n-doc@kde.org>
cairo-dock-plug-ins,10181,0,22,1720,0,2,8585,10203,99.78437714397727,Ukrainian <uk@li.org>
caja,9515,0,110,1588,0,7,9061,9625,98.85714285714286,Ukrainian (https://www.transifex.com/mate/teams/13566/uk/)
caja-extensions,620,3,48,131,3,12,573,671,92.39940387481371,Ukrainian (https://www.transifex.com/mate/teams/13566/uk/)
calamares,163,0,280,30,0,54,154,443,36.794582392776526,Ukrainian (https://www.transifex.com/calamares/teams/20061/uk/)
calibre,161062,0,0,18484,0,0,152839,161062,100.0,Ukrainian (http://www.transifex.com/calibre/calibre/language/uk/)
calligra,35952,0,0,7809,0,0,34491,35952,100.0,Ukrainian <kde-i18n-uk@kde.org>
calligraplan,9943,0,0,2165,0,0,10466,9943,100.0,Ukrainian <kde-i18n-uk@kde.org>
calls,104,0,0,40,0,0,102,104,100.0,Ukrainian <trans-uk@lists.fedoraproject.org>
camorama,417,140,218,87,34,45,383,775,53.80645161290323,Ukrainian <linux@linux.org.ua>
cantor,3640,0,0,709,0,0,3721,3640,100.0,Ukrainian <kde-i18n-uk@kde.org>
caribou,169,0,0,57,0,0,153,169,100.0,linux.org.ua
cataclysm-dda,8487,0,455006,1363,0,40958,9770,463493,1.8310956152520104,Ukrainian (Ukraine) (https://www.transifex.com/cataclysm-dda-translators/teams/2217/uk_UA/)
catfish,783,0,264,134,0,20,695,1047,74.78510028653295,Ukrainian (https://www.transifex.com/xfce/teams/16840/uk/)
cawbird,310,95,828,131,32,174,329,1233,25.141930251419303,Ukrainian (Ukraine) (http://www.transifex.com/cawbird/cawbird/language/uk_UA/)
celestia,2208,242,190,1063,121,61,2280,2640,83.63636363636363,Ukrainian <translation@linux.org.ua>
centerim,860,988,1016,313,258,246,791,2864,30.027932960893857,Ukrainian <linux@linux.org.ua>
certmonger,2831,0,0,473,0,0,2982,2831,100.0,Ukrainian <https://translate.fedoraproject.org/projects/certmonger/master/uk/>
cervisia,1619,0,0,421,0,0,1453,1619,100.0,Ukrainian <kde-i18n-uk@kde.org>
cflow,545,28,21,106,5,2,491,594,91.75084175084174,Ukrainian <translation-team-uk@lists.sourceforge.net>
cheese,2170,0,0,242,0,0,1967,2170,100.0,Ukrainian <trans-uk@lists.fedoraproject.org>
chkconfig,554,19,0,102,5,0,532,573,96.68411867364746,Ukrainian <https://translate.fedoraproject.org/projects/fedora-sysv/chkconfig/uk/>
choqok,2350,0,0,587,0,0,2551,2350,100.0,Ukrainian <kde-i18n-uk@kde.org>
chromium,13300,0,0,3428,0,0,11901,13300,100.0,Ukrainian <trans-uk@lists.fedoraproject.org>
cinnamon-control-center,1304,0,0,752,0,0,1368,1304,100.0,Ukrainian <uk@li.org>
cinnamon-desktop,234,0,0,32,0,0,221,234,100.0,linux.org.ua
cinnamon-translations,23046,0,0,5136,0,0,21646,23046,100.0,Ukrainian <uk@li.org>
clamtk,551,0,0,137,0,0,529,551,100.0,Ukrainian <uk@li.org>
classified-ads,2025,0,0,445,0,0,1983,2025,100.0,Ukrainian <kde-i18n-uk@kde.org>
clementine,5251,0,0,1391,0,0,5163,5251,100.0,Ukrainian (http://www.transifex.com/davidsansome/clementine/language/uk/)
clutter,2936,121,0,657,18,0,2585,3057,96.04187111547269,linux.org.ua
cockpit,6925,0,0,1816,0,0,7007,6925,100.0,Ukrainian <https://translate.fedoraproject.org/projects/cockpit/main/uk/>
cockpit-composer,1708,0,0,300,0,0,1585,1708,100.0,Ukrainian <https://translate.fedoraproject.org/projects/cockpit-composer/master/uk/>
cockpit-machines,2083,0,0,580,0,0,2124,2083,100.0,Ukrainian <https://translate.fedoraproject.org/projects/cockpit-machines/main/uk/>
cockpit-ostree,168,0,0,65,0,0,173,168,100.0,Ukrainian <kde-i18n-uk@kde.org>
cockpit-podman,494,0,0,181,0,0,515,494,100.0,Ukrainian <https://translate.fedoraproject.org/projects/cockpit-podman/master/uk/>
cogl,393,0,0,80,0,0,360,393,100.0,linux.org.ua
coin,0,0,252,0,0,50,0,252,0.0,none
colord,1990,0,0,253,0,0,1960,1990,100.0,Ukrainian (http://www.transifex.com/freedesktop/colord/language/uk/)
colord-kde,369,0,0,120,0,0,363,369,100.0,Ukrainian <kde-i18n-uk@kde.org>
colorhug-client,1400,0,32,292,0,5,1327,1432,97.76536312849163,Ukrainian (http://www.transifex.com/hughsie/colorhug-client/language/uk/)
compat-gdbm,779,0,0,214,0,0,875,779,100.0,Ukrainian <translation-team-uk@lists.sourceforge.net>
compiz,3111,975,299,683,146,50,3122,4385,70.94640820980615,Ukrainian <uk@li.org>
connections,213,0,0,59,0,0,208,213,100.0,Ukrainian <trans-uk@lists.fedoraproject.org>
console-setup,1001,0,0,178,0,0,893,1001,100.0,Ukrainian <translation-team-uk@lists.sourceforge.net>
coolreader,701,0,0,273,0,0,685,701,100.0,Ukrainian
coreutils,21194,0,0,1798,0,0,20946,21194,100.0,Ukrainian <trans-uk@lists.fedoraproject.org>
cozy,351,0,675,121,0,88,326,1026,34.21052631578947,Ukrainian (https://www.transifex.com/geigi/teams/78138/uk/)
cpio,1872,30,7,310,3,1,1872,1909,98.06181246726034,Ukrainian <translation-team-uk@lists.sourceforge.net>
cppi,581,15,0,58,3,0,557,596,97.48322147651007,Ukrainian <translation-team-uk@lists.sourceforge.net>
cpu-x,153,50,701,38,5,183,153,904,16.924778761061948,Ukrainian <https://hosted.weblate.org/projects/cpu-x/translations/uk/>
cracklib,93,0,3,15,0,1,78,96,96.875,Ukrainian <translation@linux.org.ua>
crash,9792,0,0,1557,0,0,10353,9792,100.0,Ukrainian <translation-team-uk@lists.sourceforge.net>
cross-binutils,71716,0,0,11119,0,0,75435,71716,100.0,Ukrainian <trans-uk@lists.fedoraproject.org>
cross-gcc,7821,56,105903,1527,11,12682,7915,113780,6.873791527509228,Ukrainian <trans-uk@lists.fedoraproject.org>
cryptsetup,5949,0,0,857,0,0,6533,5949,100.0,Ukrainian <trans-uk@lists.fedoraproject.org>
cups-pk-helper,149,0,0,22,0,0,159,149,100.0,Ukrainian <trans-uk@lists.fedoraproject.org>
darktable,22185,0,0,4068,0,0,21335,22185,100.0,
dasher,649,0,0,210,0,0,636,649,100.0,translation@linux.org.ua
datamash,876,0,0,133,0,0,1005,876,100.0,Ukrainian <trans-uk@lists.fedoraproject.org>
dconf-editor,2955,0,0,394,0,0,2990,2955,100.0,Ukrainian <trans-uk@lists.fedoraproject.org>
debbuild,241,0,0,73,0,0,280,241,100.0,Ukrainian <https://translate.fedoraproject.org/projects/debbuild/master/uk/>
debconf,735,65,62,83,6,5,672,862,85.26682134570765,<uk@li.org>
deepin-daemon,1063,0,0,228,0,0,1058,1063,100.0,Ukrainian (http://www.transifex.com/linuxdeepin/deepin-desktop-environment/language/uk/)
deepin-terminal,491,0,19,178,0,2,504,510,96.27450980392157,Ukrainian (https://www.transifex.com/linuxdeepin/teams/3976/uk/)
deja-dup,3362,0,0,418,0,0,3307,3362,100.0,Ukrainian <trans-uk@lists.fedoraproject.org>
deluge,1988,0,2343,884,0,446,1968,4331,45.90163934426229,Ukrainian <uk@li.org>
devhelp,1116,0,0,139,0,0,1006,1116,100.0,Ukrainian <trans-uk@lists.fedoraproject.org>
dia,6025,3,0,2196,1,0,6050,6028,99.95023224950232,Ukrainian <uk@li.org>
dialect,366,0,0,187,0,0,362,366,100.0,Ukrainian <https://hosted.weblate.org/projects/dialect/dialect/uk/>
dialog,12,2,11,12,2,9,12,25,48.0,Ukrainian
diffutils,1886,0,0,266,0,0,1950,1886,100.0,Ukrainian <translation-team-uk@lists.sourceforge.net>
digikam,51194,164,0,7812,14,0,51125,51358,99.68067292340045,Ukrainian <kde-i18n-uk@kde.org>
dippi,0,0,397,0,0,53,0,397,0.0,none
dnf,4621,0,0,876,0,0,4792,4621,100.0,Ukrainian <https://translate.fedoraproject.org/projects/dnf/dnf-master/uk/>
dnf-plugins-core,1655,0,0,254,0,0,1690,1655,100.0,Ukrainian <https://translate.fedoraproject.org/projects/dnf/dnf-plugins-core-l10n-master/uk/>
dnf-plugins-extras,387,0,0,58,0,0,405,387,100.0,Ukrainian <https://translate.fedoraproject.org/projects/dnf/dnf-plugins-extras/uk/>
dnfdragora,1771,0,0,474,0,0,1933,1771,100.0,Ukrainian <kde-i18n-uk@kde.org>
dolphin,4539,0,0,669,0,0,4558,4539,100.0,Ukrainian <kde-i18n-uk@kde.org>
dolphin-plugins,1405,0,0,400,0,0,1535,1405,100.0,Ukrainian <kde-i18n-uk@kde.org>
dos2unix,5172,0,0,417,0,0,5374,5172,100.0,Ukrainian <translation-team-uk@lists.sourceforge.net>
doublecmd,12254,237,703,3496,26,82,11396,13194,92.87554949219341,UA
dragon,281,0,0,89,0,0,270,281,100.0,Ukrainian <kde-i18n-uk@kde.org>
drgeo,705,638,642,216,139,106,627,1985,35.51637279596977,Ukrainian <uk@li.org>
duplicity,1590,0,625,235,0,84,1745,2215,71.78329571106094,Ukrainian <uk@li.org>
e16,2722,9,59,496,4,13,2580,2790,97.56272401433692,Ukrainian <uk@li.org>
e2fsprogs,10359,0,0,1579,0,0,11319,10359,100.0,Ukrainian <trans-uk@lists.fedoraproject.org>
easytag,1406,1971,2130,404,419,217,1281,5507,25.531142182676593,Ukrainian <linux@linux.org.ua>
edgar,11474,0,0,1535,0,0,8941,11474,100.0,Ukrainian <uk@li.org>
eiciel,168,0,0,53,0,0,163,168,100.0,Ukrainian <http://l10n.opensuse.org/projects/eiciel/master/uk/>
eiskaltdcpp,3497,5,124,1130,2,21,3309,3626,96.44236072807502,Ukrainian (https://www.transifex.com/tehnick/teams/11818/uk/)
ejabberd,1424,216,545,336,52,109,1256,2185,65.1716247139588,
ekiga,9796,0,0,940,0,0,7864,9796,100.0,Ukrainian <uk@li.org>
electrum,6806,0,1486,1238,0,294,6272,8292,82.07911239749156,Ukrainian
elementary-calculator,130,0,0,54,0,0,132,130,100.0,Ukrainian <https://l10n.elementary.io/projects/calculator/calculator/uk/>
elementary-calendar,703,0,0,229,0,0,726,703,100.0,Ukrainian <https://l10n.elementary.io/projects/calendar/calendar/uk/>
elementary-camera,59,4,2,15,2,1,52,65,90.76923076923077,Ukrainian <https://l10n.elementary.io/projects/camera/camera/uk/>
elementary-capnet-assist,0,0,82,0,0,14,0,82,0.0,none
elementary-code,343,292,516,110,42,105,324,1151,29.800173761946137,Ukrainian <https://l10n.elementary.io/projects/code/code/uk/>
elementary-files,1246,579,1086,303,98,158,1235,2911,42.803160425970454,Ukrainian <uk@li.org>
elementary-greeter,15,2,149,5,1,31,14,166,9.036144578313253,Ukrainian <https://l10n.elementary.io/projects/desktop/greeter/uk/>
elementary-music,1133,1,174,326,1,39,1120,1308,86.62079510703364,Ukrainian <https://l10n.elementary.io/projects/music/music/uk/>
elementary-notifications,3,0,0,2,0,0,3,3,100.0,Ukrainian <https://l10n.elementary.io/projects/desktop/notifications-extra/uk/>
elementary-photos,3048,536,326,686,73,47,3505,3910,77.9539641943734,Ukrainian <https://l10n.elementary.io/projects/photos/photos/uk/>
elementary-planner,1421,0,1602,374,0,211,1284,3023,47.006285147204764,Ukrainian <https://hosted.weblate.org/projects/planner/translations/uk/>
elementary-screenshot-tool,115,1,96,34,1,20,107,212,54.24528301886793,LANGUAGE <LL@li.org>
elementary-shortcut-overlay,76,0,19,32,0,7,75,95,80.0,Ukrainian <https://l10n.elementary.io/projects/desktop/shortcut-overlay/uk/>
elementary-sideload,1,0,223,1,0,43,1,224,0.4464285714285714,Ukrainian <https://l10n.elementary.io/projects/desktop/sideload/uk/>
elementary-terminal,141,14,287,29,4,57,131,442,31.90045248868778,Ukrainian <uk@li.org>
elementary-videos,106,7,233,47,3,40,108,346,30.63583815028902,Ukrainian <https://l10n.elementary.io/projects/videos/videos/uk/>
elfutils,8287,348,539,1226,43,44,8974,9174,90.33137126662307,Ukrainian <kde-i18n-uk@kde.org>
elinks,772,1749,9724,274,516,835,734,12245,6.304614128215598,Ukrainian <translation-team-uk@lists.sourceforge.net>
elisa-player,463,0,0,182,0,0,497,463,100.0,Ukrainian <kde-i18n-uk@kde.org>
engrampa,6559,0,1258,817,0,69,5643,7817,83.90686964308559,Ukrainian (https://www.transifex.com/mate/teams/13566/uk/)
enigma,7230,90,1711,847,5,117,6202,9031,80.05757944856605,Ukrainian (http://www.transifex.com/projects/p/enigma/language/uk/)
enlightenment,2165,4351,2537,833,1089,462,2144,9053,23.914724400751133,Ukrainian <translation@linux.org.ua>
entangle,941,0,12,225,0,4,1036,953,98.74081846799581,Ukrainian (http://www.transifex.com/projects/p/entangle/language/uk/)
eog,6530,0,0,732,0,0,5990,6530,100.0,Ukrainian <uk@li.org>
eog-plugins,419,0,0,102,0,0,394,419,100.0,Ukrainian <trans-uk@lists.fedoraproject.org>
eom,2514,0,2437,424,0,118,2218,4951,50.77762068269036,Ukrainian (https://www.transifex.com/mate/teams/13566/uk/)
ephemeral,1514,0,535,197,0,45,1449,2049,73.88970229380185,
epiphany,6943,0,0,983,0,0,6146,6943,100.0,Ukrainian <trans-uk@lists.fedoraproject.org>
evince,8884,0,0,1085,0,0,8283,8884,100.0,Ukrainian <trans-uk@lists.fedoraproject.org>
evolution,52613,0,0,7555,0,0,49590,52613,100.0,Ukrainian <trans-uk@lists.fedoraproject.org>
evolution-data-server,7732,0,0,1448,0,0,7701,7732,100.0,Ukrainian <trans-uk@lists.fedoraproject.org>
evolution-ews,1703,0,0,319,0,0,1925,1703,100.0,Ukrainian <trans-uk@lists.fedoraproject.org>
evolution-mapi,1039,0,0,226,0,0,1149,1039,100.0,Ukrainian <trans-uk@lists.fedoraproject.org>
exaile,2925,672,470,830,159,76,2868,4067,71.92033439881978,Ukrainian <https://hosted.weblate.org/projects/exaile/master/uk/>
exif,296,0,0,68,0,0,321,296,100.0,Ukrainian <translation-team-uk@lists.sourceforge.net>
exiv2,7418,5067,25527,2102,1764,2220,7022,38012,19.514890034725877,Ukrainian <translation-team-uk@lists.sourceforge.net>
exo,1460,0,0,300,0,0,1312,1460,100.0,Ukrainian (http://www.transifex.com/xfce/exo/language/uk/)
falkon,4309,0,0,1370,0,0,4272,4309,100.0,Ukrainian <kde-i18n-uk@kde.org>
fcitx-table-other,0,0,24,0,0,22,0,24,0.0,Ukrainian (http://www.transifex.com/projects/p/fcitx/language/uk/)
fcitx5-table-other,0,0,100,0,0,34,0,100,0.0,Ukrainian (http://www.transifex.com/fcitx/fcitx/language/uk/)
feedreader,386,58,930,133,21,163,357,1374,28.093158660844253,Ukrainian <https://hosted.weblate.org/projects/feedreader/translations/uk/>
file-roller,3026,0,0,488,0,0,2728,3026,100.0,Ukrainian <trans-uk@lists.fedoraproject.org>
filelight,419,0,0,94,0,0,451,419,100.0,Ukrainian <kde-i18n-uk@kde.org>
filezilla,10738,0,0,1850,0,0,9947,10738,100.0,Igor Chomko <igorchomko@gmail.com>
findutils,2163,360,111,210,26,11,2117,2634,82.11845102505694,Ukrainian <translation-team-uk@lists.sourceforge.net>
firewalld,2217,0,0,415,0,0,2139,2217,100.0,Ukrainian <https://translate.fedoraproject.org/projects/firewalld/master/uk/>
five-or-more,282,0,0,65,0,0,243,282,100.0,linux.org.ua
flare,4511,4,4076,854,3,876,3945,8591,52.508439064136894,Ukrainian (https://www.transifex.com/flareorg/teams/84925/uk/)
flare-engine,670,0,685,259,0,198,637,1355,49.44649446494465,Ukrainian (https://www.transifex.com/flareorg/teams/84925/uk/)
flatpak,5703,22,10,1154,3,1,5995,5735,99.44202266782912,Ukrainian <kde-i18n-uk@kde.org>
fntsample,283,0,0,21,0,0,261,283,100.0,Ukrainian <>
focuswriter,129,0,0,7,0,0,132,129,100.0,Ukrainian (http://www.transifex.com/gottcode/focuswriter/language/uk/)
foliate,1357,238,1621,444,71,466,1321,3216,42.1952736318408,<trans-uk@lists.fedoraproject.org>
folks,1031,0,0,125,0,0,949,1031,100.0,Ukrainian <kde-i18n-uk@kde.org>
fontforge,40532,0,1693,7026,0,417,39192,42225,95.99052693901717,Ukrainian <kde-i18n-uk@kde.org>
fonts-tweak-tool,0,0,196,0,0,65,0,196,0.0,Ukrainian
four-in-a-row,1283,0,0,196,0,0,1154,1283,100.0,Ukrainian <trans-uk@lists.fedoraproject.org>
fprintd,419,0,0,57,0,0,412,419,100.0,Ukrainian (http://www.transifex.com/freedesktop/fprintd/language/uk/)
fragments,1779,0,227,500,0,26,2078,2006,88.6839481555334,Ukrainian (https://www.transifex.com/transmissionbt/teams/33778/uk/)
freeciv,65519,12733,28053,7340,946,822,55485,106305,61.63303701613283,Ukrainian <uk@li.org>
freedink,41,29,0,8,5,0,42,70,58.57142857142858,Ukrainian <translation-team-uk@lists.sourceforge.net>
freeipa,56936,0,1088,4664,0,13,54788,58024,98.12491382876051,Ukrainian <https://translate.fedoraproject.org/projects/freeipa/master/uk/>
frescobaldi,2800,526,17838,926,170,1495,2543,21164,13.23001323001323,Ukrainian <uk@li.org>
frogr,248,220,197,93,50,42,246,665,37.29323308270677,translation@linux.org.ua
fuse-encfs,915,24,350,111,3,23,849,1289,70.98525989138868,Ukrainian <uk@li.org>
fwupd,2463,0,0,507,0,0,2644,2463,100.0,Ukrainian (http://www.transifex.com/freedesktop/fwupd/language/uk/)
gajim,3345,5176,1912,965,979,305,3318,10433,32.061727211732006,Ukrainian <kde-i18n-doc@kde.org>
gala,197,0,0,42,0,0,206,197,100.0,Ukrainian <https://l10n.elementary.io/projects/desktop/gala/uk/>
galculator,935,0,0,275,0,0,883,935,100.0,Ukrainian (http://www.transifex.com/mate/MATE/language/uk/)
gammastep,595,285,65,82,54,13,538,945,62.96296296296296,Ukrainian <uk@li.org>
gammu,1780,232,2005,509,27,577,1785,4017,44.31167537963655,Ukrainian <https://hosted.weblate.org/projects/gammu/gammu-docs/uk/>
garcon,122,0,0,36,0,0,132,122,100.0,Ukrainian (http://www.transifex.com/xfce/garcon/language/uk/)
gbrainy,10328,0,0,1289,0,0,9636,10328,100.0,Ukrainian <trans-uk@lists.fedoraproject.org>
gcc,7821,56,105903,1527,11,12682,7915,113780,6.873791527509228,Ukrainian <trans-uk@lists.fedoraproject.org>
gcolor3,423,0,0,59,0,0,343,423,100.0,Ukrainian <kde-i18n-uk@kde.org>
gcompris-qt,29269,0,0,2992,0,0,25330,29269,100.0,Ukrainian <kde-i18n-uk@kde.org>
gconf-editor,2836,0,0,236,0,0,2320,2836,100.0,Ukrainian <uk@li.org>
gcr,754,0,0,269,0,0,686,754,100.0,Ukrainian <trans-uk@lists.fedoraproject.org>
gdb,14968,0,0,2268,0,0,15717,14968,100.0,Ukrainian <trans-uk@lists.fedoraproject.org>
gdbm,800,16,56,220,4,11,903,872,91.74311926605505,Ukrainian <translation-team-uk@lists.sourceforge.net>
gdk-pixbuf2,1325,0,0,198,0,0,1386,1325,100.0,Ukrainian <trans-uk@lists.fedoraproject.org>
gdm,9989,0,0,443,0,0,8929,9989,100.0,Ukrainian <uk@li.org>
geany,2207,2158,1704,629,450,241,2089,6069,36.365134289009724,
geary,5947,0,0,829,0,0,6189,5947,100.0,Ukrainian <trans-uk@lists.fedoraproject.org>
gedit,10037,0,0,1149,0,0,8435,10037,100.0,Ukrainian <trans-uk@lists.fedoraproject.org>
gedit-plugins,3211,0,0,382,0,0,2917,3211,100.0,Ukrainian <trans-uk@lists.fedoraproject.org>
geeqie,318,1538,2492,120,635,695,324,4348,7.313707451701931,<linux@linux.org.ua>
gegl04,10162,0,0,2058,0,0,9627,10162,100.0,Ukrainian <kde-i18n-uk@kde.org>
gettext,7584,333,204,821,27,16,7095,8121,93.38751385297377,Ukrainian <trans-uk@lists.fedoraproject.org>
gftp,3096,230,49,560,70,4,2809,3375,91.73333333333333,Ukrainian <uk@li.org>
ggz-base-libs,74,0,0,17,0,0,72,74,100.0,Ukrainian <uk@li.org>
ghdl,7821,56,105903,1527,11,12682,7915,113780,6.873791527509228,Ukrainian <trans-uk@lists.fedoraproject.org>
ghex,966,0,0,275,0,0,874,966,100.0,Ukrainian <uk@li.org>
gigolo,467,0,0,127,0,0,443,467,100.0,Ukrainian (http://www.transifex.com/xfce/xfce-apps/language/uk/)
gimagereader,1309,121,131,413,5,8,1273,1561,83.85650224215246,Ukrainian <https://hosted.weblate.org/projects/gimagereader/translations/uk/>
gimp,40148,0,0,9583,0,0,37967,40148,100.0,Ukrainian <kde-i18n-uk@kde.org>
girara,211,0,0,51,0,0,202,211,100.0,Ukrainian (Ukraine) (http://www.transifex.com/pwmt/girara/language/uk_UA/)
git-cola,2095,173,717,580,48,148,2116,2985,70.18425460636516,Ukrainian
gitg,682,0,0,128,0,0,618,682,100.0,linux.org.ua
gkrellm,3709,0,75,528,0,23,3147,3784,98.01797040169133,Ukrainian <uk@li.org>
glade,8635,0,0,1923,0,0,8024,8635,100.0,Ukrainian <uk@li.org>
glade2,4386,871,583,1054,152,94,3428,5840,75.1027397260274,Ukrainian <uk@li.org>
glib-networking,387,0,0,56,0,0,439,387,100.0,Ukrainian <trans-uk@lists.fedoraproject.org>
glib2,7465,0,0,1179,0,0,7500,7465,100.0,Ukrainian <trans-uk@lists.fedoraproject.org>
glibc,7752,0,0,1412,0,0,8406,7752,100.0,Ukrainian <trans-uk@lists.fedoraproject.org>
gnome-2048,417,0,0,78,0,0,399,417,100.0,Ukrainian <trans-uk@lists.fedoraproject.org>
gnome-abrt,221,0,0,55,0,0,231,221,100.0,Ukrainian <https://translate.fedoraproject.org/projects/abrt/gnome-abrt/uk/>
gnome-applets,14916,508,1519,1667,55,102,12957,16943,88.03635719766275,Ukrainian <uk@li.org>
gnome-bluetooth,373,0,0,110,0,0,338,373,100.0,Ukrainian <kde-i18n-uk@kde.org>
gnome-books,647,0,0,204,0,0,607,647,100.0,linux.org.ua
gnome-boxes,4444,0,0,555,0,0,4202,4444,100.0,Ukrainian <trans-uk@lists.fedoraproject.org>
gnome-builder,5252,0,0,1357,0,0,5170,5252,100.0,Ukrainian <trans-uk@lists.fedoraproject.org>
gnome-calculator,3685,0,0,887,0,0,3425,3685,100.0,Ukrainian <trans-uk@lists.fedoraproject.org>
gnome-calendar,796,0,0,223,0,0,921,796,100.0,Ukrainian <kde-i18n-uk@kde.org>
gnome-characters,188,0,0,57,0,0,174,188,100.0,<trans-uk@lists.fedoraproject.org>
gnome-chess,2534,0,0,349,0,0,2353,2534,100.0,Ukrainian <trans-uk@lists.fedoraproject.org>
gnome-clocks,1307,0,0,222,0,0,1141,1307,100.0,Ukrainian <trans-uk@lists.fedoraproject.org>
gnome-color-manager,1796,0,0,345,0,0,1483,1796,100.0,linux.org.ua
gnome-commander,10710,0,0,1914,0,0,9745,10710,100.0,Ukrainian <trans-uk@lists.fedoraproject.org>
gnome-contacts,1545,0,0,366,0,0,1381,1545,100.0,Ukrainian <trans-uk@lists.fedoraproject.org>
gnome-control-center,8317,0,0,2607,0,0,7933,8317,100.0,Ukrainian <uk@li.org>
gnome-desktop,9884,41,0,294,1,0,9305,9925,99.58690176322418,Ukrainian <uk@li.org>
gnome-desktop3,9744,0,0,274,0,0,9157,9744,100.0,Ukrainian <uk@li.org>
gnome-devel-docs,9637,0,0,541,0,0,9688,9637,100.0,Ukrainian <trans-uk@lists.fedoraproject.org>
gnome-dictionary,1848,0,0,242,0,0,1539,1848,100.0,Ukrainian <uk@li.org>
gnome-disk-utility,3969,0,0,745,0,0,3616,3969,100.0,Ukrainian <kde-i18n-uk@kde.org>
gnome-do,612,0,0,144,0,0,564,612,100.0,Ukrainian <uk@li.org>
gnome-doc-utils,251,0,0,101,0,0,268,251,100.0,Ukrainian <trans-uk@lists.fedoraproject.org>
gnome-documents,647,0,0,204,0,0,607,647,100.0,linux.org.ua
gnome-extensions-app,2667,0,0,586,0,0,2521,2667,100.0,Ukrainian <kde-i18n-uk@kde.org>
gnome-flashback,1302,0,0,246,0,0,1269,1302,100.0,Ukrainian <trans-uk@lists.fedoraproject.org>
gnome-font-viewer,130,0,0,30,0,0,108,130,100.0,linux.org.ua
gnome-games,857,0,0,247,0,0,863,857,100.0,Ukrainian <trans-uk@lists.fedoraproject.org>
gnome-getting-started-docs,2121,0,0,274,0,0,1956,2121,100.0,Ukrainian <trans-uk@lists.fedoraproject.org>
gnome-gmail,36,17,134,12,3,16,36,187,19.25133689839572,LANGUAGE <LL@li.org>
gnome-icon-theme,43,0,0,38,0,0,47,43,100.0,Ukrainian <linux@linux.org.ua>
gnome-initial-setup,842,0,0,125,0,0,702,842,100.0,Ukrainian <kde-i18n-uk@kde.org>
gnome-keyring,469,0,0,98,0,0,442,469,100.0,Ukrainian <kde-i18n-uk@kde.org>
gnome-klotski,1415,0,0,139,0,0,1246,1415,100.0,Ukrainian <trans-uk@lists.fedoraproject.org>
gnome-latex,3490,0,0,672,0,0,3366,3490,100.0,Ukrainian <trans-uk@lists.fedoraproject.org>
gnome-logs,652,0,0,145,0,0,584,652,100.0,Ukrainian <trans-uk@lists.fedoraproject.org>
gnome-mahjongg,1638,0,0,196,0,0,1548,1638,100.0,Ukrainian <trans-uk@lists.fedoraproject.org>
gnome-maps,1452,0,0,366,0,0,1370,1452,100.0,Ukrainian <trans-uk@lists.fedoraproject.org>
gnome-menus,70,0,0,27,0,0,68,70,100.0,linux.org.ua
gnome-mime-data,887,0,0,362,0,0,1463,887,100.0,Ukrainian <uk@li.org>
gnome-mines,1445,0,0,167,0,0,1358,1445,100.0,Ukrainian <trans-uk@lists.fedoraproject.org>
gnome-multi-writer,347,0,0,53,0,0,308,347,100.0,linux.org.ua
gnome-music,1178,0,0,201,0,0,1159,1178,100.0,Ukrainian <trans-uk@lists.fedoraproject.org>
gnome-nettool,1160,0,0,241,0,0,1065,1160,100.0,Ukrainian <uk@li.org>
gnome-network-displays,195,0,0,26,0,0,206,195,100.0,Ukrainian <trans-uk@lists.fedoraproject.org>
gnome-nibbles,1758,0,0,227,0,0,1538,1758,100.0,Ukrainian <trans-uk@lists.fedoraproject.org>
gnome-online-accounts,664,0,0,146,0,0,658,664,100.0,Ukrainian <kde-i18n-uk@kde.org>
gnome-packagekit,3593,0,0,583,0,0,3138,3593,100.0,linux.org.ua
gnome-panel,5421,0,0,647,0,0,4712,5421,100.0,Ukrainian <uk@li.org>
gnome-passwordsafe,1047,0,0,289,0,0,1068,1047,100.0,Ukrainian <trans-uk@lists.fedoraproject.org>
gnome-phone-manager,502,0,0,112,0,0,438,502,100.0,Ukrainian <uk@li.org>
gnome-photos,1029,0,0,266,0,0,1030,1029,100.0,Ukrainian <trans-uk@lists.fedoraproject.org>
gnome-power-manager,433,0,0,145,0,0,411,433,100.0,linux.org.ua
gnome-robots,1715,0,0,256,0,0,1512,1715,100.0,Ukrainian <trans-uk@lists.fedoraproject.org>
gnome-screenshot,417,0,0,64,0,0,380,417,100.0,Ukrainian <trans-uk@lists.fedoraproject.org>
gnome-search-tool,3178,0,0,358,0,0,2637,3178,100.0,Ukrainian <uk@li.org>
gnome-session,432,0,0,67,0,0,396,432,100.0,Ukrainian <trans-uk@lists.fedoraproject.org>
gnome-settings-daemon,3530,0,0,520,0,0,3282,3530,100.0,Ukrainian <trans-uk@lists.fedoraproject.org>
gnome-shell,2667,0,0,586,0,0,2521,2667,100.0,Ukrainian <kde-i18n-uk@kde.org>
gnome-shell-extension-bubblemail,0,0,98,0,0,27,0,98,0.0,none
gnome-shell-extension-dash-to-dock,633,0,4,133,0,1,568,637,99.37205651491365,
gnome-shell-extension-desktop-icons,133,0,0,42,0,0,120,133,100.0,Ukrainian <trans-uk@lists.fedoraproject.org>
gnome-shell-extension-freon,102,2,0,31,1,0,106,104,98.07692307692307,
gnome-shell-extension-gsconnect,540,0,111,218,0,24,543,651,82.94930875576037,Ukrainian
gnome-shell-extension-media-player-indicator,86,0,0,22,0,0,72,86,100.0,
gnome-shell-extension-openweather,507,107,5,155,41,5,507,619,81.90630048465266,"Vitalii Paslavskyi <vpaslavskyi@gmail.com>, 2017"
gnome-shell-extension-system-monitor-applet,121,1,69,82,1,23,123,191,63.35078534031413,
gnome-shell-extensions,262,0,0,51,0,0,249,262,100.0,Ukrainian <kde-i18n-uk@kde.org>
gnome-software,3927,0,0,779,0,0,3660,3927,100.0,Ukrainian <trans-uk@lists.fedoraproject.org>
gnome-sound-recorder,271,0,0,78,0,0,257,271,100.0,Ukrainian <trans-uk@lists.fedoraproject.org>
gnome-sudoku,1888,0,0,208,0,0,1753,1888,100.0,Ukrainian <trans-uk@lists.fedoraproject.org>
gnome-system-log,1660,0,0,148,0,0,1434,1660,100.0,Ukrainian <uk@li.org>
gnome-system-monitor,5553,0,0,534,0,0,5051,5553,100.0,Ukrainian <trans-uk@lists.fedoraproject.org>
gnome-taquin,1364,0,0,213,0,0,1236,1364,100.0,Ukrainian <trans-uk@lists.fedoraproject.org>
gnome-terminal,8007,0,0,1037,0,0,7542,8007,100.0,Ukrainian <trans-uk@lists.fedoraproject.org>
gnome-tetravex,1718,0,0,231,0,0,1644,1718,100.0,Ukrainian <trans-uk@lists.fedoraproject.org>
gnome-themes-extra,15,0,0,6,0,0,14,15,100.0,linux.org.ua
gnome-todo,654,0,0,148,0,0,583,654,100.0,linux.org.ua
gnome-tour,142,0,0,26,0,0,148,142,100.0,Ukrainian <trans-uk@lists.fedoraproject.org>
gnome-tweaks,660,0,0,184,0,0,683,660,100.0,Ukrainian <kde-i18n-uk@kde.org>
gnome-usage,165,0,0,37,0,0,158,165,100.0,Ukrainian <trans-uk@lists.fedoraproject.org>
gnome-user-share,52,0,0,10,0,0,45,52,100.0,linux.org.ua
gnome-vfs2,1519,0,0,305,0,0,1450,1519,100.0,Ukrainian <uk@li.org>
gnome-video-effects,256,0,0,68,0,0,205,256,100.0,translation@linux.org.ua
gnome-weather,195,0,0,41,0,0,171,195,100.0,Ukrainian <kde-i18n-uk@kde.org>
gnote,7628,0,0,924,0,0,7302,7628,100.0,Ukrainian <trans-uk@lists.fedoraproject.org>
gnubik,266,13,0,82,1,0,266,279,95.3405017921147,Ukrainian <translation-team-uk@lists.sourceforge.net>
gnucash,36666,0,0,5362,0,0,34222,36666,100.0,Ukrainian <trans-uk@lists.fedoraproject.org>
gnuchess,1076,59,0,144,3,0,1104,1135,94.80176211453745,Ukrainian <trans-uk@lists.fedoraproject.org>
gnumeric,18042,0,20464,4047,0,1997,17794,38506,46.855035578870826,Ukrainian <trans-uk@lists.fedoraproject.org>
gnupg1,8613,21,6,1293,3,1,8535,8640,99.6875,Ukrainian <kde-i18n-uk@kde.org>
gnupg2,13260,151,157,2167,26,21,13971,13568,97.72995283018868,Ukrainian <kde-i18n-uk@kde.org>
gnutls,1784,31,3,384,9,1,1703,1818,98.12981298129813,Ukrainian <trans-uk@lists.fedoraproject.org>
goaccess,967,8,25,216,2,6,931,1000,96.7,
godot,13205,11,0,2904,6,0,13109,13216,99.91676755447942,Ukrainian <https://hosted.weblate.org/projects/godot-engine/godot/uk/>
goffice,5427,0,1195,1898,0,225,5257,6622,81.9540924192087,Ukrainian <uk@li.org>
gparted,9688,0,0,997,0,0,9235,9688,100.0,Ukrainian <trans-uk@lists.fedoraproject.org>
gphoto2,1674,87,0,335,5,0,1621,1761,95.05962521294718,Ukrainian <translation-team-uk@lists.sourceforge.net>
gphotoframe,1214,30,75,253,5,9,1070,1319,92.03942380591357,LANGUAGE <LL@li.org>
gpicview,236,0,0,52,0,0,234,236,100.0,LANGUAGE <LL@li.org>
gpodder,981,468,772,284,139,154,1017,2221,44.16929311121117,LANGUAGE <LL@li.org>
gpredict,45,0,6079,10,0,1133,53,6124,0.7348138471587198,Ukrainian <uk@li.org>
gpx-viewer,52,0,56,28,0,30,54,108,48.148148148148145,Ukrainian <uk@li.org>
gradio,309,0,0,101,0,0,264,309,100.0,Ukrainian <https://hosted.weblate.org/projects/gradio/translations/uk/>
gramps,39555,16,346,6719,1,128,35299,39917,99.09311822030715,Ukrainian <fedikw@gmail.com>
granatier,247,0,0,68,0,0,215,247,100.0,Ukrainian <kde-i18n-uk@kde.org>
granite,84,17,168,38,6,44,78,269,31.226765799256505,Ukrainian <https://l10n.elementary.io/projects/desktop/granite/uk/>
grantlee-editor,530,0,0,158,0,0,528,530,100.0,Ukrainian <kde-i18n-uk@kde.org>
grass,61,0,121178,18,0,18536,51,121239,0.05031384290533574,Ukrainian (https://www.transifex.com/grass-gis/teams/45198/uk/)
grep,834,32,0,102,1,0,939,866,96.30484988452656,Ukrainian <trans-uk@lists.fedoraproject.org>
gretl,15455,1027,675,3915,274,107,15041,17157,90.07985078976512,
grilo,191,0,0,36,0,0,181,191,100.0,Ukrainian <trans-uk@lists.fedoraproject.org>
grilo-plugins,1844,0,0,186,0,0,1720,1844,100.0,Ukrainian <trans-uk@lists.fedoraproject.org>
grip,1097,0,0,279,0,0,1135,1097,100.0,Ukrainian <trans-uk@lists.fedoraproject.org>
grub-customizer,1064,0,231,189,0,4,970,1295,82.16216216216216,Ukrainian <uk@li.org>
grub2,7019,65,316,1322,16,38,7372,7400,94.85135135135135,Ukrainian <trans-uk@lists.fedoraproject.org>
gscan2pdf,2489,0,0,590,0,0,2558,2489,100.0,Ukrainian <uk@li.org>
gsettings-desktop-schemas,6694,0,0,602,0,0,6047,6694,100.0,Ukrainian <trans-uk@lists.fedoraproject.org>
gspell,78,0,0,32,0,0,78,78,100.0,Ukrainian <trans-uk@lists.fedoraproject.org>
gstreamer1,2110,0,0,378,0,0,2029,2110,100.0,Ukrainian <translation-team-uk@lists.sourceforge.net>
gstreamer1-plugins-bad-free,197,0,0,29,0,0,212,197,100.0,Ukrainian <translation-team-uk@lists.sourceforge.net>
gstreamer1-plugins-base,976,0,0,204,0,0,935,976,100.0,Ukrainian <translation-team-uk@lists.sourceforge.net>
gstreamer1-plugins-good,802,0,0,98,0,0,783,802,100.0,Ukrainian <translation-team-uk@lists.sourceforge.net>
gstreamer1-plugins-ugly-free,80,0,0,10,0,0,74,80,100.0,Ukrainian <translation-team-uk@lists.sourceforge.net>
gthumb,8566,0,0,1538,0,0,8149,8566,100.0,Ukrainian <trans-uk@lists.fedoraproject.org>
gtk+,202,0,0,105,0,0,193,202,100.0,Ukrainian <uk@li.org>
gtk-gnutella,1302,1,15992,771,1,2039,1340,17295,7.5281873373807455,Ukrainian (http://www.transifex.com/gtk-gnutella/gtk-gnutella/language/uk/)
gtk-vnc,8,0,0,3,0,0,8,8,100.0,Ukrainian <uk@li.org>
gtk2,13699,5,0,2783,1,0,12032,13704,99.96351430239346,Ukrainian <trans-uk@lists.fedoraproject.org>
gtk2-engines,119,0,0,47,0,0,125,119,100.0,ukrainian <Ukrainian <uk@li.org>>
gtk3,16731,0,0,3937,0,0,14613,16731,100.0,Ukrainian <kde-i18n-uk@kde.org>
gtk4,13283,0,0,3420,0,0,11885,13283,100.0,Ukrainian <trans-uk@lists.fedoraproject.org>
gtkhtml3,488,0,0,310,0,0,471,488,100.0,translation@linux.org.ua
gtksourceview2,1413,0,0,538,0,0,1361,1413,100.0,Ukrainian <trans-uk@lists.fedoraproject.org>
gtksourceview3,123,85,114,39,21,46,114,322,38.19875776397515,translation@linux.org.ua
gtksourceview4,308,0,0,94,0,0,311,308,100.0,Ukrainian <kde-i18n-uk@kde.org>
gtkspell,11,0,0,5,0,0,11,11,100.0,Ukrainian <translation-team-uk@lists.sourceforge.net>
gtkspell3,16,0,0,7,0,0,17,16,100.0,Ukrainian <translation-team-uk@lists.sourceforge.net>
gtranslator,3458,0,0,462,0,0,3187,3458,100.0,Ukrainian <trans-uk@lists.fedoraproject.org>
guake,293,180,1075,79,45,176,287,1548,18.92764857881137,Ukrainian (Ukraine) (http://www.transifex.com/projects/p/guake/language/uk_UA/)
guayadeque,3319,0,7,1015,0,4,2951,3326,99.78953698135899,Ukrainian (Ukraine) (http://www.transifex.com/projects/p/guayadeque/language/uk_UA/)
gucharmap,3196,0,0,631,0,0,2950,3196,100.0,Ukrainian <trans-uk@lists.fedoraproject.org>
gutenprint,16241,64,21,4804,17,3,15840,16326,99.47935807913757,Ukrainian <trans-uk@lists.fedoraproject.org>
gvfs,2066,0,0,401,0,0,2062,2066,100.0,Ukrainian <kde-i18n-uk@kde.org>
gweled,107,0,49,36,0,8,110,156,68.58974358974359,Ukrainian <uk@li.org>
gwenview,1559,0,0,408,0,0,1750,1559,100.0,Ukrainian <kde-i18n-uk@kde.org>
harvey,0,0,57,0,0,12,0,57,0.0,none
heaptrack,1170,0,0,185,0,0,1181,1170,100.0,Ukrainian <kde-i18n-uk@kde.org>
hello,165,21,0,27,3,0,185,186,88.70967741935483,Ukrainian <translation-team-uk@lists.sourceforge.net>
help2man,2675,0,0,219,0,0,2673,2675,100.0,Ukrainian <trans-uk@lists.fedoraproject.org>
hexchat,3087,0,2884,906,0,540,2836,5971,51.69988276670574,Ukrainian (http://www.transifex.com/hexchat/hexchat/language/uk/)
hitori,922,0,0,103,0,0,810,922,100.0,Ukrainian <trans-uk@lists.fedoraproject.org>
hivex,262,8,0,21,1,0,270,270,97.03703703703704,Ukrainian <trans-uk@lists.fedoraproject.org>
homebank,1545,11,1236,538,3,324,1451,2792,55.336676217765046,Ukrainian <uk@li.org>
iagno,4668,0,0,405,0,0,4259,4668,100.0,Ukrainian <trans-uk@lists.fedoraproject.org>
ibus,2241,0,0,552,0,0,2178,2241,100.0,Ukrainian <https://translate.fedoraproject.org/projects/ibus/ibus/uk/>
ibus-anthy,705,0,0,194,0,0,701,705,100.0,Ukrainian <kde-i18n-uk@kde.org>
ibus-chewing,359,0,0,70,0,0,388,359,100.0,Ukrainian <kde-i18n-uk@kde.org>
ibus-input-pad,90,0,0,27,0,0,89,90,100.0,Ukrainian
ibus-libpinyin,314,70,20,127,13,10,306,404,77.72277227722772,Ukrainian <kde-i18n-uk@kde.org>
ibus-m17n,57,0,0,24,0,0,59,57,100.0,Ukrainian <https://translate.stg.fedoraproject.org/projects/ibus-m17n/app/uk/>
ibus-table,987,0,0,145,0,0,969,987,100.0,Ukrainian <https://translate.fedoraproject.org/projects/ibus-table/app/uk/>
ibus-typing-booster,1896,0,0,212,0,0,1768,1896,100.0,Ukrainian <https://translate.fedoraproject.org/projects/ibus-typing-booster/app/uk/>
icewm,1255,694,275,296,68,139,1250,2224,56.42985611510791,Ukrainian <https://l10n.opensuse.org/projects/icewm/icewm-1-4-branch/uk/>
ikona,156,0,0,50,0,0,153,156,100.0,Ukrainian <kde-i18n-uk@kde.org>
im-chooser,239,0,15,56,0,2,225,254,94.09448818897637,Ukrainian <trans-uk@lists.fedoraproject.org>
imsettings,440,5,40,80,1,7,441,485,90.72164948453609,Ukrainian <trans-uk@lists.fedoraproject.org>
indent,261,0,0,52,0,0,281,261,100.0,Ukrainian <https://hosted.weblate.org/projects/indent/translations/uk/>
initial-setup,106,0,0,20,0,0,109,106,100.0,Ukrainian (http://www.transifex.com/projects/p/initial-setup/language/uk/)
initscripts,1118,0,0,158,0,0,1110,1118,100.0,Ukrainian <https://translate.fedoraproject.org/projects/fedora-sysv/initscripts/uk/>
inkscape,40824,0,0,8655,0,0,40366,40824,100.0,Ukrainian <trans-uk@lists.fedoraproject.org>
input-pad,2220,0,0,1017,0,0,2322,2220,100.0,Ukrainian <trans-uk@lists.fedoraproject.org>
insight,14076,0,0,2145,0,0,14801,14076,100.0,Ukrainian <translation-team-uk@lists.sourceforge.net>
iputils,1237,0,0,280,0,0,1345,1237,100.0,Ukrainian <https://translate.fedoraproject.org/projects/iputils/iputils/uk/>
iso-codes,23492,0,0,15385,0,0,21694,23492,100.0,Ukrainian <https://hosted.weblate.org/projects/iso-codes/iso-15924/uk/>
isoimagewriter,390,0,0,71,0,0,394,390,100.0,Ukrainian <kde-i18n-uk@kde.org>
isomaster,666,0,8,105,0,2,571,674,98.81305637982196,
jmol,2821,169,176,952,44,25,2965,3166,89.10296904611498,Ukrainian <translation@linux.org.ua>
joe,1121,654,252,252,163,63,1065,2027,55.303404045387275,
jpilot,1566,594,914,515,109,139,1489,3074,50.943396226415096,Ukrainian <translation-team-uk@lists.sourceforge.net>
json-glib,307,0,0,47,0,0,279,307,100.0,Ukrainian <kde-i18n-uk@kde.org>
juk,1484,0,0,358,0,0,1407,1484,100.0,Ukrainian <kde-i18n-uk@kde.org>
k3b,20180,0,0,2518,0,0,18889,20180,100.0,Ukrainian <kde-i18n-uk@kde.org>
kaccounts-integration,165,0,0,33,0,0,167,165,100.0,Ukrainian <kde-i18n-uk@kde.org>
kaccounts-providers,82,0,0,27,0,0,94,82,100.0,Ukrainian <kde-i18n-uk@kde.org>
kactivitymanagerd,7,0,0,3,0,0,9,7,100.0,Ukrainian <kde-i18n-uk@kde.org>
kaddressbook,783,0,0,179,0,0,775,783,100.0,Ukrainian <kde-i18n-uk@kde.org>
kajongg,2444,0,0,510,0,0,2273,2444,100.0,Ukrainian <kde-i18n-uk@kde.org>
kalarm,7838,0,0,1094,0,0,7227,7838,100.0,Ukrainian <kde-i18n-uk@kde.org>
kalgebra,240,0,0,114,0,0,234,240,100.0,Ukrainian <kde-i18n-uk@kde.org>
kalzium,10484,0,0,1560,0,0,9224,10484,100.0,Ukrainian <kde-i18n-uk@kde.org>
kamera,347,0,0,38,0,0,302,347,100.0,Ukrainian <kde-i18n-uk@kde.org>
kamoso,142,0,0,41,0,0,156,142,100.0,Ukrainian <kde-i18n-uk@kde.org>
kanagram,528,0,0,145,0,0,529,528,100.0,Ukrainian <kde-i18n-uk@kde.org>
kapman,114,0,0,36,0,0,121,114,100.0,Ukrainian <kde-i18n-uk@kde.org>
kapptemplate,272,0,0,52,0,0,256,272,100.0,Ukrainian <kde-i18n-uk@kde.org>
kate,6039,0,0,1452,0,0,6227,6039,100.0,Ukrainian <kde-i18n-uk@kde.org>
katomic,185,0,0,59,0,0,204,185,100.0,Ukrainian <translation@linux.org.ua>
kaudiocreator,1136,0,0,273,0,0,1047,1136,100.0,Ukrainian <translation@linux.org.ua>
kbackup,689,0,0,135,0,0,671,689,100.0,Ukrainian <kde-i18n-uk@kde.org>
kbd,2402,12,0,338,1,0,2405,2414,99.50289975144987,Ukrainian <trans-uk@lists.fedoraproject.org>
kbibtex,2481,0,0,729,0,0,2554,2481,100.0,Ukrainian <kde-i18n-uk@kde.org>
kblackbox,1364,0,0,102,0,0,1205,1364,100.0,Ukrainian <kde-i18n-uk@kde.org>
kblocks,159,0,0,38,0,0,158,159,100.0,Ukrainian <kde-i18n-uk@kde.org>
kbounce,154,0,0,42,0,0,150,154,100.0,Ukrainian <kde-i18n-uk@kde.org>
kbrickbuster,152,0,0,40,0,0,132,152,100.0,Ukrainian <kde-i18n-uk@kde.org>
kbruch,1347,0,0,198,0,0,1132,1347,100.0,Ukrainian <kde-i18n-uk@kde.org>
kcachegrind,4372,0,0,563,0,0,3945,4372,100.0,Ukrainian <kde-i18n-uk@kde.org>
kcalc,1026,0,0,337,0,0,944,1026,100.0,Ukrainian <kde-i18n-uk@kde.org>
kcharselect,88,0,0,34,0,0,93,88,100.0,Ukrainian <kde-i18n-uk@kde.org>
kchmviewer,972,0,0,207,0,0,861,972,100.0,Ukrainian <translation@linux.org.ua>
kclock,34,0,0,13,0,0,36,34,100.0,Ukrainian <kde-i18n-uk@kde.org>
kcm_systemd,1385,0,0,168,0,0,1316,1385,100.0,Ukrainian <kde-i18n-uk@kde.org>
kcm_wacomtablet,1064,0,0,243,0,0,1079,1064,100.0,Ukrainian <kde-i18n-uk@kde.org>
kcolorchooser,29,0,0,10,0,0,30,29,100.0,Ukrainian <kde-i18n-uk@kde.org>
kcoloredit,278,0,0,95,0,0,268,278,100.0,Ukrainian <translation@linux.org.ua>
kcron,534,0,0,190,0,0,492,534,100.0,Ukrainian <kde-i18n-uk@kde.org>
kdb,1502,0,0,244,0,0,1551,1502,100.0,Ukrainian <kde-i18n-uk@kde.org>
kde-cli-tools,2206,0,0,230,0,0,2024,2206,100.0,Ukrainian <kde-i18n-uk@kde.org>
kde-connect,1210,0,0,319,0,0,1290,1210,100.0,Ukrainian <kde-i18n-uk@kde.org>
kde-dev-utils,96,0,0,35,0,0,101,96,100.0,Ukrainian <kde-i18n-uk@kde.org>
kde-l10n,105160,0,0,21176,0,0,102248,105160,100.0,Ukrainian <translation@linux.org.ua>
kde-partitionmanager,2214,0,0,523,0,0,2263,2214,100.0,Ukrainian <kde-i18n-uk@kde.org>
kde-print-manager,990,0,0,279,0,0,998,990,100.0,Ukrainian <kde-i18n-uk@kde.org>
kde-style-breeze,266,0,0,101,0,0,285,266,100.0,Ukrainian <kde-i18n-uk@kde.org>
kdebugsettings,206,0,0,56,0,0,211,206,100.0,Ukrainian <kde-i18n-uk@kde.org>
kdecoration,27,0,0,15,0,0,27,27,100.0,Ukrainian <kde-i18n-uk@kde.org>
kdenetwork-filesharing,63,0,0,16,0,0,66,63,100.0,Ukrainian <kde-i18n-uk@kde.org>
kdepim-addons,4396,0,0,910,0,0,4145,4396,100.0,Ukrainian <translation@linux.org.ua>
kdepim-apps-libs,334,0,0,56,0,0,323,334,100.0,Ukrainian <kde-i18n-uk@kde.org>
kdepim-runtime,7817,0,0,1196,0,0,7949,7817,100.0,Ukrainian <kde-i18n-uk@kde.org>
kdeplasma-addons,1694,0,0,644,0,0,1821,1694,100.0,Ukrainian <kde-i18n-uk@kde.org>
kdesdk-kioslaves,82,0,0,17,0,0,86,82,100.0,Ukrainian <translation@linux.org.ua>
kdesdk-thumbnailers,4,0,0,4,0,0,4,4,100.0,Ukrainian <kde-i18n-uk@kde.org>
kdesvn,4937,0,0,914,0,0,5195,4937,100.0,Ukrainian <kde-i18n-uk@kde.org>
kdevelop,15296,0,0,3024,0,0,15241,15296,100.0,Ukrainian <kde-i18n-uk@kde.org>
kdevelop-php,529,0,0,72,0,0,534,529,100.0,Ukrainian <kde-i18n-uk@kde.org>
kdevelop-python,582,0,0,101,0,0,596,582,100.0,Ukrainian <kde-i18n-uk@kde.org>
kdf,181,0,0,69,0,0,185,181,100.0,Ukrainian <kde-i18n-uk@kde.org>
kdiagram,66,0,0,40,0,0,78,66,100.0,Ukrainian <kde-i18n-uk@kde.org>
kdialog,382,0,0,75,0,0,390,382,100.0,Ukrainian <kde-i18n-uk@kde.org>
kdiamond,122,0,0,32,0,0,134,122,100.0,Ukrainian <translation@linux.org.ua>
kdiff3,3602,0,0,622,0,0,3406,3602,100.0,Ukrainian <kde-i18n-uk@kde.org>
kdnssd,30,0,0,7,0,0,27,30,100.0,Ukrainian <kde-i18n-uk@kde.org>
kdump-anaconda-addon,51,8,24,2,2,8,34,83,61.44578313253012,Ukrainian <uk@li.org>
keditbookmarks,466,0,0,132,0,0,430,466,100.0,Ukrainian <kde-i18n-uk@kde.org>
kexi,7380,0,0,1496,0,0,7277,7380,100.0,Ukrainian <kde-i18n-uk@kde.org>
kf5-akonadi-calendar,1867,0,0,288,0,0,2009,1867,100.0,Ukrainian <kde-i18n-uk@kde.org>
kf5-akonadi-contacts,1587,0,0,321,0,0,1714,1587,100.0,Ukrainian <kde-i18n-uk@kde.org>
kf5-akonadi-mime,567,0,0,110,0,0,677,567,100.0,Ukrainian <kde-i18n-uk@kde.org>
kf5-akonadi-notes,2,0,0,1,0,0,2,2,100.0,Ukrainian <kde-i18n-uk@kde.org>
kf5-akonadi-search,48,0,0,11,0,0,50,48,100.0,Ukrainian <kde-i18n-uk@kde.org>
kf5-akonadi-server,2540,0,0,435,0,0,2707,2540,100.0,Ukrainian <translation@linux.org.ua>
kf5-audiocd-kio,997,0,0,209,0,0,959,997,100.0,Ukrainian <kde-i18n-uk@kde.org>
kf5-baloo,907,0,0,203,0,0,883,907,100.0,Ukrainian <kde-i18n-uk@kde.org>
kf5-calendarsupport,2986,0,0,432,0,0,2718,2986,100.0,Ukrainian <kde-i18n-uk@kde.org>
kf5-eventviews,2954,0,0,317,0,0,2700,2954,100.0,Ukrainian <kde-i18n-uk@kde.org>
kf5-grantleetheme,14,0,0,6,0,0,20,14,100.0,Ukrainian <kde-i18n-uk@kde.org>
kf5-incidenceeditor,2528,0,0,457,0,0,2319,2528,100.0,Ukrainian <kde-i18n-uk@kde.org>
kf5-kalarmcal,201,0,0,102,0,0,260,201,100.0,Ukrainian <kde-i18n-uk@kde.org>
kf5-kauth,73,0,0,8,0,0,78,73,100.0,Ukrainian <kde-i18n-uk@kde.org>
kf5-kblog,243,0,0,27,0,0,244,243,100.0,Ukrainian <kde-i18n-uk@kde.org>
kf5-kbookmarks,230,0,0,49,0,0,220,230,100.0,Ukrainian <kde-i18n-uk@kde.org>
kf5-kcalendarutils,1475,0,0,417,0,0,1783,1475,100.0,Ukrainian <kde-i18n-uk@kde.org>
kf5-kcmutils,566,0,0,72,0,0,501,566,100.0,Ukrainian <kde-i18n-uk@kde.org>
kf5-kcodecs,372,0,0,54,0,0,287,372,100.0,Ukrainian <kde-i18n-uk@kde.org>
kf5-kcompletion,18,0,0,11,0,0,18,18,100.0,Ukrainian <kde-i18n-uk@kde.org>
kf5-kconfig,271,0,0,103,0,0,277,271,100.0,Ukrainian <kde-i18n-uk@kde.org>
kf5-kconfigwidgets,324,0,0,119,0,0,334,324,100.0,Ukrainian <kde-i18n-uk@kde.org>
kf5-kcontacts,177,0,0,108,0,0,179,177,100.0,Ukrainian <kde-i18n-uk@kde.org>
kf5-kcoreaddons,495,0,0,177,0,0,540,495,100.0,Ukrainian <kde-i18n-uk@kde.org>
kf5-kdav,185,0,0,20,0,0,173,185,100.0,Ukrainian <kde-i18n-uk@kde.org>
kf5-kdbusaddons,48,0,0,6,0,0,49,48,100.0,Ukrainian <kde-i18n-uk@kde.org>
kf5-kdeclarative,104,0,0,14,0,0,93,104,100.0,Ukrainian <kde-i18n-uk@kde.org>
kf5-kdelibs4support,4813,0,0,2364,0,0,5181,4813,100.0,Ukrainian <kde-i18n-uk@kde.org>
kf5-kdesignerplugin,54,0,0,9,0,0,54,54,100.0,Ukrainian <kde-i18n-uk@kde.org>
kf5-kdesu,19,0,0,7,0,0,22,19,100.0,Ukrainian <kde-i18n-uk@kde.org>
kf5-kdnssd,3,0,0,3,0,0,3,3,100.0,Ukrainian <kde-i18n-uk@kde.org>
kf5-kdoctools,8,0,0,4,0,0,11,8,100.0,Ukrainian <translation@linux.org.ua>
kf5-kfilemetadata,302,0,0,134,0,0,356,302,100.0,Ukrainian <kde-i18n-uk@kde.org>
kf5-kglobalaccel,71,0,0,9,0,0,55,71,100.0,Ukrainian <kde-i18n-uk@kde.org>
kf5-kholidays,139,0,0,90,0,0,137,139,100.0,Ukrainian <kde-i18n-uk@kde.org>
kf5-khtml,1721,0,0,310,0,0,1562,1721,100.0,Ukrainian <kde-i18n-uk@kde.org>
kf5-ki18n,124,0,0,110,0,0,124,124,100.0,Ukrainian <kde-i18n-uk@kde.org>
kf5-kiconthemes,37,0,0,18,0,0,38,37,100.0,Ukrainian <kde-i18n-uk@kde.org>
kf5-kidentitymanagement,181,0,0,23,0,0,185,181,100.0,Ukrainian <kde-i18n-uk@kde.org>
kf5-kimap,110,0,0,49,0,0,128,110,100.0,Ukrainian <kde-i18n-uk@kde.org>
kf5-kinit,134,0,0,14,0,0,119,134,100.0,Ukrainian <kde-i18n-uk@kde.org>
kf5-kio,12470,0,0,1398,0,0,11469,12470,100.0,Ukrainian <kde-i18n-uk@kde.org>
kf5-kipi-plugins,5695,0,0,1230,0,0,5638,5695,100.0,Ukrainian <kde-i18n-uk@kde.org>
kf5-kirigami,2,0,0,2,0,0,2,2,100.0,Ukrainian <kde-i18n-uk@kde.org>
kf5-kirigami2,47,0,0,24,0,0,51,47,100.0,Ukrainian <kde-i18n-uk@kde.org>
kf5-kitemviews,7,0,0,4,0,0,8,7,100.0,Ukrainian <kde-i18n-uk@kde.org>
kf5-kitinerary,111,0,0,29,0,0,114,111,100.0,Ukrainian <kde-i18n-uk@kde.org>
kf5-kjobwidgets,133,0,0,38,0,0,202,133,100.0,Ukrainian <kde-i18n-uk@kde.org>
kf5-kjsembed,248,0,0,44,0,0,249,248,100.0,Ukrainian <kde-i18n-uk@kde.org>
kf5-kldap,229,0,0,62,0,0,256,229,100.0,Ukrainian <kde-i18n-uk@kde.org>
kf5-kmailtransport,654,0,0,109,0,0,616,654,100.0,Ukrainian <kde-i18n-uk@kde.org>
kf5-kmime,159,0,0,10,0,0,125,159,100.0,Ukrainian <translation@linux.org.ua>
kf5-knewstuff,1636,0,0,256,0,0,1518,1636,100.0,Ukrainian <kde-i18n-uk@kde.org>
kf5-knotifications,20,0,0,7,0,0,18,20,100.0,Ukrainian <kde-i18n-uk@kde.org>
kf5-knotifyconfig,129,0,0,17,0,0,115,129,100.0,Ukrainian <kde-i18n-uk@kde.org>
kf5-kontactinterface,4,0,0,2,0,0,4,4,100.0,Ukrainian <translation@linux.org.ua>
kf5-kpackage,504,0,0,100,0,0,489,504,100.0,Ukrainian <kde-i18n-uk@kde.org>
kf5-kparts,123,0,0,28,0,0,108,123,100.0,Ukrainian <kde-i18n-uk@kde.org>
kf5-kpeople,21,0,0,11,0,0,28,21,100.0,Ukrainian <kde-i18n-uk@kde.org>
kf5-kpimtextedit,408,0,0,197,0,0,433,408,100.0,Ukrainian <kde-i18n-uk@kde.org>
kf5-kpty,15,0,0,4,0,0,15,15,100.0,Ukrainian <kde-i18n-uk@kde.org>
kf5-kross,100,0,0,35,0,0,100,100,100.0,Ukrainian <kde-i18n-uk@kde.org>
kf5-kservice,167,0,0,27,0,0,161,167,100.0,Ukrainian <kde-i18n-uk@kde.org>
kf5-ksmtp,97,0,0,13,0,0,98,97,100.0,Ukrainian <kde-i18n-uk@kde.org>
kf5-ktexteditor,8772,0,0,1263,0,0,8230,8772,100.0,Ukrainian <kde-i18n-uk@kde.org>
kf5-ktextwidgets,473,0,0,130,0,0,495,473,100.0,Ukrainian <kde-i18n-uk@kde.org>
kf5-ktnef,355,0,0,143,0,0,359,355,100.0,Ukrainian <kde-i18n-uk@kde.org>
kf5-kunitconversion,5735,0,0,2473,0,0,8803,5735,100.0,Ukrainian <kde-i18n-uk@kde.org>
kf5-kwallet,1462,0,0,112,0,0,1418,1462,100.0,Ukrainian <kde-i18n-uk@kde.org>
kf5-kwidgetsaddons,1282,0,0,463,0,0,1236,1282,100.0,Ukrainian <kde-i18n-uk@kde.org>
kf5-kwindowsystem,2,0,0,1,0,0,2,2,100.0,Ukrainian <kde-i18n-uk@kde.org>
kf5-kxmlgui,1533,0,0,219,0,0,1528,1533,100.0,Ukrainian <kde-i18n-uk@kde.org>
kf5-kxmlrpcclient,13,0,0,2,0,0,12,13,100.0,Ukrainian <kde-i18n-uk@kde.org>
kf5-libgravatar,27,0,0,12,0,0,29,27,100.0,Ukrainian <kde-i18n-uk@kde.org>
kf5-libkcddb,476,0,0,225,0,0,444,476,100.0,Ukrainian <kde-i18n-uk@kde.org>
kf5-libkcompactdisc,15,0,0,10,0,0,14,15,100.0,Ukrainian <translation@linux.org.ua>
kf5-libkdepim,59,0,0,15,0,0,54,59,100.0,Ukrainian <kde-i18n-uk@kde.org>
kf5-libkgeomap,139,0,0,46,0,0,135,139,100.0,Ukrainian <kde-i18n-uk@kde.org>
kf5-libkleo,1325,0,0,328,0,0,1353,1325,100.0,Ukrainian <kde-i18n-uk@kde.org>
kf5-libksane,290,0,0,92,0,0,326,290,100.0,Ukrainian <kde-i18n-uk@kde.org>
kf5-libksieve,3368,0,0,573,0,0,3219,3368,100.0,Ukrainian <kde-i18n-uk@kde.org>
kf5-libktorrent,471,0,0,106,0,0,546,471,100.0,Ukrainian <kde-i18n-uk@kde.org>
kf5-mailcommon,2923,0,0,491,0,0,2785,2923,100.0,Ukrainian <kde-i18n-uk@kde.org>
kf5-mailimporter,1408,0,0,127,0,0,1390,1408,100.0,Ukrainian <kde-i18n-uk@kde.org>
kf5-messagelib,8105,0,0,1333,0,0,8512,8105,100.0,Ukrainian <kde-i18n-uk@kde.org>
kf5-pimcommon,1255,0,0,328,0,0,1251,1255,100.0,Ukrainian <kde-i18n-uk@kde.org>
kf5-plasma,511,0,0,150,0,0,522,511,100.0,Ukrainian <kde-i18n-uk@kde.org>
kf5-purpose,262,0,0,68,0,0,256,262,100.0,Ukrainian <kde-i18n-uk@kde.org>
kf5-solid,686,0,0,226,0,0,635,686,100.0,Ukrainian <kde-i18n-uk@kde.org>
kf5-sonnet,667,0,0,73,0,0,555,667,100.0,Ukrainian <kde-i18n-uk@kde.org>
kf5-syntax-highlighting,604,0,0,355,0,0,632,604,100.0,Ukrainian <kde-i18n-uk@kde.org>
kfind,505,0,0,117,0,0,502,505,100.0,Ukrainian <kde-i18n-uk@kde.org>
kflickr,156,0,176,44,0,43,169,332,46.98795180722892,Ukrainian <uk@li.org>
kfloppy,641,0,0,100,0,0,593,641,100.0,Ukrainian <kde-i18n-uk@kde.org>
kfourinline,392,0,0,157,0,0,377,392,100.0,Ukrainian <kde-i18n-uk@kde.org>
kgamma,130,0,0,16,0,0,119,130,100.0,Ukrainian <translation@linux.org.ua>
kgeography,9670,0,0,7099,0,0,8918,9670,100.0,Ukrainian <kde-i18n-uk@kde.org>
kget,2946,0,0,793,0,0,2925,2946,100.0,Ukrainian <kde-i18n-uk@kde.org>
kgoldrunner,23556,0,0,908,0,0,19322,23556,100.0,Ukrainian <kde-i18n-uk@kde.org>
kgpg,5268,0,0,696,0,0,5273,5268,100.0,Ukrainian <kde-i18n-uk@kde.org>
kgrab,370,0,0,53,0,0,295,370,100.0,Ukrainian <translation@linux.org.ua>
kgraphviewer,1205,0,0,215,0,0,1092,1205,100.0,Ukrainian <kde-i18n-uk@kde.org>
khangman,476,0,0,121,0,0,425,476,100.0,Ukrainian <kde-i18n-uk@kde.org>
khelpcenter,265,0,0,90,0,0,283,265,100.0,Ukrainian <kde-i18n-uk@kde.org>
khotkeys,437,0,0,129,0,0,427,437,100.0,Ukrainian <kde-i18n-uk@kde.org>
kiconedit,726,0,0,155,0,0,600,726,100.0,Ukrainian <translation@linux.org.ua>
kid3,21308,0,0,2495,0,0,20899,21308,100.0,Ukrainian <kde-i18n-uk@kde.org>
kig,7855,0,0,1284,0,0,6841,7855,100.0,Ukrainian <kde-i18n-uk@kde.org>
kigo,500,0,0,129,0,0,478,500,100.0,Ukrainian <kde-i18n-uk@kde.org>
kile,12994,0,0,2183,0,0,11999,12994,100.0,Ukrainian <kde-i18n-uk@kde.org>
killbots,637,0,0,127,0,0,600,637,100.0,Ukrainian <kde-i18n-uk@kde.org>
kinfocenter,2571,0,0,994,0,0,2629,2571,100.0,Ukrainian <kde-i18n-uk@kde.org>
kio-extras,1075,0,0,136,0,0,1000,1075,100.0,Ukrainian <kde-i18n-uk@kde.org>
kio-gdrive,52,0,0,11,0,0,59,52,100.0,Ukrainian <kde-i18n-uk@kde.org>
kio_gopher,17,0,0,5,0,0,19,17,100.0,Ukrainian <translation@linux.org.ua>
kio_mtp,17,0,0,2,0,0,18,17,100.0,Ukrainian <kde-i18n-uk@kde.org>
kirigami-gallery,856,0,0,101,0,0,769,856,100.0,Ukrainian <kde-i18n-uk@kde.org>
kiriki,144,0,0,50,0,0,146,144,100.0,Ukrainian <kde-i18n-uk@kde.org>
kiten,653,0,0,172,0,0,681,653,100.0,Ukrainian <kde-i18n-uk@kde.org>
kjots,651,0,0,134,0,0,720,651,100.0,Ukrainian <kde-i18n-uk@kde.org>
kjumpingcube,412,0,0,95,0,0,387,412,100.0,Ukrainian <kde-i18n-uk@kde.org>
klamav,2503,0,0,419,0,0,2176,2503,100.0,Ukrainian <translation@linux.org.ua>
klavaro,1997,0,0,238,0,0,1881,1997,100.0,Ukrainian <trans-uk@lists.fedoraproject.org>
kleopatra,8658,0,0,1342,0,0,8746,8658,100.0,Ukrainian <kde-i18n-uk@kde.org>
klettres,438,0,0,84,0,0,410,438,100.0,Ukrainian <kde-i18n-uk@kde.org>
klickety,178,0,0,62,0,0,171,178,100.0,Ukrainian <kde-i18n-uk@kde.org>
klines,99,0,0,28,0,0,88,99,100.0,Ukrainian <kde-i18n-uk@kde.org>
kmag,432,0,0,98,0,0,370,432,100.0,Ukrainian <kde-i18n-uk@kde.org>
kmahjongg,355,0,0,101,0,0,344,355,100.0,Ukrainian <kde-i18n-uk@kde.org>
kmail,8961,0,0,1396,0,0,8848,8961,100.0,Ukrainian <kde-i18n-uk@kde.org>
kmail-account-wizard,816,0,0,131,0,0,827,816,100.0,Ukrainian <kde-i18n-uk@kde.org>
kmenuedit,273,0,0,63,0,0,247,273,100.0,Ukrainian <kde-i18n-uk@kde.org>
kmid2,1022,0,0,333,0,0,1089,1022,100.0,Ukrainian <translation@linux.org.ua>
kmines,119,0,0,42,0,0,108,119,100.0,Ukrainian <kde-i18n-uk@kde.org>
kmix,924,0,0,202,0,0,919,924,100.0,Ukrainian <kde-i18n-uk@kde.org>
kmousetool,147,0,0,32,0,0,128,147,100.0,Ukrainian <kde-i18n-uk@kde.org>
kmouth,1515,0,0,204,0,0,1251,1515,100.0,Ukrainian <kde-i18n-uk@kde.org>
kmplayer,1249,0,0,371,0,0,1260,1249,100.0,Ukrainian <kde-i18n-uk@kde.org>
kmplot,2493,0,0,481,0,0,2251,2493,100.0,Ukrainian <kde-i18n-uk@kde.org>
kmymoney,21824,0,0,3637,0,0,21410,21824,100.0,Ukrainian <kde-i18n-uk@kde.org>
knavalbattle,399,0,0,102,0,0,387,399,100.0,Ukrainian <kde-i18n-uk@kde.org>
knetwalk,230,0,0,54,0,0,230,230,100.0,Ukrainian <kde-i18n-uk@kde.org>
knotes,781,0,0,239,0,0,770,781,100.0,Ukrainian <kde-i18n-uk@kde.org>
koffice-kivio,7730,50,637,2119,22,220,7035,8417,91.83794701199952,Ukrainian <translation@linux.org.ua>
kolf,401,0,0,148,0,0,403,401,100.0,Ukrainian <kde-i18n-uk@kde.org>
kollision,109,0,0,30,0,0,142,109,100.0,Ukrainian <kde-i18n-uk@kde.org>
kolourpaint,2564,0,0,448,0,0,2440,2564,100.0,Ukrainian <kde-i18n-uk@kde.org>
kompare,1430,0,0,205,0,0,1306,1430,100.0,Ukrainian <kde-i18n-uk@kde.org>
konqueror,8773,0,0,1225,0,0,8076,8773,100.0,Ukrainian <kde-i18n-uk@kde.org>
konquest,246,0,0,98,0,0,250,246,100.0,Ukrainian <kde-i18n-uk@kde.org>
konsole5,3042,0,0,636,0,0,2885,3042,100.0,Ukrainian <kde-i18n-uk@kde.org>
kontact,600,0,0,99,0,0,637,600,100.0,Ukrainian <kde-i18n-uk@kde.org>
konversation,10294,0,0,1638,0,0,10145,10294,100.0,Ukrainian <kde-i18n-uk@kde.org>
kopete,18427,0,0,3457,0,0,17118,18427,100.0,Ukrainian <translation@linux.org.ua>
korganizer,7392,0,0,964,0,0,6972,7392,100.0,Ukrainian <kde-i18n-uk@kde.org>
kpat,477,0,0,141,0,0,517,477,100.0,Ukrainian <kde-i18n-uk@kde.org>
kphotoalbum,9473,0,0,1053,0,0,9465,9473,100.0,Ukrainian <kde-i18n-uk@kde.org>
kpilot,7156,0,0,861,0,0,6745,7156,100.0,Ukrainian <translation@linux.org.ua>
kpmcore,3226,0,0,491,0,0,3307,3226,100.0,Ukrainian <kde-i18n-uk@kde.org>
kproperty,145,0,0,82,0,0,143,145,100.0,Ukrainian <kde-i18n-uk@kde.org>
krb5-auth-dialog,1734,0,0,350,0,0,1837,1734,100.0,ukrainian <Ukrainian <uk@li.org>>
krdc,1147,0,0,260,0,0,1131,1147,100.0,Ukrainian <kde-i18n-uk@kde.org>
krecipes,3646,0,0,765,0,0,3865,3646,100.0,Ukrainian <kde-i18n-uk@kde.org>
krecorder,84,0,0,37,0,0,75,84,100.0,Ukrainian <kde-i18n-uk@kde.org>
krename,2142,0,0,452,0,0,2047,2142,100.0,Ukrainian <kde-i18n-uk@kde.org>
kreport,455,0,0,193,0,0,460,455,100.0,Ukrainian <kde-i18n-uk@kde.org>
kreversi,429,0,0,141,0,0,412,429,100.0,Ukrainian <kde-i18n-uk@kde.org>
krfb,676,0,0,91,0,0,692,676,100.0,Ukrainian <kde-i18n-uk@kde.org>
krita,27841,0,0,6806,0,0,28603,27841,100.0,Ukrainian <kde-i18n-uk@kde.org>
kruler,184,0,0,47,0,0,151,184,100.0,Ukrainian <kde-i18n-uk@kde.org>
krusader,7929,0,0,1738,0,0,7902,7929,100.0,Ukrainian <kde-i18n-uk@kde.org>
kscreen,256,0,0,59,0,0,263,256,100.0,Ukrainian <kde-i18n-uk@kde.org>
kscreenlocker,220,0,0,34,0,0,232,220,100.0,Ukrainian <kde-i18n-uk@kde.org>
kshisen,568,0,0,70,0,0,520,568,100.0,Ukrainian <kde-i18n-uk@kde.org>
ksig,85,0,0,26,0,0,76,85,100.0,Ukrainian <translation@linux.org.ua>
ksirk,5763,0,0,762,0,0,5320,5763,100.0,Ukrainian <kde-i18n-uk@kde.org>
ksnakeduel,237,0,0,56,0,0,267,237,100.0,Ukrainian <kde-i18n-uk@kde.org>
kspaceduel,165,0,0,81,0,0,174,165,100.0,Ukrainian <translation@linux.org.ua>
ksquares,257,0,0,76,0,0,207,257,100.0,Ukrainian <kde-i18n-uk@kde.org>
ksshaskpass,50,0,0,14,0,0,49,50,100.0,Ukrainian <kde-i18n-uk@kde.org>
kst,7288,0,0,1941,0,0,7606,7288,100.0,Ukrainian <kde-i18n-uk@kde.org>
kstars,62342,0,0,16771,0,0,61016,62342,100.0,Ukrainian <kde-i18n-uk@kde.org>
ksudoku,1746,0,0,163,0,0,1727,1746,100.0,Ukrainian <kde-i18n-uk@kde.org>
ksysguard,1316,0,0,335,0,0,1212,1316,100.0,Ukrainian <kde-i18n-uk@kde.org>
ksystemlog,3034,0,0,479,0,0,2771,3034,100.0,Ukrainian <kde-i18n-uk@kde.org>
kteatime,203,0,0,67,0,0,251,203,100.0,Ukrainian <kde-i18n-uk@kde.org>
ktechlab,3733,0,0,939,0,0,3686,3733,100.0,Ukrainian <kde-i18n-uk@kde.org>
ktimer,258,0,0,53,0,0,225,258,100.0,Ukrainian <kde-i18n-uk@kde.org>
ktorrent,7574,0,0,1390,0,0,7018,7574,100.0,Ukrainian <kde-i18n-uk@kde.org>
ktouch,948,0,0,253,0,0,913,948,100.0,Ukrainian <kde-i18n-uk@kde.org>
ktp-accounts-kcm,1100,0,0,309,0,0,1170,1100,100.0,Ukrainian <kde-i18n-uk@kde.org>
ktp-approver,71,0,0,18,0,0,88,71,100.0,Ukrainian <kde-i18n-uk@kde.org>
ktp-auth-handler,83,0,0,24,0,0,80,83,100.0,Ukrainian <kde-i18n-uk@kde.org>
ktp-common-internals,989,0,0,206,0,0,969,989,100.0,Ukrainian <kde-i18n-uk@kde.org>
ktp-contact-list,680,0,0,127,0,0,705,680,100.0,Ukrainian <kde-i18n-uk@kde.org>
ktp-contact-runner,208,0,0,43,0,0,214,208,100.0,Ukrainian <kde-i18n-uk@kde.org>
ktp-desktop-applets,75,0,0,22,0,0,69,75,100.0,Ukrainian <kde-i18n-uk@kde.org>
ktp-filetransfer-handler,141,0,0,39,0,0,164,141,100.0,Ukrainian <kde-i18n-uk@kde.org>
ktp-kded-integration-module,490,0,0,59,0,0,517,490,100.0,Ukrainian <kde-i18n-uk@kde.org>
ktp-send-file,60,0,0,18,0,0,67,60,100.0,Ukrainian <kde-i18n-uk@kde.org>
ktp-text-ui,1441,0,0,321,0,0,1445,1441,100.0,Ukrainian <kde-i18n-uk@kde.org>
ktuberling,158,0,0,38,0,0,107,158,100.0,Ukrainian <kde-i18n-uk@kde.org>
kturtle,1531,0,0,347,0,0,1473,1531,100.0,Ukrainian <kde-i18n-uk@kde.org>
kubrick,1205,0,0,166,0,0,1137,1205,100.0,Ukrainian <kde-i18n-uk@kde.org>
kuserfeedback,1148,0,0,269,0,0,1145,1148,100.0,Ukrainian <kde-i18n-uk@kde.org>
kvirc,16520,0,14529,3169,0,1504,14810,31049,53.206222422622304,Ukrainian (http://www.transifex.com/kvirc/KVIrc/language/uk/)
kwalletmanager5,800,0,0,165,0,0,727,800,100.0,Ukrainian <kde-i18n-uk@kde.org>
kwave,5798,0,0,1305,0,0,5473,5798,100.0,Ukrainian <kde-i18n-uk@kde.org>
kwebkitpart,669,0,0,165,0,0,635,669,100.0,Ukrainian <kde-i18n-uk@kde.org>
kwin,6090,0,0,1314,0,0,5911,6090,100.0,Ukrainian <kde-i18n-uk@kde.org>
kwordquiz,2026,0,0,414,0,0,1859,2026,100.0,Ukrainian <kde-i18n-uk@kde.org>
kxstitch,2014,0,0,570,0,0,1907,2014,100.0,Ukrainian <kde-i18n-uk@kde.org>
l3afpad,113,0,17,61,0,3,122,130,86.92307692307692,Ukrainian <translation-team-uk@lists.sourceforge.net>
lazarus,42480,15,42,10466,3,3,40017,42537,99.8659990126243,Ukrainian <kde-i18n-doc@kde.org>
lazpaint,635,0,961,152,0,195,585,1596,39.78696741854637,
leafpad,123,2,0,67,1,0,129,125,98.4,Ukrainian <translation-team-uk@lists.sourceforge.net>
lftp,4025,5,3,500,1,1,4391,4033,99.8016364988842,Ukrainian <kde-i18n-uk@kde.org>
libadwaita,886,0,0,192,0,0,796,886,100.0,Ukrainian <trans-uk@lists.fedoraproject.org>
libalkimia,541,0,0,99,0,0,499,541,100.0,Ukrainian <kde-i18n-uk@kde.org>
libappstream-glib,459,0,0,99,0,0,477,459,100.0,Ukrainian (http://www.transifex.com/freedesktop/appstream-glib/language/uk/)
libbonobo,547,0,0,108,0,0,532,547,100.0,Ukrainian <uk@li.org>
libbonoboui,368,0,0,115,0,0,346,368,100.0,Ukrainian <uk@li.org>
libbytesize,17,0,0,17,0,0,17,17,100.0,Ukrainian
libcryptui,3012,0,0,654,0,0,2733,3012,100.0,translation@linux.org.ua
libdnf,1441,0,0,224,0,0,1511,1441,100.0,Ukrainian <https://translate.fedoraproject.org/projects/dnf/libdnf-dnf-4-master/uk/>
libecpg,65143,0,0,9029,0,0,63897,65143,100.0,Ukrainian
libexif,6976,0,18,1176,0,2,6528,6994,99.74263654561052,Ukrainian <translation-team-uk@lists.sourceforge.net>
libextractor,1978,0,0,490,0,0,1786,1978,100.0,Ukrainian <translation-team-uk@lists.sourceforge.net>
libfilezilla,414,0,33,78,0,7,356,447,92.61744966442953,Igor Chomko <igorchomko@gmail.com>
libgda,131,3121,7890,50,747,1257,130,11142,1.1757314665230658,Ukrainian <uk@li.org>
libgdata,694,0,0,86,0,0,607,694,100.0,Ukrainian <kde-i18n-uk@kde.org>
libgdl,592,0,0,86,0,0,511,592,100.0,translation@linux.org.ua
libgnome,1773,0,0,273,0,0,1631,1773,100.0,Ukrainian <uk@li.org>
libgnome-games-support,43,0,0,14,0,0,42,43,100.0,linux.org.ua
libgnome-keyring,44,0,0,9,0,0,38,44,100.0,Ukrainian <trans-uk@lists.fedoraproject.org>
libgnomecanvas,378,0,0,95,0,0,342,378,100.0,Ukrainian <uk@li.org>
libgnomekbd,242,0,0,55,0,0,218,242,100.0,translation@linux.org.ua
libgnomeui,1309,0,0,334,0,0,1142,1309,100.0,Ukrainian <uk@li.org>
libgpg-error,1593,11,22,480,4,4,1742,1626,97.97047970479706,Ukrainian <translation-team-uk@lists.sourceforge.net>
libgphoto2,12076,240,83,2700,78,31,11990,12399,97.3949512057424,Ukrainian <translation-team-uk@lists.sourceforge.net>
libgsasl,577,0,0,69,0,0,621,577,100.0,Ukrainian <translation-team-uk@lists.sourceforge.net>
libgsf,213,0,0,28,0,0,195,213,100.0,Ukrainian <uk@li.org>
libgtop2,126,0,0,40,0,0,138,126,100.0,Ukrainian <uk@li.org>
libguestfs,184521,2778,10689,16635,279,882,179837,197988,93.19807261046124,Ukrainian (http://www.transifex.com/projects/p/libguestfs/language/uk/)
libgweather,6373,0,0,4681,0,0,5454,6373,100.0,Ukrainian <kde-i18n-uk@kde.org>
libgxim,0,124,0,0,24,0,0,124,0.0,Ukrainian <trans-uk@lists.fedoraproject.org>
libhandy1,964,0,0,196,0,0,855,964,100.0,Ukrainian <trans-uk@lists.fedoraproject.org>
libidn,415,0,0,58,0,0,465,415,100.0,Ukrainian <trans-uk@lists.fedoraproject.org>
libidn1.34,414,0,14,58,0,2,462,428,96.72897196261682,Ukrainian <translation-team-uk@lists.sourceforge.net>
libidn2,315,0,0,40,0,0,331,315,100.0,Ukrainian <trans-uk@lists.fedoraproject.org>
libkdegames,370,0,0,132,0,0,340,370,100.0,Ukrainian <kde-i18n-uk@kde.org>
libkeduvocdocument,171,0,0,81,0,0,171,171,100.0,Ukrainian <kde-i18n-uk@kde.org>
libkfbapi,42,0,0,6,0,0,40,42,100.0,Ukrainian <kde-i18n-uk@kde.org>
libkgapi,360,0,0,81,0,0,366,360,100.0,Ukrainian <kde-i18n-uk@kde.org>
libkmahjongg,7,0,0,7,0,0,7,7,100.0,Ukrainian <translation@linux.org.ua>
libkomparediff2,143,0,0,19,0,0,126,143,100.0,Ukrainian <kde-i18n-uk@kde.org>
libksysguard,4067,0,0,589,0,0,3966,4067,100.0,Ukrainian <kde-i18n-uk@kde.org>
libmatekbd,260,0,48,58,0,33,234,308,84.4155844155844,Ukrainian (https://www.transifex.com/mate/teams/13566/uk/)
libmatemixer,242,0,0,126,0,0,243,242,100.0,Ukrainian (https://www.transifex.com/mate/teams/13566/uk/)
libmateweather,6113,0,29,4549,0,25,5873,6142,99.52784109410615,Ukrainian (https://www.transifex.com/mate/teams/13566/uk/)
libmypaint,1528,60,715,105,12,45,1449,2303,66.34824142422927,Ukrainian <https://hosted.weblate.org/projects/mypaint/libmypaint/uk/>
libmypaint2,1536,60,715,105,12,45,1458,2311,66.46473388143662,Ukrainian <https://hosted.weblate.org/projects/mypaint/libmypaint/uk/>
libnma,222,406,289,70,74,51,208,917,24.209378407851688,translation@linux.org.ua
libosinfo,787,0,0,169,0,0,823,787,100.0,Ukrainian <https://translate.fedoraproject.org/projects/libosinfo/libosinfo/uk/>
libpaper,0,25,48,0,1,45,0,73,0.0,Ukrainian
libpeas,103,0,0,29,0,0,82,103,100.0,Ukrainian <kde-i18n-uk@kde.org>
libpq,67819,0,0,9297,0,0,66458,67819,100.0,Ukrainian
libpwquality,345,0,0,51,0,0,312,345,100.0,Ukrainian <https://translate.fedoraproject.org/projects/libpwquality/app/uk/>
libreoffice,437455,3,153193,66921,1,13174,376555,590651,74.06319467841416,LANGUAGE <LL@li.org>
libreport,4928,0,0,603,0,0,5151,4928,100.0,Ukrainian <https://translate.stg.fedoraproject.org/projects/abrt/libreport/uk/>
libsecret,59,0,0,9,0,0,53,59,100.0,linux.org.ua
libsoup,183,0,0,43,0,0,179,183,100.0,Ukrainian <kde-i18n-uk@kde.org>
libuser,1385,34,18,292,6,3,1380,1437,96.3813500347947,Ukrainian (http://www.transifex.com/projects/p/fedora/language/uk/)
libvirt,67160,0,0,10349,0,0,72494,67160,100.0,Ukrainian <https://translate.fedoraproject.org/projects/libvirt/libvirt/uk/>
libvirt-glib,153,0,5,30,0,1,150,158,96.83544303797468,Ukrainian (http://www.transifex.com/projects/p/libvirt-glib/language/uk/)
libvirt-sandbox,519,0,98,94,0,17,548,617,84.11669367909238,Ukrainian <trans-uk@lists.fedoraproject.org>
libwnck,1124,0,0,241,0,0,1037,1124,100.0,Ukrainian <uk@li.org>
libwnck3,1084,0,0,230,0,0,998,1084,100.0,translation@linux.org.ua
libxfce4ui,861,0,65,176,0,3,843,926,92.9805615550756,Ukrainian (http://www.transifex.com/xfce/libxfce4ui/language/uk/)
libxfce4util,424,0,0,7,0,0,368,424,100.0,Ukrainian (http://www.transifex.com/xfce/libxfce4util/language/uk/)
libzypp,2376,0,338,946,0,41,2304,2714,87.54605747973471,Ukrainian <https://l10n.opensuse.org/projects/libzypp/master/uk/>
lifeograph,238,107,699,78,34,176,223,1044,22.796934865900383,Ukrainian <uk@li.org>
liferea,1670,193,355,417,42,65,1772,2218,75.29305680793507,Ukrainian <translation-team-uk@lists.sourceforge.net>
light-locker,7,0,253,2,0,35,6,260,2.6923076923076925,Ukrainian (http://www.transifex.com/the_cavalry/light-locker/language/uk/)
lightdm,79,0,84,17,0,4,71,163,48.466257668711656,Ukrainian <uk@li.org>
lightdm-gtk,34,0,53,11,0,14,31,87,39.08045977011494,Ukrainian <uk@li.org>
lightdm-settings,321,0,0,65,0,0,299,321,100.0,Ukrainian <uk@li.org>
lightsoff,1113,0,0,110,0,0,1041,1113,100.0,Ukrainian <trans-uk@lists.fedoraproject.org>
lilypond,807,1,1606,172,1,271,843,2414,33.42999171499586,Ukrainian <translation-team-uk@lists.sourceforge.net>
lilyterm,1648,0,0,295,0,0,1480,1648,100.0,Ukrainian
logjam,2154,56,106,520,32,37,1968,2316,93.00518134715026,Ukrainian
lokalize,4085,0,0,677,0,0,3936,4085,100.0,Ukrainian <kde-i18n-uk@kde.org>
lollypop,1437,0,0,460,0,0,1388,1437,100.0,Ukrainian <https://hosted.weblate.org/projects/gnumdk/lollypop/uk/>
lskat,254,0,0,83,0,0,259,254,100.0,Ukrainian <kde-i18n-uk@kde.org>
lxappearance,234,0,0,80,0,0,236,234,100.0,Ukrainian
lxappearance-obconf,196,0,0,27,0,0,172,196,100.0,Ukrainian
lxde-common,14,0,0,5,0,0,14,14,100.0,LANGUAGE <LL@li.org>
lxdm,47,0,0,25,0,0,47,47,100.0,LANGUAGE <LL@li.org>
lxhotkey,451,0,0,195,0,0,524,451,100.0,
lxinput,83,0,0,26,0,0,76,83,100.0,LANGUAGE <LL@li.org>
lxlauncher,58,0,0,17,0,0,50,58,100.0,LANGUAGE <LL@li.org>
lxmenu-data,97,0,0,37,0,0,94,97,100.0,Ukrainian <uk@li.org>
lxmusic,203,0,0,89,0,0,219,203,100.0,LANGUAGE <LL@li.org>
lxrandr,167,0,0,41,0,0,166,167,100.0,LANGUAGE <LL@li.org>
lxsession,208,0,547,91,0,75,216,755,27.549668874172184,Ukrainian
lxshortcut,43,0,0,19,0,0,43,43,100.0,LANGUAGE <LL@li.org>
lxtask,130,0,0,51,0,0,137,130,100.0,Ukrainian
lynx,4723,215,3111,872,44,302,4174,8049,58.67809665796994,Ukrainian <translation-team-uk@lists.sourceforge.net>
lyx,25527,137,38,7265,19,5,24962,25702,99.31911913469769,Ukrainian <translation@linux.org.ua>
mailman,19130,2938,2383,1282,97,102,16369,24451,78.23810887080282,Ukrainian <uk@li.org>
mailnag,120,0,87,44,0,22,147,207,57.971014492753625,Ukrainian <uk@li.org>
make,2265,0,7,429,0,1,2392,2272,99.6919014084507,Ukrainian <trans-uk@lists.fedoraproject.org>
malcontent,1967,0,0,227,0,0,1935,1967,100.0,Ukrainian <trans-uk@lists.fedoraproject.org>
man-db,206,0,0,50,0,0,198,206,100.0,Ukrainian <trans-uk@lists.fedoraproject.org>
marble,11476,0,0,3326,0,0,11377,11476,100.0,Ukrainian <kde-i18n-uk@kde.org>
marco,4013,0,326,420,0,11,3691,4339,92.48674809864023,Ukrainian (https://www.transifex.com/mate/teams/13566/uk/)
massif-visualizer,357,0,0,109,0,0,372,357,100.0,Ukrainian <kde-i18n-uk@kde.org>
mate-applets,10093,9,5751,1169,3,430,9143,15853,63.66618305683467,Ukrainian (https://www.transifex.com/mate/teams/13566/uk/)
mate-backgrounds,51,0,14,28,0,3,51,65,78.46153846153847,Ukrainian (https://www.transifex.com/mate/teams/13566/uk/)
mate-calc,2220,0,958,649,0,70,2057,3178,69.85525487728131,Ukrainian (https://www.transifex.com/mate/teams/13566/uk/)
mate-control-center,4193,0,4409,1251,0,261,3974,8602,48.74447802836549,Ukrainian (https://www.transifex.com/mate/teams/13566/uk/)
mate-desktop,2224,0,0,285,0,0,2015,2224,100.0,Ukrainian (https://www.transifex.com/mate/teams/13566/uk/)
mate-icon-theme,4,0,0,2,0,0,5,4,100.0,Ukrainian (https://www.transifex.com/mate/teams/13566/uk/)
mate-media,231,0,8,97,0,2,231,239,96.65271966527197,Ukrainian (https://www.transifex.com/mate/teams/13566/uk/)
mate-menu,308,0,0,110,0,0,305,308,100.0,Ukrainian (http://www.transifex.com/mate/MATE/language/uk/)
mate-menus,97,0,0,37,0,0,102,97,100.0,Ukrainian (https://www.transifex.com/mate/teams/13566/uk/)
mate-notification-daemon,152,0,0,41,0,0,139,152,100.0,Ukrainian (https://www.transifex.com/mate/teams/13566/uk/)
mate-panel,6315,0,412,778,0,24,5533,6727,93.87542738219116,Ukrainian (https://www.transifex.com/mate/teams/13566/uk/)
mate-polkit,123,0,0,21,0,0,108,123,100.0,Ukrainian (https://www.transifex.com/mate/teams/13566/uk/)
mate-power-manager,3199,3,1937,452,1,101,2907,5139,62.2494648764351,Ukrainian (https://www.transifex.com/mate/teams/13566/uk/)
mate-screensaver,1020,0,0,169,0,0,915,1020,100.0,Ukrainian (https://www.transifex.com/mate/teams/13566/uk/)
mate-sensors-applet,777,0,1383,136,0,90,722,2160,35.97222222222222,Ukrainian (https://www.transifex.com/mate/teams/13566/uk/)
mate-session-manager,712,0,0,131,0,0,684,712,100.0,Ukrainian (https://www.transifex.com/mate/teams/13566/uk/)
mate-settings-daemon,2155,0,42,310,0,8,1964,2197,98.08830223031406,Ukrainian (https://www.transifex.com/mate/teams/13566/uk/)
mate-system-monitor,4010,0,901,584,0,74,3496,4911,81.6534310731012,Ukrainian (https://www.transifex.com/mate/teams/13566/uk/)
mate-terminal,5324,0,3048,622,0,176,4275,8372,63.59292881032012,Ukrainian (https://www.transifex.com/mate/teams/13566/uk/)
mate-themes,74,0,74,23,0,23,70,148,50.0,Ukrainian (Ukraine) (http://www.transifex.com/mate/MATE/language/uk_UA/)
mate-user-admin,610,0,18,127,0,4,538,628,97.13375796178345,Ukrainian (https://www.transifex.com/mate/teams/13566/uk/)
mate-user-guide,35904,0,7066,2742,0,487,29922,42970,83.55596928089365,Ukrainian (https://www.transifex.com/mate/teams/13566/uk/)
mate-utils,6681,0,3623,904,0,225,5900,10304,64.83889751552795,Ukrainian (https://www.transifex.com/mate/teams/13566/uk/)
mbox-importer,40,0,0,13,0,0,39,40,100.0,Ukrainian <kde-i18n-uk@kde.org>
mc,4062,0,227,1215,0,58,4095,4289,94.70739100023316,Ukrainian (http://www.transifex.com/mc/mc/language/uk/)
meld,2479,0,0,497,0,0,2569,2479,100.0,Ukrainian <trans-uk@lists.fedoraproject.org>
menulibre,845,25,3,164,1,1,729,873,96.79266895761741,Ukrainian (https://www.transifex.com/bluesabreorg/teams/99550/uk/)
metacity,2040,0,0,310,0,0,1956,2040,100.0,translation@linux.org.ua
meteo,223,0,37,78,0,13,220,260,85.76923076923076,Igor Chomko <igor.chomko@gmail.com>
midori,2950,0,591,699,0,97,2867,3541,83.30979949166903,Ukrainian <translation@linux.org.ua>
minetest,2059,182,7408,591,41,724,1977,9649,21.33899885998549,Ukrainian <https://hosted.weblate.org/projects/minetest/minetest/uk/>
mingw-GConf2,4088,0,0,497,0,0,3802,4088,100.0,translation@linux.org.ua
mingw-atk,440,0,0,169,0,0,404,440,100.0,Ukrainian <kde-i18n-uk@kde.org>
mingw-binutils,70237,0,0,10930,0,0,73880,70237,100.0,Ukrainian <trans-uk@lists.fedoraproject.org>
mingw-colord,1885,0,0,203,0,0,1860,1885,100.0,Ukrainian (http://www.transifex.com/projects/p/colord/language/uk/)
mingw-colorhug-client,1236,0,173,257,0,37,1162,1409,87.72178850248403,Ukrainian (http://www.transifex.com/projects/p/colorhug-client/language/uk/)
mingw-exiv2,7418,5067,25527,2102,1764,2220,7022,38012,19.514890034725877,Ukrainian <translation-team-uk@lists.sourceforge.net>
mingw-gcc,7821,56,105903,1527,11,12682,7915,113780,6.873791527509228,Ukrainian <trans-uk@lists.fedoraproject.org>
mingw-gdb,14076,0,0,2145,0,0,14801,14076,100.0,Ukrainian <translation-team-uk@lists.sourceforge.net>
mingw-gdbm,663,30,6,185,6,2,746,699,94.84978540772532,Ukrainian <translation-team-uk@lists.sourceforge.net>
mingw-gdk-pixbuf,1325,0,0,198,0,0,1386,1325,100.0,Ukrainian <trans-uk@lists.fedoraproject.org>
mingw-gettext,7520,76,26,819,2,2,7019,7622,98.66176856468118,Ukrainian <trans-uk@lists.fedoraproject.org>
mingw-glib-networking,387,0,0,56,0,0,439,387,100.0,Ukrainian <trans-uk@lists.fedoraproject.org>
mingw-glib2,7465,0,0,1179,0,0,7500,7465,100.0,Ukrainian <trans-uk@lists.fedoraproject.org>
mingw-gnutls,1784,31,3,384,9,1,1703,1818,98.12981298129813,Ukrainian <trans-uk@lists.fedoraproject.org>
mingw-gstreamer,1914,3,0,347,1,0,1812,1917,99.8435054773083,Ukrainian <translation-team-uk@lists.sourceforge.net>
mingw-gstreamer-plugins-base,902,0,6,176,0,2,834,908,99.33920704845815,Ukrainian <translation-team-uk@lists.sourceforge.net>
mingw-gstreamer1,2110,0,0,378,0,0,2029,2110,100.0,Ukrainian <translation-team-uk@lists.sourceforge.net>
mingw-gstreamer1-plugins-bad-free,197,0,0,29,0,0,212,197,100.0,Ukrainian <translation-team-uk@lists.sourceforge.net>
mingw-gstreamer1-plugins-base,992,0,0,205,0,0,950,992,100.0,Ukrainian <trans-uk@lists.fedoraproject.org>
mingw-gstreamer1-plugins-good,802,0,0,98,0,0,783,802,100.0,Ukrainian <translation-team-uk@lists.sourceforge.net>
mingw-gtk-vnc,8,0,0,3,0,0,8,8,100.0,Ukrainian <uk@li.org>
mingw-gtk2,13699,5,0,2783,1,0,12032,13704,99.96351430239346,Ukrainian <trans-uk@lists.fedoraproject.org>
mingw-gtk3,16731,0,0,3937,0,0,14613,16731,100.0,Ukrainian <kde-i18n-uk@kde.org>
mingw-gtksourceview3,123,85,114,39,21,46,114,322,38.19875776397515,translation@linux.org.ua
mingw-gtkspell3,16,0,0,7,0,0,17,16,100.0,Ukrainian <translation-team-uk@lists.sourceforge.net>
mingw-json-glib,307,0,0,47,0,0,279,307,100.0,Ukrainian <kde-i18n-uk@kde.org>
mingw-libcharset,303,33,0,45,1,0,343,336,90.17857142857143,Ukrainian <translation-team-uk@lists.sourceforge.net>
mingw-libgpg-error,1420,4,0,444,2,0,1544,1424,99.71910112359551,Ukrainian <translation-team-uk@lists.sourceforge.net>
mingw-libgsf,213,0,0,28,0,0,195,213,100.0,Ukrainian <uk@li.org>
mingw-libidn,415,0,0,58,0,0,465,415,100.0,Ukrainian <trans-uk@lists.fedoraproject.org>
mingw-libidn2,315,0,0,40,0,0,331,315,100.0,Ukrainian <trans-uk@lists.fedoraproject.org>
mingw-libosinfo,787,0,0,169,0,0,823,787,100.0,Ukrainian <https://translate.fedoraproject.org/projects/libosinfo/libosinfo/uk/>
mingw-libsoup,183,0,0,43,0,0,179,183,100.0,Ukrainian <kde-i18n-uk@kde.org>
mingw-libvirt,67160,0,0,10349,0,0,72494,67160,100.0,Ukrainian <https://translate.fedoraproject.org/projects/libvirt/libvirt/uk/>
mingw-libvirt-glib,153,0,5,30,0,1,150,158,96.83544303797468,Ukrainian (http://www.transifex.com/projects/p/libvirt-glib/language/uk/)
mingw-osinfo-db-tools,222,0,0,43,0,0,239,222,100.0,Ukrainian (http://www.transifex.com/projects/p/libosinfo/language/uk/)
mingw-p11-kit,476,0,0,81,0,0,434,476,100.0,Ukrainian (http://www.transifex.com/freedesktop/p11-kit/language/uk/)
mingw-sane-backends,5808,0,0,1203,0,0,5745,5808,100.0,Ukrainian <translation@linux.org.ua>
mingw-wxWidgets,6249,109,33,1437,24,14,5892,6391,97.77812548896885,Ukrainian <uk@li.org>
mingw-wxWidgets3,7587,50,58,1773,37,43,7490,7695,98.59649122807016,Ukrainian <kde-i18n-uk@kde.org>
minigalaxy,333,0,14,105,0,2,303,347,95.96541786743515,
minuet,412,0,0,159,0,0,400,412,100.0,Ukrainian <kde-i18n-uk@kde.org>
mirage,844,0,0,249,0,0,789,844,100.0,Максим aka ma$terok
mkvtoolnix,19453,4023,18195,2590,435,861,18259,41671,46.682345036116246,Ukrainian (http://www.transifex.com/moritz-bunkus/mkvtoolnix/language/uk/)
mlocate,406,175,0,50,1,0,417,581,69.87951807228916,Ukrainian <trans-uk@lists.fedoraproject.org>
modem-manager-gui,2378,0,925,524,0,43,2227,3303,71.99515591886164,Ukrainian (http://www.transifex.com/ethereal/modem-manager-gui/language/uk/)
monodevelop,18250,0,5048,4570,0,728,16422,23298,78.33290411194093,Ukrainian <kde-i18n-doc@kde.org>
moodle,52,0,0,14,0,0,42,52,100.0,i18n@lists.horde.org
moserial,2484,0,0,234,0,0,2313,2484,100.0,Ukrainian <trans-uk@lists.fedoraproject.org>
mousepad,1108,0,0,310,0,0,976,1108,100.0,Ukrainian (http://www.transifex.com/xfce/xfce-apps/language/uk/)
mousetweaks,114,0,0,30,0,0,117,114,100.0,translation@linux.org.ua
mozo,43,0,0,17,0,0,45,43,100.0,Ukrainian (https://www.transifex.com/mate/teams/13566/uk/)
mpop,1898,21,0,350,4,0,2062,1919,98.90568004168838,Ukrainian <translation-team-uk@lists.sourceforge.net>
msmtp,1796,0,0,321,0,0,1913,1796,100.0,Ukrainian <trans-uk@lists.fedoraproject.org>
muffin,2038,0,0,272,0,0,1880,2038,100.0,translation@linux.org.ua
multimedia-menus,56,0,0,22,0,0,58,56,100.0,Ukrainian <uk@li.org>
mutt,6561,0,0,1384,0,0,6066,6561,100.0,
mutter,1273,0,0,146,0,0,1201,1273,100.0,Ukrainian <trans-uk@lists.fedoraproject.org>
mypaint,763,229,5581,246,79,955,715,6573,11.608093716719916,Ukrainian <https://hosted.weblate.org/projects/mypaint/mypaint/uk/>
nano,3449,0,0,624,0,0,3213,3449,100.0,Ukrainian <trans-uk@lists.fedoraproject.org>
nautilus,5662,0,0,1126,0,0,5761,5662,100.0,Ukrainian <trans-uk@lists.fedoraproject.org>
nautilus-sendto,45,0,0,8,0,0,48,45,100.0,linux.org.ua
ncmpc,554,68,91,214,23,39,570,713,77.69985974754559,Ukrainian <uk@li.org>
nemo-extensions,258,0,0,49,0,0,253,258,100.0,Ukrainian <uk@li.org>
neochat,840,0,0,267,0,0,858,840,100.0,Ukrainian <kde-i18n-uk@kde.org>
neovim,8407,0,0,1566,0,0,8138,8407,100.0,Ukrainian
network-manager-applet,4478,0,0,919,0,0,4481,4478,100.0,Ukrainian <kde-i18n-uk@kde.org>
newsbeuter,1165,111,66,306,13,15,1112,1342,86.81073025335321,Uk <sevenfourk@gmail.com>
newsboat,1654,0,0,385,0,0,1600,1654,100.0,"Ivan Kovnatsky <sevenfourk@gmail.com>, Alexander Batischev <eual.jp@gmail.com>"
newt,4,0,0,4,0,0,4,4,100.0,Ukrainian
noggin,849,0,0,151,0,0,823,849,100.0,Ukrainian <https://translate.fedoraproject.org/projects/fedora-infra/noggin/uk/>
notification-daemon,17,0,0,7,0,0,16,17,100.0,translation@linux.org.ua
nutty,608,0,0,152,0,0,575,608,100.0,Ukrainian <https://hosted.weblate.org/projects/nutty/translations/uk/>
okteta,2538,0,0,618,0,0,2478,2538,100.0,Ukrainian <kde-i18n-uk@kde.org>
okular,5348,0,0,1119,0,0,5148,5348,100.0,Ukrainian <kde-i18n-uk@kde.org>
olpc-switch-desktop,0,0,158,0,0,14,0,158,0.0,LANGUAGE <LL@li.org>
onboard,1942,0,376,448,0,62,1938,2318,83.77911993097497,Ukrainian <uk@li.org>
openbox,479,0,27,91,0,3,436,506,94.66403162055336,Ukrainian <linux.org.ua>
openconnect,6777,0,0,1163,0,0,7574,6777,100.0,Ukrainian <kde-i18n-uk@kde.org>
openscad,992,64,310,308,22,93,901,1366,72.62079062957541,Ukrainian
optimizer,0,0,282,0,0,75,0,282,0.0,none
orage,2931,0,0,1030,0,0,2814,2931,100.0,Ukrainian (http://www.transifex.com/projects/p/xfce-apps/language/uk/)
orca,19299,0,0,2928,0,0,18805,19299,100.0,Ukrainian <trans-uk@lists.fedoraproject.org>
oscap-anaconda-addon,337,0,54,46,0,5,289,391,86.18925831202046,Ukrainian <kde-i18n-uk@kde.org>
osinfo-db-tools,222,0,0,43,0,0,239,222,100.0,Ukrainian (http://www.transifex.com/projects/p/libosinfo/language/uk/)
osmo,1541,0,230,640,0,58,1494,1771,87.01298701298701,Ukrainian <translation-team-uk@lists.sourceforge.net>
p11-kit,476,0,0,81,0,0,434,476,100.0,Ukrainian (http://www.transifex.com/freedesktop/p11-kit/language/uk/)
pacman,4724,2,463,821,1,76,4503,5189,91.03873578724225,Ukrainian (http://www.transifex.com/toofishes/archlinux-pacman/language/uk/)
palapeli,1512,0,0,180,0,0,1432,1512,100.0,Ukrainian <kde-i18n-uk@kde.org>
pam,638,0,0,122,0,0,631,638,100.0,Ukrainian <https://translate.fedoraproject.org/projects/linux-pam/master/uk/>
pan,232,1680,1256,82,450,220,236,3168,7.3232323232323235,Ukrainian <uk@li.org>
pantheon-agent-geoclue2,43,0,58,11,0,7,40,101,42.57425742574257,Ukrainian <https://l10n.elementary.io/projects/desktop/pantheon-agent-geoclue2/uk/>
pantheon-agent-polkit,16,5,27,8,2,5,17,48,33.33333333333333,Ukrainian <https://l10n.elementary.io/projects/desktop/pantheon-agent-polkit/uk/>
paperwork,408,17,23,172,4,8,374,448,91.07142857142857,linux.org.ua
paprefs,131,0,0,23,0,0,126,131,100.0,Ukrainian <translation@linux.org.ua>
parley,3850,0,0,753,0,0,3781,3850,100.0,Ukrainian <kde-i18n-uk@kde.org>
parole,1088,0,0,301,0,0,1051,1088,100.0,Ukrainian (http://www.transifex.com/xfce/xfce-apps/language/uk/)
parted,4216,186,272,529,20,21,3904,4674,90.20111253744116,Ukrainian <translation-team-uk@lists.sourceforge.net>
passwd,329,0,7,56,0,1,351,336,97.91666666666666,Ukrainian <trans-uk@lists.fedoraproject.org>
pastebinit,195,0,0,29,0,0,183,195,100.0,Ukrainian <uk@li.org>
pavucontrol,219,1,17,85,1,1,348,237,92.40506329113924,Ukrainian <translation@linux.org.ua>
pdf2djvu,1552,307,64,293,31,8,1407,1923,80.70722828913156,Ukrainian Linux Team <translation@linux.org.ua>
peek,289,41,234,63,12,22,275,564,51.24113475177305,Ukrainian <https://hosted.weblate.org/projects/peek/translations/uk/>
pgadmin3,6251,109,16929,1438,24,4415,5894,23289,26.840997896002406,LANGUAGE <LL@li.org>
phd2,8279,164,11267,2109,70,1406,8163,19710,42.00405885337392,UA
phodav,63,0,0,17,0,0,84,63,100.0,Ukrainian <trans-uk@lists.fedoraproject.org>
phonon,327,0,0,59,0,0,295,327,100.0,Ukrainian <kde-i18n-uk@kde.org>
phonon-backend-gstreamer,104,0,0,15,0,0,94,104,100.0,Ukrainian <kde-i18n-uk@kde.org>
phonon-qt4,116,0,0,25,0,0,104,116,100.0,Ukrainian <kde-i18n-uk@kde.org>
phonon-qt4-backend-gstreamer,104,0,0,15,0,0,94,104,100.0,Ukrainian <kde-i18n-uk@kde.org>
phosh,111,0,0,55,0,0,112,111,100.0,Ukrainian <trans-uk@lists.fedoraproject.org>
php-horde-Horde-Alarm,18,0,0,6,0,0,22,18,100.0,i18n@lists.horde.org
php-horde-Horde-Argv,27,0,33,8,0,5,24,60,45.0,i18n@lists.horde.org
php-horde-Horde-Browser,101,0,0,8,0,0,67,101,100.0,Ukrainian <anri@polynet.lviv.ua>
php-horde-Horde-Cli,16,0,0,5,0,0,14,16,100.0,i18n@lists.horde.org
php-horde-Horde-Compress,38,0,0,8,0,0,36,38,100.0,Ukrainian <anri@polynet.lviv.ua>
php-horde-Horde-Core,802,0,229,245,0,15,708,1031,77.78855480116393,i18n@lists.horde.org
php-horde-Horde-Crypt,283,0,8,74,0,1,260,291,97.2508591065292,Ukrainian <anri@polynet.lviv.ua>
php-horde-Horde-Data,57,0,0,9,0,0,50,57,100.0,i18n@lists.horde.org
php-horde-Horde-Date,96,0,14,31,0,5,106,110,87.27272727272727,i18n@lists.horde.org
php-horde-Horde-Exception,4,0,0,2,0,0,4,4,100.0,i18n@lists.horde.org
php-horde-Horde-Form,480,4,76,126,1,21,425,560,85.71428571428571,Ukrainian <anri@polynet.lviv.ua>
php-horde-Horde-Icalendar,3,0,0,1,0,0,2,3,100.0,i18n@lists.horde.org
php-horde-Horde-Image,199,0,385,118,0,169,199,584,34.07534246575342,Ukrainian <anri@polynet.lviv.ua>
php-horde-Horde-Imsp,3,0,0,1,0,0,3,3,100.0,i18n@lists.horde.org
php-horde-Horde-Itip,56,0,0,10,0,0,35,56,100.0,i18n@lists.horde.org
php-horde-Horde-Kolab-Storage,16,15,89,2,2,5,15,120,13.333333333333334,i18n@lists.horde.org
php-horde-Horde-LoginTasks,6,0,0,5,0,0,7,6,100.0,i18n@lists.horde.org
php-horde-Horde-Mime,48,0,0,12,0,0,38,48,100.0,i18n@lists.horde.org
php-horde-Horde-Mime-Viewer,46,0,1,19,0,1,46,47,97.87234042553192,i18n@lists.horde.org
php-horde-Horde-Nls,488,0,214,334,0,122,450,702,69.51566951566952,Ukrainian <anri@polynet.lviv.ua>
php-horde-Horde-Perms,6,0,0,5,0,0,6,6,100.0,i18n@lists.horde.org
php-horde-Horde-Prefs,30,0,0,9,0,0,27,30,100.0,i18n@lists.horde.org
php-horde-Horde-Rpc,48,0,0,7,0,0,50,48,100.0,i18n@lists.horde.org
php-horde-Horde-Share,39,0,9,11,0,1,31,48,81.25,Ukrainian <anri@polynet.lviv.ua>
php-horde-Horde-SyncMl,3,0,0,1,0,0,3,3,100.0,i18n@lists.horde.org
php-horde-Horde-Text-Filter,0,0,1,0,0,1,0,1,0.0,i18n@lists.horde.org
php-horde-Horde-Token,0,0,35,0,0,2,0,35,0.0,i18n@lists.horde.org
php-horde-Horde-Vfs,10,0,0,3,0,0,10,10,100.0,i18n@lists.horde.org
php-horde-horde,2615,0,706,666,0,159,2295,3321,78.74134296898525,Ukrainian <anri@polynet.lviv.ua>
php-horde-imp,5995,0,517,1266,0,54,5233,6512,92.0608108108108,Ukrainian <anri@polynet.lviv.ua>
php-horde-ingo,735,0,274,208,0,52,651,1009,72.8444003964321,Ukrainian <anri@polynet.lviv.ua>
php-horde-kronolith,2966,0,685,700,0,67,2621,3651,81.23801698164887,Ukrainian <anri@polynet.lviv.ua>
php-horde-mnemo,500,0,5,138,0,3,420,505,99.00990099009901,Ukrainian <anri@polynet.lviv.ua>
php-horde-nag,1323,0,135,327,0,12,1175,1458,90.74074074074075,Ukrainian <anri@polynet.lviv.ua>
php-horde-turba,1755,0,5,419,0,4,1546,1760,99.7159090909091,Ukrainian <anri@polynet.lviv.ua>
php-horde-wicked,483,92,96,126,24,25,434,671,71.98211624441133,Ukrainian <anri@polynet.lviv.ua>
php-phpmyadmin-sql-parser5,223,29,16,42,6,2,172,268,83.2089552238806,Ukrainian <https://hosted.weblate.org/projects/phpmyadmin/sql-parser/uk/>
picard,1666,0,4599,536,0,784,1612,6265,26.59217877094972,Ukrainian (http://www.transifex.com/musicbrainz/musicbrainz/language/uk/)
picmi,200,0,0,116,0,0,189,200,100.0,Ukrainian <kde-i18n-uk@kde.org>
pidgin,15136,0,699,3325,0,132,14483,15835,95.58572781812441,Ukrainian (http://www.transifex.com/pidgin/pidgin/language/uk/)
pidgin-guifications,433,38,34,180,5,7,385,505,85.74257425742574,Ukrainian <uk@li.org>
pim-data-exporter,813,0,0,220,0,0,826,813,100.0,Ukrainian <kde-i18n-uk@kde.org>
pim-sieve-editor,441,0,0,117,0,0,429,441,100.0,Ukrainian <kde-i18n-uk@kde.org>
pingus,341,0,5076,103,0,349,361,5417,6.294997230939635,Ukrainian <uk@li.org>
pinta,1686,0,0,532,0,0,1675,1686,100.0,Ukrainian <uk@li.org>
pipewire,647,0,0,108,0,0,702,647,100.0,Ukrainian <trans-uk@lists.fedoraproject.org>
pitivi,10579,0,0,982,0,0,9822,10579,100.0,Ukrainian <trans-uk@lists.fedoraproject.org>
plank,189,0,0,50,0,0,218,189,100.0,Ukrainian <uk@li.org>
plasma-breeze,254,0,0,93,0,0,273,254,100.0,Ukrainian <kde-i18n-uk@kde.org>
plasma-browser-integration,632,0,0,74,0,0,654,632,100.0,Ukrainian <kde-i18n-uk@kde.org>
plasma-desktop,8303,0,0,1627,0,0,8097,8303,100.0,Ukrainian <kde-i18n-uk@kde.org>
plasma-discover,1532,0,0,451,0,0,1629,1532,100.0,Ukrainian <kde-i18n-uk@kde.org>
plasma-disks,102,0,0,16,0,0,100,102,100.0,Ukrainian <kde-i18n-uk@kde.org>
plasma-drkonqi,3966,0,0,352,0,0,4088,3966,100.0,Ukrainian <kde-i18n-uk@kde.org>
plasma-integration,58,0,0,21,0,0,56,58,100.0,Ukrainian <kde-i18n-uk@kde.org>
plasma-mediacenter,172,0,0,87,0,0,189,172,100.0,Ukrainian <kde-i18n-uk@kde.org>
plasma-milou,20,0,0,14,0,0,21,20,100.0,Ukrainian <kde-i18n-uk@kde.org>
plasma-nm,5275,0,0,1282,0,0,5408,5275,100.0,Ukrainian <kde-i18n-uk@kde.org>
plasma-oxygen,805,0,0,293,0,0,808,805,100.0,Ukrainian <kde-i18n-uk@kde.org>
plasma-pa,256,0,0,94,0,0,264,256,100.0,Ukrainian <kde-i18n-uk@kde.org>
plasma-pass,30,0,0,6,0,0,30,30,100.0,Ukrainian <kde-i18n-uk@kde.org>
plasma-pk-updates,2081,0,0,400,0,0,1970,2081,100.0,Ukrainian <kde-i18n-uk@kde.org>
plasma-sdk,883,0,0,259,0,0,896,883,100.0,Ukrainian <kde-i18n-uk@kde.org>
plasma-systemsettings,231,0,0,60,0,0,225,231,100.0,Ukrainian <kde-i18n-uk@kde.org>
plasma-thunderbolt,178,0,0,42,0,0,182,178,100.0,Ukrainian <kde-i18n-uk@kde.org>
plasma-user-manager,146,0,0,40,0,0,143,146,100.0,Ukrainian <kde-i18n-uk@kde.org>
plasma-vault,824,0,0,95,0,0,756,824,100.0,Ukrainian <kde-i18n-uk@kde.org>
plasma-workspace,10788,0,0,3207,0,0,11042,10788,100.0,Ukrainian <kde-i18n-uk@kde.org>
playonlinux,2430,0,298,429,0,20,2203,2728,89.07624633431085,ua_UA.UTF-8 <LL@li.org>
pluma,6384,0,6736,1486,0,590,5702,13120,48.65853658536585,Ukrainian (https://www.transifex.com/mate/teams/13566/uk/)
plymouth,16,0,0,7,0,0,15,16,100.0,Ukrainian <https://translate.fedoraproject.org/projects/plymouth/master/uk/>
plymouth-kcm,117,0,0,25,0,0,126,117,100.0,Ukrainian <kde-i18n-uk@kde.org>
po4a,25815,0,0,1584,0,0,23739,25815,100.0,Ukrainian <https://hosted.weblate.org/projects/po4a/po4a/uk/>
poedit,2916,0,0,650,0,0,2777,2916,100.0,Ukrainian
pogo,568,0,8,99,0,2,458,576,98.61111111111111,Ukrainian <uk@li.org>
polari,2038,0,0,267,0,0,1920,2038,100.0,Ukrainian <trans-uk@lists.fedoraproject.org>
policycoreutils,236,0,0,28,0,0,227,236,100.0,Ukrainian
polkit,230,0,0,26,0,0,239,230,100.0,Ukrainian <trans-uk@lists.fedoraproject.org>
polkit-gnome,94,0,0,16,0,0,79,94,100.0,linux.org.ua
polkit-kde,95,0,0,30,0,0,88,95,100.0,Ukrainian <kde-i18n-uk@kde.org>
popt,8,5,71,2,1,28,8,84,9.523809523809524,Ukrainian <uk@li.org>
postgresql,67819,0,0,9297,0,0,66458,67819,100.0,Ukrainian
powerdevil,636,0,0,135,0,0,640,636,100.0,Ukrainian <kde-i18n-uk@kde.org>
pragha,878,0,12,274,0,2,856,890,98.65168539325843,Ukrainian (http://www.transifex.com/p/Pragha/language/uk/)
procps-ng,4640,0,0,805,0,0,4965,4640,100.0,Ukrainian <trans-uk@lists.fedoraproject.org>
prusa-slicer,6044,0,5401,676,0,870,5340,11445,52.809086937527304,
psmisc,1028,0,0,96,0,0,1112,1028,100.0,Ukrainian <trans-uk@lists.fedoraproject.org>
pspp,10341,233,409,2039,34,33,10739,10983,94.15460256760448,Ukrainian <trans-uk@lists.fedoraproject.org>
publican,4224,322,897,473,39,104,3992,5443,77.60426235531875,Ukrainian <translation@linux.org.ua>
pulseaudio,3616,0,0,533,0,0,3803,3616,100.0,Ukrainian <trans-uk@lists.fedoraproject.org>
pulsecaster,214,0,0,21,0,0,208,214,100.0,Ukrainian (http://www.transifex.com/stickster/pulsecaster/language/uk/)
purple-telegram,589,0,67,112,0,26,591,656,89.78658536585365,Ukrainian (http://www.transifex.com/telegram-purple-developers/telegram-purple/language/uk/)
pychess,123,0,4332,80,0,799,121,4455,2.760942760942761,Ukrainian (http://www.transifex.com/gbtami/pychess/language/uk/)
pyhoca-gui,0,0,1865,0,0,402,0,1865,0.0,none
pykickstart,1493,91,107,171,6,5,1360,1691,88.2909520993495,Ukrainian <https://translate.stg.fedoraproject.org/projects/pykickstart/master/uk/>
python-SecretStorage,59,0,0,9,0,0,53,59,100.0,linux.org.ua
python-apt,10,72,462,5,19,94,11,544,1.8382352941176472,Ukrainian <uk@li.org>
python-blivet,558,0,0,76,0,0,557,558,100.0,Ukrainian <https://translate.fedoraproject.org/projects/blivet/blivet-master/uk/>
python-caja,6,0,1,2,0,1,5,7,85.71428571428571,Ukrainian (https://www.transifex.com/mate/teams/13566/uk/)
python-django,3404,0,365,834,0,27,3731,3769,90.31573361634386,Ukrainian (http://www.transifex.com/django/django/language/uk/)
python-django-contrib-comments,250,0,0,61,0,0,280,250,100.0,Ukrainian (http://www.transifex.com/django/django-contrib-comments/language/uk/)
python-django-debug-toolbar,40,0,317,30,0,107,42,357,11.204481792717088,Ukrainian (http://www.transifex.com/projects/p/django-debug-toolbar/language/uk/)
python-django-filter,85,0,0,41,0,0,77,85,100.0,TextTempearture
python-django-formtools,22,0,10,8,0,3,21,32,68.75,Ukrainian (http://www.transifex.com/projects/p/django-formtools/language/uk/)
python-django-mptt,249,0,0,40,0,0,223,249,100.0,Ukrainian
python-django-rest-framework,571,0,11,100,0,1,525,582,98.10996563573883,Ukrainian (http://www.transifex.com/django-rest-framework-1/django-rest-framework/language/uk/)
python-django-reversion,128,0,0,23,0,0,109,128,100.0,Ukrainian
python-django-robots,44,0,168,14,0,4,38,212,20.754716981132077,Ukrainian (http://www.transifex.com/projects/p/django-robots/language/uk/)
python-django-tables2,2,0,0,2,0,0,2,2,100.0,Ukrainian <well.i.beta@gmail.com>
python-fedora,214,0,0,29,0,0,212,214,100.0,Ukrainian (http://www.transifex.com/projects/p/python-fedora/language/uk/)
python-flask-admin,363,0,4,109,0,3,346,367,98.9100817438692,Ukrainian
python-meh,109,0,0,23,0,0,108,109,100.0,Ukrainian (http://www.transifex.com/projects/p/python-meh/language/uk/)
python-nikola,94,0,0,44,0,0,97,94,100.0,Ukrainian (http://www.transifex.com/ralsina/nikola/language/uk/)
python-simpleline,42,0,0,16,0,0,42,42,100.0,Ukrainian <https://translate.fedoraproject.org/projects/python-simpleline/master/uk/>
python-sphinx,258,0,4323,111,0,597,262,4581,5.631958087753765,Ukrainian (Ukraine) (http://www.transifex.com/sphinx-doc/sphinx-1/language/uk_UA/)
python-sphinxcontrib-applehelp,0,0,89,0,0,14,0,89,0.0,Ukrainian (Ukraine) (https://www.transifex.com/sphinx-doc/teams/36659/uk_UA/)
python-sphinxcontrib-devhelp,0,0,18,0,0,2,0,18,0.0,Ukrainian (Ukraine) (https://www.transifex.com/sphinx-doc/teams/36659/uk_UA/)
python-sphinxcontrib-htmlhelp,0,0,25,0,0,5,0,25,0.0,Ukrainian (Ukraine) (https://www.transifex.com/sphinx-doc/teams/36659/uk_UA/)
python-sphinxcontrib-qthelp,0,0,33,0,0,3,0,33,0.0,Ukrainian (Ukraine) (https://www.transifex.com/sphinx-doc/teams/36659/uk_UA/)
python-sphinxcontrib-serializinghtml,0,0,18,0,0,2,0,18,0.0,Ukrainian (Ukraine) (https://www.transifex.com/sphinx-doc/teams/36659/uk_UA/)
python-wtforms,188,0,14,35,0,1,189,202,93.06930693069307,uk <oleg.pidsadnyi@paylogic.eu>
python-wxpython4,7587,50,58,1773,37,43,7490,7695,98.59649122807016,Ukrainian <kde-i18n-uk@kde.org>
qtwebkit,1209,28,16,294,5,5,1188,1253,96.48842777334397,Ukrainian <translation@linux.org.ua>
quadrapassel,1462,0,0,174,0,0,1317,1462,100.0,Ukrainian <trans-uk@lists.fedoraproject.org>
quassel,4873,0,2905,1184,0,466,5001,7778,62.65106711236822,Ukrainian (http://www.transifex.com/quassel/quassel/language/uk/)
quodlibet,1136,1028,3552,360,356,661,1124,5716,19.8740377886634,Ukrainian
rapid-photo-downloader,575,12,7149,171,3,694,556,7736,7.432781799379525,Ukrainian <uk@li.org>
rapidsvn,966,212,207,330,80,51,942,1385,69.74729241877256,RapidSVN Developers <dev@rapidsvn.tigris.org>
realmd,789,0,0,127,0,0,879,789,100.0,Ukrainian (http://www.transifex.com/freedesktop/realmd/language/uk/)
recode,605,156,0,75,2,0,678,761,79.5006570302234,Ukrainian <trans-uk@lists.fedoraproject.org>
recutils,1867,0,0,209,0,0,1963,1867,100.0,Ukrainian <translation-team-uk@lists.sourceforge.net>
redhat-menus,261,0,0,86,0,0,270,261,100.0,Ukrainian <uk@li.org>
rednotebook,1147,0,0,240,0,0,1122,1147,100.0,Ukrainian <uk@li.org>
redshift,1028,0,0,151,0,0,944,1028,100.0,Ukrainian <uk@li.org>
regexxer,466,0,1,99,0,1,437,467,99.78586723768737,Ukrainian <uk@li.org>
rekonq,2202,0,0,593,0,0,2243,2202,100.0,Ukrainian <kde-i18n-uk@kde.org>
remmina,4279,0,0,847,0,0,4338,4279,100.0,Ukrainian <https://hosted.weblate.org/projects/remmina/remmina/uk/>
renameutils,265,0,0,54,0,0,259,265,100.0,Ukrainian <translation-team-uk@lists.sourceforge.net>
retrace-server,433,0,0,56,0,0,421,433,100.0,Ukrainian <https://translate.fedoraproject.org/projects/abrt/retrace-server/uk/>
revelation,1411,188,828,330,38,79,1248,2427,58.13761845900288,Ukrainian (http://www.transifex.com/hey_neken/revelation/language/uk/)
rhash,380,85,0,77,14,0,373,465,81.72043010752688,Ukrainian <uk@li.org>
rhythmbox,9086,0,0,1478,0,0,8251,9086,100.0,Ukrainian <uk@li.org>
rhythmbox-alternative-toolbar,294,0,0,60,0,0,285,294,100.0,Ukrainian <uk@li.org>
ristretto,759,0,0,196,0,0,674,759,100.0,Ukrainian (http://www.transifex.com/xfce/xfce-apps/language/uk/)
rkward,36057,0,0,4052,0,0,34027,36057,100.0,Ukrainian <kde-i18n-uk@kde.org>
rocs,1452,0,0,302,0,0,1332,1452,100.0,Ukrainian <kde-i18n-uk@kde.org>
rpm,3584,199,853,697,39,154,3928,4636,77.30802415875755,Ukrainian (http://www.transifex.com/rpm-team/rpm/language/uk/)
rpm-ostree,1441,0,0,224,0,0,1511,1441,100.0,Ukrainian <https://translate.fedoraproject.org/projects/dnf/libdnf-dnf-4-master/uk/>
rsibreak,1175,0,0,158,0,0,1036,1175,100.0,Ukrainian <kde-i18n-uk@kde.org>
rygel,1641,0,0,304,0,0,1626,1641,100.0,Ukrainian <trans-uk@lists.fedoraproject.org>
sakura,131,44,25,40,17,10,123,200,65.5,Ukrainian <uk@li.org>
sane-backends,5928,32,0,1237,1,0,5857,5960,99.46308724832214,Ukrainian <trans-uk@lists.fedoraproject.org>
sawfish,2370,1501,2572,539,249,194,2246,6443,36.78410678255471,Ukrainian <uk@li.org>
scratch,1462,0,8,620,0,6,1400,1470,99.45578231292517,Solvek <www.solvek.com>
screenkey,34,0,0,30,0,0,37,34,100.0,Ukrainian <admin@brun.if.ua>
scummvm,6851,0,0,1386,0,0,6381,6851,100.0,Ukrainian <https://translations.scummvm.org/projects/scummvm/scummvm/uk/>
sdcc,11953,0,0,1771,0,0,12572,11953,100.0,Ukrainian <translation-team-uk@lists.sourceforge.net>
sdcv,34,63,50,6,10,11,35,147,23.12925170068027,Ukrainian <dubyk@lsl.lviv.ua>
sddm-kcm,143,0,0,40,0,0,145,143,100.0,Ukrainian <kde-i18n-uk@kde.org>
seahorse,10133,0,0,1206,0,0,9235,10133,100.0,Ukrainian <trans-uk@lists.fedoraproject.org>
seahorse-caja,421,0,0,110,0,0,426,421,100.0,translation@linux.org.ua
seahorse-nautilus,421,0,0,110,0,0,426,421,100.0,translation@linux.org.ua
sed,830,0,0,146,0,0,889,830,100.0,Ukrainian <trans-uk@lists.fedoraproject.org>
sequeler,406,0,0,134,0,0,388,406,100.0,Ukrainian <https://hosted.weblate.org/projects/sequeler/translations/uk/>
setroubleshoot,583,0,52,159,0,8,539,635,91.81102362204724,Ukrainian (http://www.transifex.com/projects/p/fedora/language/uk/)
setroubleshoot-plugins,6246,0,0,226,0,0,5252,6246,100.0,Ukrainian <https://translate.fedoraproject.org/projects/setroubleshoot/plugins/uk/>
setuptool,55,0,0,14,0,0,52,55,100.0,Ukrainian <uk@li.org>
shadow-utils,1024,1450,1988,210,214,226,1041,4462,22.949350067234427,Ukrainian
shared-mime-info,1991,0,0,773,0,0,2139,1991,100.0,Ukrainian (http://www.transifex.com/freedesktop/shared-mime-info/language/uk/)
sharutils,2974,173,0,299,5,0,3126,3147,94.50270098506515,Ukrainian <translation-team-uk@lists.sourceforge.net>
shotwell,14126,0,0,1679,0,0,15323,14126,100.0,Ukrainian <trans-uk@lists.fedoraproject.org>
shutter,3093,0,0,606,0,0,2980,3093,100.0,Ukrainian <uk@li.org>
simple-scan,2194,0,0,309,0,0,2143,2194,100.0,Ukrainian <uk@li.org>
siril,5540,0,5674,750,0,624,5097,11214,49.402532548599964,"Maksym Pyatnytskyy, Oleh Malyi. mpyat2@gmail.com"
skanlite,183,0,0,62,0,0,190,183,100.0,Ukrainian <kde-i18n-uk@kde.org>
skrooge,12058,0,0,2479,0,0,11856,12058,100.0,Ukrainian <kde-i18n-uk@kde.org>
skychart,4564,149,1829,1354,5,517,4176,6542,69.76459798226841,
slick-greeter,211,0,0,47,0,0,211,211,100.0,Ukrainian <uk@li.org>
smb4k,6046,0,0,667,0,0,5982,6046,100.0,Ukrainian <kde-i18n-uk@kde.org>
snapd,1582,0,2725,297,0,184,1434,4307,36.73090318086835,Ukrainian <uk@li.org>
snapper,725,55,81,177,10,18,718,861,84.20441347270615,Ukrainian <http://10n.opensuse.org/projects/snapper/master/uk/>
snownews,791,0,0,163,0,0,770,791,100.0,UK <tenebrosus.scriptor@gmail.com>
sos,54,33,35,11,7,12,42,122,44.26229508196721,<uk@li.org>
sound-juicer,3142,0,0,321,0,0,2899,3142,100.0,Ukrainian <linux@linux.org.ua>
soundconverter,249,95,163,102,9,18,252,507,49.112426035502956,Ukrainian <uk@li.org>
spacefm,589,0,8489,237,0,1385,561,9078,6.488213262833223,Ukrainian (http://www.transifex.com/ignorantguru/spacefm/language/uk/)
sparkleshare,162,0,240,36,0,51,138,402,40.298507462686565,
spectacle,855,0,0,180,0,0,910,855,100.0,Ukrainian <kde-i18n-uk@kde.org>
speedcrunch,0,0,93,0,0,10,0,93,0.0,Ukrainian (http://www.transifex.com/heldercorreia/speedcrunch/language/uk/)
springlobby,145,0,4425,51,0,1156,144,4570,3.1728665207877462,Ukrainian <uk@li.org>
spyder,2394,0,6620,843,0,739,2372,9014,26.558686487685822,Ukrainian
squirrelmail,8660,225,1978,1854,9,273,7798,10863,79.7201509711866,Ukrainian <squirrelmail-i18n@lists.sourceforge.net>
srain,1077,0,0,249,0,0,1021,1077,100.0,
sscg,84,0,10,31,0,3,100,94,89.36170212765957,Ukrainian <translation-team-uk@lists.sourceforge.net>
sssd,40977,995,2441,3360,79,105,39764,44413,92.26352644495981,Ukrainian <https://translate.fedoraproject.org/projects/sssd/sssd-master/uk/>
stardict,2789,1375,6914,506,159,534,2550,11078,25.176024553168443,LANGUAGE <LL@li.org>
stellarium,141404,0,0,36419,0,0,129239,141404,100.0,Ukrainian (https://www.transifex.com/stellarium/teams/80998/uk/)
step,3817,0,0,978,0,0,3479,3817,100.0,Ukrainian <kde-i18n-uk@kde.org>
sudo,5223,0,0,764,0,0,5512,5223,100.0,Ukrainian <trans-uk@lists.fedoraproject.org>
sugar,2305,0,0,529,0,0,2205,2305,100.0,LANGUAGE <LL@li.org>
sugar-abacus,28,0,0,23,0,0,27,28,100.0,LANGUAGE <LL@li.org>
sugar-browse,334,0,0,71,0,0,337,334,100.0,LANGUAGE <LL@li.org>
sugar-calculator,866,0,0,169,0,0,850,866,100.0,LANGUAGE <LL@li.org>
sugar-chat,137,0,0,81,0,0,138,137,100.0,LANGUAGE <LL@li.org>
sugar-clock,66,0,0,21,0,0,686,66,100.0,LANGUAGE <LL@li.org>
sugar-colordeducto,109,0,0,23,0,0,96,109,100.0,LANGUAGE <LL@li.org>
sugar-deducto,107,0,0,23,0,0,90,107,100.0,LANGUAGE <LL@li.org>
sugar-distance,99,0,0,26,0,0,100,99,100.0,LANGUAGE <LL@li.org>
sugar-finance,258,0,0,63,0,0,231,258,100.0,LANGUAGE <LL@li.org>
sugar-flip,17,0,0,7,0,0,14,17,100.0,LANGUAGE <LL@li.org>
sugar-fototoon,139,0,0,48,0,0,119,139,100.0,LANGUAGE <LL@li.org>
sugar-fractionbounce,142,0,0,41,0,0,125,142,100.0,LANGUAGE <LL@li.org>
sugar-getiabooks,110,0,40,30,0,4,114,150,73.33333333333333,LANGUAGE <LL@li.org>
sugar-imageviewer,58,0,0,16,0,0,54,58,100.0,LANGUAGE <LL@li.org>
sugar-implode,77,0,0,20,0,0,70,77,100.0,LANGUAGE <LL@li.org>
sugar-infoslicer,0,0,236,0,0,62,0,236,0.0,LANGUAGE <LL@li.org>
sugar-jukebox,69,0,0,22,0,0,71,69,100.0,LANGUAGE <LL@li.org>
sugar-labyrinth,0,0,281,0,0,94,0,281,0.0,LANGUAGE <LL@li.org>
sugar-locosugar,74,0,0,12,0,0,62,74,100.0,LANGUAGE <LL@li.org>
sugar-log,98,0,0,21,0,0,100,98,100.0,LANGUAGE <LL@li.org>
sugar-maze,7,0,0,4,0,0,7,7,100.0,LANGUAGE <LL@li.org>
sugar-measure,155,0,0,73,0,0,146,155,100.0,LANGUAGE <LL@li.org>
sugar-memorize,142,0,0,74,0,0,150,142,100.0,LANGUAGE <LL@li.org>
sugar-nutrition,183,0,0,90,0,0,163,183,100.0,LANGUAGE <LL@li.org>
sugar-paint,106,0,0,61,0,0,104,106,100.0,LANGUAGE <LL@li.org>
sugar-physics,48,0,0,28,0,0,50,48,100.0,LANGUAGE <LL@li.org>
sugar-pippy,282,0,0,68,0,0,283,282,100.0,LANGUAGE <LL@li.org>
sugar-playgo,85,0,0,30,0,0,97,85,100.0,LANGUAGE <LL@li.org>
sugar-portfolio,73,0,0,25,0,0,79,73,100.0,LANGUAGE <LL@li.org>
sugar-pukllanapac,10,0,0,5,0,0,11,10,100.0,LANGUAGE <LL@li.org>
sugar-read,137,0,0,50,0,0,128,137,100.0,LANGUAGE <LL@li.org>
sugar-recall,47,0,0,9,0,0,67,47,100.0,LANGUAGE <LL@li.org>
sugar-record,62,0,0,24,0,0,67,62,100.0,LANGUAGE <LL@li.org>
sugar-ruler,0,0,29,0,0,8,0,29,0.0,LANGUAGE <LL@li.org>
sugar-speak,227,0,0,74,0,0,214,227,100.0,LANGUAGE <LL@li.org>
sugar-stopwatch,5,0,0,5,0,0,5,5,100.0,LANGUAGE <LL@li.org>
sugar-story,71,0,0,17,0,0,62,71,100.0,LANGUAGE <LL@li.org>
sugar-terminal,121,0,0,26,0,0,110,121,100.0,LANGUAGE <LL@li.org>
sugar-toolkit-gtk3,161,0,52,112,0,11,173,213,75.5868544600939,LANGUAGE <LL@li.org>
sugar-typing-turtle,599,0,0,127,0,0,530,599,100.0,LANGUAGE <LL@li.org>
sugar-visualmatch,0,0,158,0,0,78,0,158,0.0,LANGUAGE <LL@li.org>
sugar-words,3,0,0,3,0,0,3,3,100.0,LANGUAGE <LL@li.org>
sugar-write,121,0,0,55,0,0,130,121,100.0,LANGUAGE <LL@li.org>
sugar-xoeditor,29,0,0,7,0,0,25,29,100.0,LANGUAGE <LL@li.org>
sumwars,16409,34,639,2613,4,87,13994,17082,96.06018030675565,
supertux,1317,0,1546,354,0,541,1169,2863,46.000698567935736,Ukrainian (http://www.transifex.com/arctic-games/supertux/language/uk/)
supertuxkart,3203,0,2353,840,0,218,3019,5556,57.649388048956084,Ukrainian (http://www.transifex.com/supertuxkart/supertuxkart/language/uk/)
sushi,54,0,0,14,0,0,56,54,100.0,Ukrainian <kde-i18n-uk@kde.org>
svgpart,22,0,0,7,0,0,21,22,100.0,Ukrainian <kde-i18n-uk@kde.org>
sweeper,228,0,0,50,0,0,198,228,100.0,Ukrainian <kde-i18n-uk@kde.org>
swell-foop,264,0,0,53,0,0,216,264,100.0,linux.org.ua
switchboard,45,0,79,14,0,12,45,124,36.29032258064516,Ukrainian <uk@li.org>
switchboard-plug-a11y,43,7,75,17,3,18,38,125,34.4,LANGUAGE <LL@li.org>
switchboard-plug-about,41,49,6,18,8,3,49,96,42.70833333333333,Ukrainian <uk@li.org>
switchboard-plug-applications,65,15,15,22,8,4,66,95,68.42105263157895,Ukrainian <https://l10n.elementary.io/projects/switchboard/switchboard-plug-applications/uk/>
switchboard-plug-bluetooth,172,0,16,49,0,2,167,188,91.48936170212765,Ukrainian <https://l10n.elementary.io/projects/switchboard/switchboard-plug-bluetooth/uk/>
switchboard-plug-display,32,18,89,14,9,29,34,139,23.021582733812952,Ukrainian <uk@li.org>
switchboard-plug-keyboard,208,99,223,93,31,69,235,530,39.24528301886793,Ukrainian <http://weblate.elementary.io/projects/desktop/switchboard-plug-keyboard/uk/>
switchboard-plug-mouse-touchpad,53,22,157,26,11,36,56,232,22.844827586206897,Ukrainian <https://l10n.elementary.io/projects/switchboard/switchboard-plug-mouse-touchpad/uk/>
switchboard-plug-networking,474,0,0,137,0,0,449,474,100.0,Ukrainian <https://l10n.elementary.io/projects/switchboard/switchboard-plug-networking/uk/>
switchboard-plug-notifications,128,3,11,16,2,3,103,142,90.14084507042254,LANGUAGE <LL@li.org>
switchboard-plug-onlineaccounts,117,12,31,34,4,18,113,160,73.125,Ukrainian <uk@li.org>
switchboard-plug-pantheon-shell,118,7,56,42,4,19,117,181,65.19337016574586,Ukrainian <https://l10n.elementary.io/projects/switchboard/switchboard-plug-pantheon-shell/uk/>
switchboard-plug-printers,214,56,92,96,18,30,205,362,59.11602209944752,LANGUAGE <LL@li.org>
switchboard-plug-sharing,17,2,121,13,1,18,16,140,12.142857142857142,Ukrainian <uk@li.org>
switchboard-plug-sound,152,0,0,51,0,0,143,152,100.0,Ukrainian <https://l10n.elementary.io/projects/switchboard/switchboard-plug-sound/uk/>
switchdesk,16,85,21,3,9,7,16,122,13.114754098360656,<uk@li.org>
sylpheed,7103,87,24,1759,31,7,6650,7214,98.46132520099806,Ukrainian
synapse,523,0,333,156,0,78,525,856,61.0981308411215,Ukrainian <uk@li.org>
sysprof,1804,0,0,266,0,0,1769,1804,100.0,Ukrainian <trans-uk@lists.fedoraproject.org>
sysstat,788,0,0,81,0,0,841,788,100.0,Ukrainian <trans-uk@lists.fedoraproject.org>
system-config-language,197,17,1,29,1,1,167,215,91.62790697674419,Ukrainian <uk@li.org>
system-config-printer,3465,0,0,921,0,0,3193,3465,100.0,Ukrainian <https://translate.fedoraproject.org/projects/system-config-printer/master/uk/>
system-config-rootpassword,116,0,0,19,0,0,89,116,100.0,Ukrainian <uk@li.org>
system-switch-java,81,0,0,11,0,0,76,81,100.0,Ukrainian <translation@linux.org.ua>
system-switch-mail,9,88,4,6,8,3,9,101,8.91089108910891,Ukrainian <uk@li.org>
systemd,1470,0,0,186,0,0,1261,1470,100.0,Ukrainian <kde-i18n-uk@kde.org>
tagtool,928,10,20,204,3,4,894,958,96.86847599164928,English <en@li.org>
tali,2427,0,0,187,0,0,2167,2427,100.0,Ukrainian <trans-uk@lists.fedoraproject.org>
tar,3626,19,11,589,1,3,3822,3656,99.17943107221006,Ukrainian <translation-team-uk@lists.sourceforge.net>
taxi,62,0,0,15,0,0,56,62,100.0,LANGUAGE <LL@li.org>
tellico,5858,0,0,1259,0,0,5101,5858,100.0,Ukrainian <kde-i18n-uk@kde.org>
tepl,294,0,0,67,0,0,262,294,100.0,Ukrainian <trans-uk@lists.fedoraproject.org>
terminator,610,0,840,208,0,219,564,1450,42.06896551724138,Ukrainian (https://www.transifex.com/terminator/teams/109338/uk/)
terminology,221,4,753,53,2,178,198,978,22.597137014314928,Ukrainian <https://hosted.weblate.org/projects/terminology/terminology/uk/>
texinfo,6117,0,0,874,0,0,6014,6117,100.0,Ukrainian <trans-uk@lists.fedoraproject.org>
texlive,0,0,0,0,0,0,0,0,0.0,
thonny,1490,0,0,341,0,0,1402,1490,100.0,
thunar-archive-plugin,86,0,0,13,0,0,88,86,100.0,Ukrainian (http://www.transifex.com/xfce/thunar-plugins/language/uk/)
thunar-media-tags-plugin,156,0,0,58,0,0,154,156,100.0,Ukrainian (http://www.transifex.com/xfce/thunar-plugins/language/uk/)
thunar-vcs-plugin,774,0,0,307,0,0,785,774,100.0,Ukrainian (http://www.transifex.com/xfce/thunar-plugins/language/uk/)
thunar-vfs,387,0,0,86,0,0,365,387,100.0,Ukrainian <xfce4-dev@xfce.org>
thunar-volman,499,0,0,120,0,0,432,499,100.0,Ukrainian (http://www.transifex.com/xfce/thunar-volman/language/uk/)
thunderbird,1594,11,22,481,4,4,1743,1627,97.97172710510141,Ukrainian <translation-team-uk@lists.sourceforge.net>
tigervnc,697,0,0,154,0,0,744,697,100.0,Ukrainian <trans-uk@lists.fedoraproject.org>
tilix,1853,98,538,549,38,90,1698,2489,74.44756930494174,Ukrainian <https://hosted.weblate.org/projects/tilix/manpage/uk/>
timeshift,2800,38,167,564,10,25,2568,3005,93.17803660565723,Launchpad Ukrainian Translators <uk@li.org>
tomboy,6542,0,0,673,0,0,5540,6542,100.0,Ukrainian <uk@li.org>
tortoisehg,11802,0,1441,2321,0,107,10864,13243,89.11877973268896,Ukrainian <uk@li.org>
totem,3202,0,0,542,0,0,2932,3202,100.0,Ukrainian <uk@li.org>
totem-pl-parser,29,0,0,8,0,0,23,29,100.0,Ukrainian <uk@li.org>
trac,5865,367,1921,1192,57,53,5536,8153,71.93671041334478,Ukrainian (http://www.transifex.com/projects/p/trac/language/uk/)
trac-accountmanager-plugin,0,0,1208,0,0,204,0,1208,0.0,Ukrainian (http://www.transifex.com/projects/p/Trac_Plugin-L10N/language/uk/)
tracker,2243,0,0,374,0,0,2246,2243,100.0,Ukrainian <trans-uk@lists.fedoraproject.org>
tracker-miners,763,0,0,110,0,0,728,763,100.0,Ukrainian <trans-uk@lists.fedoraproject.org>
tracker3,583,0,0,116,0,0,609,583,100.0,Ukrainian <trans-uk@lists.fedoraproject.org>
tracker3-miners,1807,0,0,289,0,0,1779,1807,100.0,Ukrainian <trans-uk@lists.fedoraproject.org>
transmageddon,210,0,0,59,0,0,202,210,100.0,translation@linux.org.ua
transmission,1772,0,226,498,0,25,2069,1998,88.68868868868869,Ukrainian (https://www.transifex.com/transmissionbt/teams/33778/uk/)
transmission-remote-gtk,744,54,171,338,17,41,795,969,76.78018575851394,Ukrainian <kde-i18n-uk@kde.org>
trojita,4772,0,0,978,0,0,5047,4772,100.0,Ukrainian <kde-i18n-uk@kde.org>
tumbler,241,0,0,39,0,0,221,241,100.0,Ukrainian (http://www.transifex.com/xfce/tumbler/language/uk/)
tuxmath,876,138,441,172,24,53,795,1455,60.20618556701031,Ukrainian <uk@li.org>
tuxpaint,1584,54,24,295,5,5,1449,1662,95.30685920577618,LANGUAGE <LL@li.org>
tvtime,1222,0,0,246,0,0,1222,1222,100.0,Ukrainian <kde-i18n-uk@kde.org>
vdrift,869,0,770,214,0,188,630,1639,53.02013422818792,Ukrainian (http://www.transifex.com/projects/p/vdrift/language/uk/)
vinagre,1510,0,0,277,0,0,1317,1510,100.0,linux.org.ua
vino,1228,0,0,134,0,0,1035,1228,100.0,linux.org.ua
virt-manager,7102,0,0,1413,0,0,7534,7102,100.0,Ukrainian <https://translate.fedoraproject.org/projects/virt-manager/virt-manager/uk/>
virt-top,294,0,121,68,0,16,288,415,70.8433734939759,Ukrainian <trans-uk@lists.fedoraproject.org>
virt-v2v,11358,565,11777,835,66,930,11185,23700,47.92405063291139,Ukrainian (http://www.transifex.com/projects/p/libguestfs/language/uk/)
virt-viewer,838,0,16,188,0,5,870,854,98.12646370023418,Ukrainian (http://www.transifex.com/projects/p/virt-viewer/language/uk/)
volume_key,745,10,8,151,2,1,794,763,97.64089121887287,Ukrainian <trans-uk@lists.fedoraproject.org>
vorbis-tools,1034,875,1887,190,120,130,1089,3796,27.239199157007377,Ukrainian <translation-team-uk@lists.sourceforge.net>
vrms-rpm,0,0,0,0,0,0,0,0,0.0,
vte,80,0,0,13,0,0,83,80,100.0,translation@linux.org.ua
vte291,46,0,0,9,0,0,52,46,100.0,Ukrainian <trans-uk@lists.fedoraproject.org>
warmux,1892,120,732,343,23,106,1919,2744,68.95043731778425,Ukrainian <ua@li.org>
warzone2100,9521,836,3104,2301,225,369,9720,13461,70.73025778173984,
wcd,8133,0,0,659,0,0,8231,8133,100.0,Ukrainian <translation-team-uk@lists.sourceforge.net>
wdiff,993,0,0,150,0,0,1141,993,100.0,Ukrainian <translation-team-uk@lists.sourceforge.net>
webkit2gtk3,2652,0,0,680,0,0,2579,2652,100.0,Ukrainian <trans-uk@lists.fedoraproject.org>
wesnoth,65369,43497,190417,6229,1980,10269,54781,299283,21.841868732938387,
wget,3992,65,13,646,4,1,4140,4070,98.08353808353807,Ukrainian <trans-uk@lists.fedoraproject.org>
widelands,3861,0,58559,883,0,4734,3233,62420,6.18551746235181,Ukrainian (http://www.transifex.com/widelands/widelands/language/uk/)
wine,15276,480,2646,3431,102,492,13560,18402,83.01271600912943,Ukrainian
wingpanel,6,0,13,1,0,3,7,19,31.57894736842105,LANGUAGE <LL@li.org>
wingpanel-applications-menu,154,5,135,51,3,32,154,294,52.38095238095239,Ukrainian <uk@li.org>
wingpanel-indicator-bluetooth,30,0,0,18,0,0,30,30,100.0,Ukrainian <https://l10n.elementary.io/projects/wingpanel/wingpanel-indicator-bluetooth/uk/>
wingpanel-indicator-datetime,12,0,116,3,0,22,11,128,9.375,Ukrainian <https://l10n.elementary.io/projects/wingpanel/wingpanel-indicator-datetime/uk/>
wingpanel-indicator-keyboard,38,0,0,10,0,0,34,38,100.0,Ukrainian <https://l10n.elementary.io/projects/wingpanel/wingpanel-indicator-keyboard/uk/>
wingpanel-indicator-network,35,34,28,12,6,9,31,97,36.08247422680412,Ukrainian <https://l10n.elementary.io/projects/wingpanel/wingpanel-indicator-network/uk/>
wingpanel-indicator-nightlight,6,6,19,2,2,4,6,31,19.35483870967742,Ukrainian <https://weblate.elementary.io/projects/wingpanel/indicator-nightlight/uk/>
wingpanel-indicator-notifications,16,0,22,7,0,6,14,38,42.10526315789473,Ukrainian <https://l10n.elementary.io/projects/wingpanel/wingpanel-indicator-notifications/uk/>
wingpanel-indicator-power,86,0,31,22,0,10,144,117,73.50427350427351,Ukrainian <https://l10n.elementary.io/projects/wingpanel/wingpanel-indicator-power/uk/>
wingpanel-indicator-session,54,0,27,17,0,8,45,81,66.66666666666666,Ukrainian <https://l10n.elementary.io/projects/wingpanel/wingpanel-indicator-session/uk/>
wingpanel-indicator-sound,53,0,0,13,0,0,60,53,100.0,Ukrainian <https://l10n.elementary.io/projects/wingpanel/wingpanel-indicator-sound/uk/>
workrave,1163,77,158,226,22,26,963,1398,83.19027181688125,Sergey Kirkinsky <ksa@pfr.altai.ru>
wxGTK,7086,269,153,1710,93,88,6959,7508,94.37932871603623,Ukrainian <kde-i18n-uk@kde.org>
wxGTK3,7587,50,58,1773,37,43,7490,7695,98.59649122807016,Ukrainian <kde-i18n-uk@kde.org>
wxMaxima,20666,346,32,2149,25,11,19283,21044,98.20376354305264,Ukrainian <kde-i18n-uk@kde.org>
xapps,73,0,0,36,0,0,66,73,100.0,Ukrainian <uk@li.org>
xarchiver,1202,12,0,301,2,0,1135,1214,99.01153212520593,Ukrainian <xfce4-dev@xfce.org>
xboard,2553,9,11,718,3,3,2681,2573,99.22269724057522,Ukrainian <translation-team-uk@lists.sourceforge.net>
xchm,155,17,62,66,7,23,139,234,66.23931623931624,Ukrainian <uk@li.org>
xdg-desktop-portal,221,0,0,32,0,0,216,221,100.0,Ukrainian <trans-uk@lists.fedoraproject.org>
xdg-desktop-portal-gtk,240,0,0,64,0,0,266,240,100.0,Ukrainian <kde-i18n-uk@kde.org>
xdg-desktop-portal-kde,141,0,0,45,0,0,146,141,100.0,Ukrainian <kde-i18n-uk@kde.org>
xdg-user-dirs,28,0,0,28,0,0,28,28,100.0,Ukrainian <translation-team-uk@lists.sourceforge.net>
xdg-user-dirs-gtk,81,0,0,11,0,0,73,81,100.0,Ukrainian <uk@li.org>
xed,12394,0,0,1693,0,0,9937,12394,100.0,Ukrainian <uk@li.org>
xfbib,342,0,0,75,0,0,293,342,100.0,Ukrainian <xfce4-dev@xfce.org>
xfburn,1413,0,0,306,0,0,1271,1413,100.0,Ukrainian (http://www.transifex.com/xfce/xfce-apps/language/uk/)
xfce4-appfinder,410,0,0,81,0,0,348,410,100.0,Ukrainian (http://www.transifex.com/xfce/xfce4-appfinder/language/uk/)
xfce4-battery-plugin,147,0,0,42,0,0,146,147,100.0,Ukrainian (http://www.transifex.com/xfce/xfce-panel-plugins/language/uk/)
xfce4-calculator-plugin,35,0,0,15,0,0,36,35,100.0,Ukrainian (https://www.transifex.com/xfce/teams/16840/uk/)
xfce4-clipman-plugin,478,0,0,72,0,0,415,478,100.0,Ukrainian (http://www.transifex.com/xfce/xfce-panel-plugins/language/uk/)
xfce4-cpufreq-plugin,146,0,0,42,0,0,146,146,100.0,Ukrainian (http://www.transifex.com/xfce/xfce-panel-plugins/language/uk/)
xfce4-cpugraph-plugin,76,0,0,37,0,0,89,76,100.0,Ukrainian (http://www.transifex.com/xfce/xfce-panel-plugins/language/uk/)
xfce4-datetime-plugin,52,0,0,19,0,0,48,52,100.0,Ukrainian (http://www.transifex.com/xfce/xfce-panel-plugins/language/uk/)
xfce4-dict,526,0,3,120,0,1,505,529,99.4328922495274,Ukrainian (http://www.transifex.com/xfce/xfce-apps/language/uk/)
xfce4-diskperf-plugin,181,0,0,37,0,0,174,181,100.0,Ukrainian (http://www.transifex.com/xfce/xfce-panel-plugins/language/uk/)
xfce4-embed-plugin,219,0,0,33,0,0,177,219,100.0,Ukrainian <xfce@xfce.org>
xfce4-eyes-plugin,16,0,0,5,0,0,14,16,100.0,Ukrainian (http://www.transifex.com/xfce/xfce-panel-plugins/language/uk/)
xfce4-fsguard-plugin,71,0,0,19,0,0,77,71,100.0,Ukrainian (http://www.transifex.com/xfce/xfce-panel-plugins/language/uk/)
xfce4-genmon-plugin,56,0,0,14,0,0,59,56,100.0,Ukrainian (http://www.transifex.com/xfce/xfce-panel-plugins/language/uk/)
xfce4-hardware-monitor-plugin,356,0,0,129,0,0,323,356,100.0,Ukrainian <linux@linux.org.ua>
xfce4-kbdleds-plugin,18,0,0,5,0,0,16,18,100.0,Ukrainian
xfce4-mailwatch-plugin,639,0,46,106,0,5,592,685,93.28467153284672,Ukrainian (http://www.transifex.com/projects/p/xfce/language/uk/)
xfce4-mount-plugin,374,0,0,56,0,0,328,374,100.0,Ukrainian (http://www.transifex.com/xfce/xfce-panel-plugins/language/uk/)
xfce4-mpc-plugin,78,0,0,24,0,0,82,78,100.0,Ukrainian (http://www.transifex.com/xfce/xfce-panel-plugins/language/uk/)
xfce4-netload-plugin,91,0,0,35,0,0,94,91,100.0,Ukrainian (http://www.transifex.com/xfce/xfce-panel-plugins/language/uk/)
xfce4-notes-plugin,163,0,0,57,0,0,139,163,100.0,Ukrainian <xfce4-dev@xfce.org>
xfce4-notifyd,296,0,0,81,0,0,265,296,100.0,Ukrainian (http://www.transifex.com/xfce/xfce-apps/language/uk/)
xfce4-panel,1691,0,0,413,0,0,1535,1691,100.0,Ukrainian (https://www.transifex.com/xfce/teams/16840/uk/)
xfce4-panel-profiles,99,0,0,26,0,0,101,99,100.0,Ukrainian (https://www.transifex.com/xfce/teams/16840/uk/)
xfce4-places-plugin,162,0,0,47,0,0,146,162,100.0,Ukrainian (http://www.transifex.com/xfce/xfce-panel-plugins/language/uk/)
xfce4-power-manager,1046,0,0,210,0,0,959,1046,100.0,Ukrainian (http://www.transifex.com/xfce/xfce4-power-manager/language/uk/)
xfce4-pulseaudio-plugin,148,0,0,35,0,0,134,148,100.0,Ukrainian (http://www.transifex.com/xfce/xfce-panel-plugins/language/uk/)
xfce4-screenshooter,392,0,64,60,0,16,311,456,85.96491228070175,Ukrainian (http://www.transifex.com/xfce/xfce-apps/language/uk/)
xfce4-sensors-plugin,390,0,0,85,0,0,367,390,100.0,Ukrainian (http://www.transifex.com/xfce/xfce-panel-plugins/language/uk/)
xfce4-session,798,0,0,163,0,0,737,798,100.0,Ukrainian (https://www.transifex.com/xfce/teams/16840/uk/)
xfce4-settings,1940,0,0,453,0,0,1765,1940,100.0,Ukrainian (https://www.transifex.com/xfce/teams/16840/uk/)
xfce4-smartbookmark-plugin,22,0,0,9,0,0,25,22,100.0,Ukrainian (http://www.transifex.com/xfce/xfce-panel-plugins/language/uk/)
xfce4-statusnotifier-plugin,129,0,0,25,0,0,115,129,100.0,Ukrainian (https://www.transifex.com/xfce/teams/16840/uk/)
xfce4-systemload-plugin,87,0,0,23,0,0,115,87,100.0,Ukrainian (http://www.transifex.com/xfce/xfce-panel-plugins/language/uk/)
xfce4-taskmanager,251,0,8,84,0,4,252,259,96.91119691119691,Ukrainian (http://www.transifex.com/xfce/xfce-apps/language/uk/)
xfce4-terminal,1651,0,74,396,0,7,1529,1725,95.71014492753623,Ukrainian (http://www.transifex.com/xfce/xfce-apps/language/uk/)
xfce4-time-out-plugin,106,0,0,38,0,0,116,106,100.0,Ukrainian (http://www.transifex.com/xfce/xfce-panel-plugins/language/uk/)
xfce4-timer-plugin,135,0,0,48,0,0,128,135,100.0,Ukrainian (http://www.transifex.com/xfce/xfce-panel-plugins/language/uk/)
xfce4-verve-plugin,108,0,0,28,0,0,109,108,100.0,Ukrainian (http://www.transifex.com/xfce/xfce-panel-plugins/language/uk/)
xfce4-wavelan-plugin,67,0,0,18,0,0,62,67,100.0,Ukrainian (http://www.transifex.com/xfce/xfce-panel-plugins/language/uk/)
xfce4-weather-plugin,3576,0,100,335,0,2,3639,3676,97.27965179542981,Ukrainian (http://www.transifex.com/xfce/xfce-panel-plugins/language/uk/)
xfce4-whiskermenu-plugin,344,0,42,114,0,9,323,386,89.11917098445595,Ukrainian (http://www.transifex.com/gottcode/xfce4-whiskermenu-plugin/language/uk/)
xfce4-xkb-plugin,35,0,13,13,0,8,37,48,72.91666666666666,Ukrainian (http://www.transifex.com/xfce/xfce-panel-plugins/language/uk/)
xfconf,458,0,0,68,0,0,412,458,100.0,Ukrainian (http://www.transifex.com/xfce/xfconf/language/uk/)
xfdesktop,1037,0,0,246,0,0,971,1037,100.0,Ukrainian (https://www.transifex.com/xfce/teams/16840/uk/)
xfmpc,173,0,2,76,0,2,187,175,98.85714285714286,Ukrainian (http://www.transifex.com/xfce/xfce-apps/language/uk/)
xfwm4,632,0,0,169,0,0,633,632,100.0,Ukrainian (https://www.transifex.com/xfce/teams/16840/uk/)
xiphos,547,365,4069,223,141,776,512,4981,10.98173057618952,Ukrainian <linux@linux.org.ua>
xkeyboard-config,3927,33,9,1191,9,6,3954,3969,98.94179894179894,Ukrainian <trans-uk@lists.fedoraproject.org>
xmlcopyeditor,580,216,890,248,71,171,616,1686,34.400948991696325,
xmms,2549,534,360,896,84,65,2645,3443,74.03427243682835,Ukrainian <linux@linux.org.ua>
xpad,261,0,152,81,0,46,262,413,63.19612590799032,Ukrainian <uk@li.org>
xreader,3435,25,0,540,1,0,2886,3460,99.27745664739885,Ukrainian <uk@li.org>
yad,2025,0,0,486,0,0,1970,2025,100.0,
yakuake,1614,0,0,229,0,0,1474,1614,100.0,Ukrainian <kde-i18n-uk@kde.org>
yelp,348,0,0,73,0,0,307,348,100.0,Ukrainian <kde-i18n-uk@kde.org>
yelp-xsl,88,0,0,64,0,0,86,88,100.0,Ukrainian <kde-i18n-uk@kde.org>
zabbix,14207,0,2533,3223,0,412,15390,16740,84.86857825567503,Zabbix translation team
zanshin,507,0,0,127,0,0,550,507,100.0,Ukrainian <kde-i18n-uk@kde.org>
zathura,739,0,8,163,0,1,703,747,98.92904953145917,Ukrainian (Ukraine) (http://www.transifex.com/pwmt/zathura/language/uk_UA/)
zenity,3130,0,0,433,0,0,2645,3130,100.0,Ukrainian <linux@linux.org.ua>
zypper,9233,0,10,1248,0,1,8764,9243,99.8918100183923,Ukrainian <https://l10n.opensuse.org/projects/zypper/master/uk/>
