package,translatedsourcewords,fuzzysourcewords,untranslatedsourcewords,translated,fuzzy,untranslated,translatedtargetwords,totalsourcewordssum,progress,team
0ad,300,0,0,56,0,0,263,300,100.0,Swedish (http://www.transifex.com/wildfire-games/0ad/language/sv/)
GConf2,4088,0,0,497,0,0,3991,4088,100.0,Swedish <tp-sv@listor.tp-sv.se>
GMT,82,0,0,27,0,0,84,82,100.0,Swedish (https://www.transifex.com/readthedocs/teams/101354/sv/)
LabPlot,11793,989,361,3087,374,66,10462,13143,89.72837251769002,Swedish <kde-i18n-doc@kde.org>
ModemManager,147,0,0,19,0,0,148,147,100.0,Swedish <tp-sv@listor.tp-sv.se>
NetworkManager,16994,5363,6837,1668,369,214,14975,29194,58.210591217373434,Swedish <tp-sv@listor.tp-sv.se>
NetworkManager-fortisslvpn,317,2,2,57,1,2,288,321,98.75389408099689,Swedish <tp-sv@listor.tp-sv.se>
NetworkManager-iodine,75,0,0,21,0,0,68,75,100.0,Swedish <tp-sv@listor.tp-sv.se>
NetworkManager-l2tp,423,0,839,84,0,107,382,1262,33.51822503961965,Swedish <tp-sv@listor.tp-sv.se>
NetworkManager-libreswan,462,0,0,75,0,0,415,462,100.0,Swedish <tp-sv@listor.tp-sv.se>
NetworkManager-openconnect,8452,0,1068,1443,0,153,7897,9520,88.78151260504201,Swedish <tp-sv@listor.tp-sv.se>
NetworkManager-openvpn,2152,3,2,299,3,2,1968,2157,99.76819656930923,Swedish <tp-sv@listor.tp-sv.se>
NetworkManager-pptp,517,0,0,86,0,0,473,517,100.0,Swedish <tp-sv@listor.tp-sv.se>
NetworkManager-ssh,115,87,84,29,22,18,99,286,40.20979020979021,Swedish <tp-sv@listor.tp-sv.se>
NetworkManager-sstp,842,8,28,145,2,2,758,878,95.8997722095672,Swedish <tp-sv@listor.tp-sv.se>
NetworkManager-vpnc,616,0,0,102,0,0,545,616,100.0,Swedish <tp-sv@listor.tp-sv.se>
PackageKit,1283,0,0,321,0,0,1209,1283,100.0,Swedish (http://www.transifex.com/freedesktop/packagekit/language/sv/)
Thunar,5430,0,0,976,0,0,5149,5430,100.0,Swedish (https://www.transifex.com/xfce/teams/16840/sv/)
WindowMaker,629,0,0,114,0,0,594,629,100.0,Swedish
Zim,2453,424,509,599,96,82,2392,3386,72.44536326048436,Swedish <sv@li.org>
a2ps,1532,0,0,184,0,0,1526,1532,100.0,Swedish <tp-sv@listor.tp-sv.se>
abattis-cantarell-fonts,27,0,0,3,0,0,24,27,100.0,Swedish <tp-sv@listor.tp-sv.se>
abook,530,110,158,141,29,40,528,798,66.41604010025063,none
abrt,3676,0,0,417,0,0,3483,3676,100.0,Swedish <https://translate.fedoraproject.org/projects/abrt/abrt/sv/>
accerciser,4556,0,0,434,0,0,4135,4556,100.0,Swedish <tp-sv@listor.tp-sv.se>
accountsservice,73,0,0,12,0,0,64,73,100.0,Swedish (tp-sv@listor.tp-sv.se)
acl,395,111,0,49,3,0,380,506,78.06324110671937,Swedish <tp-sv@listor.tp-sv.se>
agenda,5,0,12,2,0,4,4,17,29.411764705882355,Swedish <sv@li.org>
aisleriot,23663,0,0,1604,0,0,21632,23663,100.0,Swedish <tp-sv@listor.tp-sv.se>
akonadi-calendar-tools,760,0,0,166,0,0,763,760,100.0,Swedish <kde-i18n-doc@kde.org>
akonadi-import-wizard,394,0,0,84,0,0,364,394,100.0,Swedish <kde-i18n-doc@kde.org>
akonadiconsole,791,0,0,377,0,0,733,791,100.0,Swedish <kde-i18n-doc@kde.org>
akregator,1853,0,0,430,0,0,1769,1853,100.0,Swedish <kde-i18n-doc@kde.org>
alacarte,48,0,0,21,0,0,44,48,100.0,Swedish <tp-sv@listor.tp-sv.se>
alexandria,956,80,141,266,17,31,923,1177,81.22344944774851,Swedish <sv@li.org>
alligator,171,0,0,77,0,0,170,171,100.0,Swedish <kde-i18n-doc@kde.org>
almanah,805,0,0,143,0,0,810,805,100.0,Swedish
amarok,15819,0,0,2780,0,0,15167,15819,100.0,Swedish <kde-i18n-doc@kde.org>
amtk,228,0,0,79,0,0,217,228,100.0,Swedish <tp-sv@listor.tp-sv.se>
anaconda,8739,0,0,1449,0,0,8051,8739,100.0,Swedish <https://translate.fedoraproject.org/projects/anaconda/f38/sv/>
analitza,992,0,0,222,0,0,987,992,100.0,Swedish <kde-i18n-doc@kde.org>
android-tools,16927,8,4,2613,1,1,16050,16939,99.92915756538167,Swedish <tp-sv@listor.tp-sv.se>
angelfish,689,0,0,173,0,0,613,689,100.0,Swedish <kde-i18n-doc@kde.org>
anjuta,9965,721,8212,2349,68,363,9186,18898,52.73044766641972,Swedish <tp-sv@listor.tp-sv.se>
apostrophe,533,0,0,166,0,0,494,533,100.0,Swedish <tp-sv@listor.tp-sv.se>
appeditor,583,0,0,119,0,0,534,583,100.0,
appstream,6082,0,0,668,0,0,5278,6082,100.0,Swedish <https://hosted.weblate.org/projects/appstream/translations/sv/>
apt,4004,635,917,597,64,85,3879,5556,72.06623470122389,Swedish <debian-l10n-swedish@debian.org>
apt-cacher-ng,394,0,0,25,0,0,368,394,100.0,Swedish <debian-l10n-swedish@lists.debian.org>
aqualung,2588,148,858,780,17,158,2462,3594,72.00890372843628,
arandr,173,0,0,38,0,0,169,173,100.0,Swedish <https://hosted.weblate.org/projects/arandr/translations/sv/>
ardour6,2530,1,19733,1014,1,3778,2305,22264,11.363636363636363,Svenska <sv@li.org>
ardour7,2530,1,19733,1014,1,3778,2305,22264,11.363636363636363,Svenska <sv@li.org>
ardour8,3533,1,19781,1220,1,3783,3263,23315,15.153334763028091,Svenska <sv@li.org>
aria2,407,0,7079,24,0,375,444,7486,5.436815388725621,Swedish <sv@li.org>
arianna,128,0,0,65,0,0,118,128,100.0,Swedish <kde-i18n-doc@kde.org>
ark,1962,0,0,368,0,0,1895,1962,100.0,Swedish <kde-i18n-doc@kde.org>
arm-none-eabi-binutils-cs,60416,3643,5150,9765,548,683,54620,69209,87.2950049849008,Swedish <tp-sv@listor.tp-sv.se>
arm-none-eabi-gcc-cs,130424,0,0,16049,0,0,121695,130424,100.0,Swedish <tp-sv@listor.tp-sv.se>
artikulate,329,0,0,144,0,0,300,329,100.0,Swedish <kde-i18n-doc@kde.org>
aspell,1706,33,58,290,7,6,1487,1797,94.93600445186422,Swedish <tp-sv@listor.tp-sv.se>
asunder,490,0,3,90,0,2,457,493,99.39148073022312,Swedish <tp-sv@listor.tp-sv.se>
at-spi2-core,447,0,0,171,0,0,331,447,100.0,Swedish <tp-sv@listor.tp-sv.se>
atomix,168,0,0,43,0,0,170,168,100.0,Swedish <tp-sv@listor.tp-sv.se>
atril,2416,8,5402,585,2,443,2318,7826,30.871454127268084,Swedish (https://app.transifex.com/mate/teams/13566/sv/)
attr,127,225,2,21,8,1,126,354,35.87570621468927,Swedish <tp-sv@listor.tp-sv.se>
audacious,899,0,0,367,0,0,857,899,100.0,Swedish (http://www.transifex.com/audacious/audacious/language/sv/)
audacious-plugins,4084,0,0,966,0,0,3780,4084,100.0,Swedish (http://app.transifex.com/audacious/audacious/language/sv/)
audacity,13324,2892,2290,3362,625,316,12716,18506,71.99827083108181,"swedish <musselasse@gmail.com, anton_r_3@hotmail.com>"
audex,3347,0,0,412,0,0,2985,3347,100.0,Swedish <kde-i18n-doc@kde.org>
audiotube,234,0,0,93,0,0,243,234,100.0,Swedish <kde-i18n-doc@kde.org>
authselect,6309,0,0,649,0,0,5980,6309,100.0,Swedish <https://translate.fedoraproject.org/projects/authselect/master-application/sv/>
avahi,868,0,0,168,0,0,807,868,100.0,Swedish (http://www.transifex.com/lennart/avahi/language/sv/)
avogadro2,100,94,180,54,51,48,187,374,26.737967914438503,Swedish <https://hosted.weblate.org/projects/avogadro/avogadroapp/sv/>
avogadro2-libs,145,225,4242,138,112,1139,194,4612,3.143972246313963,Swedish <sv@li.org>
avr-binutils,60414,3643,5150,9749,548,683,54589,69207,87.29463782565348,Swedish <tp-sv@listor.tp-sv.se>
avr-gcc,130424,0,0,16049,0,0,121695,130424,100.0,Swedish <tp-sv@listor.tp-sv.se>
b43-fwcutter,67,0,0,4,0,0,66,67,100.0,Swedish <debian-l10n-swedish@lists.debian.org>
b43-tools,67,0,0,4,0,0,66,67,100.0,Swedish <debian-l10n-swedish@lists.debian.org>
backintime,1494,498,11,247,98,4,1460,2003,74.5881178232651,Swedish <https://translate.codeberg.org/projects/backintime/common/sv/>
bacula,0,0,777,0,0,118,0,777,0.0,Swedish <bacula-devel@lists.soureforge.net>
baloo-widgets,67,0,0,40,0,0,73,67,100.0,Swedish <kde-i18n-doc@kde.org>
balsa,6883,0,0,1646,0,0,6611,6883,100.0,Swedish <tp-sv@listor.tp-sv.se>
baobab,1414,0,0,151,0,0,1340,1414,100.0,Swedish <tp-sv@listor.tp-sv.se>
bash,11740,0,0,597,0,0,10900,11740,100.0,Swedish <tp-sv@listor.tp-sv.se>
bijiben,1309,0,0,251,0,0,1322,1309,100.0,Swedish <tp-sv@listor.tp-sv.se>
binutils,59760,3301,4861,9616,503,652,54055,67922,87.98327493301139,Swedish <tp-sv@listor.tp-sv.se>
bison,1806,0,0,308,0,0,1651,1806,100.0,Swedish <tp-sv-list@lists.sourceforge.net>
bitstower-markets,232,0,0,58,0,0,219,232,100.0,Swedish <https://hosted.weblate.org/projects/markets/markets/sv/>
blackbox-terminal,713,97,60,142,27,23,690,870,81.95402298850574,Swedish <>
bleachbit,1863,0,0,357,0,0,1810,1863,100.0,Swedish <tp-sv@listor.tp-sv.se>
blender,1386,0,0,680,0,0,1185,1386,100.0,
blinken,134,0,0,47,0,0,139,134,100.0,Swedish <kde-i18n-doc@kde.org>
blivet-gui,1064,0,0,265,0,0,1131,1064,100.0,Swedish <https://translate.fedoraproject.org/projects/blivet/blivet-gui/sv/>
blobwars,1168,0,0,353,0,0,1088,1168,100.0,
blogilo,1392,0,0,337,0,0,1342,1392,100.0,Swedish <kde-i18n-doc@kde.org>
bluedevil,535,0,0,191,0,0,510,535,100.0,Swedish <kde-i18n-doc@kde.org>
bluefish,674,1766,2657,339,725,521,632,5097,13.223464783205808,Swedish <sv@li.org>
blueman,1358,333,649,460,100,261,1269,2340,58.03418803418804,Swedish <https://hosted.weblate.org/projects/blueman/blueman/sv/>
boinc-client,23744,0,339,3826,0,30,22668,24083,98.59236806045757,Swedish (http://www.transifex.com/boinc/boinc/language/sv/)
bomber,110,0,0,27,0,0,101,110,100.0,Swedish <kde-i18n-doc@kde.org>
bookworm,795,0,0,149,0,0,748,795,100.0,Swedish <https://hosted.weblate.org/projects/bookworm/bookworm/sv/>
boswars,200,6,10,61,3,9,193,216,92.5925925925926,
bottles,1321,760,1370,327,195,154,1283,3451,38.27875977977398,Swedish <https://hosted.weblate.org/projects/bottles/bottles/sv/>
bovo,81,0,0,25,0,0,85,81,100.0,Swedish <kde-i18n-doc@kde.org>
brasero,7751,0,0,1113,0,0,7164,7751,100.0,Swedish <tp-sv@listor.tp-sv.se>
breezy,0,0,33704,0,0,2380,0,33704,0.0,
budgie-control-center,8799,0,453,2685,0,132,7970,9252,95.10376134889754,Swedish (https://app.transifex.com/buddiesofbudgie/teams/129844/sv/)
budgie-desktop,850,0,813,253,0,166,811,1663,51.11244738424534,Swedish (https://app.transifex.com/buddiesofbudgie/teams/129844/sv/)
budgie-screensaver,291,0,0,58,0,0,267,291,100.0,Swedish <tp-sv@listor.tp-sv.se>
bygfoot,3472,19,5942,748,7,665,3328,9433,36.80695430933955,Swedish <tp-sv@listor.tp-sv.se>
byobu,177,0,0,44,0,0,157,177,100.0,Swedish <sv@li.org>
byzanz,236,0,0,52,0,0,256,236,100.0,Swedish <tp-sv@listor.tp-sv.se>
bzflag,1931,0,0,346,0,0,1850,1931,100.0,
cacti,1361,29638,1603,850,3581,120,1293,32602,4.174590515919268,Swedish <http://translate.cacti.net/projects/cacti/core-v1-2-x/sv/>
cairo-dock,7464,0,0,827,0,0,6827,7464,100.0,Swedish
cairo-dock-plug-ins,10203,0,0,1722,0,0,9178,10203,100.0,Cairo-Dock
caja,9363,0,312,1587,0,17,8980,9675,96.7751937984496,Swedish (https://app.transifex.com/mate/teams/13566/sv/)
caja-actions,644,0,18171,196,0,1320,640,18815,3.4228009566834974,Swedish (https://www.transifex.com/mate/teams/13566/sv/)
caja-extensions,760,0,0,145,0,0,745,760,100.0,Swedish (https://www.transifex.com/mate/teams/13566/sv/)
calamares,521,0,0,91,0,0,481,521,100.0,Swedish (https://app.transifex.com/calamares/teams/20061/sv/)
calibre,159550,0,13173,17493,0,1974,146233,172723,92.37333765624729,Swedish (http://www.transifex.com/calibre/calibre/language/sv/)
calindori,550,0,0,186,0,0,536,550,100.0,Swedish <kde-i18n-doc@kde.org>
calligra,35952,0,0,7809,0,0,32905,35952,100.0,Swedish <kde-i18n-doc@kde.org>
calligraplan,9943,0,0,2165,0,0,8892,9943,100.0,Swedish <kde-i18n-doc@kde.org>
calls,44,0,0,19,0,0,43,44,100.0,Swedish <tp-sv@listor.tp-sv.se>
camorama,813,18,4,164,3,2,773,835,97.36526946107784,Swedish <https://translate.fedoraproject.org/projects/camorama/master/sv/>
cantor,4034,0,0,757,0,0,3735,4034,100.0,Swedish <kde-i18n-doc@kde.org>
caribou,169,0,0,57,0,0,155,169,100.0,Swedish <tp-sv@listor.tp-sv.se>
catfish,1077,0,0,160,0,0,1010,1077,100.0,Swedish (https://www.transifex.com/xfce/teams/16840/sv/)
ccsm,561,5,25,147,3,13,521,591,94.9238578680203,Swedish <sv@li.org>
celestia,733,1019,763,342,384,160,702,2515,29.145129224652088,
celestia-data,842,107,398,705,85,306,834,1347,62.509279881217516,Swedish <tp-sv@listor.tp-sv.se>
celluloid,1603,0,7,310,0,1,1590,1610,99.56521739130434,Swedish <https://hosted.weblate.org/projects/celluloid/celluloid/sv/>
centerim,1908,623,333,574,152,91,1768,2864,66.62011173184358,swedish <sv@li.org>
certmonger,2831,0,0,473,0,0,2592,2831,100.0,Swedish <https://translate.fedoraproject.org/projects/certmonger/master/sv/>
cervisia,1615,0,0,420,0,0,1516,1615,100.0,Swedish <kde-i18n-doc@kde.org>
cflow,297,280,269,76,43,52,263,846,35.1063829787234,Swedish <tp-sv@listor.tp-sv.se>
cgit,39046,0,0,6069,0,0,37482,39046,100.0,Swedish <tp-sv@listor.tp-sv.se>
chatty,867,0,0,319,0,0,842,867,100.0,Swedish <tp-sv@listor.tp-sv.se>
cheese,2170,0,0,242,0,0,2060,2170,100.0,Swedish <tp-sv@listor.tp-sv.se>
chkconfig,593,0,0,108,0,0,610,593,100.0,Swedish <https://translate.fedoraproject.org/projects/fedora-sysv/chkconfig/sv/>
chromium-bsu,934,37,121,170,6,14,981,1092,85.53113553113553,Swedish <tp-sv@listor.tp-sv.se>
cinnamon-control-center,1304,0,0,752,0,0,1203,1304,100.0,Swedish <tp-sv@listor.tp-sv.se>
cinnamon-desktop,232,0,2,31,0,1,233,234,99.14529914529915,Swedish <tp-sv@listor.tp-sv.se>
cinnamon-translations,23673,0,0,5340,0,0,22825,23673,100.0,Swedish <sv@li.org>
clamtk,551,0,0,137,0,0,545,551,100.0,Launchpad Swedish Translators <lp-l10n-sv@lists.launchpad.net>
clapper,253,0,0,103,0,0,247,253,100.0,Swedish
classified-ads,2032,0,0,446,0,0,1985,2032,100.0,Swedish <https://translate.fedoraproject.org/projects/classified-ads/master/sv/>
claws-mail,20864,0,0,4112,0,0,19430,20864,100.0,Swedish
clawsker,1603,0,0,286,0,0,1408,1603,100.0,Swedish
clementine,3803,0,0,1061,0,0,3660,3803,100.0,Swedish (http://app.transifex.com/davidsansome/clementine/language/sv/)
clisp,12059,214,1508,1396,30,223,11109,13781,87.50453522966403,Swedish <tp-sv@listor.tp-sv.se>
clutter,3057,0,0,675,0,0,2402,3057,100.0,Swedish <tp-sv@listor.tp-sv.se>
cockpit,9025,3,0,2198,1,0,8490,9028,99.96677004873726,Swedish <https://translate.fedoraproject.org/projects/cockpit/main/sv/>
cockpit-machines,3095,0,0,684,0,0,2838,3095,100.0,Swedish <https://translate.fedoraproject.org/projects/cockpit-machines/main/sv/>
cockpit-podman,1095,0,0,321,0,0,1072,1095,100.0,Swedish <https://translate.fedoraproject.org/projects/cockpit-podman/main/sv/>
codeblocks,613,0,0,79,0,0,585,613,100.0,Swedish <https://hosted.weblate.org/projects/hunspell/translations/sv/>
cogl,393,0,0,80,0,0,340,393,100.0,Swedish <tp-sv@listor.tp-sv.se>
coin,0,0,252,0,0,50,0,252,0.0,none
colord,1990,0,0,253,0,0,1728,1990,100.0,Swedish (http://www.transifex.com/freedesktop/colord/language/sv/)
colord-kde,251,30,1,85,18,1,208,282,89.00709219858156,Swedish <kde-i18n-doc@kde.org>
common-lisp-controller,57,0,0,7,0,0,71,57,100.0,Swedish <sv@li.org>
compiz,2114,1675,596,518,254,107,1960,4385,48.20980615735462,Swedish <sv@li.org>
compiz-plugins-experimental,1175,1257,2041,272,345,275,1108,4473,26.268723451822044,Swedish <sv@li.org>
compiz-plugins-extra,2946,443,384,609,84,57,2584,3773,78.08110257089848,Swedish <sv@li.org>
compiz-plugins-main,3772,171,275,746,32,33,3384,4218,89.4262683736368,Swedish <sv@li.org>
console-setup,984,0,0,179,0,0,869,984,100.0,Swedish <debian-l10n-swedish@lists.debian.org>
coreutils,19930,1344,272,1769,54,24,19223,21546,92.49976793836443,Swedish <tp-sv@listor.tp-sv.se>
cozy,1026,0,1780,221,0,145,920,2806,36.564504632929435,Swedish (https://www.transifex.com/geigi/teams/78138/sv/)
cpeditor,647,0,0,383,0,0,593,647,100.0,Swedish <kde-i18n-doc@kde.org>
cpio,1872,30,7,310,3,1,1845,1909,98.06181246726034,Swedish <tp-sv@listor.tp-sv.se>
cppi,596,0,0,61,0,0,590,596,100.0,Swedish <tp-sv@listor.tp-sv.se>
cpu-x,1483,0,0,318,0,0,1333,1483,100.0,Swedish <https://hosted.weblate.org/projects/cpu-x/translations/sv/>
cracklib,90,0,0,15,0,0,88,90,100.0,Swedish <https://translate.fedoraproject.org/projects/cracklib/master/sv/>
crash,11896,0,0,1875,0,0,10930,11896,100.0,Swedish <tp-sv@listor.tp-sv.se>
cross-binutils,59760,3301,4861,9616,503,652,54055,67922,87.98327493301139,Swedish <tp-sv@listor.tp-sv.se>
cross-gcc,130424,0,0,16049,0,0,121695,130424,100.0,Swedish <tp-sv@listor.tp-sv.se>
cryptsetup,5646,177,81,781,23,4,5510,5904,95.630081300813,Swedish <tp-sv@listor.tp-sv.se>
cups-pk-helper,149,0,0,22,0,0,166,149,100.0,Swedish (http://www.transifex.com/freedesktop/cups-pk-helper/language/sv/)
d-feet,198,0,0,57,0,0,178,198,100.0,Swedish <tp-sv@listor.tp-sv.se>
dar,8072,3178,2602,937,388,248,7575,13852,58.273173548946,Swedish <kde-i18n-doc@kde.org>
dasher,952,35,6246,249,11,211,898,7233,13.161896861606525,Swedish <tp-sv@listor.tp-sv.se>
datamash,735,145,442,116,24,59,705,1322,55.597579425113466,Swedish <tp-sv@listor.tp-sv.se>
dayplanner,1082,1,13,180,1,5,1008,1096,98.72262773722628,Swedish <tp-sv@listor.tp-sv.se>
dconf-editor,2955,0,0,394,0,0,2902,2955,100.0,Swedish <tp-sv@listor.tp-sv.se>
dcraw,553,0,0,110,0,0,505,553,100.0,
debconf,785,17,60,86,4,4,728,862,91.06728538283063,Swedish <debian-boot@lists.debian.org>
deepin-daemon,1545,22,1031,490,7,200,1419,2598,59.468822170900694,Swedish (Sweden) (http://www.transifex.com/projects/p/dde-daemon/language/sv_SE/)
deja-dup,3667,0,0,440,0,0,3572,3667,100.0,Swedish <tp-sv@listor.tp-sv.se>
deluge,4339,0,1,1332,0,1,3974,4340,99.97695852534562,Swedish <tp-sv@listor.tp-sv.se>
denemo,81,3470,19046,41,929,1935,69,22597,0.35845466212329075,Swedish <sv@li.org>
devhelp,1161,0,0,150,0,0,1056,1161,100.0,Swedish <tp-sv@listor.tp-sv.se>
dfc,370,0,0,65,0,0,340,370,100.0,Swedish
dia,4652,674,929,1808,244,259,4150,6255,74.37250199840128,Swedish <tp-sv@listor.tp-sv.se>
dialect,498,0,0,208,0,0,441,498,100.0,Swedish <https://hosted.weblate.org/projects/dialect/dialect/sv/>
dialog,37,0,0,25,0,0,39,37,100.0,Swedish <tp-sv@listor.tp-sv.se>
diffutils,1864,0,0,263,0,0,1838,1864,100.0,Swedish <tp-sv@listor.tp-sv.se>
digikam,58934,1209,2074,9642,369,380,52943,62217,94.72330713470595,Swedish <kde-i18n-doc@kde.org>
dino,1076,0,42,283,0,11,1032,1118,96.2432915921288,none
dippi,0,0,1425,0,0,249,0,1425,0.0,none
dnf,4718,0,0,879,0,0,4599,4718,100.0,Swedish <https://translate.fedoraproject.org/projects/dnf/dnf-master/sv/>
dnf-plugins-core,2137,0,0,316,0,0,2026,2137,100.0,Swedish <https://translate.fedoraproject.org/projects/dnf/dnf-plugins-core-l10n-master/sv/>
dnf-plugins-extras,121,0,0,21,0,0,123,121,100.0,Swedish <https://translate.fedoraproject.org/projects/dnf/dnf-plugins-extras/sv/>
dnf5,3450,26,373,519,5,40,3348,3849,89.63367108339828,Swedish <https://translate.fedoraproject.org/projects/dnf5/dnf5-plugin-builddep/sv/>
dnfdragora,960,0,811,417,0,57,876,1771,54.206662902315074,Swedish (https://app.transifex.com/MageiaLinux/teams/9361/sv/)
dolphin,5289,0,0,776,0,0,4875,5289,100.0,Swedish <kde-i18n-doc@kde.org>
dolphin-emu,14894,0,1209,2593,0,47,13937,16103,92.49208222070422,Swedish (http://app.transifex.com/delroth/dolphin-emu/language/sv/)
dolphin-plugins,1411,0,0,405,0,0,1382,1411,100.0,Swedish <kde-i18n-doc@kde.org>
dos2unix,5170,0,0,417,0,0,4589,5170,100.0,Swedish <tp-sv@listor.tp-sv.se>
dpkg,75569,0,0,5397,0,0,68772,75569,100.0,Swedish <tp-sv@listor.tp-sv.se>
dragon,248,0,0,82,0,0,234,248,100.0,Swedish <kde-i18n-doc@kde.org>
drawing,1665,23,218,491,3,11,1561,1906,87.35571878279119,Svenska Språkfiler <contactform@svenskasprakfiler.se>
drgeo,1891,90,4,441,18,2,1835,1985,95.26448362720403,Swedish <sv@li.org>
duff,197,35,0,31,4,0,196,232,84.91379310344827,
duplicity,1374,0,943,217,0,113,1350,2317,59.300820025895554,Swedish
dvdisaster,3104,0,7199,478,0,567,2864,10303,30.127147432786565,Swedish <tp-sv@listor.tp-sv.se>
e16,1437,32,1146,227,8,281,1334,2615,54.95219885277247,Swedish <sv@li.org>
e2fsprogs,10626,0,0,1615,0,0,10367,10626,100.0,Swedish <tp-sv@listor.tp-sv.se>
easyeffects,477,221,3642,234,50,451,418,4340,10.990783410138247,Swedish <https://hosted.weblate.org/projects/easyeffects/main/sv/>
easytag,7763,0,0,1187,0,0,7048,7763,100.0,Swedish <tp-sv@listor.tp-sv.se>
edgar,4,0,11470,4,0,1531,4,11474,0.03486142583231654,Swedish <sv@li.org>
eiciel,85,79,167,27,25,33,82,331,25.6797583081571,Swedish <https://l10n.opensuse.org/projects/eiciel/master/sv/>
eiskaltdcpp,3626,0,0,1153,0,0,3371,3626,100.0,Swedish (Sweden) (https://www.transifex.com/tehnick/teams/11818/sv_SE/)
electrum,1961,0,10802,682,0,1745,1894,12763,15.364726161560762,Swedish
elementary-calculator,71,16,108,33,7,25,75,195,36.41025641025641,Swedish <https://weblate.elementary.io/projects/calculator/calculator/sv/>
elementary-calendar,358,114,103,149,29,28,365,575,62.26086956521739,Swedish <https://weblate.elementary.io/projects/calendar/calendar/sv/>
elementary-camera,52,5,76,12,2,21,52,133,39.097744360902254,Swedish <https://weblate.elementary.io/projects/camera/camera/sv/>
elementary-code,311,255,1048,122,47,121,288,1614,19.26889714993804,Swedish <https://weblate.elementary.io/projects/code/code/sv/>
elementary-files,1256,842,392,306,164,81,1265,2490,50.441767068273094,Swedish <https://weblate.elementary.io/projects/files/files/sv/>
elementary-icon-theme,0,0,394,0,0,78,0,394,0.0,none
elementary-mail,39,148,601,20,55,104,36,788,4.949238578680204,Swedish <https://l10n.elementary.io/projects/mail/mail/sv/>
elementary-music,12,12,181,9,7,21,11,205,5.853658536585367,Swedish <https://weblate.elementary.io/projects/music/music/sv/>
elementary-notifications,2,0,42,1,0,9,2,44,4.545454545454546,Swedish <https://l10n.elementary.io/projects/desktop/notifications-extra/sv/>
elementary-onboarding,0,0,317,0,0,66,0,317,0.0,none
elinks,357,1617,11394,170,512,1143,337,13368,2.670556552962298,Swedish <sv@li.org>
elisa-player,793,0,0,270,0,0,748,793,100.0,Swedish <kde-i18n-doc@kde.org>
emerald,652,39,5,215,4,1,559,696,93.67816091954023,Swedish <sv@li.org>
engrampa,2384,0,5454,526,0,367,2234,7838,30.415922429191124,Swedish (https://app.transifex.com/mate/teams/13566/sv/)
enigma,2052,0,8360,458,0,629,1967,10412,19.708029197080293,Swedish (http://www.transifex.com/michtrz/enigma/language/sv/)
enlightenment,1312,4445,3296,535,1338,511,1220,9053,14.492433447475975,Swedish
enscript,1398,427,8,194,12,2,1333,1833,76.2684124386252,Swedish <tp-sv@listor.tp-sv.se>
entangle,878,0,87,219,0,14,805,965,90.98445595854923,Swedish <https://translate.stg.fedoraproject.org/projects/entangle/master/sv/>
eog,6128,0,0,643,0,0,5623,6128,100.0,Swedish <tp-sv@listor.tp-sv.se>
eog-plugins,403,0,0,100,0,0,381,403,100.0,Swedish <tp-sv@listor.tp-sv.se>
eom,2143,0,2815,385,0,157,1972,4958,43.22307382008875,Swedish (https://app.transifex.com/mate/teams/13566/sv/)
epiphany,7256,0,0,1047,0,0,6747,7256,100.0,Swedish <tp-sv@listor.tp-sv.se>
erlang-gettext,0,0,0,0,0,0,0,0,0.0,Swedish
etherape,292,253,602,93,60,110,267,1147,25.457715780296425,Swedish <tp-sv@listor.tp-sv.se>
evince,8531,0,0,1009,0,0,8052,8531,100.0,Swedish <tp-sv@listor.tp-sv.se>
evolution,55499,0,0,7989,0,0,51376,55499,100.0,Swedish <tp-sv@listor.tp-sv.se>
evolution-data-server,8336,0,0,1538,0,0,7844,8336,100.0,Swedish <tp-sv@listor.tp-sv.se>
evolution-ews,1959,0,0,353,0,0,1850,1959,100.0,Swedish <tp-sv@listor.tp-sv.se>
evolution-mapi,1039,0,0,226,0,0,1026,1039,100.0,Swedish <tp-sv@listor.tp-sv.se>
exaile,2410,304,1888,776,72,273,2309,4602,52.36853541938288,Swedish <https://hosted.weblate.org/projects/exaile/master/sv/>
exif,296,0,0,68,0,0,274,296,100.0,Swedish <tp-sv@listor.tp-sv.se>
exiv2,35017,1703,1292,5602,345,139,27785,38012,92.12090918657266,tp-sv
exo,738,0,0,145,0,0,643,738,100.0,Swedish (http://www.transifex.com/xfce/exo/language/sv/)
fakeroot,1472,71,0,95,2,0,1416,1543,95.39857420609202,Swedish <tp-sv@listor.tp-sv.se>
falkon,4488,0,0,1429,0,0,4342,4488,100.0,Swedish <kde-i18n-doc@kde.org>
fantasdic,492,0,0,153,0,0,459,492,100.0,Swedish <tp-sv@listor.tp-sv.se>
fetchmail,4956,0,0,750,0,0,4695,4956,100.0,Swedish <tp-sv@listor.tp-sv.se>
file-roller,3038,0,0,481,0,0,2817,3038,100.0,Swedish <tp-sv@listor.tp-sv.se>
filelight,262,0,0,88,0,0,249,262,100.0,Swedish <kde-i18n-doc@kde.org>
filezilla,9248,0,1616,1644,0,243,8836,10864,85.12518409425626,Swedish <tp-sv@listor.tp-sv.se>
findutils,1839,522,177,193,35,19,1727,2538,72.45862884160756,Swedish <tp-sv@listor.tp-sv.se>
firewalld,2217,0,0,415,0,0,2024,2217,100.0,Swedish <https://translate.fedoraproject.org/projects/firewalld/master/sv/>
fish,8080,0,135027,1590,0,21549,7092,143107,5.646124927501799,Swedish <tp-sv@listor.tp-sv.se>
five-or-more,1550,0,0,195,0,0,1454,1550,100.0,Swedish <tp-sv@listor.tp-sv.se>
flare,3104,0,5972,442,0,1303,2932,9076,34.20008814455707,Swedish (https://www.transifex.com/flareorg/teams/84925/sv/)
flare-engine,253,0,1670,109,0,408,267,1923,13.156526261050441,Swedish (https://www.transifex.com/flareorg/teams/84925/sv/)
flatpak,6236,0,0,1224,0,0,6160,6236,100.0,Swedish <tp-sv@listor.tp-sv.se>
flatpak-kcm,200,0,0,62,0,0,167,200,100.0,Swedish <kde-i18n-doc@kde.org>
flatseal,443,0,0,135,0,0,401,443,100.0,
flex,791,329,11,164,2,3,768,1131,69.93810786914236,Swedish <tp-sv@listor.tp-sv.se>
focuswriter,129,0,0,7,0,0,114,129,100.0,Swedish (http://www.transifex.com/gottcode/focuswriter/language/sv/)
folder-color-switcher,65,0,0,23,0,0,60,65,100.0,Swedish <sv@li.org>
foliate,3191,0,25,959,0,22,3012,3216,99.2226368159204,
folks,1056,0,0,130,0,0,997,1056,100.0,Swedish <tp-sv@listor.tp-sv.se>
fonts-tweak-tool,0,0,195,0,0,64,0,195,0.0,Swedish
four-in-a-row,1283,0,0,196,0,0,1222,1283,100.0,Swedish <tp-sv@listor.tp-sv.se>
fpc,201,0,0,10,0,0,177,201,100.0,Swedish <debian-l10n-swedish@lists.debian.org>
fprintd,433,0,0,60,0,0,362,433,100.0,Swedish <https://translate.fedoraproject.org/projects/fprintd/fprintd/sv/>
fractal,2651,0,0,513,0,0,2570,2651,100.0,Swedish <tp-sv@listor.tp-sv.se>
fragments,800,0,0,223,0,0,799,800,100.0,Swedish <tp-sv@listor.tp-sv.se>
freeciv,17027,32706,63798,3087,3865,2902,15663,113531,14.99766583576292,Swedish <freeciv.sv@freelists.org>
freedink,70,0,0,13,0,0,66,70,100.0,Swedish <tp-sv@listor.tp-sv.se>
freedink-data,13770,0,0,2221,0,0,13676,13770,100.0,Swedish <tp-sv@listor.tp-sv.se>
frescobaldi,0,0,0,0,0,0,0,0,0.0,
frozen-bubble,698,0,0,148,0,0,662,698,100.0,LANGUAGE <LL@li.org>
fuse-encfs,755,16,518,102,2,33,696,1289,58.572536850271526,Swedish <sv@li.org>
fvwm,248,0,0,112,0,0,233,248,100.0,Swedish
fwupd,4343,0,0,815,0,0,4136,4343,100.0,Swedish (http://app.transifex.com/freedesktop/fwupd/language/sv/)
g4music,169,0,0,76,0,0,152,169,100.0,Swedish <tp-sv@listor.tp-sv.se>
gajim,644,3241,2464,209,1008,499,642,6349,10.143329658213892,Swedish <tp-sv@listor.tp-sv.se>
gala,39,17,193,14,3,34,38,249,15.66265060240964,Swedish <https://l10n.elementary.io/projects/desktop/gala/sv/>
galculator,916,0,19,274,0,1,839,935,97.96791443850267,Swedish (http://www.transifex.com/mate/MATE/language/sv/)
gambas3,4171,0,4063,1318,0,1197,3766,8234,50.655817342725285,LANGUAGE <LL@li.org>
gamehub,598,4,513,258,1,106,566,1115,53.6322869955157,Swedish <https://hosted.weblate.org/projects/gamehub/translations/sv/>
gammastep,386,248,311,75,50,24,355,945,40.84656084656085,Swedish <tp-sv@listor.tp-sv.se>
gammu,3745,261,11,1079,33,1,3331,4017,93.22877769479712,Swedish <https://hosted.weblate.org/projects/gammu/gammu-docs/sv/>
ganglia,59,0,0,4,0,0,54,59,100.0,Swedish <debian-l10n-swedish@lists.debian.org>
ganyremote,462,0,48,140,0,8,422,510,90.58823529411765,Swedish
garcon,125,0,0,38,0,0,125,125,100.0,Swedish (https://www.transifex.com/xfce/teams/16840/sv/)
gawk,5035,0,0,763,0,0,5068,5035,100.0,Swedish <tp-sv@listor.tp-sv.se>
gbrainy,10305,0,0,1288,0,0,9594,10305,100.0,Swedish <tp-sv@listor.tp-sv.se>
gcab,128,0,0,31,0,0,127,128,100.0,Swedish <tp-sv@listor.tp-sv.se>
gcal,4998,8,0,1445,3,0,4169,5006,99.84019176987616,Swedish <tp-sv@listor.tp-sv.se>
gcc,130504,0,0,16056,0,0,121769,130504,100.0,Swedish <tp-sv@listor.tp-sv.se>
gcl,177,0,0,8,0,0,157,177,100.0,Swedish <debian-l10n-swedish@lists.debian.org>
gcolor3,432,0,0,60,0,0,419,432,100.0,Swedish
gcompris-qt,33227,9,917,3731,2,62,29914,34153,97.28867156618745,Swedish <kde-i18n-doc@kde.org>
gconf-editor,2834,0,0,238,0,0,2564,2834,100.0,Swedish <tp-sv@listor.tp-sv.se>
gcr,418,0,0,148,0,0,360,418,100.0,Swedish <tp-sv@listor.tp-sv.se>
gcr3,795,0,0,276,0,0,700,795,100.0,Swedish <tp-sv@listor.tp-sv.se>
gdb,12105,0,0,1904,0,0,11113,12105,100.0,Swedish <tp-sv@listor.tp-sv.se>
gdbm,734,205,196,199,55,40,754,1135,64.66960352422907,Swedish <tp-sv@listor.tp-sv.se>
gdk-pixbuf2,1325,0,0,198,0,0,1268,1325,100.0,Swedish <tp-sv@listor.tp-sv.se>
gdm,9983,0,0,449,0,0,8710,9983,100.0,Swedish <tp-sv@listor.tp-sv.se>
geany,5862,271,147,1302,36,15,5198,6280,93.34394904458598,Swedish <geany-i18n@uvena.de>
geary,5851,0,0,828,0,0,5635,5851,100.0,Swedish <tp-sv@listor.tp-sv.se>
gedit,10034,0,0,1150,0,0,9367,10034,100.0,Swedish <tp-sv@listor.tp-sv.se>
gedit-latex,221,19,228,130,8,88,194,468,47.22222222222222,Swedish <tp-sv@listor.tp-sv.se>
gedit-plugins,3135,0,0,363,0,0,2819,3135,100.0,Swedish <tp-sv@listor.tp-sv.se>
geeqie,2039,903,1228,701,258,199,1898,4170,48.89688249400479,Swedish
gegl04,10254,0,0,2081,0,0,8851,10254,100.0,Swedish <tp-sv@listor.tp-sv.se>
genius,8610,0,0,1125,0,0,8092,8610,100.0,Swedish <tp-sv@listor.tp-sv.se>
gentoo,2211,42,0,597,1,0,2083,2253,98.1358189081225,Swedish <sv@li.org>
gettext,8119,13,0,863,2,0,7118,8132,99.84013772749631,Swedish <tp-sv-list@lists.sourceforge.net>
gftp,3370,0,0,594,0,0,3181,3370,100.0,Swedish <tp-sv@listor.tp-sv.se>
ggz-base-libs,74,0,0,17,0,0,79,74,100.0,Swedish <tp-sv@listor.tp-sv.se>
ghdl,113780,0,0,14220,0,0,106111,113780,100.0,Swedish <tp-sv@listor.tp-sv.se>
ghex,3866,0,0,389,0,0,3614,3866,100.0,Swedish <tp-sv@listor.tp-sv.se>
ghostwriter,815,0,0,288,0,0,775,815,100.0,Swedish <kde-i18n-doc@kde.org>
gigolo,540,0,1,157,0,1,506,541,99.81515711645102,Swedish (http://app.transifex.com/xfce/xfce-apps/language/sv/)
gimagereader,1461,155,201,423,32,27,1342,1817,80.40726472206934,Swedish <https://hosted.weblate.org/projects/gimagereader/translations/sv/>
gimp,40893,0,0,9684,0,0,37072,40893,100.0,Swedish <tp-sv@listor.tp-sv.se>
gimp-help,39479,17327,206986,4438,2164,10830,36376,263792,14.965958027536846,Swedish <tp-sv@listor.tp-sv.se>
gimp-save-for-web,98,0,0,43,0,0,95,98,100.0,Swedish <tp-sv@listor.tp-sv.se>
gip,103,0,0,31,0,0,84,103,100.0,Swedish <tp-sv@listor.tp-sv.se>
girara,0,0,216,0,0,52,0,216,0.0,Swedish (http://www.transifex.com/pwmt/girara/language/sv/)
git,41881,0,0,6511,0,0,40215,41881,100.0,Swedish <tp-sv@listor.tp-sv.se>
git-cinnabar,40107,0,0,6225,0,0,38506,40107,100.0,Swedish <tp-sv@listor.tp-sv.se>
git-cola,155,683,2674,68,269,519,168,3512,4.413439635535307,Swedish
gitg,2435,0,0,436,0,0,2303,2435,100.0,Swedish <tp-sv@listor.tp-sv.se>
gitweb-caching,3383,0,0,809,0,0,3479,3383,100.0,Swedish <tp-sv@listor.tp-sv.se>
gjots2,722,164,67,229,17,14,703,953,75.7607555089192,Swedish <LL@li.org>
gkrellm,3132,80,572,464,13,74,2687,3784,82.76955602536998,Swedish <sv@li.org>
glabels,2858,0,0,872,0,0,2304,2858,100.0,Swedish <tp-sv@listor.tp-sv.se>
glade,8629,0,0,1921,0,0,7874,8629,100.0,Swedish <tp-sv@listor.tp-sv.se>
glib-networking,434,0,0,64,0,0,393,434,100.0,Swedish <tp-sv@listor.tp-sv.se>
glib2,7720,0,0,1214,0,0,7391,7720,100.0,Swedish <tp-sv@listor.tp-sv.se>
glibc,7833,0,0,1425,0,0,7566,7833,100.0,Swedish <tp-sv@listor.tp-sv.se>
gliv,950,19,65,246,6,8,845,1034,91.87620889748548,Swedish <tp-sv@listor.tp-sv.se>
gmult,40,0,10,27,0,4,56,50,80.0,Swedish <tp-sv@listor.tp-sv.se>
gnokii,3963,1448,306,959,195,63,3840,5717,69.3195732027287,Swedish <tp-sv@listor.tp-sv.se>
gnome-2048,417,0,0,78,0,0,395,417,100.0,Swedish <tp-sv@listor.tp-sv.se>
gnome-abrt,221,0,0,55,0,0,207,221,100.0,Swedish <https://translate.fedoraproject.org/projects/abrt/gnome-abrt/sv/>
gnome-applets,19162,0,0,1797,0,0,17241,19162,100.0,Swedish <tp-sv@listor.tp-sv.se>
gnome-bluetooth,318,0,0,92,0,0,286,318,100.0,Swedish <tp-sv@listor.tp-sv.se>
gnome-bluetooth3.34,373,0,0,110,0,0,337,373,100.0,Svenska <tp-sv@listor.tp-sv.se>
gnome-boxes,4039,0,0,480,0,0,3806,4039,100.0,Swedish <tp-sv@listor.tp-sv.se>
gnome-break-timer,475,61,60,73,3,7,434,596,79.69798657718121,Swedish <tp-sv@listor.tp-sv.se>
gnome-builder,5478,0,0,1377,0,0,5096,5478,100.0,Swedish <tp-sv@listor.tp-sv.se>
gnome-calculator,3782,0,0,950,0,0,3451,3782,100.0,Swedish <tp-sv@listor.tp-sv.se>
gnome-calendar,895,0,0,260,0,0,902,895,100.0,Swedish <tp-sv@listor.tp-sv.se>
gnome-characters,157,0,0,55,0,0,164,157,100.0,Swedish <tp-sv@listor.tp-sv.se>
gnome-chess,2555,0,0,335,0,0,2373,2555,100.0,Swedish <tp-sv@listor.tp-sv.se>
gnome-clocks,1321,0,0,227,0,0,1319,1321,100.0,Swedish <tp-sv@listor.tp-sv.se>
gnome-color-manager,2330,0,0,371,0,0,2036,2330,100.0,Swedish <tp-sv@listor.tp-sv.se>
gnome-commander,35917,0,0,5177,0,0,30752,35917,100.0,Swedish <tp-sv@listor.tp-sv.se>
gnome-connections,530,0,0,105,0,0,505,530,100.0,Swedish <tp-sv@listor.tp-sv.se>
gnome-console,239,0,0,74,0,0,241,239,100.0,Swedish <tp-sv@listor.tp-sv.se>
gnome-contacts,747,0,0,220,0,0,699,747,100.0,Swedish <tp-sv@listor.tp-sv.se>
gnome-control-center,8701,0,0,2634,0,0,7930,8701,100.0,Swedish <tp-sv@listor.tp-sv.se>
gnome-desktop3,9777,0,0,279,0,0,9129,9777,100.0,Swedish <tp-sv@listor.tp-sv.se>
gnome-devel-docs,88814,3010,80710,5052,82,1536,82275,172534,51.476230771905826,Swedish <tp-sv@listor.tp-sv.se>
gnome-dictionary,2161,0,0,323,0,0,2040,2161,100.0,Swedish <tp-sv@listor.tp-sv.se>
gnome-directory-thumbnailer,85,0,0,12,0,0,87,85,100.0,Swedish <gnome-se-list@gnome.org>
gnome-disk-utility,4077,0,0,751,0,0,3894,4077,100.0,Swedish <tp-sv@listor.tp-sv.se>
gnome-do,546,0,66,137,0,7,546,612,89.2156862745098,Swedish <sv@li.org>
gnome-doc-utils,251,0,0,101,0,0,247,251,100.0,Swedish <tp-sv@listor.tp-sv.se>
gnome-extensions-app,2741,0,0,614,0,0,2635,2741,100.0,Swedish <tp-sv@listor.tp-sv.se>
gnome-firmware,681,0,0,170,0,0,709,681,100.0,Swedish <tp-sv@listor.tp-sv.se>
gnome-flashback,1457,0,0,267,0,0,1406,1457,100.0,Swedish <tp-sv@listor.tp-sv.se>
gnome-font-viewer,539,0,0,209,0,0,500,539,100.0,Swedish <tp-sv@listor.tp-sv.se>
gnome-games,833,0,0,244,0,0,846,833,100.0,Swedish <tp-sv@listor.tp-sv.se>
gnome-icon-theme,45,0,0,40,0,0,44,45,100.0,Swedish <tp-sv@listor.tp-sv.se>
gnome-initial-setup,881,0,0,130,0,0,856,881,100.0,Swedish <tp-sv@listor.tp-sv.se>
gnome-keyring,469,0,0,98,0,0,449,469,100.0,Swedish <tp-sv@listor.tp-sv.se>
gnome-klotski,1415,0,0,139,0,0,1337,1415,100.0,Swedish <tp-sv@listor.tp-sv.se>
gnome-logs,663,0,0,149,0,0,626,663,100.0,Swedish <tp-sv@listor.tp-sv.se>
gnome-mahjongg,1641,0,0,197,0,0,1551,1641,100.0,Swedish <tp-sv@listor.tp-sv.se>
gnome-maps,1326,0,0,343,0,0,1248,1326,100.0,Swedish <tp-sv@listor.tp-sv.se>
gnome-menus,81,0,0,38,0,0,72,81,100.0,Swedish <tp-sv@listor.tp-sv.se>
gnome-mime-data,888,0,0,362,0,0,496,888,100.0,Swedish <sv@li.org>
gnome-mines,1444,0,0,169,0,0,1390,1444,100.0,Swedish <tp-sv@listor.tp-sv.se>
gnome-multi-writer,386,0,0,58,0,0,344,386,100.0,Swedish <tp-sv@listor.tp-sv.se>
gnome-music,923,0,0,193,0,0,966,923,100.0,Swedish <tp-sv@listor.tp-sv.se>
gnome-nettool,1177,0,0,240,0,0,1079,1177,100.0,Swedish <tp-sv@listor.tp-sv.se>
gnome-network-displays,195,0,0,26,0,0,158,195,100.0,Swedish <tp-sv@listor.tp-sv.se>
gnome-nibbles,1641,0,0,220,0,0,1559,1641,100.0,Swedish <tp-sv@listor.tp-sv.se>
gnome-online-accounts,604,0,0,135,0,0,569,604,100.0,Swedish <tp-sv@listor.tp-sv.se>
gnome-packagekit,3500,0,0,553,0,0,3138,3500,100.0,Swedish <tp-sv@listor.tp-sv.se>
gnome-panel,5069,0,0,646,0,0,4674,5069,100.0,Swedish <tp-sv@listor.tp-sv.se>
gnome-phone-manager,559,0,0,97,0,0,516,559,100.0,Swedish <tp-sv@listor.tp-sv.se>
gnome-photos,1486,0,0,312,0,0,1356,1486,100.0,Türkçe <gnome-turk@gnome.org>
gnome-pomodoro,358,0,0,132,0,0,374,358,100.0,Swedish <tp-sv@listor.tp-sv.se>
gnome-power-manager,430,0,0,123,0,0,375,430,100.0,Swedish <tp-sv@listor.tp-sv.se>
gnome-remote-desktop,569,0,0,26,0,0,467,569,100.0,Swedish <tp-sv@listor.tp-sv.se>
gnome-robots,1715,0,0,256,0,0,1602,1715,100.0,Swedish <tp-sv@listor.tp-sv.se>
gnome-screenshot,411,0,0,62,0,0,407,411,100.0,Swedish <tp-sv@listor.tp-sv.se>
gnome-session,435,0,0,68,0,0,408,435,100.0,Swedish <tp-sv@listor.tp-sv.se>
gnome-settings-daemon,3864,0,0,538,0,0,3776,3864,100.0,Swedish <tp-sv@listor.tp-sv.se>
gnome-shell,2741,0,0,614,0,0,2635,2741,100.0,Swedish <tp-sv@listor.tp-sv.se>
gnome-shell-extension-blur-my-shell,105,101,411,12,15,69,89,617,17.01782820097245,Swedish <https://hosted.weblate.org/projects/blur-my-shell/blur-my-shell/sv/>
gnome-shell-extension-caffeine,50,83,171,14,14,44,41,304,16.447368421052634,
gnome-shell-extension-dash-to-dock,575,0,0,144,0,0,546,575,100.0,
gnome-shell-extension-dash-to-panel,842,211,145,213,59,60,818,1198,70.2838063439065,Svenska grenen av Translation Project <tp-sv@listor.tp-sv.se>
gnome-shell-extension-gsconnect,776,0,873,252,0,265,784,1649,47.05882352941176,none
gnome-shell-extension-just-perfection,616,0,0,149,0,0,484,616,100.0,Swedish
gnome-shell-extension-openweather,272,251,327,115,79,71,243,850,32.0,
gnome-shell-extensions,270,0,0,53,0,0,264,270,100.0,Swedish <tp-sv@listor.tp-sv.se>
gnome-shell-frippery,22,0,0,8,0,0,23,22,100.0,Swedish <tp-sv@listor.tp-sv.se>
gnome-software,5064,0,0,981,0,0,4676,5064,100.0,Swedish <tp-sv@listor.tp-sv.se>
gnome-sound-recorder,271,0,0,78,0,0,273,271,100.0,Swedish <tp-sv@listor.tp-sv.se>
gnome-subtitles,1665,0,0,378,0,0,1518,1665,100.0,Swedish <tp-sv@listor.tp-sv.se>
gnome-sudoku,1941,0,0,211,0,0,1892,1941,100.0,Swedish <tp-sv@listor.tp-sv.se>
gnome-system-log,1759,0,0,176,0,0,1550,1759,100.0,Swedish <tp-sv@listor.tp-sv.se>
gnome-system-monitor,6384,0,0,599,0,0,5562,6384,100.0,Swedish <tp-sv@listor.tp-sv.se>
gnome-taquin,1364,0,0,213,0,0,1300,1364,100.0,Swedish <tp-sv@listor.tp-sv.se>
gnome-terminal,8058,0,0,1048,0,0,7382,8058,100.0,Swedish <tp-sv@listor.tp-sv.se>
gnome-tetravex,1718,0,0,231,0,0,1725,1718,100.0,Swedish <tp-sv@listor.tp-sv.se>
gnome-text-editor,1772,0,0,357,0,0,1684,1772,100.0,Swedish <tp-sv@listor.tp-sv.se>
gnome-themes-extra,15,0,0,6,0,0,16,15,100.0,Swedish <tp-sv@listor.tp-sv.se>
gnome-todo,2827,0,0,474,0,0,2595,2827,100.0,Swedish <tp-sv@listor.tp-sv.se>
gnome-tour,113,0,0,23,0,0,114,113,100.0,Swedish <tp-sv@listor.tp-sv.se>
gnome-tweaks,518,0,0,151,0,0,488,518,100.0,Swedish <tp-sv@listor.tp-sv.se>
gnome-usage,165,0,0,37,0,0,168,165,100.0,Swedish <tp-sv@listor.tp-sv.se>
gnome-user-docs,67842,0,0,4035,0,0,62303,67842,100.0,Swedish <tp-sv@listor.tp-sv.se>
gnome-user-share,49,0,0,10,0,0,47,49,100.0,Swedish <tp-sv@listor.tp-sv.se>
gnome-vfs2,1519,0,0,305,0,0,1315,1519,100.0,Swedish <tp-sv@listor.tp-sv.se>
gnome-video-arcade,3682,0,0,364,0,0,3286,3682,100.0,Swedish <tp-sv@listor.tp-sv.se>
gnome-video-effects,256,0,0,68,0,0,233,256,100.0,Swedish <tp-sv@listor.tp-sv.se>
gnome-weather,214,0,0,44,0,0,238,214,100.0,Swedish <tp-sv@listor.tp-sv.se>
gnote,7448,0,0,916,0,0,7082,7448,100.0,Swedish <tp-sv@listor.tp-sv.se>
gnubik,266,13,0,82,1,0,247,279,95.3405017921147,Swedish <tp-sv@listor.tp-sv.se>
gnucash,38819,0,0,5752,0,0,34510,38819,100.0,Swedish <https://hosted.weblate.org/projects/gnucash/gnucash/sv/>
gnuchess,1135,0,0,147,0,0,1066,1135,100.0,Swedish <tp-sv@listor.tp-sv.se>
gnucobol,4115,2574,2953,740,411,387,3695,9642,42.677867662310724,Swedish <tp-sv@listor.tp-sv.se>
gnumeric,62901,654,109862,10054,26,4888,54577,173417,36.27153047279102,Swedish <tp-sv@listor.tp-sv.se>
gnupg1,8318,198,124,1254,29,14,8180,8640,96.27314814814815,Swedish <tp-sv@listor.tp-sv.se>
gnupg2,7481,4233,1922,1283,670,247,7341,13636,54.86212965679085,Swedish <tp-sv@listor.tp-sv.se>
gnutls,1784,165,58,384,34,6,1492,2007,88.88888888888889,Swedish <tp-sv@listor.tp-sv.se>
goaccess,982,18,21,220,4,5,909,1021,96.18021547502448,none
godot,9550,0,0,2374,0,0,9369,9550,100.0,Swedish <https://hosted.weblate.org/projects/godot-engine/godot/sv/>
godot3,4496,5199,275450,1282,2119,14617,4428,285145,1.576741657753073,Swedish <https://hosted.weblate.org/projects/godot-engine/godot-class-reference/sv/>
goffice,6622,0,0,2123,0,0,5622,6622,100.0,Swedish <tp-sv@listor.tp-sv.se>
goocanvas2,1864,0,0,283,0,0,1432,1864,100.0,Swedish <tp-sv@listor.tp-sv.se>
gparted,9708,0,0,1001,0,0,8502,9708,100.0,Swedish <tp-sv@listor.tp-sv.se>
gpaste,940,148,338,156,28,55,802,1426,65.91865357643759,Swedish <https://hosted.weblate.org/projects/gpaste/gpaste/sv/>
gphoto2,1663,95,27,333,6,6,1594,1785,93.16526610644257,Swedish <tp-sv@listor.tp-sv.se>
gphotoframe,319,9,991,128,2,137,286,1319,24.184988627748293,LANGUAGE <LL@li.org>
gpick,735,0,0,360,0,0,633,735,100.0,Svenska Språkfiler <contactform@svenskasprakfiler.se>
gpicview,236,0,0,52,0,0,224,236,100.0,Swedish <tp-sv@listor.tp-sv.se>
gpodder,1102,544,862,312,168,143,1118,2508,43.93939393939394,Swedish (http://www.transifex.com/projects/p/gpodder/language/sv/)
gramps,39917,0,0,6848,0,0,36137,39917,100.0,
granatier,246,0,0,68,0,0,233,246,100.0,Swedish <kde-i18n-doc@kde.org>
granite,81,4,413,40,2,76,81,498,16.265060240963855,Swedish <https://weblate.elementary.io/projects/desktop/granite/sv/>
granite-7,44,4,252,23,2,50,42,300,14.666666666666666,Swedish <https://weblate.elementary.io/projects/desktop/granite/sv/>
grantlee-editor,530,0,0,158,0,0,526,530,100.0,Swedish <kde-i18n-doc@kde.org>
grep,923,0,0,115,0,0,937,923,100.0,Swedish <tp-sv@listor.tp-sv.se>
grilo,191,0,0,36,0,0,179,191,100.0,Swedish <tp-sv@listor.tp-sv.se>
grilo-plugins,1844,0,0,186,0,0,1815,1844,100.0,Swedish <tp-sv@listor.tp-sv.se>
grisbi,0,0,15305,0,0,2657,0,15305,0.0,LANGUAGE <LL@li.org>
grsync,1159,1,0,161,1,0,1058,1160,99.91379310344828,Swedish <tp-sv@listor.tp-sv.se>
grub-customizer,1295,0,0,193,0,0,1202,1295,100.0,Svenska Språkfiler <eson@svenskasprakfiler.se>
grub2,7353,59,0,1369,8,0,6882,7412,99.2039935240151,Swedish <tp-sv@listor.tp-sv.se>
gscan2pdf,1188,0,1121,356,0,199,1158,2309,51.45084452143786,Swedish <sv@li.org>
gsettings-desktop-schemas,7207,0,0,630,0,0,6484,7207,100.0,Swedish <tp-sv@listor.tp-sv.se>
gshutdown,276,67,149,69,13,19,278,492,56.09756097560976,
gspell,76,0,0,31,0,0,75,76,100.0,Swedish <tp-sv@listor.tp-sv.se>
gstreamer1,2192,12,3,384,1,1,2053,2207,99.32034435885818,Swedish <tp-sv@listor.tp-sv.se>
gstreamer1-plugins-bad-free,197,0,0,29,0,0,197,197,100.0,Swedish <tp-sv@listor.tp-sv.se>
gstreamer1-plugins-base,1020,35,17,212,6,3,856,1072,95.1492537313433,Swedish <tp-sv@listor.tp-sv.se>
gstreamer1-plugins-good,823,0,7,102,0,2,813,830,99.1566265060241,Swedish <tp-sv@listor.tp-sv.se>
gstreamer1-plugins-ugly-free,80,0,0,10,0,0,75,80,100.0,Swedish <tp-sv@listor.tp-sv.se>
gthumb,8509,0,0,1513,0,0,7718,8509,100.0,Swedish <tp-sv@listor.tp-sv.se>
gtk+,202,0,0,105,0,0,188,202,100.0,Swedish <sv@li.org>
gtk-doc,12672,0,0,560,0,0,11905,12672,100.0,Swedish <tp-sv@listor.tp-sv.se>
gtk-murrine-engine,16,2,90,8,1,28,14,108,14.814814814814813,Swedish <tp-sv@listor.tp-sv.se>
gtk-vnc,8,0,0,3,0,0,9,8,100.0,Swedish <tp-sv@listor.tp-sv.se>
gtk2,12381,0,0,2582,0,0,10576,12381,100.0,Swedish <tp-sv@listor.tp-sv.se>
gtk2-engines,119,0,0,47,0,0,102,119,100.0,Swedish <tp-sv@listor.tp-sv.se>
gtk3,16726,0,0,3938,0,0,14373,16726,100.0,Swedish <tp-sv@listor.tp-sv.se>
gtk4,4141,0,0,1498,0,0,3938,4141,100.0,Swedish <tp-sv@listor.tp-sv.se>
gtkhash,125,69,19,39,19,5,123,213,58.68544600938967,Swedish <https://hosted.weblate.org/projects/gtkhash/translations/sv/>
gtkhtml3,522,0,0,317,0,0,469,522,100.0,Swedish <tp-sv@listor.tp-sv.se>
gtkpod,4670,1373,1477,798,311,253,4470,7520,62.10106382978723,Svenska <sv@li.org>
gtksourceview2,1413,0,0,538,0,0,1192,1413,100.0,Swedish <tp-sv@listor.tp-sv.se>
gtksourceview3,322,0,0,106,0,0,280,322,100.0,Swedish <tp-sv@listor.tp-sv.se>
gtksourceview4,322,0,0,106,0,0,280,322,100.0,Swedish <tp-sv@listor.tp-sv.se>
gtksourceview5,371,0,0,112,0,0,327,371,100.0,Swedish <tp-sv@listor.tp-sv.se>
gtkspell,15,0,0,6,0,0,17,15,100.0,Swedish <tp-sv@listor.tp-sv.se>
gtkspell3,16,0,0,7,0,0,18,16,100.0,Swedish <tp-sv@listor.tp-sv.se>
gtranslator,4040,0,0,511,0,0,3543,4040,100.0,Swedish <tp-sv@listor.tp-sv.se>
guake,1137,0,164,255,0,21,1036,1301,87.39431206764027,Swedish <https://hosted.weblate.org/projects/guake/guake/sv/>
guayadeque,565,0,2761,290,0,729,553,3326,16.98737221888154,Swedish (Sweden) (http://www.transifex.com/projects/p/guayadeque/language/sv_SE/)
gucharmap,3159,0,0,639,0,0,2765,3159,100.0,Swedish <tp-sv@listor.tp-sv.se>
gummi,669,73,16,234,19,8,602,758,88.25857519788917,LANGUAGE <LL@li.org>
gupnp-tools,395,0,0,128,0,0,325,395,100.0,Swedish <tp-sv@listor.tp-sv.se>
gutenprint,10474,5831,21,2904,1917,3,9645,16326,64.15533504838908,Swedish <tp-sv@listor.tp-sv.se>
gvfs,2102,0,0,405,0,0,2057,2102,100.0,Swedish <tp-sv@listor.tp-sv.se>
gwenview,2040,0,0,440,0,0,1885,2040,100.0,Swedish <kde-i18n-doc@kde.org>
gxmessage,243,0,0,12,0,0,225,243,100.0,Swedish <tp-sv@listor.tp-sv.se>
gydl,94,0,0,8,0,0,94,94,100.0,
haruna,1077,0,0,326,0,0,1032,1077,100.0,Swedish <kde-i18n-doc@kde.org>
harvey,0,0,182,0,0,33,0,182,0.0,none
hddtemp,403,0,0,26,0,0,403,403,100.0,Swedish <sv@li.org>
heaptrack,1376,0,0,205,0,0,1228,1376,100.0,Swedish <kde-i18n-doc@kde.org>
heimdal,181,0,2495,30,0,448,195,2676,6.763826606875935,Swedish
hello,244,0,0,46,0,0,280,244,100.0,Swedish <tp-sv@listor.tp-sv.se>
help2man,2676,0,0,219,0,0,2496,2676,100.0,Swedish <tp-sv@listor.tp-sv.se>
hexchat,5921,0,50,1435,0,11,5506,5971,99.16261932674594,Swedish (http://www.transifex.com/hexchat/hexchat/language/sv/)
hitori,926,0,0,105,0,0,922,926,100.0,Swedish <tp-sv@listor.tp-sv.se>
homebank,2601,0,446,803,0,155,2486,3047,85.36265178864457,Swedish <sv@li.org>
hugin,4814,2274,3122,964,537,299,4318,10210,47.14985308521058,Svenska <se@li.org>
hunspell,592,21,0,78,1,0,568,613,96.5742251223491,Swedish <https://hosted.weblate.org/projects/hunspell/translations/sv/>
hydrapaper,283,0,0,67,0,0,264,283,100.0,Swedish
iagno,1948,0,0,268,0,0,1884,1948,100.0,Swedish <tp-sv@listor.tp-sv.se>
ibus,2291,89,66,554,27,13,1872,2446,93.66312346688471,Swedish <https://translate.fedoraproject.org/projects/ibus/ibus/sv/>
ibus-m17n,57,0,0,24,0,0,49,57,100.0,Swedish <https://translate.fedoraproject.org/projects/ibus-m17n/app/sv/>
ibus-typing-booster,2186,0,0,243,0,0,1964,2186,100.0,Swedish <https://translate.fedoraproject.org/projects/ibus-typing-booster/app/sv/>
icewm,2267,0,0,526,0,0,2182,2267,100.0,Swedish <https://l10n.opensuse.org/projects/icewm/icewm-1-4-branch/sv/>
ikiwiki,161,380,988,44,81,185,176,1529,10.5297580117724,Swedish <tp-sv@listor.tp-sv.se>
ikona,156,0,0,50,0,0,136,156,100.0,Swedish <kde-i18n-doc@kde.org>
im-chooser,253,0,0,57,0,0,224,253,100.0,Swedish <https://translate.fedoraproject.org/projects/im-chooser/master/sv/>
imsettings,0,0,490,0,0,89,0,490,0.0,LANGUAGE <LL@li.org>
indent,261,0,0,52,0,0,263,261,100.0,Swedish <sv@li.org>
initial-setup,106,0,0,20,0,0,89,106,100.0,Swedish <https://translate.fedoraproject.org/projects/initial-setup/master/sv/>
initscripts,1162,0,0,164,0,0,1129,1162,100.0,Swedish <https://translate.fedoraproject.org/projects/fedora-sysv/initscripts/sv/>
inkscape,13581,16943,19044,3236,4964,2228,12817,49568,27.398724983860557,Svenska <tp-sv@listor.tp-sv.se>
insight,12047,0,0,1896,0,0,11057,12047,100.0,Swedish <tp-sv@listor.tp-sv.se>
iso-codes,21689,1663,578,14342,922,445,20794,23930,90.63518595904722,Swedish <tp-sv@listor.tp-sv.se>
isoimagewriter,444,0,0,78,0,0,350,444,100.0,Swedish <kde-i18n-doc@kde.org>
isomaster,674,0,0,107,0,0,662,674,100.0,Swedish <tp-sv@listor.tp-sv.se>
itinerary,1812,0,0,618,0,0,1613,1812,100.0,Swedish <kde-i18n-doc@kde.org>
jmol,2636,172,358,888,45,88,2414,3166,83.25963360707517,Swedish <sv@li.org>
jpilot,669,626,1779,260,189,314,627,3074,21.76317501626545,Swedish <sv@li.org>
json-glib,307,0,0,47,0,0,262,307,100.0,Swedish <tp-sv@listor.tp-sv.se>
juk,1526,0,0,362,0,0,1435,1526,100.0,Swedish <kde-i18n-doc@kde.org>
jwhois,440,0,0,71,0,0,423,440,100.0,Swedish <tp-sv@listor.tp-sv.se>
k3b,20179,0,0,2522,0,0,18137,20179,100.0,Swedish <kde-i18n-doc@kde.org>
kBuild,1387,0,3,184,0,1,1409,1390,99.78417266187051,Swedish <tp-sv@listor.tp-sv.se>
kaccounts-integration,160,0,0,29,0,0,163,160,100.0,Swedish <kde-i18n-doc@kde.org>
kaccounts-providers,101,0,0,38,0,0,91,101,100.0,Swedish <kde-i18n-doc@kde.org>
kactivitymanagerd,11,0,0,5,0,0,10,11,100.0,Swedish <kde-i18n-doc@kde.org>
kaddressbook,1137,0,0,234,0,0,943,1137,100.0,Swedish <kde-i18n-doc@kde.org>
kaffeine,1393,0,0,497,0,0,1307,1393,100.0,Swedish <kde-i18n-doc@kde.org>
kaidan,1089,376,329,241,78,60,997,1794,60.70234113712375,Swedish <kde-i18n-doc@kde.org>
kajongg,2458,0,0,511,0,0,2343,2458,100.0,Swedish <kde-i18n-doc@kde.org>
kalarm,8389,0,0,1228,0,0,7807,8389,100.0,Swedish <kde-i18n-doc@kde.org>
kalendar,1440,73,55,518,32,13,1346,1568,91.83673469387756,Swedish <kde-i18n-doc@kde.org>
kalgebra,257,0,0,124,0,0,266,257,100.0,Swedish <kde-i18n-doc@kde.org>
kalk,23,0,0,13,0,0,22,23,100.0,Swedish <kde-i18n-doc@kde.org>
kalzium,9105,0,0,1301,0,0,7985,9105,100.0,Swedish <kde-i18n-doc@kde.org>
kamera,347,0,0,38,0,0,323,347,100.0,Swedish <kde-i18n-doc@kde.org>
kamoso,145,0,0,42,0,0,136,145,100.0,Swedish <kde-i18n-doc@kde.org>
kanagram,527,0,0,144,0,0,506,527,100.0,Swedish <kde-i18n-doc@kde.org>
kanyremote,448,15,37,136,5,4,414,500,89.60000000000001,Swedish
kapman,115,0,0,36,0,0,118,115,100.0,Swedish <kde-i18n-doc@kde.org>
kapow,102,0,0,4,0,0,100,102,100.0,Swedish (Sweden) (http://www.transifex.com/gottcode/kapow/language/sv_SE/)
kapptemplate,272,0,0,52,0,0,218,272,100.0,Swedish <kde-i18n-doc@kde.org>
kasts,1231,0,0,365,0,0,1203,1231,100.0,Swedish <kde-i18n-doc@kde.org>
kate,7975,0,0,1838,0,0,7526,7975,100.0,Swedish <kde-i18n-doc@kde.org>
katomic,184,0,0,59,0,0,171,184,100.0,Swedish <kde-i18n-doc@kde.org>
kaudiocreator,1136,0,0,273,0,0,1055,1136,100.0,Swedish <kde-i18n-doc@kde.org>
kbackup,694,0,0,141,0,0,650,694,100.0,Swedish <kde-i18n-doc@kde.org>
kbd,2450,0,0,338,0,0,2348,2450,100.0,Swedish <tp-sv@listor.tp-sv.se>
kbibtex,2464,12,0,725,8,0,2303,2476,99.51534733441034,Swedish <kde-i18n-doc@kde.org>
kblackbox,1367,0,0,103,0,0,1280,1367,100.0,Swedish <kde-i18n-doc@kde.org>
kblocks,158,0,0,37,0,0,144,158,100.0,Swedish <kde-i18n-doc@kde.org>
kbounce,156,0,0,43,0,0,161,156,100.0,Swedish <kde-i18n-doc@kde.org>
kbrickbuster,158,0,0,42,0,0,149,158,100.0,Swedish <kde-i18n-doc@kde.org>
kbruch,1347,0,0,198,0,0,1235,1347,100.0,Swedish <kde-i18n-doc@kde.org>
kcachegrind,4367,0,0,562,0,0,4031,4367,100.0,Swedish <kde-i18n-doc@kde.org>
kcalc,1070,0,0,350,0,0,967,1070,100.0,Swedish <kde-i18n-doc@kde.org>
kcharselect,88,0,0,34,0,0,104,88,100.0,Swedish <kde-i18n-doc@kde.org>
kchmviewer,475,166,331,81,44,82,438,972,48.86831275720165,Swedish <tp-sv@listor.tp-sv.se>
kclock,354,0,0,140,0,0,325,354,100.0,Swedish <kde-i18n-doc@kde.org>
kcm_systemd,1372,11,2,165,2,1,1251,1385,99.06137184115524,Swedish <kde-i18n-doc@kde.org>
kcm_wacomtablet,1064,0,0,243,0,0,960,1064,100.0,Swedish <kde-i18n-doc@kde.org>
kcolorchooser,29,0,0,10,0,0,28,29,100.0,Swedish <kde-i18n-doc@kde.org>
kcoloredit,278,0,0,95,0,0,255,278,100.0,Swedish <kde-i18n-doc@kde.org>
kcron,502,0,0,180,0,0,452,502,100.0,Swedish <kde-i18n-doc@kde.org>
kdb,1502,0,0,244,0,0,1403,1502,100.0,Swedish <kde-i18n-doc@kde.org>
kdbg,114,92,657,44,38,107,122,863,13.20973348783314,(None)
kde-cli-tools,2250,0,0,235,0,0,2044,2250,100.0,Swedish <kde-i18n-doc@kde.org>
kde-connect,1407,0,0,386,0,0,1338,1407,100.0,Swedish <kde-i18n-doc@kde.org>
kde-dev-utils,95,0,0,34,0,0,95,95,100.0,Swedish <kde-i18n-doc@kde.org>
kde-inotify-survey,190,0,0,8,0,0,188,190,100.0,Swedish <kde-i18n-doc@kde.org>
kde-l10n,105160,0,0,21176,0,0,96743,105160,100.0,Swedish <kde-i18n-doc@kde.org>
kde-partitionmanager,2272,0,0,533,0,0,2104,2272,100.0,Swedish <kde-i18n-doc@kde.org>
kde-print-manager,969,0,0,275,0,0,863,969,100.0,Swedish <kde-i18n-doc@kde.org>
kde-style-breeze,266,0,0,101,0,0,254,266,100.0,Swedish <kde-i18n-doc@kde.org>
kdebugsettings,299,0,0,81,0,0,293,299,100.0,Swedish <kde-i18n-doc@kde.org>
kdecoration,39,0,0,15,0,0,39,39,100.0,Swedish <kde-i18n-doc@kde.org>
kdenetwork-filesharing,992,0,0,110,0,0,930,992,100.0,Swedish <kde-i18n-doc@kde.org>
kdenlive,15814,0,0,3585,0,0,14495,15814,100.0,Swedish <kde-i18n-doc@kde.org>
kdepim-addons,4590,0,0,958,0,0,4102,4590,100.0,Swedish <kde-i18n-doc@kde.org>
kdepim-runtime,7396,0,0,1153,0,0,6691,7396,100.0,Swedish <kde-i18n-doc@kde.org>
kdeplasma-addons,1899,0,0,680,0,0,1856,1899,100.0,Swedish <kde-i18n-doc@kde.org>
kdesdk-kioslaves,84,0,0,17,0,0,80,84,100.0,Swedish <kde-i18n-doc@kde.org>
kdesdk-thumbnailers,4,0,0,4,0,0,4,4,100.0,Swedish <kde-i18n-doc@kde.org>
kdesvn,4937,0,0,914,0,0,4806,4937,100.0,Swedish <kde-i18n-doc@kde.org>
kdevelop,15853,0,0,3136,0,0,14819,15853,100.0,Swedish <kde-i18n-doc@kde.org>
kdevelop-php,529,0,0,72,0,0,520,529,100.0,Swedish <kde-i18n-doc@kde.org>
kdf,195,0,0,71,0,0,178,195,100.0,Swedish <kde-i18n-doc@kde.org>
kdiagram,66,0,0,40,0,0,69,66,100.0,Swedish <kde-i18n-doc@kde.org>
kdialog,391,0,0,78,0,0,333,391,100.0,Swedish <kde-i18n-doc@kde.org>
kdiamond,122,0,0,32,0,0,123,122,100.0,Swedish <kde-i18n-doc@kde.org>
kdiff3,3514,0,0,641,0,0,3363,3514,100.0,Swedish <kde-i18n-doc@kde.org>
kdissert,2027,0,0,282,0,0,1908,2027,100.0,Swedish <sv@li.org>
kdnssd,30,0,0,7,0,0,18,30,100.0,Swedish <kde-i18n-doc@kde.org>
kdump-anaconda-addon,51,11,132,2,3,17,43,194,26.288659793814436,Swedish <sv@li.org>
keditbookmarks,466,0,0,132,0,0,450,466,100.0,Swedish <kde-i18n-doc@kde.org>
kexi,7380,0,0,1496,0,0,6768,7380,100.0,Swedish <kde-i18n-doc@kde.org>
keysmith,232,0,0,57,0,0,222,232,100.0,Swedish <kde-i18n-doc@kde.org>
kf5-akonadi-calendar,2222,0,0,370,0,0,2152,2222,100.0,Swedish <kde-i18n-doc@kde.org>
kf5-akonadi-contacts,1116,0,0,276,0,0,987,1116,100.0,Swedish <kde-i18n-doc@kde.org>
kf5-akonadi-mime,580,0,0,114,0,0,572,580,100.0,Swedish <kde-i18n-doc@kde.org>
kf5-akonadi-notes,2,0,0,1,0,0,2,2,100.0,Swedish <kde-i18n-doc@kde.org>
kf5-akonadi-search,67,0,0,18,0,0,66,67,100.0,Swedish <kde-i18n-doc@kde.org>
kf5-akonadi-server,2596,0,0,441,0,0,2375,2596,100.0,Swedish <kde-i18n-doc@kde.org>
kf5-audiocd-kio,1003,0,0,210,0,0,899,1003,100.0,Swedish <kde-i18n-doc@kde.org>
kf5-baloo,860,0,0,179,0,0,761,860,100.0,Swedish <kde-i18n-doc@kde.org>
kf5-calendarsupport,2779,0,0,391,0,0,2478,2779,100.0,Swedish <kde-i18n-doc@kde.org>
kf5-eventviews,2949,0,0,307,0,0,2544,2949,100.0,Swedish <kde-i18n-doc@kde.org>
kf5-grantleetheme,14,0,0,6,0,0,14,14,100.0,Swedish <kde-i18n-doc@kde.org>
kf5-incidenceeditor,2208,0,0,420,0,0,1993,2208,100.0,Swedish <kde-i18n-doc@kde.org>
kf5-kalarmcal,204,0,0,104,0,0,192,204,100.0,Swedish <kde-i18n-doc@kde.org>
kf5-karchive,488,0,0,82,0,0,463,488,100.0,Swedish <kde-i18n-doc@kde.org>
kf5-kauth,73,0,0,8,0,0,68,73,100.0,Swedish <kde-i18n-doc@kde.org>
kf5-kblog,243,0,0,27,0,0,235,243,100.0,Swedish <kde-i18n-doc@kde.org>
kf5-kbookmarks,230,0,0,49,0,0,216,230,100.0,Swedish <kde-i18n-doc@kde.org>
kf5-kcalendarutils,1437,0,0,393,0,0,1328,1437,100.0,Swedish <kde-i18n-doc@kde.org>
kf5-kcmutils,266,0,0,38,0,0,267,266,100.0,Swedish <kde-i18n-doc@kde.org>
kf5-kcodecs,370,0,0,53,0,0,329,370,100.0,Swedish <kde-i18n-doc@kde.org>
kf5-kcompletion,18,0,0,11,0,0,16,18,100.0,Swedish <kde-i18n-doc@kde.org>
kf5-kconfig,289,0,0,104,0,0,285,289,100.0,Swedish <kde-i18n-doc@kde.org>
kf5-kconfigwidgets,342,0,0,125,0,0,350,342,100.0,Swedish <kde-i18n-doc@kde.org>
kf5-kcontacts,177,0,0,108,0,0,135,177,100.0,Swedish <kde-i18n-doc@kde.org>
kf5-kcoreaddons,382,0,0,132,0,0,375,382,100.0,Swedish <kde-i18n-doc@kde.org>
kf5-kdav,185,0,0,20,0,0,155,185,100.0,Swedish <kde-i18n-doc@kde.org>
kf5-kdbusaddons,48,0,0,6,0,0,45,48,100.0,Swedish <kde-i18n-doc@kde.org>
kf5-kdeclarative,161,0,0,25,0,0,146,161,100.0,Swedish <kde-i18n-doc@kde.org>
kf5-kdelibs4support,5353,0,0,2544,0,0,5124,5353,100.0,Swedish <kde-i18n-doc@kde.org>
kf5-kdesignerplugin,54,0,0,9,0,0,46,54,100.0,Swedish <kde-i18n-doc@kde.org>
kf5-kdesu,19,0,0,7,0,0,20,19,100.0,Swedish <kde-i18n-doc@kde.org>
kf5-kdnssd,3,0,0,3,0,0,3,3,100.0,Swedish <kde-i18n-doc@kde.org>
kf5-kdoctools,8,0,0,4,0,0,8,8,100.0,Swedish <sv@li.org>
kf5-kfilemetadata,299,0,0,135,0,0,291,299,100.0,Swedish <kde-i18n-doc@kde.org>
kf5-kglobalaccel,71,0,0,9,0,0,63,71,100.0,Swedish <kde-i18n-doc@kde.org>
kf5-kholidays,150,0,0,97,0,0,129,150,100.0,Swedish <kde-i18n-doc@kde.org>
kf5-khtml,1667,0,0,289,0,0,1492,1667,100.0,Swedish <kde-i18n-doc@kde.org>
kf5-ki18n,124,0,0,110,0,0,136,124,100.0,Swedish <kde-i18n-doc@kde.org>
kf5-kiconthemes,41,0,0,19,0,0,37,41,100.0,Swedish <kde-i18n-doc@kde.org>
kf5-kidentitymanagement,182,0,0,24,0,0,176,182,100.0,Swedish <kde-i18n-doc@kde.org>
kf5-kimap,118,0,0,51,0,0,130,118,100.0,Swedish <kde-i18n-doc@kde.org>
kf5-kinit,116,0,0,11,0,0,103,116,100.0,Swedish <kde-i18n-doc@kde.org>
kf5-kio,12037,0,0,1373,0,0,11089,12037,100.0,Swedish <kde-i18n-doc@kde.org>
kf5-kipi-plugins,4675,0,0,1039,0,0,4469,4675,100.0,Swedish <kde-i18n-doc@kde.org>
kf5-kirigami,2,0,0,2,0,0,2,2,100.0,Swedish <kde-i18n-doc@kde.org>
kf5-kirigami2,112,0,0,48,0,0,114,112,100.0,Swedish <kde-i18n-doc@kde.org>
kf5-kirigami2-addons,370,2,14,45,1,4,367,386,95.85492227979275,Swedish <kde-i18n-doc@kde.org>
kf5-kitemviews,7,0,0,4,0,0,8,7,100.0,Swedish <kde-i18n-doc@kde.org>
kf5-kitinerary,108,0,0,30,0,0,91,108,100.0,Swedish <kde-i18n-doc@kde.org>
kf5-kjobwidgets,133,0,0,38,0,0,136,133,100.0,Swedish <kde-i18n-doc@kde.org>
kf5-kjsembed,248,0,0,44,0,0,245,248,100.0,Swedish <kde-i18n-doc@kde.org>
kf5-kldap,227,0,0,61,0,0,218,227,100.0,Swedish <kde-i18n-doc@kde.org>
kf5-kmailtransport,663,0,0,105,0,0,567,663,100.0,Swedish <kde-i18n-doc@kde.org>
kf5-kmime,159,0,0,10,0,0,136,159,100.0,Swedish <sv@li.org>
kf5-knewstuff,1631,0,0,231,0,0,1456,1631,100.0,Swedish <kde-i18n-doc@kde.org>
kf5-knotifications,21,0,0,8,0,0,21,21,100.0,Swedish <kde-i18n-doc@kde.org>
kf5-knotifyconfig,129,0,0,17,0,0,119,129,100.0,Swedish <kde-i18n-doc@kde.org>
kf5-kontactinterface,4,0,0,2,0,0,5,4,100.0,Swedish <sv@li.org>
kf5-kpackage,452,0,0,73,0,0,409,452,100.0,Swedish <kde-i18n-doc@kde.org>
kf5-kparts,138,0,0,30,0,0,134,138,100.0,Swedish <kde-i18n-doc@kde.org>
kf5-kpeople,13,0,0,8,0,0,13,13,100.0,Swedish <kde-i18n-doc@kde.org>
kf5-kpimtextedit,382,0,0,167,0,0,351,382,100.0,Swedish <kde-i18n-doc@kde.org>
kf5-kpty,15,0,0,4,0,0,20,15,100.0,Swedish <kde-i18n-doc@kde.org>
kf5-kross,100,0,0,35,0,0,108,100,100.0,Swedish <kde-i18n-doc@kde.org>
kf5-kservice,173,0,0,28,0,0,165,173,100.0,Swedish <kde-i18n-doc@kde.org>
kf5-ksmtp,86,0,0,12,0,0,76,86,100.0,Swedish <kde-i18n-doc@kde.org>
kf5-ktexteditor,9233,0,0,1264,0,0,8327,9233,100.0,Swedish <kde-i18n-doc@kde.org>
kf5-ktextwidgets,473,0,0,130,0,0,448,473,100.0,Swedish <kde-i18n-doc@kde.org>
kf5-ktnef,355,0,0,143,0,0,272,355,100.0,Swedish <kde-i18n-doc@kde.org>
kf5-kunitconversion,5757,0,0,2483,0,0,5232,5757,100.0,Swedish <kde-i18n-doc@kde.org>
kf5-kwallet,1460,0,0,110,0,0,1303,1460,100.0,Swedish <kde-i18n-doc@kde.org>
kf5-kwidgetsaddons,1293,0,0,463,0,0,1181,1293,100.0,Swedish <kde-i18n-doc@kde.org>
kf5-kwindowsystem,2,0,0,1,0,0,2,2,100.0,Swedish <kde-i18n-doc@kde.org>
kf5-kxmlgui,1574,0,0,230,0,0,1479,1574,100.0,Swedish <kde-i18n-doc@kde.org>
kf5-kxmlrpcclient,13,0,0,2,0,0,12,13,100.0,Swedish <kde-i18n-doc@kde.org>
kf5-libgravatar,23,0,0,10,0,0,19,23,100.0,Swedish <kde-i18n-doc@kde.org>
kf5-libkcddb,400,0,0,211,0,0,374,400,100.0,Swedish <kde-i18n-doc@kde.org>
kf5-libkcompactdisc,15,0,0,10,0,0,15,15,100.0,Swedish <sv@li.org>
kf5-libkdepim,35,0,0,10,0,0,34,35,100.0,Swedish <kde-i18n-doc@kde.org>
kf5-libkgeomap,139,0,0,46,0,0,124,139,100.0,Swedish <kde-i18n-doc@kde.org>
kf5-libkleo,2423,0,0,430,0,0,2203,2423,100.0,Swedish <kde-i18n-doc@kde.org>
kf5-libksane,304,0,0,93,0,0,272,304,100.0,Swedish <kde-i18n-doc@kde.org>
kf5-libksieve,3122,0,0,537,0,0,2938,3122,100.0,Swedish <kde-i18n-doc@kde.org>
kf5-libktorrent,465,0,0,105,0,0,495,465,100.0,Swedish <kde-i18n-doc@kde.org>
kf5-mailcommon,2755,0,0,498,0,0,2615,2755,100.0,Swedish <kde-i18n-doc@kde.org>
kf5-mailimporter,1408,0,0,127,0,0,1275,1408,100.0,Swedish <kde-i18n-doc@kde.org>
kf5-messagelib,7833,0,0,1371,0,0,7299,7833,100.0,Swedish <kde-i18n-doc@kde.org>
kf5-pimcommon,830,0,0,208,0,0,754,830,100.0,Swedish <kde-i18n-doc@kde.org>
kf5-plasma,362,0,0,105,0,0,368,362,100.0,Swedish <kde-i18n-doc@kde.org>
kf5-purpose,323,0,0,75,0,0,302,323,100.0,Swedish <kde-i18n-doc@kde.org>
kf5-solid,588,0,0,159,0,0,494,588,100.0,Swedish <kde-i18n-doc@kde.org>
kf5-sonnet,683,0,0,76,0,0,661,683,100.0,Swedish <kde-i18n-doc@kde.org>
kf5-syntax-highlighting,647,0,0,383,0,0,593,647,100.0,Swedish <kde-i18n-doc@kde.org>
kfind,517,0,0,117,0,0,502,517,100.0,Swedish <kde-i18n-doc@kde.org>
kflickr,78,0,254,34,0,53,85,332,23.49397590361446,Swedish <sv@li.org>
kfloppy,641,0,0,100,0,0,595,641,100.0,Swedish <kde-i18n-doc@kde.org>
kfourinline,392,0,0,157,0,0,351,392,100.0,Swedish <kde-i18n-doc@kde.org>
kgamma,130,0,0,16,0,0,112,130,100.0,Swedish <sv@li.org>
kgeography,10012,0,0,7237,0,0,9728,10012,100.0,Swedish <kde-i18n-doc@kde.org>
kget,2776,0,0,743,0,0,2693,2776,100.0,Swedish <kde-i18n-doc@kde.org>
kgoldrunner,28011,0,0,1008,0,0,26307,28011,100.0,Swedish <kde-i18n-doc@kde.org>
kgpg,5272,0,0,698,0,0,4742,5272,100.0,Swedish <kde-i18n-doc@kde.org>
kgrab,370,0,0,53,0,0,329,370,100.0,Swedish <sv@li.org>
kgraphviewer,1205,0,0,215,0,0,1088,1205,100.0,Swedish <kde-i18n-doc@kde.org>
khangman,475,0,0,120,0,0,386,475,100.0,Swedish <kde-i18n-doc@kde.org>
khelpcenter,265,0,0,90,0,0,239,265,100.0,Swedish <kde-i18n-doc@kde.org>
khotkeys,451,0,0,136,0,0,414,451,100.0,Swedish <kde-i18n-doc@kde.org>
kicad,41746,0,0,8025,0,0,38901,41746,100.0,Swedish <https://hosted.weblate.org/projects/kicad/v7/sv/>
kiconedit,726,0,0,155,0,0,695,726,100.0,Swedish <sv@li.org>
kid3,3183,4,2,1392,1,2,2929,3189,99.81185324553151,Swedish <kde-i18n-doc@kde.org>
kig,7857,0,0,1286,0,0,7401,7857,100.0,Swedish <kde-i18n-doc@kde.org>
kigo,504,0,0,131,0,0,480,504,100.0,Swedish <kde-i18n-doc@kde.org>
kile,12994,0,0,2183,0,0,11438,12994,100.0,Swedish <kde-i18n-doc@kde.org>
killbots,637,0,0,127,0,0,625,637,100.0,Swedish <kde-i18n-doc@kde.org>
kinfocenter,775,0,0,377,0,0,711,775,100.0,Swedish <kde-i18n-doc@kde.org>
kio-admin,3,0,0,1,0,0,3,3,100.0,Swedish <kde-i18n-doc@kde.org>
kio-extras,1166,0,0,154,0,0,1058,1166,100.0,Swedish <kde-i18n-doc@kde.org>
kio-gdrive,76,0,0,18,0,0,75,76,100.0,Swedish <kde-i18n-doc@kde.org>
kio_gopher,17,0,0,5,0,0,17,17,100.0,Swedish <sv@li.org>
kio_mtp,17,0,0,2,0,0,17,17,100.0,Swedish <kde-i18n-doc@kde.org>
kirigami-gallery,965,0,0,139,0,0,936,965,100.0,Swedish <kde-i18n-doc@kde.org>
kiriki,144,0,0,50,0,0,131,144,100.0,Swedish <kde-i18n-doc@kde.org>
kiten,683,0,0,173,0,0,632,683,100.0,Swedish <kde-i18n-doc@kde.org>
kjots,647,4,0,133,1,0,628,651,99.38556067588326,Swedish <kde-i18n-doc@kde.org>
kjournald,116,0,0,58,0,0,99,116,100.0,Swedish <kde-i18n-doc@kde.org>
kjumpingcube,413,0,0,95,0,0,365,413,100.0,Swedish <kde-i18n-doc@kde.org>
klavaro,1893,0,0,231,0,0,1769,1893,100.0,Swedish <tp-sv@listor.tp-sv.se>
kleopatra,12529,0,0,1903,0,0,11514,12529,100.0,Swedish <kde-i18n-doc@kde.org>
klettres,440,0,0,85,0,0,394,440,100.0,Swedish <kde-i18n-doc@kde.org>
klickety,178,0,0,62,0,0,157,178,100.0,Swedish <kde-i18n-doc@kde.org>
klines,99,0,0,28,0,0,96,99,100.0,Swedish <kde-i18n-doc@kde.org>
kmag,432,0,0,98,0,0,385,432,100.0,Swedish <kde-i18n-doc@kde.org>
kmahjongg,377,0,0,104,0,0,356,377,100.0,Swedish <kde-i18n-doc@kde.org>
kmail,9119,0,0,1497,0,0,8455,9119,100.0,Swedish <kde-i18n-doc@kde.org>
kmail-account-wizard,815,0,0,131,0,0,720,815,100.0,Swedish <kde-i18n-doc@kde.org>
kmenuedit,285,0,0,67,0,0,254,285,100.0,Swedish <kde-i18n-doc@kde.org>
kmid2,1022,0,0,333,0,0,866,1022,100.0,Swedish <kde-i18n-doc@kde.org>
kmines,156,0,0,45,0,0,140,156,100.0,Swedish <kde-i18n-doc@kde.org>
kmix,1132,0,0,224,0,0,997,1132,100.0,Swedish <kde-i18n-doc@kde.org>
kmousetool,147,0,0,32,0,0,125,147,100.0,Swedish <kde-i18n-doc@kde.org>
kmouth,1496,0,0,208,0,0,1348,1496,100.0,Swedish <kde-i18n-doc@kde.org>
kmplayer,1249,0,0,371,0,0,1139,1249,100.0,Swedish <kde-i18n-doc@kde.org>
kmplot,2500,0,0,485,0,0,2210,2500,100.0,Swedish <kde-i18n-doc@kde.org>
kmymoney,22051,0,0,3702,0,0,19910,22051,100.0,Swedish <kde-i18n-doc@kde.org>
knavalbattle,401,0,0,104,0,0,399,401,100.0,Swedish <kde-i18n-doc@kde.org>
knetwalk,243,0,0,56,0,0,230,243,100.0,Swedish <kde-i18n-doc@kde.org>
knights,796,0,0,234,0,0,689,796,100.0,Swedish <kde-i18n-doc@kde.org>
knotes,787,0,0,241,0,0,754,787,100.0,Swedish <kde-i18n-doc@kde.org>
koffice-kivio,8417,0,0,2361,0,0,7787,8417,100.0,Swedish <sv@li.org>
koko,303,0,0,136,0,0,293,303,100.0,Swedish <kde-i18n-doc@kde.org>
kolf,401,0,0,148,0,0,385,401,100.0,Swedish <kde-i18n-doc@kde.org>
kollision,109,0,0,30,0,0,107,109,100.0,Swedish <kde-i18n-doc@kde.org>
kolourpaint,2576,0,0,450,0,0,2465,2576,100.0,Swedish <kde-i18n-doc@kde.org>
kompare,1413,0,0,200,0,0,1288,1413,100.0,Swedish <kde-i18n-doc@kde.org>
kongress,151,0,0,58,0,0,147,151,100.0,Swedish <kde-i18n-doc@kde.org>
konqueror,9136,0,0,1273,0,0,8423,9136,100.0,Swedish <kde-i18n-doc@kde.org>
konquest,246,0,0,98,0,0,250,246,100.0,Swedish <kde-i18n-doc@kde.org>
konsole5,3996,0,0,840,0,0,3609,3996,100.0,Swedish <kde-i18n-doc@kde.org>
kontact,492,0,0,87,0,0,468,492,100.0,Swedish <kde-i18n-doc@kde.org>
kontrast,328,0,0,46,0,0,279,328,100.0,Swedish <kde-i18n-doc@kde.org>
konversation,10362,0,0,1648,0,0,9672,10362,100.0,Swedish <kde-i18n-doc@kde.org>
kopeninghours,160,0,0,20,0,0,148,160,100.0,Swedish <kde-i18n-doc@kde.org>
kopete,17175,0,0,3295,0,0,15495,17175,100.0,Svenska <sv@li.org>
korganizer,6894,0,0,881,0,0,6055,6894,100.0,Swedish <kde-i18n-doc@kde.org>
kosmindoormap,457,0,0,318,0,0,373,457,100.0,Swedish <kde-i18n-doc@kde.org>
kpat,565,0,0,199,0,0,572,565,100.0,Swedish <kde-i18n-doc@kde.org>
kphotoalbum,8161,852,0,1016,41,0,7489,9013,90.54698768445579,Swedish <kde-i18n-doc@kde.org>
kpilot,7156,0,0,861,0,0,6384,7156,100.0,Swedish <sv@li.org>
kpipewire,16,0,0,3,0,0,10,16,100.0,Swedish <kde-i18n-doc@kde.org>
kpmcore,3242,0,0,494,0,0,3099,3242,100.0,Swedish <kde-i18n-doc@kde.org>
kproperty,145,0,0,82,0,0,150,145,100.0,Swedish <kde-i18n-doc@kde.org>
krb5-auth-dialog,2833,0,0,419,0,0,2645,2833,100.0,Swedish <tp-sv@listor.tp-sv.se>
krdc,1162,0,0,260,0,0,1073,1162,100.0,Swedish <kde-i18n-doc@kde.org>
krecipes,3646,0,0,765,0,0,3431,3646,100.0,Swedish <kde-i18n-doc@kde.org>
krecorder,136,0,0,59,0,0,137,136,100.0,Swedish <kde-i18n-doc@kde.org>
krename,2142,0,0,452,0,0,2024,2142,100.0,Swedish <kde-i18n-doc@kde.org>
kreport,455,0,0,193,0,0,402,455,100.0,Swedish <kde-i18n-doc@kde.org>
kreversi,425,0,0,140,0,0,430,425,100.0,Swedish <kde-i18n-doc@kde.org>
krfb,735,0,0,105,0,0,709,735,100.0,Swedish <kde-i18n-doc@kde.org>
krita,35924,0,0,8552,0,0,32540,35924,100.0,Swedish <kde-i18n-doc@kde.org>
kronometer,233,0,0,80,0,0,225,233,100.0,Swedish <kde-i18n-doc@kde.org>
kruler,158,0,0,44,0,0,134,158,100.0,Swedish <kde-i18n-doc@kde.org>
krusader,8099,0,0,1761,0,0,7477,8099,100.0,Swedish <kde-i18n-doc@kde.org>
ksanecore,59,0,0,10,0,0,50,59,100.0,Swedish <kde-i18n-doc@kde.org>
kscreen,419,0,0,79,0,0,386,419,100.0,Swedish <kde-i18n-doc@kde.org>
kscreenlocker,245,0,0,31,0,0,236,245,100.0,Swedish <kde-i18n-doc@kde.org>
kshisen,667,0,0,75,0,0,633,667,100.0,Swedish <kde-i18n-doc@kde.org>
ksig,85,0,0,26,0,0,71,85,100.0,Swedish <sv@li.org>
ksirk,5756,0,0,759,0,0,5175,5756,100.0,Swedish <kde-i18n-doc@kde.org>
ksnakeduel,241,0,0,55,0,0,207,241,100.0,Swedish <kde-i18n-doc@kde.org>
kspaceduel,165,0,0,81,0,0,158,165,100.0,Swedish <kde-i18n-doc@kde.org>
ksquares,260,0,0,78,0,0,205,260,100.0,Swedish <kde-i18n-doc@kde.org>
ksshaskpass,51,0,0,15,0,0,47,51,100.0,Swedish <kde-i18n-doc@kde.org>
kst,7288,0,0,1941,0,0,6431,7288,100.0,Swedish <kde-i18n-doc@kde.org>
kstars,50606,3997,4156,11898,473,270,45161,58759,86.12467877261356,Swedish <kde-i18n-doc@kde.org>
ksudoku,1746,0,0,163,0,0,1670,1746,100.0,Swedish <kde-i18n-doc@kde.org>
ksysguard,1093,0,0,237,0,0,1014,1093,100.0,Swedish <kde-i18n-doc@kde.org>
ksystemlog,3101,0,0,488,0,0,2588,3101,100.0,Swedish <kde-i18n-doc@kde.org>
ksystemstats,478,0,0,182,0,0,380,478,100.0,Swedish <kde-i18n-doc@kde.org>
kteatime,203,0,0,67,0,0,202,203,100.0,Swedish <kde-i18n-doc@kde.org>
ktechlab,3659,45,0,932,1,0,3180,3704,98.78509719222463,Swedish <kde-i18n-doc@kde.org>
ktextaddons,954,0,0,327,0,0,939,954,100.0,Swedish <kde-i18n-doc@kde.org>
ktimer,258,0,0,53,0,0,255,258,100.0,Swedish <kde-i18n-doc@kde.org>
ktorrent,7462,0,0,1361,0,0,6983,7462,100.0,Swedish <kde-i18n-doc@kde.org>
ktouch,964,0,0,259,0,0,872,964,100.0,Swedish <kde-i18n-doc@kde.org>
ktp-accounts-kcm,1100,0,0,309,0,0,978,1100,100.0,Swedish <kde-i18n-doc@kde.org>
ktp-approver,71,0,0,18,0,0,68,71,100.0,Swedish <kde-i18n-doc@kde.org>
ktp-auth-handler,83,0,0,24,0,0,76,83,100.0,Swedish <kde-i18n-doc@kde.org>
ktp-common-internals,989,0,0,206,0,0,956,989,100.0,Swedish <kde-i18n-doc@kde.org>
ktp-contact-list,680,0,0,127,0,0,621,680,100.0,Swedish <kde-i18n-doc@kde.org>
ktp-contact-runner,208,0,0,43,0,0,194,208,100.0,Swedish <kde-i18n-doc@kde.org>
ktp-desktop-applets,75,0,0,22,0,0,80,75,100.0,Swedish <kde-i18n-doc@kde.org>
ktp-filetransfer-handler,141,0,0,39,0,0,125,141,100.0,Swedish <kde-i18n-doc@kde.org>
ktp-kded-integration-module,490,0,0,59,0,0,446,490,100.0,Swedish <kde-i18n-doc@kde.org>
ktp-send-file,60,0,0,18,0,0,59,60,100.0,Swedish <kde-i18n-doc@kde.org>
ktp-text-ui,1439,0,0,320,0,0,1366,1439,100.0,Swedish <kde-i18n-doc@kde.org>
ktrip,103,0,0,42,0,0,96,103,100.0,Swedish <kde-i18n-doc@kde.org>
ktuberling,158,0,0,38,0,0,119,158,100.0,Swedish <kde-i18n-doc@kde.org>
kturtle,1538,0,0,349,0,0,1426,1538,100.0,Swedish <kde-i18n-doc@kde.org>
kubrick,1205,0,0,166,0,0,1380,1205,100.0,Swedish <kde-i18n-doc@kde.org>
kuserfeedback,1157,0,0,270,0,0,1047,1157,100.0,Swedish <kde-i18n-doc@kde.org>
kwalletmanager5,839,0,0,169,0,0,800,839,100.0,Swedish <kde-i18n-doc@kde.org>
kwave,5798,0,0,1305,0,0,5070,5798,100.0,Swedish <kde-i18n-doc@kde.org>
kweather,163,0,0,78,0,0,157,163,100.0,Swedish <kde-i18n-doc@kde.org>
kwebkitpart,669,0,0,165,0,0,623,669,100.0,Swedish <kde-i18n-doc@kde.org>
kwin,6129,0,0,1230,0,0,5598,6129,100.0,Swedish <kde-i18n-doc@kde.org>
kwordquiz,252,0,0,92,0,0,247,252,100.0,Swedish <kde-i18n-doc@kde.org>
kxstitch,2016,0,0,571,0,0,1660,2016,100.0,Swedish <kde-i18n-doc@kde.org>
l3afpad,113,0,17,61,0,3,127,130,86.92307692307692,Swedish <tp-sv@listor.tp-sv.se>
labwc,13,0,0,11,0,0,17,13,100.0,Swedish <sv>
lagrange,204,0,0,79,0,0,86,204,100.0,
lammps,82,0,0,27,0,0,84,82,100.0,Swedish (https://www.transifex.com/readthedocs/teams/101354/sv/)
lasem,25,0,0,8,0,0,28,25,100.0,Swedish <tp-sv@listor.tp-sv.se>
latte-dock,3526,0,0,774,0,0,3396,3526,100.0,Swedish <kde-i18n-doc@kde.org>
leafpad,125,0,0,68,0,0,143,125,100.0,Swedish <tp-sv@listor.tp-sv.se>
lemonldap-ng,178,0,0,15,0,0,154,178,100.0,swedish <debian-l10n-swedish@lists.debian.org>
libadwaita,284,0,0,80,0,0,286,284,100.0,Swedish <tp-sv@listor.tp-sv.se>
libalkimia,541,0,0,99,0,0,518,541,100.0,Swedish <kde-i18n-doc@kde.org>
libappstream-glib,1015,0,0,210,0,0,931,1015,100.0,Swedish <tp-sv@listor.tp-sv.se>
libbonobo,547,0,0,108,0,0,511,547,100.0,Swedish <tp-sv@listor.tp-sv.se>
libbonoboui,368,0,0,115,0,0,316,368,100.0,Swedish <tp-sv@listor.tp-sv.se>
libbytesize,17,0,0,17,0,0,17,17,100.0,Swedish
libconfuse,153,5,0,28,1,0,141,158,96.83544303797468,None <troglobit@gmail.com>
libcryptui,3012,0,0,654,0,0,2912,3012,100.0,Swedish <tp-sv@listor.tp-sv.se>
libdazzle,173,0,0,62,0,0,171,173,100.0,Swedish <tp-sv@listor.tp-sv.se>
libdnf,1664,0,0,238,0,0,1726,1664,100.0,Swedish <https://translate.fedoraproject.org/projects/dnf/libdnf-dnf-4-master/sv/>
libecpg,72951,0,0,9967,0,0,66800,72951,100.0,Swedish <pgsql-translators@postgresql.org>
libepc,147,0,0,26,0,0,143,147,100.0,Swedish <tp-sv@listor.tp-sv.se>
libexif,6963,326,524,1172,104,44,5683,7813,89.12069627543838,Swedish <tp-sv@listor.tp-sv.se>
libextractor,367,236,1375,145,110,235,334,1978,18.554095045500503,Swedish <tp-sv@listor.tp-sv.se>
libfilezilla,383,0,0,75,0,0,345,383,100.0,Swedish <tp-sv@listor.tp-sv.se>
libfm,1558,13,4,389,4,1,1390,1575,98.92063492063492,Swedish <tp-sv@listor.tp-sv.se>
libgda,17922,0,0,2459,0,0,16191,17922,100.0,Swedish <tp-sv@listor.tp-sv.se>
libgda5,11547,0,0,2088,0,0,10489,11547,100.0,Swedish <tp-sv@listor.tp-sv.se>
libgdata,701,0,0,87,0,0,670,701,100.0,Swedish <tp-sv@listor.tp-sv.se>
libgdl,659,0,0,96,0,0,588,659,100.0,Swedish <tp-sv@listor.tp-sv.se>
libgnome,1773,0,0,273,0,0,1529,1773,100.0,Swedish <tp-sv@listor.tp-sv.se>
libgnome-games-support,43,0,0,14,0,0,43,43,100.0,Swedish <tp-sv@listor.tp-sv.se>
libgnome-keyring,44,0,0,9,0,0,39,44,100.0,Swedish <tp-sv@listor.tp-sv.se>
libgnomecanvas,378,0,0,95,0,0,303,378,100.0,Swedish <tp-sv@listor.tp-sv.se>
libgnomekbd,187,0,0,39,0,0,139,187,100.0,Swedish <tp-sv@listor.tp-sv.se>
libgnomeui,1309,0,0,334,0,0,1154,1309,100.0,Swedish <tp-sv@listor.tp-sv.se>
libgovirt,103,0,0,23,0,0,84,103,100.0,Swedish <tp-sv@listor.tp-sv.se>
libgpg-error,788,396,452,275,121,97,687,1636,48.16625916870416,Swedish <tp-sv@listor.tp-sv.se>
libgphoto2,12810,178,87,2892,71,43,11274,13075,97.97323135755258,Swedish <tp-sv@listor.tp-sv.se>
libgpod,891,146,16,149,33,3,889,1053,84.61538461538461,Svenska <sv@li.org>
libgsasl,577,0,0,69,0,0,538,577,100.0,Swedish <tp-sv@listor.tp-sv.se>
libgsf,725,0,0,151,0,0,650,725,100.0,Swedish <tp-sv@listor.tp-sv.se>
libgtop2,126,0,0,40,0,0,100,126,100.0,Swedish <tp-sv@listor.tp-sv.se>
libgweather,6394,0,0,4696,0,0,6264,6394,100.0,Swedish <tp-sv@listor.tp-sv.se>
libgweather4,6804,0,0,5039,0,0,6669,6804,100.0,Swedish <tp-sv@listor.tp-sv.se>
libgxim,0,0,124,0,0,24,0,124,0.0,LANGUAGE <LL@li.org>
libhandy,1408,0,0,308,0,0,1183,1408,100.0,Swedish <tp-sv@listor.tp-sv.se>
libidn,415,0,0,58,0,0,383,415,100.0,Swedish <tp-sv@listor.tp-sv.se>
libidn1.34,428,0,0,60,0,0,400,428,100.0,Swedish <tp-sv@listor.tp-sv.se>
libidn2,322,0,0,41,0,0,283,322,100.0,Swedish <tp-sv@listor.tp-sv.se>
libkdegames,370,0,0,132,0,0,352,370,100.0,Swedish <kde-i18n-doc@kde.org>
libkeduvocdocument,171,0,0,81,0,0,174,171,100.0,Swedish <kde-i18n-doc@kde.org>
libkgapi,378,0,0,85,0,0,366,378,100.0,Swedish <kde-i18n-doc@kde.org>
libkmahjongg,7,0,0,7,0,0,7,7,100.0,Swedish <sv@li.org>
libkomparediff2,143,0,0,19,0,0,134,143,100.0,Swedish <kde-i18n-doc@kde.org>
libkscreen-qt5,24,0,0,6,0,0,17,24,100.0,Swedish <kde-i18n-doc@kde.org>
libksysguard,4342,0,0,732,0,0,3813,4342,100.0,Swedish <kde-i18n-doc@kde.org>
libmatekbd,297,0,11,87,0,4,249,308,96.42857142857143,Swedish (https://app.transifex.com/mate/teams/13566/sv/)
libmatemixer,242,0,0,126,0,0,223,242,100.0,Swedish (https://app.transifex.com/mate/teams/13566/sv/)
libmateweather,944,0,5239,495,0,4103,838,6183,15.267669416141032,Swedish (https://app.transifex.com/mate/teams/13566/sv/)
libmodulemd,1792,0,0,99,0,0,1631,1792,100.0,Swedish
libmypaint,2303,0,0,162,0,0,2065,2303,100.0,Swedish <https://hosted.weblate.org/projects/mypaint/libmypaint/sv/>
libnma,763,27,17,171,7,5,730,807,94.54770755885997,Swedish <tp-sv@listor.tp-sv.se>
libpanel,87,0,0,25,0,0,84,87,100.0,Swedish <tp-sv@listor.tp-sv.se>
libpeas,103,0,0,29,0,0,99,103,100.0,Swedish <tp-sv@listor.tp-sv.se>
libpq,75844,0,0,10346,0,0,69463,75844,100.0,Swedish <pgsql-translators@postgresql.org>
libpwquality,345,0,0,51,0,0,289,345,100.0,Swedish <https://translate.fedoraproject.org/projects/libpwquality/app/sv/>
libqalculate,11674,0,1847,2709,0,1063,10225,13521,86.33976776865616,Swedish
libreoffice,455109,159,281703,68182,3,23555,400806,736971,61.75399031983619,Swedish <https://translations.documentfoundation.org/projects/libo_ui-7-5/accessibilitymessages/sv/>
libreport,4928,0,0,603,0,0,4614,4928,100.0,Swedish <https://translate.fedoraproject.org/projects/abrt/libreport/sv/>
libsecret,64,0,0,10,0,0,57,64,100.0,Swedish <tp-sv@listor.tp-sv.se>
libshumate,8,0,0,4,0,0,8,8,100.0,Swedish <tp-sv@listor.tp-sv.se>
libsoup,183,0,0,43,0,0,169,183,100.0,Swedish <tp-sv@listor.tp-sv.se>
libsoup3,180,0,0,38,0,0,162,180,100.0,Swedish <tp-sv@listor.tp-sv.se>
libuser,1385,34,18,292,6,3,1404,1437,96.3813500347947,Swedish (http://www.transifex.com/projects/p/fedora/language/sv/)
libvirt,35401,8337,24848,5364,1570,3471,32317,68586,51.61549004169947,Swedish <https://translate.fedoraproject.org/projects/libvirt/libvirt/sv/>
libvirt-sandbox,0,0,617,0,0,111,0,617,0.0,Swedish (http://www.transifex.com/projects/p/fedora/language/sv/)
libwnck,1124,0,0,241,0,0,1063,1124,100.0,Swedish <tp-sv@listor.tp-sv.se>
libwnck3,1086,0,0,231,0,0,1027,1086,100.0,Swedish <tp-sv@listor.tp-sv.se>
libxfce4ui,1018,0,0,211,0,0,943,1018,100.0,Swedish (https://app.transifex.com/xfce/teams/16840/sv/)
libxfce4util,424,0,0,7,0,0,456,424,100.0,Swedish (http://www.transifex.com/xfce/libxfce4util/language/sv/)
libxfce4windowing,63,0,0,19,0,0,60,63,100.0,Swedish (https://www.transifex.com/xfce/teams/16840/sv/)
libzypp,2319,0,377,935,0,41,2336,2696,86.01632047477746,Swedish <https://l10n.opensuse.org/projects/libzypp/master/sv/>
lifeograph,184,396,926,42,139,261,182,1506,12.217795484727755,Swedish <sv@li.org>
liferea,1546,245,428,402,57,80,1446,2219,69.67102298332583,Swedish <tp-sv@listor.tp-sv.se>
light-locker,260,0,0,37,0,0,219,260,100.0,Swedish (http://www.transifex.com/the_cavalry/light-locker/language/sv/)
lightdm,79,0,84,17,0,4,81,163,48.466257668711656,Swedish <sv@li.org>
lightdm-gtk,61,0,28,20,0,5,64,89,68.53932584269663,Swedish <sv@li.org>
lightdm-gtk-greeter-settings,0,0,519,0,0,171,0,519,0.0,Swedish <sv@li.org>
lightdm-settings,355,0,0,74,0,0,294,355,100.0,Swedish <sv@li.org>
lightsoff,1152,0,0,119,0,0,1094,1152,100.0,Swedish <tp-sv@listor.tp-sv.se>
lilypond,6084,0,0,958,0,0,5866,6084,100.0,Swedish <tp-sv@listor.tp-sv.se>
lincity-ng,1895,0,0,477,0,0,1785,1895,100.0,Swedish <tp-sv@listor.tp-sv.se>
lingot,77,0,1302,31,0,121,72,1379,5.583756345177665,Swedish <sv@li.org>
linphone,1075,195,583,238,67,160,1011,1853,58.01403130059363,SWEDISH <SE@li.org>
linsmith,599,30,45,329,19,19,533,674,88.87240356083086,Svenska <sv@li.org>
lokalize,4165,0,0,689,0,0,3896,4165,100.0,Swedish <kde-i18n-doc@kde.org>
lollypop,1423,0,5,454,0,1,1371,1428,99.64985994397759,Swedish <https://hosted.weblate.org/projects/gnumdk/lollypop/sv/>
lordsawar,7170,0,0,1874,0,0,6844,7170,100.0,Swedish <tp-sv@listor.tp-sv.se>
lskat,254,0,0,83,0,0,238,254,100.0,Swedish <kde-i18n-doc@kde.org>
lxappearance-obconf,196,0,0,27,0,0,163,196,100.0,Swedish
lxde-common,14,0,0,5,0,0,17,14,100.0,LANGUAGE <LL@li.org>
lxdm,48,0,0,26,0,0,49,48,100.0,Swedish <tp-sv@listor.tp-sv.se>
lxinput,72,0,11,24,0,2,71,83,86.74698795180723,LANGUAGE <LL@li.org>
lxlauncher,51,0,7,11,0,6,42,58,87.93103448275862,Swedish <tp-sv@listor.tp-sv.se>
lxmenu-data,97,0,0,37,0,0,90,97,100.0,Swedish <tp-sv@listor.tp-sv.se>
lxmusic,203,0,0,89,0,0,197,203,100.0,Swedish <tp-sv@listor.tp-sv.se>
lxpanel,1335,33,31,442,3,22,1233,1399,95.42530378842031,Swedish <tp-sv@listor.tp-sv.se>
lxrandr,167,0,0,41,0,0,171,167,100.0,Swedish <tp-sv@listor.tp-sv.se>
lxshortcut,43,0,0,19,0,0,33,43,100.0,Swedish <tp-sv@listor.tp-sv.se>
lxtask,130,0,0,51,0,0,137,130,100.0,Swedish <tp-sv@listor.tp-sv.se>
lynx,8411,0,0,1284,0,0,7348,8411,100.0,Swedish <tp-sv@listor.tp-sv.se>
lyx,25807,5,20,7296,1,1,22810,25832,99.90322081139672,Swedish <lyx-docs@lists.lyx.org>
m4,67,465,639,21,69,107,57,1171,5.721605465414176,Swedish <tp-sv@listor.tp-sv.se>
magpie,1253,0,0,148,0,0,1168,1253,100.0,Swedish <tp-sv@listor.tp-sv.se>
mail-notification,2185,0,0,381,0,0,1977,2185,100.0,Swedish <tp-sv@listor.tp-sv.se>
mailman3,32,0,4608,16,0,385,30,4640,0.6896551724137931,Swedish <https://hosted.weblate.org/projects/gnu-mailman/mailman/sv/>
mailnag,181,0,26,60,0,6,182,207,87.43961352657004,Swedish <https://hosted.weblate.org/projects/mailnag/mailnag/sv/>
make,2593,0,0,477,0,0,2482,2593,100.0,Swedish <tp-sv@listor.tp-sv.se>
malcontent,1420,0,0,140,0,0,1334,1420,100.0,Swedish <tp-sv@listor.tp-sv.se>
maliit-keyboard,66,7,8,51,2,8,73,81,81.48148148148148,
mame,1189,0,2578,509,0,806,1182,3767,31.563578444385453,Swedish (https://www.transifex.com/readthedocs/teams/101354/sv/)
man-db,9757,0,0,647,0,0,8989,9757,100.0,Swedish <tp-sv-list@lists.sourceforge.net>
man-pages-l10n,65951,2601,96706,12193,371,11174,63168,165258,39.90790158418957,Swedish <>
man2html,58,0,0,3,0,0,58,58,100.0,Swedish <sv@li.org>
manafirewall,187,0,998,89,0,52,182,1185,15.780590717299578,Swedish (https://www.transifex.com/MageiaLinux/teams/9361/sv/)
marble,11614,0,0,3341,0,0,10508,11614,100.0,Swedish <kde-i18n-doc@kde.org>
marco,3941,0,362,416,0,14,3653,4303,91.58726469904718,Swedish (https://app.transifex.com/mate/teams/13566/sv/)
mariadb,144,0,0,10,0,0,131,144,100.0,Swedish <debian-l10n-swedish@lists.debian.org>
markdownpart,23,0,0,9,0,0,20,23,100.0,Swedish <kde-i18n-doc@kde.org>
marker,202,0,0,80,0,0,176,202,100.0,
massif-visualizer,357,0,0,109,0,0,323,357,100.0,Swedish <kde-i18n-doc@kde.org>
mate-applets,7101,37,8819,935,8,703,6805,15957,44.50084602368866,Swedish (https://www.transifex.com/mate/teams/13566/sv/)
mate-backgrounds,51,0,4,28,0,1,48,55,92.72727272727272,Swedish (https://www.transifex.com/mate/teams/13566/sv/)
mate-calc,1333,0,1990,497,0,252,1217,3323,40.11435449894674,Swedish (https://www.transifex.com/mate/teams/13566/sv/)
mate-control-center,3605,7,4641,1174,1,335,3394,8253,43.68108566581849,Swedish (https://app.transifex.com/mate/teams/13566/sv/)
mate-desktop,2228,11,137,290,1,10,2011,2376,93.77104377104376,Swedish (https://app.transifex.com/mate/teams/13566/sv/)
mate-icon-theme,4,0,0,2,0,0,4,4,100.0,Swedish (https://www.transifex.com/mate/teams/13566/sv/)
mate-media,239,0,0,99,0,0,217,239,100.0,Swedish (https://app.transifex.com/mate/teams/13566/sv/)
mate-menu,301,0,7,109,0,1,318,308,97.72727272727273,Swedish (http://www.transifex.com/mate/MATE/language/sv/)
mate-menus,103,0,0,39,0,0,98,103,100.0,Swedish (https://app.transifex.com/mate/teams/13566/sv/)
mate-notification-daemon,154,0,32,45,0,8,152,186,82.79569892473118,Swedish (https://app.transifex.com/mate/teams/13566/sv/)
mate-panel,5253,3,1464,669,1,144,4924,6720,78.16964285714286,Swedish (https://app.transifex.com/mate/teams/13566/sv/)
mate-polkit,123,0,0,21,0,0,110,123,100.0,Swedish (https://www.transifex.com/mate/teams/13566/sv/)
mate-power-manager,2913,0,2206,427,0,124,2770,5119,56.90564563391287,Swedish (https://app.transifex.com/mate/teams/13566/sv/)
mate-screensaver,1009,0,92,165,0,11,912,1101,91.64396003633061,Swedish (https://app.transifex.com/mate/teams/13566/sv/)
mate-sensors-applet,375,14,1771,25,8,193,371,2160,17.36111111111111,Swedish (https://www.transifex.com/mate/teams/13566/sv/)
mate-session-manager,655,0,60,123,0,9,614,715,91.6083916083916,Swedish (https://app.transifex.com/mate/teams/13566/sv/)
mate-settings-daemon,1930,0,277,291,0,28,1745,2207,87.44902582691437,Swedish (https://app.transifex.com/mate/teams/13566/sv/)
mate-system-monitor,1622,0,3271,357,0,303,1462,4893,33.14939709789495,Swedish (https://app.transifex.com/mate/teams/13566/sv/)
mate-terminal,5103,0,3283,577,0,226,4651,8386,60.85141903171953,Swedish (https://app.transifex.com/mate/teams/13566/sv/)
mate-themes,74,0,0,23,0,0,70,74,100.0,Swedish (http://app.transifex.com/mate/MATE/language/sv/)
mate-user-admin,98,0,507,52,0,74,97,605,16.198347107438018,Swedish (https://www.transifex.com/mate/teams/13566/sv/)
mate-user-guide,32598,0,10375,2233,0,995,29754,42973,75.85693342331231,Swedish (https://app.transifex.com/mate/teams/13566/sv/)
mate-utils,5047,0,5013,785,0,341,4589,10060,50.168986083499,Swedish (https://app.transifex.com/mate/teams/13566/sv/)
mbox-importer,40,0,0,13,0,0,39,40,100.0,Swedish <kde-i18n-doc@kde.org>
mc,3905,0,489,1196,0,72,3760,4394,88.87118798361402,Swedish (http://app.transifex.com/mc/mc/language/sv/)
mediawriter,845,0,0,162,0,0,800,845,100.0,Swedish <https://translate.fedoraproject.org/projects/fedora-media-writer/mediawriter/sv/>
meld,5999,0,0,755,0,0,5494,5999,100.0,Swedish <tp-sv@listor.tp-sv.se>
menulibre,1385,0,0,332,0,0,1298,1385,100.0,Swedish (https://app.transifex.com/bluesabreorg/teams/99550/sv/)
mercurial,16909,46,33946,2039,1,2196,15690,50901,33.21938665252156,Swedish
merkuro,1841,0,0,648,0,0,1708,1841,100.0,Swedish <kde-i18n-doc@kde.org>
metacity,1831,0,0,278,0,0,1666,1831,100.0,Swedish <tp-sv@listor.tp-sv.se>
midori,3200,0,341,746,0,50,3144,3541,90.369951990963,Swedish
minetest,4499,51,4973,900,3,452,4063,9523,47.2435156988344,Swedish <https://hosted.weblate.org/projects/minetest/minetest/sv/>
mingw-GConf2,4088,0,0,497,0,0,3991,4088,100.0,Swedish <tp-sv@listor.tp-sv.se>
mingw-atk,440,0,0,169,0,0,326,440,100.0,Swedish <tp-sv@listor.tp-sv.se>
mingw-binutils,59760,3301,4861,9616,503,652,54055,67922,87.98327493301139,Swedish <tp-sv@listor.tp-sv.se>
mingw-colord,276,0,1609,67,0,136,242,1885,14.64190981432361,Swedish (http://www.transifex.com/projects/p/colord/language/sv/)
mingw-exiv2,35017,1703,1292,5602,345,139,27785,38012,92.12090918657266,tp-sv
mingw-gcc,126076,0,0,15572,0,0,117663,126076,100.0,Swedish <tp-sv@listor.tp-sv.se>
mingw-gdb,12047,0,0,1896,0,0,11057,12047,100.0,Swedish <tp-sv@listor.tp-sv.se>
mingw-gdk-pixbuf,1325,0,0,198,0,0,1268,1325,100.0,Swedish <tp-sv@listor.tp-sv.se>
mingw-gettext,8119,13,0,863,2,0,7118,8132,99.84013772749631,Swedish <tp-sv-list@lists.sourceforge.net>
mingw-glib-networking,434,0,0,64,0,0,393,434,100.0,Swedish <tp-sv@listor.tp-sv.se>
mingw-glib2,7693,0,0,1211,0,0,7359,7693,100.0,Swedish <tp-sv@listor.tp-sv.se>
mingw-goocanvas2,1864,0,0,283,0,0,1432,1864,100.0,Swedish <tp-sv@listor.tp-sv.se>
mingw-gstreamer,1898,5,14,343,2,3,1758,1917,99.00886802295254,Swedish <tp-sv@listor.tp-sv.se>
mingw-gstreamer1,2192,12,3,384,1,1,2053,2207,99.32034435885818,Swedish <tp-sv@listor.tp-sv.se>
mingw-gstreamer1-plugins-bad-free,197,0,0,29,0,0,197,197,100.0,Swedish <tp-sv@listor.tp-sv.se>
mingw-gstreamer1-plugins-base,1020,35,17,212,6,3,856,1072,95.1492537313433,Swedish <tp-sv@listor.tp-sv.se>
mingw-gstreamer1-plugins-good,823,0,7,102,0,2,813,830,99.1566265060241,Swedish <tp-sv@listor.tp-sv.se>
mingw-gtk2,12381,0,0,2582,0,0,10576,12381,100.0,Swedish <tp-sv@listor.tp-sv.se>
mingw-gtk3,16717,0,0,3936,0,0,14367,16717,100.0,Swedish <tp-sv@listor.tp-sv.se>
mingw-gtk4,4119,0,0,1487,0,0,3916,4119,100.0,Swedish <tp-sv@listor.tp-sv.se>
mingw-gtksourceview3,322,0,0,106,0,0,280,322,100.0,Swedish <tp-sv@listor.tp-sv.se>
mingw-hunspell,613,0,0,79,0,0,585,613,100.0,Swedish <https://hosted.weblate.org/projects/hunspell/translations/sv/>
mingw-json-glib,307,0,0,47,0,0,262,307,100.0,Swedish <tp-sv@listor.tp-sv.se>
mingw-libcharset,342,0,0,46,0,0,333,342,100.0,Swedish <tp-sv@listor.tp-sv.se>
mingw-libconfuse,148,0,0,27,0,0,135,148,100.0,None <troglobit@gmail.com>
mingw-libgovirt,103,0,0,23,0,0,84,103,100.0,Swedish <tp-sv@listor.tp-sv.se>
mingw-libgpg-error,789,362,273,274,109,63,688,1424,55.40730337078652,Swedish <tp-sv@listor.tp-sv.se>
mingw-libgsf,725,0,0,151,0,0,650,725,100.0,Swedish <tp-sv@listor.tp-sv.se>
mingw-libidn,415,0,0,58,0,0,383,415,100.0,Swedish <tp-sv@listor.tp-sv.se>
mingw-libidn2,322,0,0,41,0,0,283,322,100.0,Swedish <tp-sv@listor.tp-sv.se>
mingw-libsoup,183,0,0,43,0,0,169,183,100.0,Swedish <tp-sv@listor.tp-sv.se>
mingw-mediawriter,845,0,0,162,0,0,800,845,100.0,Swedish <https://translate.fedoraproject.org/projects/fedora-media-writer/mediawriter/sv/>
mingw-p11-kit,476,0,0,81,0,0,406,476,100.0,Swedish (http://www.transifex.com/freedesktop/p11-kit/language/sv/)
mingw-postgresql,75849,0,0,10350,0,0,69469,75849,100.0,Swedish <pgsql-translators@postgresql.org>
mingw-sane-backends,4581,562,826,987,127,127,3981,5969,76.74652370581337,Swedish <sv@li.org>
mingw-wxWidgets,6359,109,33,1467,24,14,6012,6501,97.81572065836025,wxWidgets translators <wx-translators@lists.wxwidgets.org>
mingw-wxWidgets3,7700,47,58,1804,36,43,7197,7805,98.65470852017937,wxWidgets translators <wx-translators@googlegroups.com>
minicom,1556,280,99,388,11,13,1517,1935,80.41343669250645,Swedish <tp-sv@listor.tp-sv.se>
minidlna,40,0,0,23,0,0,40,40,100.0,Swedish
minigalaxy,342,1,15,113,1,3,350,358,95.53072625698324,
minuet,412,0,0,159,0,0,381,412,100.0,Swedish <kde-i18n-doc@kde.org>
mkvtoolnix,2140,3854,19058,521,872,1670,1969,25052,8.542232157113204,Swedish (http://www.transifex.com/moritz-bunkus/mkvtoolnix/language/sv/)
mlocate,406,175,0,50,1,0,402,581,69.87951807228916,Swedish (http://www.transifex.com/projects/p/fedora/language/sv/)
monodevelop,2316,7727,13255,804,2384,2110,2150,23298,9.9407674478496,Swedish <tp-sv@listor.tp-sv.se>
monotone,11938,0,0,1579,0,0,12015,11938,100.0,Richard Levitte <richard@levitte.org>
moodle,0,12,40,0,5,9,0,52,0.0,i18n@lists.horde.org
moserial,2484,0,0,234,0,0,2307,2484,100.0,Swedish <tp-sv@listor.tp-sv.se>
mousepad,1700,0,0,428,0,0,1528,1700,100.0,Swedish (http://app.transifex.com/xfce/xfce-apps/language/sv/)
mousetweaks,131,0,0,34,0,0,101,131,100.0,Swedish <tp-sv@listor.tp-sv.se>
mozo,46,0,0,24,0,0,44,46,100.0,Swedish (https://www.transifex.com/mate/teams/13566/sv/)
msitools,85,0,0,29,0,0,71,85,100.0,Swedish <tp-sv@listor.tp-sv.se>
msmtp,1809,14,0,325,1,0,1682,1823,99.23203510696655,Swedish <tp-sv@listor.tp-sv.se>
mtpaint,2689,0,770,741,0,266,2490,3459,77.73923099161607,Swedish <sv@li.org>
mu,1754,261,527,232,29,55,1632,2542,69.00078678206137,
muffin,1219,0,0,144,0,0,1145,1219,100.0,Swedish <tp-sv@listor.tp-sv.se>
multimedia-menus,56,0,0,22,0,0,50,56,100.0,Swedish <sv@li.org>
mutt,4465,1363,901,979,242,199,4411,6729,66.35458463367515,Swedish <sv@li.org>
mutter,1330,0,0,145,0,0,1243,1330,100.0,Swedish <tp-sv@listor.tp-sv.se>
mypaint,6407,0,0,1272,0,0,5863,6407,100.0,Swedish <https://hosted.weblate.org/projects/mypaint/mypaint/sv/>
nano,3486,0,0,632,0,0,3264,3486,100.0,Swedish <tp-sv@listor.tp-sv.se>
nautilus,5495,0,0,1117,0,0,5475,5495,100.0,Swedish <tp-sv@listor.tp-sv.se>
ncmpc,647,8,58,256,5,15,609,713,90.74333800841514,Swedish <https://hosted.weblate.org/projects/ncmpc/translations/sv/>
ndisc6,939,87,6,107,2,1,828,1032,90.98837209302324,Swedish <sv@li.org>
nemiver,1426,54,2725,375,14,127,1299,4205,33.912009512485135,Swedish <tp-sv@listor.tp-sv.se>
neochat,2731,0,0,731,0,0,2598,2731,100.0,Swedish <kde-i18n-doc@kde.org>
neomutt,3647,2364,2069,830,450,356,3571,8080,45.13613861386139,Swedish <sv@li.org>
neovim,6685,0,0,1346,0,0,6473,6685,100.0,Swedish <tp-sv@listor.tp-sv.se>
network-manager-applet,4408,0,0,870,0,0,3949,4408,100.0,Swedish <tp-sv@listor.tp-sv.se>
neverball,1166,0,1569,215,0,144,1137,2735,42.63254113345521,Swedish (http://www.transifex.com/projects/p/neverball/language/sv/)
newsbeuter,1136,140,66,299,20,15,1130,1342,84.64977645305514,
newsboat,2084,0,0,443,0,0,2086,2084,100.0,Niklas Grahn <terra.unknown@yahoo.com>
newt,4,0,0,4,0,0,4,4,100.0,Swedish <sv@li.org>
nfoview,115,0,0,42,0,0,101,115,100.0,Swedish (http://www.transifex.com/otsaloma/nfoview/language/sv/)
nicotine+,195,4872,0,73,1205,0,195,5067,3.8484310242747193,Swedish <https://hosted.weblate.org/projects/nicotine-plus/nicotine-plus/sv/>
nordugrid-arc,27026,75,0,4178,7,0,25356,27101,99.72325744437475,Swedish
notejot,108,73,308,49,18,49,114,489,22.085889570552148,
notification-daemon,33,0,0,11,0,0,29,33,100.0,Swedish <tp-sv@listor.tp-sv.se>
novnc,132,0,0,70,0,0,135,132,100.0,none
nutty,119,5,484,54,3,95,113,608,19.572368421052634,Swedish <https://hosted.weblate.org/projects/nutty/translations/sv/>
obconf,622,0,116,138,0,18,518,738,84.28184281842819,Swedish
ocfs2-tools,87,42,57,7,3,6,77,186,46.774193548387096,Swedish <tp-sv@listor.tp-sv.se>
okteta,2538,0,0,618,0,0,2317,2538,100.0,Swedish <kde-i18n-doc@kde.org>
okular,5712,0,0,1249,0,0,5268,5712,100.0,Swedish <kde-i18n-doc@kde.org>
onboard,2076,0,242,472,0,38,1917,2318,89.55996548748921,Swedish <sv@li.org>
onionshare,387,0,4223,21,0,164,379,4610,8.394793926247289,LANGUAGE <LL@li.org>
openbox,506,0,0,94,0,0,440,506,100.0,None
openconnect,8037,0,1494,1364,0,201,7507,9531,84.32483474976394,Swedish <tp-sv@listor.tp-sv.se>
opensp,4379,126,1266,595,17,110,3862,5771,75.87939698492463,Swedish <sv@li.org>
optimizer,0,0,282,0,0,75,0,282,0.0,none
orage,2304,0,0,912,0,0,2275,2304,100.0,Swedish (https://www.transifex.com/xfce/teams/16840/sv/)
orca,19468,0,0,2943,0,0,18353,19468,100.0,Swedish <tp-sv@listor.tp-sv.se>
osmo,1177,0,594,521,0,177,1093,1771,66.45962732919256,Swedish
p11-kit,1702,41,21,301,8,4,1659,1764,96.48526077097506,Swedish (http://www.transifex.com/freedesktop/p11-kit/language/sv/)
pacman,5189,0,0,898,0,0,5132,5189,100.0,Swedish (http://www.transifex.com/toofishes/archlinux-pacman/language/sv/)
pal,1151,0,0,207,0,0,1143,1151,100.0,Swedish <sv@li.org>
palapeli,1525,0,0,186,0,0,1398,1525,100.0,Swedish <kde-i18n-doc@kde.org>
pam,535,0,0,100,0,0,481,535,100.0,Swedish <https://translate.fedoraproject.org/projects/linux-pam/master/sv/>
pan,10003,0,0,1243,0,0,9296,10003,100.0,Swedish <tp-sv@listor.tp-sv.se>
paprefs,137,0,0,25,0,0,116,137,100.0,Swedish <https://translate.fedoraproject.org/projects/pulseaudio/paprefs/sv/>
paraview,82,0,0,27,0,0,84,82,100.0,Swedish (https://www.transifex.com/readthedocs/teams/101354/sv/)
parcellite,156,0,0,52,0,0,152,156,100.0,Swedish <tp-sv@listor.tp-sv.se>
parley,3433,0,0,729,0,0,3138,3433,100.0,Swedish <kde-i18n-doc@kde.org>
parole,1147,0,0,299,0,0,1078,1147,100.0,Swedish (http://app.transifex.com/xfce/xfce-apps/language/sv/)
parted,4604,0,0,570,0,0,4356,4604,100.0,Swedish <tp-sv@listor.tp-sv.se>
passwd,329,0,7,56,0,1,311,336,97.91666666666666,Swedish (http://www.transifex.com/projects/p/fedora/language/sv/)
pastebinit,195,0,0,29,0,0,188,195,100.0,Swedish <sv@li.org>
pavucontrol,428,4,98,135,2,12,408,530,80.75471698113208,Swedish <https://translate.fedoraproject.org/projects/pulseaudio/pavucontrol/sv/>
pbuilder,96,0,0,9,0,0,99,96,100.0,swedish <debian-l10n-swedish@lists.debian.org>
pcmanfm,1210,5,0,296,1,0,1120,1215,99.58847736625515,Swedish <tp-sv@listor.tp-sv.se>
pdfarranger,526,0,0,178,0,0,529,526,100.0,Swedish
pdfmod,487,0,374,118,0,15,517,861,56.56213704994193,Swedish <tp-sv@listor.tp-sv.se>
peek,564,0,0,97,0,0,494,564,100.0,Swedish <https://hosted.weblate.org/projects/peek/translations/sv/>
phodav,69,0,0,19,0,0,73,69,100.0,Swedish <tp-sv@listor.tp-sv.se>
phonon,327,0,0,59,0,0,279,327,100.0,Swedish <kde-i18n-doc@kde.org>
phonon-backend-gstreamer,104,0,0,15,0,0,93,104,100.0,Swedish <kde-i18n-doc@kde.org>
phonon-backend-vlc,27,0,0,3,0,0,24,27,100.0,Swedish <kde-i18n-doc@kde.org>
phonon-qt4,116,0,0,25,0,0,104,116,100.0,Swedish <kde-i18n-doc@kde.org>
phonon-qt4-backend-gstreamer,104,0,0,15,0,0,93,104,100.0,Swedish <kde-i18n-doc@kde.org>
phosh,335,0,0,133,0,0,329,335,100.0,Swedish <tp-sv@listor.tp-sv.se>
php-phpmyadmin-sql-parser5,165,64,57,32,14,7,134,286,57.692307692307686,Swedish <https://hosted.weblate.org/projects/phpmyadmin/sql-parser/sv/>
picard,3389,156,13496,1222,46,2847,3187,17041,19.88733055571856,Swedish <https://translations.metabrainz.org/projects/picard/app/sv/>
picmi,202,0,0,117,0,0,177,202,100.0,Swedish <kde-i18n-doc@kde.org>
pidgin,13741,0,253,3142,0,49,12710,13994,98.19208232099471,Swedish (http://www.transifex.com/pidgin/pidgin/language/sv/)
pidgin-guifications,442,32,31,183,4,5,427,505,87.52475247524752,Swedish <sv@li.org>
pidgin-libnotify,36,0,0,12,0,0,33,36,100.0,swedish
pidgin-otr,625,0,0,113,0,0,608,625,100.0,Swedish <tp-sv@listor.tp-sv.se>
pidgin-sipe,1119,0,0,273,0,0,1063,1119,100.0,Swedish (http://www.transifex.com/stefanb/pidgin-sipe/language/sv/)
pim-data-exporter,810,0,0,205,0,0,771,810,100.0,Swedish <kde-i18n-doc@kde.org>
pim-sieve-editor,437,0,0,117,0,0,404,437,100.0,Swedish <kde-i18n-doc@kde.org>
pinfo,83,48,219,22,10,28,84,350,23.714285714285715,Swedish <sv@li.org>
pingus,2265,91,3039,209,2,235,2136,5395,41.98331788693234,sv <Jan Morens epostadress - jan.moren@lucs.lu.se>
pinta,1645,0,101,508,0,29,1579,1746,94.21534936998854,
pioneers,2266,204,534,643,44,103,2140,3004,75.43275632490013,Swedish <tp-sv@listor.tp-sv.se>
piper,492,0,0,116,0,0,462,492,100.0,Swedish <>
pipewire,716,0,0,121,0,0,605,716,100.0,Swedish <tp-sv@listor.tp-sv.se>
pipewire-media-session,5,0,0,3,0,0,5,5,100.0,Swedish <tp-sv@listor.tp-sv.se>
pitivi,10702,0,0,1022,0,0,9629,10702,100.0,Swedish <tp-sv@listor.tp-sv.se>
plank,189,0,0,50,0,0,219,189,100.0,Swedish <tp-sv@listor.tp-sv.se>
plasma-bigscreen,235,0,0,96,0,0,229,235,100.0,Swedish <kde-i18n-doc@kde.org>
plasma-breeze,242,0,0,85,0,0,231,242,100.0,Swedish <kde-i18n-doc@kde.org>
plasma-browser-integration,123,0,0,23,0,0,100,123,100.0,Swedish <kde-i18n-doc@kde.org>
plasma-desktop,8662,0,0,1678,0,0,8003,8662,100.0,Swedish <kde-i18n-doc@kde.org>
plasma-dialer,104,24,9,45,6,3,99,137,75.91240875912408,Swedish <kde-i18n-doc@kde.org>
plasma-discover,3010,0,0,669,0,0,2821,3010,100.0,Swedish <kde-i18n-doc@kde.org>
plasma-disks,215,0,0,23,0,0,182,215,100.0,Swedish <kde-i18n-doc@kde.org>
plasma-drkonqi,1984,0,0,203,0,0,1762,1984,100.0,Swedish <kde-i18n-doc@kde.org>
plasma-firewall,404,0,0,144,0,0,404,404,100.0,Swedish <kde-i18n-doc@kde.org>
plasma-integration,60,0,0,23,0,0,63,60,100.0,Swedish <kde-i18n-doc@kde.org>
plasma-mediacenter,172,0,0,87,0,0,171,172,100.0,Swedish <kde-i18n-doc@kde.org>
plasma-milou,10,0,0,4,0,0,10,10,100.0,Swedish <kde-i18n-doc@kde.org>
plasma-mobile,406,0,0,148,0,0,390,406,100.0,Swedish <kde-i18n-doc@kde.org>
plasma-nano,37,0,0,12,0,0,34,37,100.0,Swedish <kde-i18n-doc@kde.org>
plasma-nm,5370,0,0,1327,0,0,4771,5370,100.0,Swedish <kde-i18n-doc@kde.org>
plasma-oxygen,802,0,0,293,0,0,793,802,100.0,Swedish <kde-i18n-doc@kde.org>
plasma-pa,276,0,0,95,0,0,266,276,100.0,Swedish <kde-i18n-doc@kde.org>
plasma-pass,30,0,0,6,0,0,25,30,100.0,Swedish <kde-i18n-doc@kde.org>
plasma-phonebook,52,2,1,26,1,1,56,55,94.54545454545455,Swedish <kde-i18n-doc@kde.org>
plasma-pk-updates,2081,0,0,400,0,0,1857,2081,100.0,Swedish <kde-i18n-doc@kde.org>
plasma-sdk,845,0,0,263,0,0,755,845,100.0,Swedish <kde-i18n-doc@kde.org>
plasma-settings,1456,4,18,820,1,2,1384,1478,98.51150202976996,Swedish <kde-i18n-doc@kde.org>
plasma-systemmonitor,565,0,0,184,0,0,560,565,100.0,Swedish <kde-i18n-doc@kde.org>
plasma-systemsettings,212,0,0,54,0,0,183,212,100.0,Swedish <kde-i18n-doc@kde.org>
plasma-thunderbolt,178,0,0,42,0,0,160,178,100.0,Swedish <kde-i18n-doc@kde.org>
plasma-vault,874,0,0,102,0,0,777,874,100.0,Swedish <kde-i18n-doc@kde.org>
plasma-welcome,1054,0,0,75,0,0,1043,1054,100.0,Swedish <kde-i18n-doc@kde.org>
plasma-workspace,12899,0,0,3187,0,0,11655,12899,100.0,Swedish <kde-i18n-doc@kde.org>
plasmatube,138,0,0,54,0,0,131,138,100.0,Swedish <kde-i18n-doc@kde.org>
playonlinux,2482,0,246,422,0,27,2408,2728,90.98240469208211,sv_SE.UTF-8 <LL@li.org>
pluma,5504,0,7609,1402,0,688,5016,13113,41.973613970868605,Swedish (https://app.transifex.com/mate/teams/13566/sv/)
pluma-plugins,231,0,1167,37,0,106,212,1398,16.523605150214593,Swedish (https://www.transifex.com/mate/teams/13566/sv/)
plymouth,16,0,0,7,0,0,15,16,100.0,Swedish <https://translate.fedoraproject.org/projects/plymouth/master/sv/>
plymouth-kcm,112,0,0,24,0,0,102,112,100.0,Swedish <kde-i18n-doc@kde.org>
pmount,723,0,0,63,0,0,660,723,100.0,Swedish <sv@li.org>
po4a,1666,209,1139,178,20,60,1565,3014,55.275381552753814,Swedish <https://hosted.weblate.org/projects/po4a/po4a/sv/>
poedit,3167,0,1,689,0,1,2923,3168,99.96843434343434,Swedish
pogo,576,0,0,101,0,0,528,576,100.0,Launchpad Swedish Translators <lp-l10n-sv@lists.launchpad.net>
polari,2020,0,0,265,0,0,1985,2020,100.0,Swedish <tp-sv@listor.tp-sv.se>
policycoreutils,6496,8,4,1021,1,1,5856,6508,99.81561155500923,Swedish
polkit,238,0,0,27,0,0,223,238,100.0,Swedish <tp-sv@listor.tp-sv.se>
polkit-gnome,94,0,0,16,0,0,85,94,100.0,Swedish <tp-sv@listor.tp-sv.se>
polkit-kde,95,0,0,30,0,0,92,95,100.0,Swedish <kde-i18n-doc@kde.org>
popt,84,0,6,31,0,1,80,90,93.33333333333333,Swedish <https://translate.fedoraproject.org/projects/popt/master/sv/>
postgresql,75844,0,0,10346,0,0,69463,75844,100.0,Swedish <pgsql-translators@postgresql.org>
powerdevil,669,0,0,143,0,0,620,669,100.0,Swedish <kde-i18n-doc@kde.org>
pragha,288,0,602,114,0,162,265,890,32.359550561797754,Swedish (http://www.transifex.com/p/Pragha/language/sv/)
procps-ng,10492,985,18362,1497,138,1280,9867,29839,35.16203626126881,Swedish <tp-sv@listor.tp-sv.se>
prusa-slicer,6998,292,218,1672,96,123,6542,7508,93.20724560468834,wxWidgets translators <wx-translators@googlegroups.com>
psmisc,3647,0,0,336,0,0,3367,3647,100.0,Swedish <tp-sv@listor.tp-sv.se>
publican,527,0,4850,41,0,573,496,5377,9.801004277478148,Swedish <tp-sv@listor.tp-sv.se>
pulseaudio,3786,0,0,572,0,0,3440,3786,100.0,Swedish <https://translate.fedoraproject.org/projects/pulseaudio/pulseaudio/sv/>
pulseeffects,202,234,408,55,127,205,192,844,23.933649289099527,
pychess,5674,0,1918,1350,0,118,5228,7592,74.73656480505795,Swedish (http://www.transifex.com/gbtami/pychess/language/sv/)
pyhoca-gui,1812,47,6,396,5,1,1526,1865,97.15817694369974,X2Go i18n <x2go-i18n@lists.x2go.org>
pykickstart,1604,24,0,178,2,0,1449,1628,98.52579852579852,Swedish <https://translate.fedoraproject.org/projects/pykickstart/master/sv/>
python-SecretStorage,59,0,0,9,0,0,51,59,100.0,Swedish <tp-sv@listor.tp-sv.se>
python-apt,169,167,208,43,42,33,167,544,31.066176470588236,Swedish <tp-sv@listor.tp-sv.se>
python-blivet,605,0,0,81,0,0,599,605,100.0,Swedish <https://translate.fedoraproject.org/projects/blivet/blivet-master/sv/>
python-caja,6,0,0,2,0,0,5,6,100.0,Swedish (https://www.transifex.com/mate/teams/13566/sv/)
python-colander,130,32,40,25,6,7,121,202,64.35643564356435,sv <LL@li.org>
python-django,3804,0,0,878,0,0,3616,3804,100.0,Swedish (http://www.transifex.com/django/django/language/sv/)
python-django-allauth,631,185,106,104,17,31,551,922,68.43817787418655,Swedish (http://www.transifex.com/projects/p/django-allauth/language/sv/)
python-django-contrib-comments,250,0,0,61,0,0,246,250,100.0,Swedish (http://www.transifex.com/django/django-contrib-comments/language/sv/)
python-django-debug-toolbar,64,0,293,47,0,90,61,357,17.92717086834734,Swedish (Sweden) (http://www.transifex.com/projects/p/django-debug-toolbar/language/sv_SE/)
python-django-formtools,32,0,0,11,0,0,27,32,100.0,Swedish (http://www.transifex.com/projects/p/django-formtools/language/sv/)
python-django-mailman3,348,0,7,68,0,4,320,355,98.02816901408451,Swedish <https://hosted.weblate.org/projects/gnu-mailman/django-mailman3/sv/>
python-django-rest-framework,561,0,141,95,0,30,540,702,79.91452991452992,Swedish (http://www.transifex.com/django-rest-framework-1/django-rest-framework/language/sv/)
python-django-reversion,120,0,0,23,0,0,116,120,100.0,LANGUAGE <LL@li.org>
python-django-tables2,2,0,0,2,0,0,2,2,100.0,Swedish <sv@li.org>
python-django3,3375,0,368,826,0,30,3241,3743,90.16831418648144,Swedish (http://www.transifex.com/django/django/language/sv/)
python-fedora,214,0,0,29,0,0,205,214,100.0,Swedish (http://www.transifex.com/projects/p/python-fedora/language/sv/)
python-flask-admin,333,0,34,104,0,8,357,367,90.73569482288828,Swedish
python-formencode,157,0,668,22,0,95,136,825,19.03030303030303,LANGUAGE <LL@li.org>
python-humanize,132,0,0,67,0,0,133,132,100.0,Swedish
python-hyperkitty,61,2,888,25,1,239,67,951,6.414300736067298,Swedish <https://hosted.weblate.org/projects/gnu-mailman/hyperkitty/sv/>
python-manatools,4,0,0,4,0,0,4,4,100.0,Swedish (https://www.transifex.com/MageiaLinux/teams/9361/sv/)
python-meh,109,0,0,23,0,0,103,109,100.0,Swedish <https://translate.fedoraproject.org/projects/python-meh/master/sv/>
python-nikola,80,0,14,34,0,10,76,94,85.1063829787234,Swedish (http://www.transifex.com/ralsina/nikola/language/sv/)
python-postorius,125,36,4893,39,19,573,112,5054,2.4732884843688168,Swedish <https://hosted.weblate.org/projects/gnu-mailman/postorius/sv/>
python-pycryptodomex,82,0,0,27,0,0,84,82,100.0,Swedish (https://www.transifex.com/readthedocs/teams/101354/sv/)
python-simpleline,42,0,0,16,0,0,43,42,100.0,Swedish <https://translate.fedoraproject.org/projects/python-simpleline/master/sv/>
python-sphinx,295,0,4688,134,0,624,268,4983,5.920128436684728,Swedish (http://www.transifex.com/sphinx-doc/sphinx-1/language/sv/)
python-sphinx_rtd_theme,82,0,0,27,0,0,84,82,100.0,Swedish (https://www.transifex.com/readthedocs/teams/101354/sv/)
python-sphinxcontrib-applehelp,0,0,89,0,0,14,0,89,0.0,Swedish (https://www.transifex.com/sphinx-doc/teams/36659/sv/)
python-sphinxcontrib-devhelp,0,0,18,0,0,2,0,18,0.0,Swedish (https://www.transifex.com/sphinx-doc/teams/36659/sv/)
python-sphinxcontrib-htmlhelp,0,0,25,0,0,5,0,25,0.0,Swedish (https://www.transifex.com/sphinx-doc/teams/36659/sv/)
python-sphinxcontrib-qthelp,0,0,33,0,0,3,0,33,0.0,Swedish (https://www.transifex.com/sphinx-doc/teams/36659/sv/)
python-sphinxcontrib-serializinghtml,0,0,18,0,0,2,0,18,0.0,Swedish (https://www.transifex.com/sphinx-doc/teams/36659/sv/)
python-wtforms,166,0,23,30,0,3,155,189,87.83068783068782,sv <LL@li.org>
python-wxpython4,7002,456,488,1692,143,159,6558,7946,88.11980870878429,wxWidgets translators <wx-translators@googlegroups.com>
qalculate-gtk,4256,2,91,1243,1,11,3830,4349,97.86157737410899,Swedish
qemu,35,0,0,19,0,0,38,35,100.0,Swedish <tp-sv@listor.tp-sv.se>
qmlkonsole,125,0,0,49,0,0,132,125,100.0,Swedish <kde-i18n-doc@kde.org>
qtwebkit,684,74,335,165,16,81,602,1093,62.580054894785,Swedish <tp-sv@listor.tp-sv.se>
quadrapassel,1480,0,0,177,0,0,1418,1480,100.0,Swedish <tp-sv@listor.tp-sv.se>
quassel,2044,0,6318,913,0,794,1863,8362,24.44391293948816,Swedish (http://www.transifex.com/quassel/quassel/language/sv/)
quodlibet,1539,1693,4687,491,483,715,1443,7919,19.434272004040913,Swedish <https://hosted.weblate.org/projects/quodlibet/quodlibet/sv/>
rabbitvcs,993,0,531,326,0,146,921,1524,65.15748031496062,Swedish <sv@li.org>
rapid-photo-downloader,1619,0,6467,343,0,581,1510,8086,20.022260697501856,Swedish <sv@li.org>
rawstudio,1100,214,292,385,70,47,1044,1606,68.4931506849315,Rawstudio development <rawstudio-dev@rawstudio.org>
realmd,789,28,16,127,4,3,778,833,94.71788715486194,Swedish (http://www.transifex.com/freedesktop/realmd/language/sv/)
recode,518,235,1,69,7,3,519,754,68.70026525198939,Swedish <tp-sv-list@lists.sourceforge.net>
recutils,2270,114,16,298,10,3,2145,2400,94.58333333333333,Swedish <tp-sv@listor.tp-sv.se>
redhat-menus,261,0,0,86,0,0,225,261,100.0,Swedish <sv@li.org>
rednotebook,1000,33,230,221,8,43,931,1263,79.1765637371338,Swedish <sv@li.org>
redshift,718,0,310,131,0,20,679,1028,69.8443579766537,Swedish <tp-sv@listor.tp-sv.se>
regextester,0,0,104,0,0,31,0,104,0.0,none
regexxer,467,0,0,100,0,0,452,467,100.0,Swedish <tp-sv@listor.tp-sv.se>
rekonq,2202,0,0,593,0,0,2104,2202,100.0,Swedish <kde-i18n-doc@kde.org>
remmina,2728,1694,974,668,220,112,2319,5396,50.555967383246845,Swedish <https://hosted.weblate.org/projects/remmina/remmina/sv/>
renameutils,1302,379,0,168,8,0,1260,1681,77.45389649018442,Swedish <tp-sv@listor.tp-sv.se>
renderdoc,81,0,0,26,0,0,83,81,100.0,Swedish (https://www.transifex.com/readthedocs/teams/101354/sv/)
retrace-server,433,0,0,56,0,0,371,433,100.0,Swedish <https://translate.fedoraproject.org/projects/abrt/retrace-server/sv/>
revelation,1409,172,846,321,36,90,1316,2427,58.0552121961269,Swedish (http://www.transifex.com/hey_neken/revelation/language/sv/)
rhythmbox,8277,0,0,1321,0,0,7735,8277,100.0,Swedish <tp-sv@listor.tp-sv.se>
ristretto,674,0,0,210,0,0,645,674,100.0,Swedish (http://app.transifex.com/xfce/xfce-apps/language/sv/)
rizin,1418,0,0,180,0,0,1320,1418,100.0,Swedish <tp-sv@listor.tp-sv.se>
rkward,38137,4,48,4237,1,1,33791,38189,99.86383513577208,Swedish <kde-i18n-doc@kde.org>
rocs,1480,0,0,314,0,0,1334,1480,100.0,Swedish <kde-i18n-doc@kde.org>
rpm,4364,290,75,842,50,16,4080,4729,92.28166631423133,Swedish <https://translate.fedoraproject.org/projects/rpm/master/sv/>
rpm-ostree,1480,0,0,229,0,0,1548,1480,100.0,Swedish <https://translate.fedoraproject.org/projects/dnf/libdnf-dnf-4-master/sv/>
rsibreak,1209,0,0,160,0,0,1091,1209,100.0,Swedish <kde-i18n-doc@kde.org>
rt,9031,0,4846,2174,0,1005,8991,13877,65.0789075448584,Swedish <sv@li.org>
rygel,1632,0,0,302,0,0,1682,1632,100.0,Swedish <tp-sv@listor.tp-sv.se>
sakura,187,0,21,66,0,4,161,208,89.90384615384616,Swedish <sv@li.org>
samba,454,67,2994,90,18,591,464,3515,12.916073968705547,Novell Language <language@novell.com>
sane-backends,4460,701,849,975,144,135,3901,6010,74.20965058236273,Swedish <sv@li.org>
sawfish,2454,1457,2532,582,226,174,2251,6443,38.087847276113614,Swedish <tp-sv@listor.tp-sv.se>
scalpel,442,0,5,29,0,1,438,447,98.88143176733782,Swedish <tp-sv@listor.tp-sv.se>
scratch,1464,0,6,622,0,4,1396,1470,99.59183673469387,LANGUAGE <LL@li.org>
scummvm,5092,1572,4038,1120,379,329,4590,10702,47.57989160904504,Swedish <https://translations.scummvm.org/projects/scummvm/scummvm/sv/>
sdcc,9119,0,0,1398,0,0,8364,9119,100.0,Swedish <tp-sv@listor.tp-sv.se>
sddm-kcm,211,0,0,41,0,0,191,211,100.0,Swedish <kde-i18n-doc@kde.org>
seahorse,8922,0,0,940,0,0,8169,8922,100.0,Swedish <tp-sv@listor.tp-sv.se>
seahorse-caja,421,0,0,110,0,0,406,421,100.0,Swedish <tp-sv@listor.tp-sv.se>
seahorse-nautilus,490,0,0,124,0,0,466,490,100.0,Swedish <tp-sv@listor.tp-sv.se>
secrets,1170,0,0,344,0,0,1127,1170,100.0,Swedish <tp-sv@listor.tp-sv.se>
sed,830,0,0,146,0,0,819,830,100.0,Swedish <tp-sv@listor.tp-sv.se>
setroubleshoot,640,0,0,168,0,0,599,640,100.0,Swedish <https://translate.fedoraproject.org/projects/setroubleshoot/setroubleshoot/sv/>
setroubleshoot-plugins,6246,0,0,226,0,0,5651,6246,100.0,Swedish <https://translate.fedoraproject.org/projects/setroubleshoot/plugins/sv/>
setuptool,55,0,0,14,0,0,46,55,100.0,Swedish <sv@li.org>
shadow-utils,4201,3461,12233,751,396,859,4035,19895,21.115858255843175,Swedish <debian-l10n-swedish@lists.debian.org>
shared-mime-info,2060,0,0,796,0,0,1130,2060,100.0,Swedish (http://www.transifex.com/freedesktop/shared-mime-info/language/sv/)
sharutils,472,193,2482,111,37,156,474,3147,14.9984111852558,Swedish <tp-sv@listor.tp-sv.se>
shotwell,14335,0,0,1681,0,0,13406,14335,100.0,Swedish <tp-sv@listor.tp-sv.se>
shutter,3093,0,0,606,0,0,3009,3093,100.0,Swedish <sv@li.org>
simple-ccsm,60,17,85,41,7,16,53,162,37.03703703703704,Swedish <sv@li.org>
simple-scan,2198,0,0,326,0,0,2035,2198,100.0,Swedish <tp-sv@listor.tp-sv.se>
sirius,154,0,0,45,0,0,159,154,100.0,LANGUAGE <LL@li.org>
skanlite,186,0,0,63,0,0,177,186,100.0,Swedish <kde-i18n-doc@kde.org>
skanpage,297,0,0,109,0,0,290,297,100.0,Swedish <kde-i18n-doc@kde.org>
skrooge,12181,0,0,2500,0,0,11235,12181,100.0,Swedish <kde-i18n-doc@kde.org>
skychart,4836,0,25,1514,0,5,4310,4861,99.48570253034356,Swedish <sv@li.org>
slick-greeter,216,0,0,49,0,0,199,216,100.0,Swedish <sv@li.org>
slrn,4509,563,279,824,48,78,4385,5351,84.264623434872,Swedish <sv@li.org>
smb4k,6562,0,0,686,0,0,5772,6562,100.0,Swedish <kde-i18n-doc@kde.org>
snapd,2132,0,2175,334,0,147,1999,4307,49.500812630601345,Swedish <sv@li.org>
snapper,830,63,199,199,20,33,861,1092,76.007326007326,Swedish <https://l10n.opensuse.org/projects/snapper/master/sv/>
solaar,0,0,0,0,0,0,0,0,0.0,none
sos,54,34,35,11,7,12,58,123,43.90243902439025,Swedish <tp-sv@listor.tp-sv.se>
sound-juicer,3563,0,0,328,0,0,3228,3563,100.0,Swedish <tp-sv@listor.tp-sv.se>
soundconverter,243,0,267,101,0,28,230,510,47.647058823529406,Swedish <tp-sv@listor.tp-sv.se>
soundkonverter,4062,0,0,570,0,0,3550,4062,100.0,Swedish (Sweden) (http://www.transifex.com/hessijames/soundkonverter/language/sv_SE/)
soundmodem,91,0,0,50,0,0,87,91,100.0,Swedish <tp-sv@listor.tp-sv.se>
soundtracker,1114,1135,2223,321,362,473,1015,4472,24.91055456171735,Swedish <sv@li.org>
spacebar,215,31,19,75,11,9,214,265,81.13207547169812,Swedish <kde-i18n-doc@kde.org>
spacefm,9078,0,0,1622,0,0,8687,9078,100.0,Swedish (http://www.transifex.com/ignorantguru/spacefm/language/sv/)
sparkleshare,395,0,7,85,0,2,374,402,98.2587064676617,
springlobby,768,0,3802,261,0,946,758,4570,16.805251641137854,Swedish
squeekboard,13,0,0,6,0,0,8,13,100.0,
sssd,42987,789,639,3412,38,28,37147,44415,96.78486997635933,Swedish <https://translate.fedoraproject.org/projects/sssd/sssd-2-9/sv/>
stardict,702,858,1475,102,139,352,550,3035,23.13014827018122,Swedish <tp-sv@listor.tp-sv.se>
stellarium,33643,0,117998,10220,0,27635,28585,151641,22.185952347979768,Swedish (https://www.transifex.com/stellarium/teams/80998/sv/)
step,4270,0,0,996,0,0,3721,4270,100.0,Swedish <kde-i18n-doc@kde.org>
stratagus,245,0,0,69,0,0,244,245,100.0,Swedish <tp-sv@listor.tp-sv.se>
strawberry,5217,0,5,1346,0,3,5106,5222,99.90425124473383,Swedish
subversion,36250,0,0,3686,0,0,34055,36250,100.0,Swedish <dev@subversion.apache.org>
sudo,6217,0,0,940,0,0,5679,6217,100.0,Swedish <tp-sv@listor.tp-sv.se>
sugar,2305,0,0,529,0,0,2106,2305,100.0,LANGUAGE <LL@li.org>
sugar-abacus,28,0,0,23,0,0,29,28,100.0,LANGUAGE <LL@li.org>
sugar-browse,334,0,0,71,0,0,332,334,100.0,LANGUAGE <LL@li.org>
sugar-calculator,834,23,9,156,6,7,800,866,96.30484988452656,LANGUAGE <LL@li.org>
sugar-chat,137,0,0,81,0,0,134,137,100.0,LANGUAGE <LL@li.org>
sugar-clock,48,9,9,15,3,3,46,66,72.72727272727273,LANGUAGE <LL@li.org>
sugar-colordeducto,109,0,0,23,0,0,101,109,100.0,LANGUAGE <LL@li.org>
sugar-deducto,107,0,0,23,0,0,99,107,100.0,LANGUAGE <LL@li.org>
sugar-dimensions,176,0,0,87,0,0,157,176,100.0,LANGUAGE <LL@li.org>
sugar-distance,99,0,0,26,0,0,106,99,100.0,LANGUAGE <LL@li.org>
sugar-finance,258,0,0,63,0,0,253,258,100.0,LANGUAGE <LL@li.org>
sugar-flipsticks,151,0,0,45,0,0,142,151,100.0,LANGUAGE <LL@li.org>
sugar-imageviewer,58,0,0,16,0,0,53,58,100.0,LANGUAGE <LL@li.org>
sugar-implode,77,0,0,20,0,0,84,77,100.0,LANGUAGE <LL@li.org>
sugar-log,98,0,0,21,0,0,92,98,100.0,LANGUAGE <LL@li.org>
sugar-maze,7,0,0,4,0,0,8,7,100.0,LANGUAGE <LL@li.org>
sugar-memorize,142,0,0,74,0,0,146,142,100.0,LANGUAGE <LL@li.org>
sugar-physics,48,0,0,28,0,0,50,48,100.0,LANGUAGE <LL@li.org>
sugar-pippy,282,0,0,68,0,0,262,282,100.0,LANGUAGE <LL@li.org>
sugar-read,137,0,0,50,0,0,142,137,100.0,LANGUAGE <LL@li.org>
sugar-record,62,0,0,24,0,0,65,62,100.0,LANGUAGE <LL@li.org>
sugar-speak,227,0,0,74,0,0,224,227,100.0,LANGUAGE <LL@li.org>
sugar-stopwatch,5,0,0,5,0,0,5,5,100.0,LANGUAGE <LL@li.org>
sugar-story,71,0,0,17,0,0,66,71,100.0,LANGUAGE <LL@li.org>
sugar-terminal,121,0,0,26,0,0,113,121,100.0,LANGUAGE <LL@li.org>
sugar-toolkit-gtk3,162,0,51,113,0,10,164,213,76.05633802816901,LANGUAGE <LL@li.org>
sugar-turtleart,427,361,671,152,82,201,390,1459,29.266620973269365,LANGUAGE <LL@li.org>
sugar-view-slides,60,0,0,23,0,0,57,60,100.0,LANGUAGE <LL@li.org>
sugar-write,121,0,0,55,0,0,118,121,100.0,LANGUAGE <LL@li.org>
sugar-xoeditor,29,0,0,7,0,0,26,29,100.0,LANGUAGE <LL@li.org>
supertux,3449,0,61,952,0,7,3225,3510,98.26210826210826,Swedish (http://www.transifex.com/arctic-games/supertux/language/sv/)
supertuxkart,0,0,0,0,0,0,0,0,0.0,
sushi,54,0,0,14,0,0,52,54,100.0,Swedish <tp-sv@listor.tp-sv.se>
svgpart,3,0,0,2,0,0,2,3,100.0,Swedish <sv@li.org>
sweeper,228,0,0,50,0,0,207,228,100.0,Swedish <kde-i18n-doc@kde.org>
swell-foop,992,0,0,147,0,0,988,992,100.0,Swedish <tp-sv@listor.tp-sv.se>
switchdesk,16,87,19,3,10,6,12,122,13.114754098360656,Swedish <tp-sv@listor.tp-sv.se>
sylpheed,7139,73,2,1771,25,1,6528,7214,98.96035486553923,Swedish <sv@li.org>
sympa,17194,1784,17450,2302,320,931,15347,36428,47.19995607774239,Svenska
synapse,795,0,61,220,0,14,782,856,92.87383177570094,
syncevolution,1132,0,0,163,0,0,1050,1132,100.0,Swedish (http://www.transifex.net/projects/p/meego/team/sv/)
synfigstudio,0,0,0,0,0,0,0,0,0.0,
sysprof,1851,0,0,281,0,0,1733,1851,100.0,Swedish <tp-sv@listor.tp-sv.se>
sysstat,851,0,0,83,0,0,809,851,100.0,Swedish <tp-sv@listor.tp-sv.se>
system-config-language,197,17,1,29,1,1,157,215,91.62790697674419,Swedish <tp-sv@listor.tp-sv.se>
system-config-printer,3508,2,4,922,1,5,3179,3514,99.82925441092772,Swedish <https://translate.fedoraproject.org/projects/system-config-printer/master/sv/>
system-config-rootpassword,116,0,0,19,0,0,107,116,100.0,Swedish <tp-sv@listor.tp-sv.se>
system-switch-java,81,0,0,11,0,0,69,81,100.0,Swedish <tp-sv@listor.tp-sv.se>
system-switch-mail,9,88,4,6,8,3,8,101,8.91089108910891,Swedish <tp-sv@listor.tp-sv.se>
systemd,1528,0,0,193,0,0,1462,1528,100.0,Swedish <https://translate.fedoraproject.org/projects/systemd/master/sv/>
tagtool,958,0,0,211,0,0,901,958,100.0,Swedish <sv@li.org>
tali,2427,0,0,187,0,0,2183,2427,100.0,Swedish <tp-sv@listor.tp-sv.se>
tar,3605,44,9,589,4,1,3526,3658,98.55112083105521,Swedish <tp-sv@listor.tp-sv.se>
taxi,62,0,0,15,0,0,67,62,100.0,LANGUAGE <LL@li.org>
tellico,5977,0,0,1301,0,0,5168,5977,100.0,Swedish <kde-i18n-doc@kde.org>
template-glib,23,0,0,4,0,0,22,23,100.0,Swedish <tp-sv@listor.tp-sv.se>
tepl,346,0,0,84,0,0,335,346,100.0,Swedish <tp-sv@listor.tp-sv.se>
terminator,681,0,841,217,0,198,632,1522,44.74375821287779,Swedish (https://www.transifex.com/terminator/teams/109338/sv/)
terminology,982,0,0,233,0,0,863,982,100.0,Swedish <https://hosted.weblate.org/projects/terminology/terminology/sv/>
texi2html,938,420,285,61,68,52,919,1643,57.09068776628119,Swedish <tp-sv@listor.tp-sv.se>
texinfo,5439,381,738,865,50,75,5191,6558,82.93687099725527,Swedish <tp-sv@listor.tp-sv.se>
thonny,530,0,960,151,0,190,505,1490,35.57046979865772,
thunar-archive-plugin,88,0,0,15,0,0,90,88,100.0,Swedish (http://www.transifex.com/xfce/thunar-plugins/language/sv/)
thunar-media-tags-plugin,158,0,0,60,0,0,142,158,100.0,Swedish (http://www.transifex.com/xfce/thunar-plugins/language/sv/)
thunar-vcs-plugin,774,0,0,307,0,0,736,774,100.0,Swedish (http://www.transifex.com/xfce/thunar-plugins/language/sv/)
thunar-volman,484,0,0,115,0,0,430,484,100.0,Swedish (http://www.transifex.com/xfce/thunar-volman/language/sv/)
thunderbird,788,391,448,275,119,95,687,1627,48.43269821757836,Swedish <tp-sv@listor.tp-sv.se>
tigervnc,1047,0,0,196,0,0,974,1047,100.0,Swedish <tp-sv@listor.tp-sv.se>
tilda,104,25,579,41,12,150,97,708,14.689265536723164,Swedish <tp-sv@listor.tp-sv.se>
tiled,29,0,0,4,0,0,26,29,100.0,Swedish <https://hosted.weblate.org/projects/tiled/documentation-index/sv/>
tilix,2810,0,0,722,0,0,2650,2810,100.0,Swedish <https://hosted.weblate.org/projects/tilix/manpage/sv/>
timeshift,2870,0,0,567,0,0,2655,2870,100.0,Svenska Språkfiler <eson@svenskasprakfiler.se>
tin,1025,456,9935,346,116,1119,1016,11416,8.978626489138051,Swedish <tp-sv@listor.tp-sv.se>
tokodon,1157,0,0,434,0,0,1191,1157,100.0,Swedish <kde-i18n-doc@kde.org>
tomboy,7256,0,0,742,0,0,6914,7256,100.0,Swedish <tp-sv@listor.tp-sv.se>
toppler,506,5,32,203,2,17,517,543,93.18600368324125,Swedish <tp-sv@listor.tp-sv.se>
torbrowser-launcher,228,0,0,48,0,0,224,228,100.0,Swedish
tortoisehg,271,0,12972,92,0,2336,265,13243,2.046364116891943,Swedish <sv@li.org>
totem,3209,0,0,552,0,0,2970,3209,100.0,Swedish <tp-sv@listor.tp-sv.se>
totem-pl-parser,29,0,0,8,0,0,23,29,100.0,Swedish <tp-sv@listor.tp-sv.se>
trac,15031,0,0,1701,0,0,13868,15031,100.0,sv <trac-dev@googlegroups.com>
trackballs,512,110,1009,160,49,291,489,1631,31.39178418148375,
tracker,600,0,0,114,0,0,551,600,100.0,Swedish <tp-sv@listor.tp-sv.se>
tracker-miners,1824,0,0,294,0,0,1738,1824,100.0,Swedish <tp-sv@listor.tp-sv.se>
trader,2036,0,0,238,0,0,1910,2036,100.0,Swedish <tp-sv@listor.tp-sv.se>
transmageddon,203,0,0,59,0,0,215,203,100.0,Swedish <tp-sv@listor.tp-sv.se>
transmission,2431,0,10,584,0,1,2624,2441,99.59033183121672,Swedish (https://app.transifex.com/transmissionbt/teams/33778/sv/)
transmission-remote-gtk,577,56,497,280,20,114,548,1130,51.06194690265487,LANGUAGE <LL@li.org>
tre,424,0,5,29,0,1,422,429,98.83449883449883,Swedish <tp-sv@listor.tp-sv.se>
trojita,9444,0,0,1959,0,0,8748,9444,100.0,Swedish <kde-i18n-doc@kde.org>
trustedqsl,4367,0,254,655,0,17,4030,4621,94.50335425232633,TQSL Developers
tuba,934,0,0,297,0,0,930,934,100.0,Swedish <https://hosted.weblate.org/projects/tuba/tuba/sv/>
tumbler,148,0,0,25,0,0,137,148,100.0,Swedish (http://www.transifex.com/xfce/tumbler/language/sv/)
tuxmath,428,170,857,119,22,108,430,1455,29.41580756013746,Swedish <tp-sv@listor.tp-sv.se>
tuxpaint,1517,649,1597,287,76,98,1558,3763,40.313579590752056,Svenska <debian-l10n-swedish@lists.debian.org>
tuxpaint-stamps,3246,3,0,804,1,0,2789,3249,99.90766389658357,Svenska <debian-l10n-swedish@lists.debian.org>
tuxtype2,71,0,9,32,0,8,62,80,88.75,Swedish <tp-sv@listor.tp-sv.se>
tvtime,1065,116,41,231,8,7,964,1222,87.15220949263502,Per von Zweigbergk <pvz@e.kth.se>
udisks2,2158,0,29,512,0,5,2064,2187,98.67398262459992,Swedish
ufraw,511,128,1533,180,33,212,482,2172,23.52670349907919,Swedish <LL@li.org>
ufw,767,0,112,163,0,18,796,879,87.25824800910125,Swedish <sv@li.org>
ufw-kde,815,0,0,190,0,0,755,815,100.0,Swedish <kde-i18n-doc@kde.org>
uget,1085,0,0,362,0,0,1091,1085,100.0,Swedish (http://www.transifex.com/uget/uget/language/sv/)
umbrello,6132,0,0,1668,0,0,5671,6132,100.0,Swedish <kde-i18n-doc@kde.org>
upower,29,0,19,6,0,4,25,48,60.416666666666664,Swedish <tp-sv@listor.tp-sv.se>
usermode,573,0,0,96,0,0,531,573,100.0,Swedish (http://www.transifex.com/projects/p/fedora/language/sv/)
util-linux,23666,2509,680,4324,444,110,22635,26855,88.12511636566748,Swedish <tp-sv@listor.tp-sv.se>
vakzination,90,1,21,44,1,6,85,112,80.35714285714286,Swedish <kde-i18n-doc@kde.org>
w3m,952,0,7,235,0,2,840,959,99.27007299270073,Swedish <tp-sv@listor.tp-sv.se>
waf,15,0,0,4,0,0,10,15,100.0,Swedish
wallpapoz,395,0,0,101,0,0,409,395,100.0,Swedish <tp-sv@listor.tp-sv.se>
warmux,1554,417,773,282,78,112,1516,2744,56.63265306122449,Swedish <tp-sv@listor.tp-sv.se>
watchdog,97,23,5,6,1,1,91,125,77.60000000000001,swedish <debian-l10n-swedish@lists.debian.org>
wcd,8133,0,0,659,0,0,7369,8133,100.0,Swedish <tp-sv@listor.tp-sv.se>
wdiff,993,0,0,150,0,0,988,993,100.0,Swedish <tp-sv@listor.tp-sv.se>
webkitgtk,1653,0,0,495,0,0,1491,1653,100.0,Swedish <tp-sv@listor.tp-sv.se>
wesnoth,140015,61461,137992,10297,3017,7963,133794,339468,41.24541930314492,Swedish
wget,4068,23,9,650,4,1,3896,4100,99.21951219512195,Swedish <tp-sv-list@lists.sourceforge.net>
wget2,2376,190,65,439,32,9,2292,2631,90.3078677309008,Swedish <tp-sv@listor.tp-sv.se>
whatip,222,0,0,59,0,0,218,222,100.0,Svenska Språkfiler <contactform@svenskasprakfiler.se>
widelands,46485,0,37117,4781,0,3234,43471,83602,55.602736776632135,Swedish (http://www.transifex.com/widelands/widelands/language/sv/)
wike,497,0,0,137,0,0,478,497,100.0,
wine,14653,2238,2421,3306,516,462,12996,19312,75.87510356255179,Swedish
wingpanel,6,0,10,1,0,2,4,16,37.5,LANGUAGE <LL@li.org>
wireplumber,9,0,0,4,0,0,9,9,100.0,Swedish <tp-sv@listor.tp-sv.se>
wireshark,258,0,0,16,0,0,233,258,100.0,Swedish (http://www.transifex.com/wireshark/wireshark/language/sv/)
wol,298,0,0,31,0,0,287,298,100.0,
workrave,1027,151,220,191,49,34,969,1398,73.4620886981402,Swedish <tp-sv@listor.tp-sv.se>
wxGTK,7002,456,488,1692,143,159,6558,7946,88.11980870878429,wxWidgets translators <wx-translators@googlegroups.com>
wxGTK3,7700,47,58,1804,36,43,7197,7805,98.65470852017937,wxWidgets translators <wx-translators@googlegroups.com>
xapps,73,0,0,36,0,0,68,73,100.0,Swedish <sv@li.org>
xarchiver,905,265,44,248,37,18,886,1214,74.54695222405272,Swedish <tp-sv@listor.tp-sv.se>
xawtv,126,0,0,24,0,0,107,126,100.0,Swedish <debian-l10n-swedish@lists.debian.org>
xchm,239,0,0,98,0,0,226,239,100.0,Svenska Språkfiler <contactform@svenskasprakfiler.se>
xdg-desktop-portal,254,0,0,36,0,0,207,254,100.0,Swedish <tp-sv@listor.tp-sv.se>
xdg-desktop-portal-gnome,194,0,0,59,0,0,197,194,100.0,Swedish <tp-sv@listor.tp-sv.se>
xdg-desktop-portal-gtk,240,0,0,64,0,0,236,240,100.0,Swedish <tp-sv@listor.tp-sv.se>
xdg-desktop-portal-kde,343,0,0,94,0,0,334,343,100.0,Swedish <kde-i18n-doc@kde.org>
xdg-desktop-portal-xapp,225,0,0,62,0,0,227,225,100.0,Swedish <tp-sv@listor.tp-sv.se>
xdg-user-dirs,28,0,0,28,0,0,28,28,100.0,Swedish <tp-sv@listor.tp-sv.se>
xdg-user-dirs-gtk,81,0,0,11,0,0,75,81,100.0,Swedish <tp-sv@listor.tp-sv.se>
xdialog,20,0,1,14,0,1,23,21,95.23809523809523,Swedish <forsberg@cendio.se>
xed,11314,0,0,1594,0,0,10495,11314,100.0,Swedish <tp-sv@listor.tp-sv.se>
xen,35,0,0,19,0,0,38,35,100.0,Swedish <tp-sv@listor.tp-sv.se>
xfburn,1566,0,0,324,0,0,1461,1566,100.0,Swedish (http://www.transifex.com/xfce/xfce-apps/language/sv/)
xfce4-appfinder,455,0,0,89,0,0,454,455,100.0,Swedish (http://www.transifex.com/xfce/xfce4-appfinder/language/sv/)
xfce4-battery-plugin,145,0,0,42,0,0,161,145,100.0,Swedish (http://app.transifex.com/xfce/xfce-panel-plugins/language/sv/)
xfce4-calculator-plugin,42,0,0,17,0,0,40,42,100.0,Swedish (https://www.transifex.com/xfce/teams/16840/sv/)
xfce4-clipman-plugin,553,0,14,96,0,1,516,567,97.53086419753086,Swedish (http://app.transifex.com/xfce/xfce-panel-plugins/language/sv/)
xfce4-cpufreq-plugin,174,0,0,48,0,0,139,174,100.0,Swedish (http://www.transifex.com/xfce/xfce-panel-plugins/language/sv/)
xfce4-cpugraph-plugin,186,0,2,63,0,1,172,188,98.93617021276596,Swedish (http://app.transifex.com/xfce/xfce-panel-plugins/language/sv/)
xfce4-datetime-plugin,52,0,0,19,0,0,54,52,100.0,Swedish (http://www.transifex.com/xfce/xfce-panel-plugins/language/sv/)
xfce4-dict,531,0,0,121,0,0,477,531,100.0,Swedish (http://app.transifex.com/xfce/xfce-apps/language/sv/)
xfce4-diskperf-plugin,181,0,0,37,0,0,170,181,100.0,Swedish (http://www.transifex.com/xfce/xfce-panel-plugins/language/sv/)
xfce4-eyes-plugin,16,0,0,5,0,0,19,16,100.0,Swedish (http://www.transifex.com/xfce/xfce-panel-plugins/language/sv/)
xfce4-fsguard-plugin,71,0,0,19,0,0,68,71,100.0,Swedish (http://www.transifex.com/xfce/xfce-panel-plugins/language/sv/)
xfce4-genmon-plugin,116,0,0,29,0,0,120,116,100.0,Swedish (http://www.transifex.com/xfce/xfce-panel-plugins/language/sv/)
xfce4-mailwatch-plugin,678,0,0,123,0,0,584,678,100.0,Swedish (http://app.transifex.com/xfce/xfce-panel-plugins/language/sv/)
xfce4-mount-plugin,380,0,0,56,0,0,354,380,100.0,Swedish (http://app.transifex.com/xfce/xfce-panel-plugins/language/sv/)
xfce4-mpc-plugin,99,0,0,35,0,0,92,99,100.0,Swedish (http://app.transifex.com/xfce/xfce-panel-plugins/language/sv/)
xfce4-netload-plugin,104,0,2,38,0,1,94,106,98.11320754716981,Swedish (http://app.transifex.com/xfce/xfce-panel-plugins/language/sv/)
xfce4-notes-plugin,173,0,0,65,0,0,187,173,100.0,Swedish (http://app.transifex.com/xfce/xfce-panel-plugins/language/sv/)
xfce4-notifyd,352,0,50,91,0,5,318,402,87.56218905472637,Swedish (http://www.transifex.com/xfce/xfce-apps/language/sv/)
xfce4-panel,1951,0,3,488,0,1,1861,1954,99.84646878198568,Swedish (https://www.transifex.com/xfce/teams/16840/sv/)
xfce4-panel-profiles,144,0,0,33,0,0,127,144,100.0,Swedish (https://app.transifex.com/xfce/teams/16840/sv/)
xfce4-places-plugin,162,0,0,47,0,0,149,162,100.0,Swedish (http://www.transifex.com/xfce/xfce-panel-plugins/language/sv/)
xfce4-power-manager,1047,0,0,213,0,0,937,1047,100.0,Swedish (https://app.transifex.com/xfce/teams/16840/sv/)
xfce4-pulseaudio-plugin,190,0,0,45,0,0,169,190,100.0,Swedish (http://app.transifex.com/xfce/xfce-panel-plugins/language/sv/)
xfce4-screensaver,693,0,50,153,0,14,624,743,93.27052489905788,Swedish (https://app.transifex.com/xfce/teams/16840/sv/)
xfce4-screenshooter,733,0,0,113,0,0,661,733,100.0,Swedish (http://app.transifex.com/xfce/xfce-apps/language/sv/)
xfce4-sensors-plugin,433,0,0,87,0,0,398,433,100.0,Swedish (http://www.transifex.com/xfce/xfce-panel-plugins/language/sv/)
xfce4-session,782,0,0,167,0,0,804,782,100.0,Swedish (https://app.transifex.com/xfce/teams/16840/sv/)
xfce4-settings,2476,0,0,580,0,0,2302,2476,100.0,Swedish (https://www.transifex.com/xfce/teams/16840/sv/)
xfce4-smartbookmark-plugin,22,0,0,9,0,0,20,22,100.0,Swedish (http://www.transifex.com/xfce/xfce-panel-plugins/language/sv/)
xfce4-statusnotifier-plugin,129,0,0,25,0,0,115,129,100.0,Swedish (https://www.transifex.com/xfce/teams/16840/sv/)
xfce4-systemload-plugin,94,0,6,29,0,1,84,100,94.0,Swedish (http://www.transifex.com/xfce/xfce-panel-plugins/language/sv/)
xfce4-taskmanager,221,0,8,70,0,4,208,229,96.50655021834062,Swedish (http://app.transifex.com/xfce/xfce-apps/language/sv/)
xfce4-terminal,1616,0,0,400,0,0,1585,1616,100.0,Swedish (http://app.transifex.com/xfce/xfce-apps/language/sv/)
xfce4-time-out-plugin,115,0,0,39,0,0,112,115,100.0,Swedish (http://www.transifex.com/xfce/xfce-panel-plugins/language/sv/)
xfce4-timer-plugin,138,0,0,49,0,0,123,138,100.0,Swedish (http://www.transifex.com/xfce/xfce-panel-plugins/language/sv/)
xfce4-verve-plugin,88,0,0,27,0,0,83,88,100.0,Swedish (http://app.transifex.com/xfce/xfce-panel-plugins/language/sv/)
xfce4-wavelan-plugin,77,0,3,21,0,1,77,80,96.25,Swedish (http://www.transifex.com/xfce/xfce-panel-plugins/language/sv/)
xfce4-weather-plugin,3670,0,0,332,0,0,3301,3670,100.0,Swedish (http://app.transifex.com/xfce/xfce-panel-plugins/language/sv/)
xfce4-whiskermenu-plugin,439,0,0,140,0,0,455,439,100.0,Swedish (Sweden) (http://app.transifex.com/gottcode/xfce4-whiskermenu-plugin/language/sv_SE/)
xfce4-xkb-plugin,65,0,0,24,0,0,57,65,100.0,Swedish (http://www.transifex.com/xfce/xfce-panel-plugins/language/sv/)
xfconf,458,0,0,67,0,0,428,458,100.0,Swedish (http://app.transifex.com/xfce/xfconf/language/sv/)
xfdashboard,1084,0,6900,156,0,922,1039,7984,13.577154308617235,Swedish (Sweden) (http://www.transifex.com/xfdashboard/xfdashboard/language/sv_SE/)
xfdesktop,1081,0,0,257,0,0,1021,1081,100.0,Swedish (https://www.transifex.com/xfce/teams/16840/sv/)
xfe,3049,684,2507,979,104,30,2828,6240,48.86217948717949,Swedish
xfmpc,175,0,0,78,0,0,184,175,100.0,Swedish (http://www.transifex.com/xfce/xfce-apps/language/sv/)
xfpanel-switch,62,0,39,24,0,2,54,101,61.386138613861384,Swedish <sv@li.org>
xfwm4,666,0,0,178,0,0,618,666,100.0,Swedish (http://www.transifex.com/xfce/xfwm4/language/sv/)
xiphos,4576,177,228,1054,53,33,4262,4981,91.8691025898414,Xiphos Dev Team <xiphos-devel@crosswire.org>
xkeyboard-config,4051,0,0,1258,0,0,3976,4051,100.0,Swedish <tp-sv@listor.tp-sv.se>
xlog,1412,77,21,325,10,5,1290,1510,93.50993377483444,Swedish <kde-i18n-doc@kde.org>
xmlcopyeditor,937,306,443,304,89,97,898,1686,55.575326215895615,LANGUAGE <LL@li.org>
xmoto,3754,12,169,819,2,20,3556,3935,95.4002541296061,Svenska <sv@li.org>
xournalpp,1471,0,3125,498,0,392,1419,4596,32.006092254134025,Swedish
xpad,184,0,252,48,0,87,199,436,42.201834862385326,Swedish <tp-sv@listor.tp-sv.se>
xreader,3544,0,0,593,0,0,3281,3544,100.0,Swedish <tp-sv@listor.tp-sv.se>
xsane,1938,970,316,503,161,64,1806,3224,60.11166253101737,LANGUAGE <sv@li.org>
xscreensaver,373,2453,9988,176,836,1124,346,12814,2.910878726393008,Swedish <sv@li.org>
xsnow,4136,0,0,582,0,0,3936,4136,100.0,None
xwaylandvideobridge,28,0,0,8,0,0,22,28,100.0,Swedish <kde-i18n-doc@kde.org>
xz,1410,0,0,179,0,0,1314,1410,100.0,Swedish <tp-sv@listor.tp-sv.se>
yakuake,1669,0,0,237,0,0,1487,1669,100.0,Swedish <kde-i18n-doc@kde.org>
yelp,351,0,0,74,0,0,317,351,100.0,Swedish <tp-sv@listor.tp-sv.se>
yelp-xsl,88,0,0,64,0,0,87,88,100.0,Swedish <tp-sv@listor.tp-sv.se>
yp-tools,782,44,79,129,7,14,706,905,86.40883977900552,Swedish <tp-sv@listor.tp-sv.se>
ypbind,268,57,32,55,8,6,263,357,75.07002801120449,Swedish <tp-sv@listor.tp-sv.se>
zabbix,861,0,18519,384,0,3564,873,19380,4.442724458204334,Zabbix <info@zabbix.com>
zanshin,495,0,0,118,0,0,560,495,100.0,Swedish <kde-i18n-doc@kde.org>
zathura,722,0,82,161,0,12,654,804,89.80099502487562,Swedish (http://www.transifex.com/pwmt/zathura/language/sv/)
zenity,3962,0,0,549,0,0,3445,3962,100.0,Swedish <tp-sv@listor.tp-sv.se>
zypper,8947,1,699,1229,1,46,8554,9647,92.74385819425729,Swedish <https://l10n.opensuse.org/projects/zypper/master/sv/>
