package,translatedsourcewords,fuzzysourcewords,untranslatedsourcewords,translated,fuzzy,untranslated,translatedtargetwords,totalsourcewordssum,progress,team
GConf2,4088,0,0,497,0,0,4084,4088,100.0,Slovenian GNOME Translation Team <gnome-si@googlegroups.com>
NetworkManager,1228,2442,20646,249,519,1327,1253,24316,5.050172725777266,Slovenian GNOME Translation Team <gnome-si@googlegroups.com>
NetworkManager-fortisslvpn,43,56,224,10,15,35,42,323,13.312693498452013,Slovenian GNOME Translation Team <gnome-si@googlegroups.com>
NetworkManager-iodine,80,0,0,25,0,0,82,80,100.0,Slovenian GNOME Translation Team <gnome-si@googlegroups.com>
NetworkManager-l2tp,297,0,845,67,0,112,297,1142,26.007005253940456,Slovenian GNOME Translation Team <gnome-si@googlegroups.com>
NetworkManager-libreswan,31,43,391,14,10,52,34,465,6.666666666666667,Slovenian GNOME Translation Team <gnome-si@googlegroups.com>
NetworkManager-openconnect,2593,94,3675,480,20,616,2936,6362,40.75762338887142,Slovenian GNOME Translation Team <gnome-si@googlegroups.com>
NetworkManager-openvpn,969,39,41,159,4,6,964,1049,92.37368922783602,Slovenian GNOME Translation Team <gnome-si@googlegroups.com>
NetworkManager-pptp,415,0,0,77,0,0,403,415,100.0,Slovenian GNOME Translation Team <gnome-si@googlegroups.com>
NetworkManager-ssh,120,85,81,32,21,16,118,286,41.95804195804196,Slovenian GNOME Translation Team <gnome-si@googlegroups.com>
NetworkManager-sstp,415,0,0,77,0,0,403,415,100.0,Slovenian GNOME Translation Team <gnome-si@googlegroups.com>
NetworkManager-vpnc,442,0,0,84,0,0,449,442,100.0,Slovenian GNOME Translation Team <gnome-si@googlegroups.com>
PackageKit,1211,0,71,305,0,16,1195,1282,94.46177847113884,Slovenian (http://www.transifex.com/freedesktop/packagekit/language/sl/)
Thunar,3866,0,532,716,0,44,3372,4398,87.90359254206457,Slovenian (https://www.transifex.com/xfce/teams/16840/sl/)
Zim,1912,41,978,482,12,195,1889,2931,65.23370863186626,Slovenian <sl@li.org>
a2ps,937,351,224,148,16,15,1044,1512,61.97089947089947,Slovenian <sl@li.org>
abattis-cantarell-fonts,27,0,0,3,0,0,24,27,100.0,Slovenian GNOME Translation Team <gnome-si@googlegroups.com>
accerciser,702,0,1435,247,0,77,654,2137,32.84978942442677,Slovenian GNOME Translation Team <gnome-si@googlegroups.com>
accountsservice,59,0,0,10,0,0,55,59,100.0,Slovenian (http://www.transifex.com/freedesktop/accountsservice/language/sl/)
aisleriot,3115,633,18535,697,222,630,2352,22283,13.979266705560292,Slovenian GNOME Translation Team <gnome-si@googlegroups.com>
akonadi-calendar-tools,633,140,12,144,24,4,686,785,80.63694267515925,Slovenian <lugos-slo@lugos.si>
akonadi-import-wizard,391,0,0,83,0,0,417,391,100.0,Slovenian <lugos-slo@lugos.si>
akregator,1743,30,3,427,3,1,1772,1776,98.1418918918919,Slovenian <lugos-slo@lugos.si>
alacarte,45,0,0,20,0,0,45,45,100.0,Slovenian GNOME Translation Team <gnome-si@googlegroups.com>
alleyoop,351,0,0,92,0,0,331,351,100.0,Slovenian GNOME Translation Team <gnome-si@googlegroups.com>
almanah,805,0,0,143,0,0,814,805,100.0,Slovenian GNOME Translation Team <gnome-si@googlegroups.com>
amarok,15650,87,82,2776,2,2,16712,15819,98.93166445413742,Slovenian <lugos-slo@lugos.si>
amtk,11,0,0,3,0,0,11,11,100.0,Slovenian GNOME Translation Team <gnome-si@googlegroups.com>
anaconda,79,0,7744,17,0,1272,67,7823,1.0098427713153522,Slovenian (http://www.transifex.com/projects/p/anaconda/language/sl/)
analitza,988,4,0,221,1,0,964,992,99.59677419354838,Slovenian <lugos-slo@lugos.si>
anjuta,8423,0,13592,2077,0,569,8070,22015,38.26027708380649,Slovenian GNOME Translation Team <gnome-si@googlegroups.com>
appstream,71,106,731,23,18,156,68,908,7.819383259911894,Slovenian (http://www.transifex.com/freedesktop/appstream/language/sl/)
arduino,1658,0,1546,322,0,285,1634,3204,51.7478152309613,Slovenian (Slovenia) (http://www.transifex.com/mbanzi/arduino-ide-15/language/sl_SI/)
ark,1804,89,8,327,11,3,1806,1901,94.89742240925828,Slovenian <lugos-slo@lugos.si>
artikulate,366,38,33,127,16,11,351,437,83.7528604118993,Slovenian <lugos-slo@lugos.si>
aspell,1797,0,0,303,0,0,1602,1797,100.0,Slovenian <translation-team-sl@lists.sourceforge.net>
asunder,405,29,58,73,7,11,387,492,82.3170731707317,Slovenian <sl@li.org>
at-spi2-core,10,0,0,2,0,0,9,10,100.0,Slovenian GNOME Translation Team <gnome-si@googlegroups.com>
atk,440,0,0,169,0,0,393,440,100.0,Slovenian GNOME Translation Team <gnome-si@googlegroups.com>
atomix,169,0,0,44,0,0,147,169,100.0,Slovenian GNOME Translation Team <gnome-si@googlegroups.com>
atril,1868,0,1979,445,0,197,1778,3847,48.55731739017416,Slovenian (https://www.transifex.com/mate/teams/13566/sl/)
audacity,11786,3275,1806,2784,777,333,11690,16867,69.87608940534771,Martin Srebotnjak <miles@filmsi.net>
avahi,865,2,1,165,2,1,882,868,99.65437788018433,Slovenian (http://www.transifex.com/lennart/avahi/language/sl/)
avogadro,5873,0,734,2175,0,197,6015,6607,88.89057060693204,Slovenian <sl@li.org>
avogadro2,137,67,258,84,25,40,175,462,29.653679653679653,Slovenian <sl@li.org>
avogadro2-libs,352,748,1549,264,275,289,398,2649,13.28803322008305,Slovenian <sl@li.org>
backintime,169,0,1803,85,0,264,170,1972,8.56997971602434,<cvelbar@gmail.com>
baloo-widgets,28,16,7,17,8,6,32,51,54.90196078431373,Slovenian <lugos-slo@lugos.si>
balsa,16884,1995,230,1829,274,33,14986,19109,88.35627191375791,Slovenian GNOME translation team <gnome-si@googlegroups.com>
banshee,11200,0,0,1841,0,0,10665,11200,100.0,Slovenian GNOME Translation Team <gnome-si@googlegroups.com>
baobab,1098,0,0,131,0,0,1018,1098,100.0,Slovenian Gnome translation team <gnome-si@googlegroups.com>
bash,5568,5784,155,487,74,25,5327,11507,48.387937777005305,Slovenian <translation-team-sl@lists.sourceforge.net>
bibus,2063,0,0,589,0,0,1946,2063,100.0,Martin Srebotnjak <miles@filmsi.net>
bijiben,409,0,0,127,0,0,405,409,100.0,Slovenian GNOME Translation Team <gnome-si@googlegroups.com>
bison,104,44,47,25,9,14,113,195,53.333333333333336,Slovenian <translation-team-sl@lists.sourceforge.net>
bleachbit,1000,0,260,236,0,31,989,1260,79.36507936507937,Slovenian <sl@li.org>
blinken,133,0,0,47,0,0,134,133,100.0,Slovenian <lugos-slo@lugos.si>
blogilo,1392,0,0,337,0,0,1366,1392,100.0,Slovenian <lugos-slo@lugos.si>
blueberry,141,0,21,34,0,2,160,162,87.03703703703704,Slovenian <sl@li.org>
bluedevil,556,33,29,187,2,5,572,618,89.96763754045307,Slovenian <lugos-slo@lugos.si>
blueman,1155,53,524,314,27,174,1209,1732,66.68591224018475,Slovenian <https://hosted.weblate.org/projects/blueman/stable/sl/>
bomber,103,0,0,27,0,0,87,103,100.0,Slovenian <lugos-slo@lugos.si>
bookworm,0,0,795,0,0,149,0,795,0.0,
bovo,81,0,0,25,0,0,73,81,100.0,Slovenian <lugos-slo@lugos.si>
brasero,7736,0,0,1116,0,0,6828,7736,100.0,Slovenian GNOME Translation Team <gnome-si@googlegroups.com>
byzanz,236,0,0,52,0,0,222,236,100.0,Slovenian <gnome-si@googlegroups.com>
cairo-clock,270,0,0,60,0,0,262,270,100.0,Slovenian
cairo-dock,2845,0,4619,438,0,389,2349,7464,38.11629153269024,Slovenian <sl@li.org>
caja,8683,0,948,1485,0,116,7978,9631,90.156785380542,Slovenian (https://www.transifex.com/mate/teams/13566/sl/)
caja-actions,8582,0,11445,862,0,659,7507,20027,42.852149598042644,Slovenian MATE Translation Team <gnome-si@googlegroups.com>
caja-extensions,667,3,1,142,3,1,672,671,99.40387481371089,Slovenian (https://www.transifex.com/mate/teams/13566/sl/)
calamares,0,0,443,0,0,84,0,443,0.0,Slovenian (https://www.transifex.com/calamares/teams/20061/sl/)
calibre,11673,0,288098,2909,0,32140,10791,299771,3.8939723989311843,Slovenian (http://www.transifex.com/calibre/calibre/language/sl/)
calligra,22766,5310,7740,5999,877,857,20953,35816,63.5637703819522,Slovenian <lugos-slo@lugos.si>
calligraplan,1719,2381,5504,749,705,609,1728,9604,17.898792169929195,Slovenian <lugos-slo@lugos.si>
camorama,479,95,201,101,21,44,443,775,61.806451612903224,Slovenian <sl@li.org>
cantor,2042,64,674,460,22,63,2064,2780,73.45323741007195,Slovenian <lugos-slo@lugos.si>
caribou,169,0,0,57,0,0,159,169,100.0,Slovenian GNOME translation team <gnome-si@googlegroups.com>
catfish,873,0,13,140,0,1,810,886,98.53273137697516,Slovenian (https://www.transifex.com/xfce/teams/16840/sl/)
certmonger,0,0,2831,0,0,473,0,2831,0.0,Slovenian (http://www.transifex.com/projects/p/certmonger/language/sl/)
cervisia,1619,0,0,421,0,0,1540,1619,100.0,Slovenian <lugos-slo@lugos.si>
cheese,2338,0,0,245,0,0,2050,2338,100.0,Slovenian GNOME Translation Team <gnome-si@googlegroups.com>
chkconfig,413,0,142,84,0,19,410,555,74.41441441441441,Slovenian (http://www.transifex.com/projects/p/fedora/language/sl/)
choqok,2257,0,0,569,0,0,2350,2257,100.0,Slovenian <lugos-slo@lugos.si>
chrome-gnome-shell,14,59,235,13,19,14,15,308,4.545454545454546,Slovenian GNOME Translation Team <gnome-si@googlegroups.com>
cinnamon-control-center,521,88,704,521,69,166,521,1313,39.68012185833968,Slovenian <translation-team-sl@lists.sourceforge.net>
cinnamon-desktop,234,0,0,32,0,0,229,234,100.0,Slovenian GNOME Translation Team <gnome-si@googlegroups.com>
cinnamon-translations,17875,0,5026,4353,0,758,18342,22901,78.05336011527882,Slovenian <sl@li.org>
clamtk,756,0,13,206,0,4,753,769,98.30949284785436,
clementine,4911,0,255,1319,0,58,4962,5166,95.06387921022068,Slovenian (http://www.transifex.com/davidsansome/clementine/language/sl/)
clutter,3057,0,0,675,0,0,2588,3057,100.0,Slovenian GNOME Translation Team <gnome-si@googlegroups.com>
cogl,378,0,0,76,0,0,358,378,100.0,Slovenian GNOME Translation Team <gnome-si@googlegroups.com>
coin,0,0,252,0,0,50,0,252,0.0,none
colord,522,0,1468,127,0,126,496,1990,26.231155778894472,Slovenian (http://www.transifex.com/freedesktop/colord/language/sl/)
colord-kde,361,8,0,118,2,0,340,369,97.8319783197832,Slovenian <lugos-slo@lugos.si>
compiz,118,1167,3100,47,396,436,122,4385,2.6909920182440135,Slovenian <sl@li.org>
console-setup,985,12,4,175,2,1,927,1001,98.4015984015984,Slovenian <gnome-si@googlegroups.com>
coreutils,18594,2151,585,1645,105,51,19010,21330,87.17299578059071,Slovenian <translation-team-sl@lists.sourceforge.net>
cracklib,93,0,3,15,0,1,80,96,96.875,Slovenščina <sl@li.org>
cups-pk-helper,149,0,0,22,0,0,127,149,100.0,Slovenian <lugos-slo@lugos.si>
d-feet,114,0,0,37,0,0,111,114,100.0,Slovenščina <gnome-si@googlegroups.com>
darktable,17429,0,0,3467,0,0,17413,17429,100.0,Slovenian <lugos-slo@lugos.si>
dasher,1335,0,5898,269,0,202,1424,7233,18.45707175445873,Slovenian GNOME Translation Team <gnome-si@googlegroups.com>
dconf-editor,2951,0,0,390,0,0,2760,2951,100.0,Slovenian GNOME Translation Team <gnome-si@googlegroups.com>
debconf,785,17,60,86,4,4,763,862,91.06728538283063,Slovenian <lugos-slo@lugos.si>
decibel-audio-player,74,0,1420,14,0,223,77,1494,4.953145917001338,Slovenian <sl@li.org>
deepin-daemon,864,0,199,200,0,28,891,1063,81.2793979303857,Slovenian (http://www.transifex.com/linuxdeepin/deepin-desktop-environment/language/sl/)
deepin-terminal,377,0,81,157,0,12,394,458,82.31441048034934,Slovenian (https://www.transifex.com/linuxdeepin/teams/3976/sl/)
deja-dup,3373,0,791,415,0,76,3387,4164,81.00384245917387,Slovenian <sl@li.org>
deluge,2393,0,223,839,0,12,2348,2616,91.47553516819572,Slovenian <sl@li.org>
devhelp,384,0,0,95,0,0,348,384,100.0,Slovenian GNOME Translation Team <gnome-si@googlegroups.com>
dia,6607,0,0,2364,0,0,6808,6607,100.0,Slovenian GNOME Translation Team <gnome-si@googlegroups.com>
dialog,25,0,0,23,0,0,26,25,100.0,Slovenian <translation-team-sl@lists.sourceforge.net>
digikam,51176,176,6,7809,16,1,49265,51358,99.64562482962732,Slovenian <lugos-slo@lugos.si>
dippi,0,0,397,0,0,53,0,397,0.0,none
dnfdragora,859,0,0,364,0,0,949,859,100.0,Slovenian (https://www.transifex.com/MageiaLinux/teams/9361/sl/)
dolphin,1346,228,2686,418,80,118,1424,4260,31.596244131455396,Slovenian <lugos-slo@lugos.si>
dolphin-plugins,1174,39,2,325,12,2,1255,1215,96.62551440329217,Slovenian <lugos-slo@lugos.si>
doublecmd,10168,209,1100,2970,47,251,10329,11477,88.59458046527838,Slovenian GNOME Translation Team <gnome-si@googlegroups.com>
dragon,275,3,0,86,1,0,275,278,98.92086330935251,Slovenian <lugos-slo@lugos.si>
drgeo,1041,502,442,292,112,57,961,1985,52.44332493702771,Slovenian <sl@li.org>
duplicity,1570,0,645,236,0,83,1952,2215,70.8803611738149,Slovenian <sl@li.org>
easytag,3953,0,1328,936,0,56,4047,5281,74.85324749100549,Slovenian GNOME Translation Team <gnome-si@googlegroups.com>
efl,291,1,2,124,1,2,272,294,98.9795918367347,Enlightenment Team
ekiga,4517,0,5504,770,0,202,4053,10021,45.07534178225726,Slovenian GNOME Translation Team <gnome-si@googlegroups.com>
electrum,67,0,6819,30,0,1217,46,6886,0.9729886726691839,Slovenian
elementary-calculator,105,0,0,44,0,0,108,105,100.0,Slovenian <https://l10n.elementary.io/projects/calculator/calculator/sl/>
elementary-calendar,591,16,96,212,3,14,621,703,84.06827880512091,Slovenian <https://l10n.elementary.io/projects/calendar/calendar/sl/>
elementary-camera,65,0,0,18,0,0,64,65,100.0,Slovenian <https://l10n.elementary.io/projects/camera/camera/sl/>
elementary-capnet-assist,82,0,0,14,0,0,84,82,100.0,Slovenian <https://l10n.elementary.io/projects/desktop/capnet-assist/sl/>
elementary-code,1087,5,59,243,2,12,1026,1151,94.4396177237185,Slovenian <https://l10n.elementary.io/projects/code/code/sl/>
elementary-files,1887,10,1014,396,3,160,2022,2911,64.82308485056681,Slovenian <https://l10n.elementary.io/projects/files/files/sl/>
elementary-greeter,92,0,74,21,0,16,92,166,55.42168674698795,Slovenian <https://l10n.elementary.io/projects/desktop/greeter/sl/>
elementary-music,1194,2,112,343,1,22,1278,1308,91.28440366972477,Slovenian <https://l10n.elementary.io/projects/music/music/sl/>
elementary-photos,3595,151,164,751,26,29,4321,3910,91.94373401534527,Slovenian <https://l10n.elementary.io/projects/photos/photos/sl/>
elementary-planner,0,0,2639,0,0,508,0,2639,0.0,LANGUAGE <LL@li.org>
elementary-screenshot-tool,128,0,84,40,0,15,112,212,60.37735849056604,Slovenian <https://weblate.elementary.io/projects/screenshot-tool/screenshot-tool/sl/>
elementary-shortcut-overlay,95,0,0,39,0,0,95,95,100.0,Slovenian <https://l10n.elementary.io/projects/desktop/shortcut-overlay/sl/>
elementary-sideload,208,0,16,42,0,2,194,224,92.85714285714286,Slovenian <https://l10n.elementary.io/projects/desktop/sideload/sl/>
elementary-terminal,175,10,257,44,2,44,148,442,39.59276018099548,Slovenian <https://l10n.elementary.io/projects/terminal/terminal/sl/>
elementary-videos,208,2,136,64,1,25,192,346,60.115606936416185,Slovenian <https://l10n.elementary.io/projects/videos/videos/sl/>
engrampa,1623,0,6194,367,0,519,1442,7817,20.76244083407957,Slovenian (https://www.transifex.com/mate/teams/13566/sl/)
enlightenment,5988,2450,249,2039,147,46,6047,8687,68.93058593300334,
enscript,1427,398,8,199,7,2,1512,1833,77.8505182760502,Slovenian <translation-team-sl@lists.sourceforge.net>
entangle,0,0,953,0,0,229,0,953,0.0,Slovenian
eog,6741,0,0,757,0,0,5855,6741,100.0,Slovenian GNOME Translation Team <gnome-si@googlegroups.com>
eog-plugins,428,0,0,111,0,0,412,428,100.0,Slovenian GNOME Translation Team <gnome-si@googlegroups.com>
eom,1704,0,3252,343,0,199,1551,4956,34.38256658595641,Slovenian (https://www.transifex.com/mate/teams/13566/sl/)
epiphany,4191,0,0,776,0,0,4001,4191,100.0,Slovenian GNOME Translation Team <gnome-si@googlegroups.com>
evince,8644,0,0,1044,0,0,7563,8644,100.0,Slovenian GNOME Translation Team <gnome-si@googlegroups.com>
evolution,29221,1749,21279,6041,337,1049,27970,52249,55.926429213956254,Slovenian GNOME Translation Team <gnome-si@googlegroups.com>
evolution-data-server,7640,0,0,1434,0,0,8007,7640,100.0,Slovenian GNOME Translation Team <gnome-si@googlegroups.com>
evolution-ews,1234,10,136,261,2,13,1344,1380,89.42028985507247,Slovenian GNOME Translation Team <gnome-si@googlegroups.com>
evolution-mapi,1043,0,0,233,0,0,1119,1043,100.0,Slovenian GNOME Translation Team <gnome-si@googlegroups.com>
evolution-rss,884,0,0,225,0,0,888,884,100.0,Slovenian GNOME Translation Team <gnome-si@googlegroups.com>
exaile,4068,0,0,1074,0,0,3958,4068,100.0,Slovenian <https://hosted.weblate.org/projects/exaile/master/sl/>
exo,1460,0,0,300,0,0,1319,1460,100.0,Slovenian (http://www.transifex.com/xfce/exo/language/sl/)
feedreader,0,0,1374,0,0,317,0,1374,0.0,
file-roller,3037,0,0,467,0,0,2694,3037,100.0,Slovenian GNOME Translation Team <gnome-si@googlegroups.com>
filelight,401,10,8,89,2,3,404,419,95.70405727923628,Slovenian <lugos-slo@lugos.si>
filezilla,10551,0,0,1830,0,0,10557,10551,100.0,Martin Srebotnjak <miles@filmsi.net>
findutils,2545,23,0,235,4,0,2473,2568,99.1043613707165,Slovenian <translation-team-sl@lists.sourceforge.net>
five-or-more,239,0,0,53,0,0,234,239,100.0,Slovenian GNOME Translation Team <gnome-si@googlegroups.com>
focuswriter,129,0,0,7,0,0,108,129,100.0,Slovenian (Slovenia) (http://www.transifex.com/gottcode/focuswriter/language/sl_SI/)
folks,1056,0,0,130,0,0,1022,1056,100.0,Slovenian GNOME Translation Team <gnome-si@googlegroups.com>
fonts-tweak-tool,0,0,196,0,0,65,0,196,0.0,Slovenian
four-in-a-row,254,0,0,72,0,0,262,254,100.0,Slovenian <lugos-slo@lugos.si>
fprintd,419,0,0,57,0,0,367,419,100.0,Slovenian (http://www.transifex.com/freedesktop/fprintd/language/sl/)
fragments,1622,0,384,464,0,62,1953,2006,80.85742771684946,Slovenian (https://www.transifex.com/transmissionbt/teams/33778/sl/)
freedink,248,10,5,54,1,1,234,263,94.29657794676805,Slovenian <translation-team-sl@lists.sourceforge.net>
frogr,1096,0,0,245,0,0,1124,1096,100.0,Slovenian <gnome-si@googlegroups.com>
frozen-bubble,567,82,49,130,9,9,601,698,81.23209169054442,<sl@li.org>
gala,116,0,24,31,0,3,123,140,82.85714285714286,Slovenian <https://l10n.elementary.io/projects/desktop/gala/sl/>
gambas3,834,488,4966,414,161,1294,843,6288,13.263358778625955,LANGUAGE <LL@li.org>
garcon,122,0,0,36,0,0,136,122,100.0,Slovenian (http://www.transifex.com/xfce/garcon/language/sl/)
gbrainy,10365,0,0,1330,0,0,10186,10365,100.0,Slovenian GNOME Translation Team <gnome-si@googlegroups.com>
gcab,162,0,0,34,0,0,181,162,100.0,Slovenian GNOME Translation Team <gnome-si@googlegroups.com>
gcompris-qt,12118,2819,12297,1328,296,815,9941,27234,44.495850774766836,Slovenian <lugos-slo@lugos.si>
gconf-editor,369,0,2465,110,0,128,363,2834,13.020465772759351,Slovenian GNOME Translation Team <gnome-si@googlegroups.com>
gcr,706,0,0,256,0,0,689,706,100.0,Slovenian GNOME Translation Team <gnome-si@googlegroups.com>
gdesklets,542,0,986,130,0,74,488,1528,35.47120418848168,Slovenian <sl@li.org>
gdk-pixbuf2,1420,0,0,213,0,0,1491,1420,100.0,Slovenian GNOME Translation Team <gnome-si@googlegroups.com>
gdm,680,0,9133,127,0,329,663,9813,6.92958320595129,Slovenian GNOME Translation Team <gnome-si@googlegroups.com>
geany,5350,401,318,1204,74,42,5036,6069,88.15290822211237,Slovenian <lugos-slo@lugos.si>
geary,1979,86,550,527,13,67,2054,2615,75.67877629063098,Slovenian GNOME Translation Team <gnome-si@googlegroups.com>
gedit,11874,0,0,1329,0,0,10513,11874,100.0,Slovenian GNOME Translation Team <gnome-si@googlegroups.com>
gedit-latex,468,0,0,226,0,0,474,468,100.0,Slovenian GNOME Translation Team <gnome-si@googlegroups.com>
gedit-plugins,8389,0,0,739,0,0,7078,8389,100.0,Slovenian GNOME Translation Team <gnome-si@googlegroups.com>
geeqie,261,1536,2551,100,638,712,274,4348,6.002759889604416,slovene <sl@li.org>
gegl04,7484,186,1879,1750,37,158,7080,9549,78.37469892135303,Martin Srebotnjak <miles@filmsi.net>
genius,8167,0,0,1089,0,0,7662,8167,100.0,Slovenian GNOME Translation Team <gnome-si@googlegroups.com>
gettext,7115,420,108,777,33,14,6809,7643,93.09171791181473,Slovenian <translation-team-sl@lists.sourceforge.net>
ggz-gtk-client,7,0,0,7,0,0,7,7,100.0,slovenian <sl@li.org>
ghex,1067,0,2218,255,0,178,1008,3285,32.48097412480974,Slovenian GNOME Translation Team <gnome-si@googlegroups.com>
gigolo,455,0,12,119,0,8,417,467,97.4304068522484,Slovenian (http://www.transifex.com/xfce/xfce-apps/language/sl/)
gimagereader,954,283,324,322,36,68,959,1561,61.114670083279954,lugos.si
gimp,38710,0,0,9386,0,0,37610,38710,100.0,Martin Srebotnjak <miles@filmsi.net>
gimp-help,19078,9048,189815,5786,2077,6232,18430,217941,8.753745279685786,Martin Srebotnjak <miles@filmsi.net>
gitg,2192,0,0,390,0,0,1992,2192,100.0,Slovenian GNOME Translation Team <gnome-si@googlegroups.com>
gjots2,731,156,66,232,15,13,723,953,76.70514165792235,Slovenian
gkrellm,3321,0,463,501,0,50,3041,3784,87.76427061310783,<en@li.org>
glabels,2632,323,5345,871,100,240,2626,8300,31.710843373493976,Slovenian GNOME Translation Team <gnome-si@googlegroups.com>
glade,8332,0,283,1878,0,2,7687,8615,96.7150319210679,Slovenian GNOME Translation Team <gnome-si@googlegroups.com>
glade3,5705,0,283,1233,0,2,5116,5988,95.27388109552439,Slovenian GNOME Translation Team <gnome-si@googlegroups.com>
glib-networking,269,0,0,41,0,0,324,269,100.0,Slovenian GNOME Translation Team <gnome-si@googlegroups.com>
glib2,7157,0,0,1150,0,0,7302,7157,100.0,Slovenian GNOME Translation Team <gnome-si@googlegroups.com>
glibc,2708,1639,3751,526,361,579,2830,8098,33.44035564336873,Slovenian <translation-team-sl@lists.sourceforge.net>
glom,4971,0,4003,870,0,201,4426,8974,55.39335859148652,Slovenian GNOME Translation Team <gnome-si@googlegroups.com>
glpi,4337,0,9435,1411,0,2110,4067,13772,31.491431890792914,Slovenian (Slovenia) (https://www.transifex.com/glpi/teams/1637/sl_SI/)
gmpc,4,0,0,1,0,0,4,4,100.0,Slovenian <sl@li.org>
gnome-2048,306,0,0,50,0,0,301,306,100.0,Slovenian <sl@li.org>
gnome-applets,3732,3,13754,941,1,961,3659,17489,21.339127451540968,Slovenian GNOME Translation Team <gnome-si@googlegroups.com>
gnome-backgrounds,26,0,0,15,0,0,27,26,100.0,Slovenian GNOME Translation Team <gnome-si@googlegroups.com>
gnome-bluetooth,373,0,0,110,0,0,391,373,100.0,Slovenian GNOME Translation Team <gnome-si@googlegroups.com>
gnome-books,421,0,0,143,0,0,449,421,100.0,Slovenian GNOME Translation Team <gnome-si@googlegroups.com>
gnome-boxes,1288,0,0,297,0,0,1360,1288,100.0,Slovenian GNOME Translation Team <gnome-si@googlegroups.com>
gnome-builder,4670,0,0,1216,0,0,4743,4670,100.0,Slovenian GNOME Translation Team <gnome-si@googlegroups.com>
gnome-calculator,3260,0,0,831,0,0,2957,3260,100.0,Slovenian GNOME Translation Team <gnome-si@googlegroups.com>
gnome-calendar,663,0,0,211,0,0,700,663,100.0,Slovenian GNOME Translation Team <gnome-si@googlegroups.com>
gnome-characters,186,0,0,57,0,0,191,186,100.0,Slovenian GNOME Translation Team <gnome-si@googlegroups.com>
gnome-chess,1512,0,0,256,0,0,1415,1512,100.0,Slovenian GNOME Translation Team <gnome-si@googlegroups.com>
gnome-clocks,284,0,0,100,0,0,281,284,100.0,Slovenian GNOME Translation Team <gnome-si@googlegroups.com>
gnome-color-manager,1796,0,0,345,0,0,1591,1796,100.0,Slovenian <gnome-si@googlegroups.com>
gnome-commander,10217,7540,12850,2821,1071,844,9270,30607,33.38125265462149,Slovenian GNOME Translation Team <gnome-si@googlegroups.com>
gnome-contacts,594,0,0,168,0,0,554,594,100.0,Slovenian <gnome-si@googlegroups.com>
gnome-control-center,6259,88,704,2116,69,166,6309,7051,88.76755070202809,Slovenian <translation-team-sl@lists.sourceforge.net>
gnome-desktop3,9744,0,0,274,0,0,8721,9744,100.0,
gnome-devel-docs,141,0,25332,63,0,987,141,25473,0.553527264162054,Slovenian GNOME Translation Team <gnome-si@googlegroups.com>
gnome-dictionary,717,0,1130,161,0,80,705,1847,38.819707634001084,
gnome-directory-thumbnailer,85,0,0,12,0,0,84,85,100.0,Slovenščina <gnome-si@googlegroups.com>
gnome-disk-utility,3967,0,0,744,0,0,3896,3967,100.0,Slovenian GNOME Translation Team <gnome-si@googlegroups.com>
gnome-do,473,0,139,119,0,25,447,612,77.2875816993464,Slovenian <sl@li.org>
gnome-doc-utils,251,0,0,101,0,0,258,251,100.0,Slovenian GNOME Translation Team <gnome-si@googlegroups.com>
gnome-documents,1577,110,21,294,7,1,1564,1708,92.33021077283372,Slovenian GNOME translation team <gnome-si@googlegroups.com>
gnome-flashback,289,157,694,96,16,84,279,1140,25.35087719298246,Slovenian <gnome-si@googlegroups.com>
gnome-font-viewer,536,0,0,203,0,0,583,536,100.0,Slovenian GNOME Translation Team <gnome-si@googlegroups.com>
gnome-games,153,277,494,88,52,78,162,924,16.558441558441558,Slovenian GNOME Translation Team <gnome-si@googlegroups.com>
gnome-icon-theme,43,0,0,38,0,0,45,43,100.0,Slovenian <sl@li.org>
gnome-initial-setup,853,0,0,123,0,0,743,853,100.0,Slovenian GNOME Translation Team <gnome-si@googlegroups.com>
gnome-keyring,509,0,0,103,0,0,472,509,100.0,Slovenian GNOME Translation Team <gnome-si@googlegroups.com>
gnome-klotski,197,0,0,59,0,0,192,197,100.0,Slovenian GNOME Translation Team <gnome-si@googlegroups.com>
gnome-latex,2055,0,140,545,0,5,1885,2195,93.62186788154897,Slovenščina <gnome-si@googlegroups.com>
gnome-libs,988,45,52,381,6,8,959,1085,91.05990783410138,Slovenian <sl@li.org>
gnome-logs,380,0,0,123,0,0,358,380,100.0,Slovenian <gnome-si@googlegroups.com>
gnome-mahjongg,332,0,0,75,0,0,294,332,100.0,Slovenian GNOME Translation Team <gnome-si@googlegroups.com>
gnome-maps,1282,0,0,327,0,0,1245,1282,100.0,Slovenian <gnome-si@googlegroups.com>
gnome-menus,80,0,0,37,0,0,82,80,100.0,Slovenian GNOME Translation Team <gnome-si@googlegroups.com>
gnome-mime-data,887,0,0,362,0,0,956,887,100.0,Slovenian <sl@li.org>
gnome-mines,1671,0,0,210,0,0,1408,1671,100.0,Slovenian gnome translation team <gnome-si@googlegroups.com>
gnome-multi-writer,12,92,283,10,25,25,21,387,3.10077519379845,Slovenian GNOME Translation Team <gnome-si@googlegroups.com>
gnome-music,595,0,0,124,0,0,604,595,100.0,Slovenian GNOME Translation Team <gnome-si@googlegroups.com>
gnome-nettool,664,0,0,219,0,0,662,664,100.0,Slovenian GNOME Translation Team <gnome-si@googlegroups.com>
gnome-nibbles,447,0,0,109,0,0,418,447,100.0,Slovenian GNOME Translation Team <gnome-si@googlegroups.com>
gnome-online-accounts,669,0,0,148,0,0,690,669,100.0,Slovenian GNOME Translation Team <gnome-si@googlegroups.com>
gnome-packagekit,3593,0,0,583,0,0,3446,3593,100.0,Slovenian <gnome-si@googlegroups.com>
gnome-panel,3289,0,1883,514,0,151,2776,5172,63.59242072699149,Slovenian GNOME Translation Team <gnome-si@googlegroups.com>
gnome-phone-manager,563,0,0,98,0,0,518,563,100.0,Slovenian GNOME Translation Team <gnome-si@googlegroups.com>
gnome-photos,572,0,0,219,0,0,630,572,100.0,Slovenian GNOME Translation Team <gnome-si@googlegroups.com>
gnome-power-manager,489,0,0,151,0,0,517,489,100.0,Slovenian GNOME Translation Team <gnome-si@googlegroups.com>
gnome-robots,600,0,0,97,0,0,565,600,100.0,Slovenian GNOME Translation Team <gnome-si@googlegroups.com>
gnome-screensaver,291,0,0,58,0,0,282,291,100.0,Slovenian GNOME Translation Team <gnome-si@googlegroups.com>
gnome-screenshot,455,0,0,78,0,0,426,455,100.0,Slovenian GNOME Translation Team <gnome-si@googlegroups.com>
gnome-search-tool,1279,0,1790,205,0,139,1202,3069,41.67481264255458,Slovenian GNOME Translation Team <gnome-si@googlegroups.com>
gnome-session,414,0,0,66,0,0,401,414,100.0,Slovenian GNOME Translation Team <gnome-si@googlegroups.com>
gnome-settings-daemon,2549,0,0,371,0,0,2505,2549,100.0,Slovenian GNOME Translation Team <gnome-si@googlegroups.com>
gnome-shell,2062,93,206,496,15,25,2208,2361,87.33587462939433,Slovenian GNOME Translation Team <gnome-si@googlegroups.com>
gnome-shell-extensions,266,0,0,54,0,0,256,266,100.0,
gnome-software,3909,0,0,808,0,0,4081,3909,100.0,Slovenščina <gnome-si@googlegroups.com>
gnome-sound-recorder,302,0,0,75,0,0,298,302,100.0,Slovenian <gnome-si@googlegroups.com>
gnome-subtitles,2672,0,236,506,0,2,2388,2908,91.88445667125173,Slovenian <gnome-si@googlegroups.com>
gnome-sudoku,402,0,0,72,0,0,377,402,100.0,Slovenian GNOME Translation Team <gnome-si@googlegroups.com>
gnome-system-log,1226,0,0,144,0,0,1079,1226,100.0,Slovenian gnome translation team <gnome-si@googlegroups.com>
gnome-system-monitor,1444,0,0,304,0,0,1480,1444,100.0,Slovenian GNOME Translation Team <gnome-si@googlegroups.com>
gnome-taquin,407,0,0,105,0,0,404,407,100.0,Slovenian <gnome-si@googlegroups.com>
gnome-terminal,2522,0,0,492,0,0,2397,2522,100.0,Slovenian GNOME Translation Team <gnome-si@googlegroups.com>
gnome-tetravex,1241,12,0,156,3,0,1029,1253,99.04229848363927,Slovenian GNOME Translation Team <gnome-si@googlegroups.com>
gnome-themes,109,0,0,30,0,0,117,109,100.0,Slovenian GNOME Translation Team <gnome-si@googlegroups.com>
gnome-themes-extra,15,0,0,6,0,0,17,15,100.0,Slovenian GNOME Translation Team <gnome-si@googlegroups.com>
gnome-todo,684,0,0,149,0,0,690,684,100.0,Slovenian GNOME Translation Team <gnome-si@googlegroups.com>
gnome-tweaks,660,0,0,184,0,0,752,660,100.0,Slovenian GNOME Translation Team <gnome-si@googlegroups.com>
gnome-usage,91,56,53,41,12,4,112,200,45.5,Slovenian GNOME Translation Team <gnome-si@googlegroups.com>
gnome-user-docs,52634,4255,1761,2939,190,70,44589,58650,89.74254049445865,
gnome-user-share,49,0,0,10,0,0,51,49,100.0,Slovenian GNOME Translation Team <gnome-si@googlegroups.com>
gnome-vfs2,1519,0,0,305,0,0,1443,1519,100.0,Slovenian GNOME Translation Team <gnome-si@googlegroups.com>
gnome-video-arcade,1373,0,2222,246,0,120,1231,3595,38.19193324061197,Slovenian GNOME Translation Team <gnome-si@googlegroups.com>
gnome-video-effects,256,0,0,68,0,0,229,256,100.0,Slovenian GNOME Translation Team <gnome-si@googlegroups.com>
gnome-weather,195,0,0,42,0,0,166,195,100.0,Slovenian GNOME Translation Team <gnome-si@googlegroups.com>
gnomebaker,55,0,1131,24,0,267,50,1186,4.63743676222597,Slovenian <sl@li.org>
gnote,6861,0,0,815,0,0,6191,6861,100.0,Slovenian GNOME Translation Team <gnome-si@googlegroups.com>
gnubik,265,13,1,81,1,1,290,279,94.98207885304659,Slovenian <translation-team-sl@lists.sourceforge.net>
gnumeric,37043,0,0,5874,0,0,37030,37043,100.0,Slovenian GNOME Translation Team <gnome-si@googlegroups.com>
godot,3342,1091,5183,874,362,1101,3277,9616,34.75457570715474,Slovenian <https://hosted.weblate.org/projects/godot-engine/godot/sl/>
goffice,6426,0,179,2067,0,50,6270,6605,97.28993186979561,Slovenian GNOME Translation Team <gnome-si@googlegroups.com>
goffice08,4827,0,0,1610,0,0,4787,4827,100.0,Slovenian GNOME Translation Team <gnome-si@googlegroups.com>
gourmet,2711,122,1106,667,13,212,2697,3939,68.82457476516882,Slovenian <sl@li.org>
gparted,2406,0,4621,446,0,351,2337,7027,34.23936245908638,Slovenian GNOME Translation Team <gnome-si@googlegroups.com>
gramps,39867,16,34,6846,1,1,38431,39917,99.87474008567779,lugos.si
granatier,239,0,8,66,0,2,217,247,96.76113360323887,Slovenian <lugos-slo@lugos.si>
granite,222,4,43,79,2,7,226,269,82.5278810408922,Slovenian <https://l10n.elementary.io/projects/desktop/granite/sl/>
grantlee-editor,518,12,0,155,3,0,524,530,97.73584905660377,Slovenian <lugos-slo@lugos.si>
grass,1551,37503,38880,265,6268,4851,1499,77934,1.9901455077373162,Slovenščina <grass-translations@lists.osgeo.org>
grep,613,269,4,94,12,2,628,886,69.18735891647856,Slovenian <translation-team-sl@lists.sourceforge.net>
grilo,191,0,0,36,0,0,214,191,100.0,Slovenščina <gnome-si@googlegroups.com>
grilo-plugins,537,0,0,133,0,0,528,537,100.0,Slovenščina <gnome-si@googlegroups.com>
grub2,5382,719,1018,1067,119,158,5546,7119,75.60050568900127,Slovenian <translation-team-sl@lists.sourceforge.net>
gscan2pdf,946,0,894,286,0,220,942,1840,51.41304347826087,Slovenian <sl@li.org>
gsettings-desktop-schemas,6550,0,0,592,0,0,5960,6550,100.0,Slovenian GNOME Translation Team <gnome-si@googlegroups.com>
gspell,78,0,0,32,0,0,80,78,100.0,Slovenian GNOME Translation Team <gnome-si@googlegroups.com>
gstreamer,1914,3,0,347,1,0,1899,1917,99.8435054773083,Slovenian <translation-team-sl@lists.sourceforge.net>
gstreamer-plugins-base,902,0,6,176,0,2,848,908,99.33920704845815,Slovenian <translation-team-sl@lists.sourceforge.net>
gstreamer1,1947,52,111,349,8,21,1915,2110,92.27488151658768,Slovenian <translation-team-sl@lists.sourceforge.net>
gstreamer1-plugins-bad-free,73,22,102,10,3,16,63,197,37.055837563451774,Slovenian <translation-team-sl@lists.sourceforge.net>
gstreamer1-plugins-base,677,55,260,136,11,58,628,992,68.24596774193549,Slovenian <translation-team-sl@lists.sourceforge.net>
gstreamer1-plugins-good,572,152,78,67,20,11,531,802,71.3216957605985,Slovenian <translation-team-sl@lists.sourceforge.net>
gstreamer1-plugins-ugly-free,80,0,0,10,0,0,66,80,100.0,Slovenian <translation-team-sl@lists.sourceforge.net>
gthumb,8475,0,0,1544,0,0,7734,8475,100.0,Slovenian GNOME Translation Team <gnome-si@googlegroups.com>
gtk+,202,0,0,105,0,0,203,202,100.0,slovenian <sl@li.org>
gtk-doc,25,0,7626,22,0,330,26,7651,0.32675467259181806,Slovenian GNOME Translation Team <gnome-si@googlegroups.com>
gtk-murrine-engine,134,0,0,46,0,0,140,134,100.0,Slovenian GNOME Translation Team <gnome-si@googlegroups.com>
gtk-vnc,81,0,0,22,0,0,83,81,100.0,Slovenian GNOME Translation Team <gnome-si@googlegroups.com>
gtk2,12381,0,0,2582,0,0,11342,12381,100.0,Slovenian GNOME Translation Team <gnome-si@googlegroups.com>
gtk2-engines,119,0,0,47,0,0,112,119,100.0,Slovenian GNOME Translation Team <gnome-si@googlegroups.com>
gtk3,16682,0,0,3922,0,0,15665,16682,100.0,Slovenian GNOME Translation Team <gnome-si@googlegroups.com>
gtk4,16665,0,0,3906,0,0,15644,16665,100.0,Slovenian GNOME Translation Team <gnome-si@googlegroups.com>
gtkhtml3,522,0,0,317,0,0,537,522,100.0,Slovenian GNOME Translation Team <gnome-si@googlegroups.com>
gtksourceview2,1413,0,0,538,0,0,1370,1413,100.0,Slovenian GNOME Translation Team <gnome-si@googlegroups.com>
gtksourceview3,322,0,0,106,0,0,308,322,100.0,Slovenian GNOME Translation Team <gnome-si@googlegroups.com>
gtksourceview4,308,0,0,94,0,0,294,308,100.0,Slovenian GNOME Translation Team <gnome-si@googlegroups.com>
gtkspell,11,0,0,5,0,0,11,11,100.0,Slovenian <translation-team-sl@lists.sourceforge.net>
gtkspell3,15,0,0,6,0,0,15,15,100.0,Slovenian <translation-team-sl@lists.sourceforge.net>
gtranslator,1360,0,0,320,0,0,1368,1360,100.0,Slovenian GNOME Translation Team <gnome-si@googlegroups.com>
gucharmap,1229,0,1694,411,0,144,1187,2923,42.0458433116661,Slovenian GNOME Translation Team <gnome-si@googlegroups.com>
gupnp-tools,278,0,0,102,0,0,292,278,100.0,Slovenian <gnome-si@googlegroups.com>
gutenprint,8806,6581,833,2554,2004,238,8482,16220,54.29099876695438,Slovenian <translation-team-sl@lists.sourceforge.net>
gvfs,2058,0,0,399,0,0,2129,2058,100.0,Slovenian GNOME Translation Team <gnome-si@googlegroups.com>
gweled,151,0,5,43,0,1,135,156,96.7948717948718,Slovenian <sl@li.org>
gwenview,1178,142,201,334,34,26,1403,1521,77.44904667981591,Slovenian <lugos-slo@lugos.si>
harvey,0,0,57,0,0,12,0,57,0.0,none
hello,165,21,0,27,3,0,177,186,88.70967741935483,Slovenian <translation-team-sl@lists.sourceforge.net>
hexchat,2436,0,3535,750,0,696,2386,5971,40.79718640093787,Slovenian (http://www.transifex.com/hexchat/hexchat/language/sl/)
hitori,977,4,0,111,1,0,830,981,99.59225280326199,Slovenian GNOME Translation Team <gnome-si@googlegroups.com>
homebank,1913,0,579,671,0,128,1838,2492,76.76565008025682,Slovenian GNOME Translation Team <gnome-si@googlegroups.com>
iagno,500,0,0,122,0,0,482,500,100.0,Slovenian GNOME Translation Team <gnome-si@googlegroups.com>
icewm,443,775,865,167,65,237,474,2083,21.267402784445512,Slovenian <translator-team-sl@lists.sourceforge.net>
im-chooser,2,0,252,1,0,57,0,254,0.7874015748031495,LANGUAGE <LL@li.org>
imsettings,0,0,485,0,0,88,0,485,0.0,LANGUAGE <LL@li.org>
initial-setup,0,0,33,0,0,7,0,33,0.0,Slovenian
initscripts,768,54,150,118,10,20,772,972,79.01234567901234,Slovenian (http://www.transifex.com/projects/p/fedora/language/sl/)
inkscape,22201,8485,10243,5171,2255,1242,21679,40929,54.24271299078893,Martin Srebotnjak <miles@filmsi.net>
iso-codes,5506,9036,8649,3630,6315,5285,5241,23191,23.74196886723298,Slovenian <translation-team-sl@lists.sourceforge.net>
isomaster,674,0,0,107,0,0,557,674,100.0,Slovenian <sl@li.org>
jmol,393,15,2758,218,9,794,387,3166,12.413139608338597,Slovenian <sl@li.org>
json-glib,303,0,0,44,0,0,275,303,100.0,Slovenian GNOME Translation Team <gnome-si@googlegroups.com>
juk,1457,4,36,355,1,7,1437,1497,97.32798931195725,Slovenian <lugos-slo@lugos.si>
k3b,20192,25,4,2515,4,2,19017,20221,99.85658473863805,Slovenian <lugos-slo@lugos.si>
kBuild,204,136,165,38,29,14,230,505,40.396039603960396,Slovenian <translation-team-sl@lists.sourceforge.net>
kaccounts-integration,20,1,6,2,1,3,18,27,74.07407407407408,Slovenian <lugos-slo@lugos.si>
kaccounts-providers,60,0,0,20,0,0,62,60,100.0,Slovenian <lugos-slo@lugos.si>
kactivitymanagerd,5,2,0,2,1,0,5,7,71.42857142857143,Slovenian <lugos-slo@lugos.si>
kaddressbook,740,10,0,165,3,0,654,750,98.66666666666667,Slovenian <lugos-slo@lugos.si>
kajongg,2444,0,0,510,0,0,2354,2444,100.0,Slovenian <lugos-slo@lugos.si>
kalarm,7256,13,0,1017,3,0,6818,7269,99.82115834365112,Slovenian <lugos-slo@lugos.si>
kalgebra,167,0,2,82,0,1,164,169,98.81656804733728,Slovenian <lugos-slo@lugos.si>
kalzium,10426,10,6,1526,3,2,9709,10442,99.84677264891783,Slovenian <lugos-slo@lugos.si>
kamera,342,0,0,37,0,0,319,342,100.0,Slovenian <lugos-slo@lugos.si>
kamoso,102,0,0,27,0,0,123,102,100.0,Slovenian <lugos-slo@lugos.si>
kanagram,525,3,0,144,1,0,517,528,99.43181818181817,Slovenian <lugos-slo@lugos.si>
kapman,114,0,0,36,0,0,121,114,100.0,Slovenian <lugos-slo@lugos.si>
kapptemplate,272,0,0,52,0,0,252,272,100.0,Slovenian <lugos-slo@lugos.si>
kate,4683,269,369,1130,56,66,4669,5321,88.0097725991355,Slovenian <lugos-slo@lugos.si>
katomic,185,0,0,59,0,0,206,185,100.0,Slovenian <lugos-slo@lugos.si>
kaudiocreator,589,168,379,161,43,69,552,1136,51.848591549295776,slovenian <sl@li.org>
kblackbox,1364,0,0,102,0,0,1177,1364,100.0,Slovenian <lugos-slo@lugos.si>
kblocks,159,0,0,38,0,0,166,159,100.0,Slovenian <lugos-slo@lugos.si>
kbounce,154,0,0,42,0,0,161,154,100.0,Slovenian <lugos-slo@lugos.si>
kbrickbuster,152,0,0,40,0,0,142,152,100.0,Slovenian <lugos-slo@lugos.si>
kbruch,1345,0,0,195,0,0,1103,1345,100.0,Slovenian <lugos-slo@lugos.si>
kcachegrind,180,47,1509,100,23,73,181,1736,10.368663594470046,Slovenian <translation-team-sl@lists.sourceforge.net>
kcalc,976,0,16,326,0,2,935,992,98.38709677419355,Slovenian <lugos-slo@lugos.si>
kcharselect,88,0,0,34,0,0,104,88,100.0,Slovenian <lugos-slo@lugos.si>
kcm_wacomtablet,936,60,60,215,13,12,934,1056,88.63636363636364,Slovenian <lugos-slo@lugos.si>
kcolorchooser,29,0,0,10,0,0,30,29,100.0,Slovenian <lugos-slo@lugos.si>
kcoloredit,8,92,178,5,29,61,9,278,2.877697841726619,Slovenian <sl@li.org>
kcron,534,0,0,190,0,0,507,534,100.0,Slovenian <lugos-slo@lugos.si>
kde-cli-tools,2182,7,7,227,1,1,1942,2196,99.36247723132969,Slovenian <lugos-slo@lugos.si>
kde-dev-utils,89,7,0,34,1,0,96,96,92.70833333333334,Slovenian <lugos-slo@lugos.si>
kde-l10n,105083,77,0,21168,8,0,103224,105160,99.92677824267783,Slovenian <lugos-slo@lugos.si>
kde-partitionmanager,2183,32,11,504,14,6,2226,2226,98.06828391734052,Slovenian <lugos-slo@lugos.si>
kde-print-manager,952,9,19,270,3,4,938,980,97.14285714285714,Slovenian <lugos-slo@lugos.si>
kdebugsettings,124,22,11,36,8,5,130,157,78.98089171974523,Slovenian <lugos-slo@lugos.si>
kdenetwork-filesharing,28,4,23,9,2,3,26,55,50.90909090909091,Slovenian <lugos-slo@lugos.si>
kdepim-addons,3994,6,50,768,3,6,3721,4050,98.61728395061729,Slovenian <lugos-slo@lugos.si>
kdepim-apps-libs,59,0,0,34,0,0,66,59,100.0,Slovenian <lugos-slo@lugos.si>
kdepim-runtime,6580,79,27,1043,14,6,6463,6686,98.41459766676638,Slovenian <lugos-slo@lugos.si>
kdeplasma-addons,966,508,96,317,224,45,982,1570,61.52866242038216,Slovenian <lugos-slo@lugos.si>
kdesdk-kioslaves,82,0,0,17,0,0,83,82,100.0,Slovenian <lugos-slo@lugos.si>
kdesdk-thumbnailers,4,0,0,4,0,0,5,4,100.0,Slovenian <lugos-slo@lugos.si>
kdesvn,4921,16,0,912,2,0,4880,4937,99.67591654851124,Slovenian <lugos-slo@lugos.si>
kdevelop,10889,987,312,2232,127,52,10666,12188,89.34197571381686,Slovenian <lugos-slo@lugos.si>
kdevelop-php,324,163,42,54,13,5,336,529,61.247637051039696,Slovenian <lugos-slo@lugos.si>
kdevelop-python,543,39,0,91,10,0,544,582,93.29896907216495,Slovenian <lugos-slo@lugos.si>
kdf,181,0,0,69,0,0,191,181,100.0,Slovenian <lugos-slo@lugos.si>
kdialog,344,15,0,69,4,0,374,359,95.82172701949861,Slovenian <lugos-slo@lugos.si>
kdiamond,122,0,0,32,0,0,120,122,100.0,Slovenian <lugos-slo@lugos.si>
kdiff3,2895,423,190,506,60,32,2857,3508,82.52565564424174,Slovenian <lugos-slo@lugos.si>
kdnssd,30,0,0,7,0,0,30,30,100.0,Slovenian <lugos-slo@lugos.si>
kdump-anaconda-addon,51,8,24,2,2,8,42,83,61.44578313253012,Slovenian <sl@li.org>
keditbookmarks,466,0,0,132,0,0,500,466,100.0,Slovenian <lugos-slo@lugos.si>
kexi,1903,3676,1757,658,617,216,1889,7336,25.940567066521265,Slovenian <lugos-slo@lugos.si>
kf5-akonadi-calendar,1877,0,0,288,0,0,1886,1877,100.0,Slovenian <lugos-slo@lugos.si>
kf5-akonadi-contacts,1410,9,0,294,3,0,1373,1419,99.36575052854123,Slovenian <lugos-slo@lugos.si>
kf5-akonadi-mime,572,0,0,107,0,0,634,572,100.0,Slovenian <lugos-slo@lugos.si>
kf5-akonadi-notes,2,0,0,1,0,0,2,2,100.0,Slovenian <lugos-slo@lugos.si>
kf5-akonadi-search,48,0,0,11,0,0,61,48,100.0,Slovenian <lugos-slo@lugos.si>
kf5-akonadi-server,2482,10,22,422,2,5,2699,2514,98.72712808273667,Slovenian <lugos-slo@lugos.si>
kf5-audiocd-kio,771,83,0,175,1,0,769,854,90.28103044496487,Slovenian <lugos-slo@lugos.si>
kf5-baloo,910,0,0,206,0,0,916,910,100.0,Slovenian <lugos-slo@lugos.si>
kf5-calendarsupport,2938,34,4,407,6,4,2567,2976,98.72311827956989,Slovenian <lugos-slo@lugos.si>
kf5-eventviews,2901,11,44,311,3,5,2640,2956,98.13937753721245,Slovenian <lugos-slo@lugos.si>
kf5-grantleetheme,14,0,0,6,0,0,14,14,100.0,Slovenian <lugos-slo@lugos.si>
kf5-incidenceeditor,2188,257,53,405,43,8,1901,2498,87.59007205764611,Slovenian <lugos-slo@lugos.si>
kf5-kalarmcal,198,0,0,101,0,0,248,198,100.0,Slovenian <lugos-slo@lugos.si>
kf5-kauth,73,0,0,8,0,0,76,73,100.0,Slovenian <lugos-slo@lugos.si>
kf5-kblog,243,0,0,27,0,0,215,243,100.0,Slovenian <lugos-slo@lugos.si>
kf5-kbookmarks,230,0,0,49,0,0,223,230,100.0,Slovenian <lugos-slo@lugos.si>
kf5-kcalendarutils,1628,2,0,425,2,0,1968,1630,99.87730061349693,Slovenian <lugos-slo@lugos.si>
kf5-kcmutils,566,0,0,72,0,0,601,566,100.0,Slovenian <lugos-slo@lugos.si>
kf5-kcodecs,372,0,0,54,0,0,326,372,100.0,Slovenian <lugos-slo@lugos.si>
kf5-kcompletion,18,0,0,11,0,0,18,18,100.0,Slovenian <lugos-slo@lugos.si>
kf5-kconfig,269,0,0,102,0,0,262,269,100.0,Slovenian <lugos-slo@lugos.si>
kf5-kconfigwidgets,324,0,0,119,0,0,330,324,100.0,Slovenian <lugos-slo@lugos.si>
kf5-kcontacts,177,0,0,108,0,0,184,177,100.0,Slovenian <lugos-slo@lugos.si>
kf5-kcoreaddons,490,0,0,175,0,0,553,490,100.0,Slovenian <lugos-slo@lugos.si>
kf5-kdbusaddons,48,0,0,6,0,0,55,48,100.0,Slovenian <lugos-slo@lugos.si>
kf5-kdeclarative,116,0,0,16,0,0,114,116,100.0,Slovenian <lugos-slo@lugos.si>
kf5-kdelibs4support,4813,0,0,2364,0,0,5245,4813,100.0,Slovenian <lugos-slo@lugos.si>
kf5-kdesignerplugin,54,0,0,9,0,0,50,54,100.0,Slovenian <lugos-slo@lugos.si>
kf5-kdesu,19,0,0,7,0,0,24,19,100.0,Slovenian <lugos-slo@lugos.si>
kf5-kdnssd,3,0,0,3,0,0,3,3,100.0,Slovenian <lugos-slo@lugos.si>
kf5-kdoctools,8,0,0,4,0,0,10,8,100.0,Slovenian <lugos-slo@lugos.si>
kf5-kfilemetadata,286,0,16,130,0,4,376,302,94.70198675496688,Slovenian <lugos-slo@lugos.si>
kf5-kglobalaccel,71,0,0,9,0,0,59,71,100.0,Slovenian <lugos-slo@lugos.si>
kf5-kholidays,139,0,0,90,0,0,135,139,100.0,Slovenian <lugos-slo@lugos.si>
kf5-khtml,1721,0,0,310,0,0,1632,1721,100.0,Slovenian <lugos-slo@lugos.si>
kf5-ki18n,124,0,0,110,0,0,126,124,100.0,Slovenian <lugos-slo@lugos.si>
kf5-kiconthemes,37,0,0,18,0,0,39,37,100.0,Slovenian <lugos-slo@lugos.si>
kf5-kidentitymanagement,110,62,9,20,1,2,95,181,60.773480662983424,Slovenian <lugos-slo@lugos.si>
kf5-kimap,99,0,11,48,0,1,110,110,90.0,Slovenian <lugos-slo@lugos.si>
kf5-kinit,134,0,0,14,0,0,128,134,100.0,Slovenian <lugos-slo@lugos.si>
kf5-kio,12410,0,0,1385,0,0,11445,12410,100.0,Slovenian <lugos-slo@lugos.si>
kf5-kipi-plugins,5583,5,0,1202,1,0,5473,5588,99.91052254831783,Slovenian <lugos-slo@lugos.si>
kf5-kirigami,2,0,0,2,0,0,2,2,100.0,Slovenian <lugos-slo@lugos.si>
kf5-kirigami2,44,0,0,22,0,0,44,44,100.0,Slovenian <lugos-slo@lugos.si>
kf5-kitemviews,7,0,0,4,0,0,8,7,100.0,Slovenian <lugos-slo@lugos.si>
kf5-kjobwidgets,133,0,0,38,0,0,199,133,100.0,Slovenian <lugos-slo@lugos.si>
kf5-kjsembed,248,0,0,44,0,0,271,248,100.0,Slovenian <lugos-slo@lugos.si>
kf5-kldap,158,6,18,50,1,3,192,182,86.81318681318682,Slovenian <lugos-slo@lugos.si>
kf5-kmailtransport,626,2,26,104,2,3,584,654,95.71865443425077,Slovenian <lugos-slo@lugos.si>
kf5-kmime,159,0,0,10,0,0,141,159,100.0,Slovenian <lugos-slo@lugos.si>
kf5-knewstuff,1448,0,40,237,0,1,1338,1488,97.31182795698925,Slovenian <lugos-slo@lugos.si>
kf5-knotifications,20,0,0,7,0,0,19,20,100.0,Slovenian <lugos-slo@lugos.si>
kf5-knotifyconfig,129,0,0,17,0,0,111,129,100.0,Slovenian <lugos-slo@lugos.si>
kf5-kontactinterface,4,0,0,2,0,0,5,4,100.0,Slovenian <lugos-slo@lugos.si>
kf5-kpackage,499,0,0,99,0,0,497,499,100.0,Slovenian <lugos-slo@lugos.si>
kf5-kparts,123,0,0,28,0,0,123,123,100.0,Slovenian <lugos-slo@lugos.si>
kf5-kpeople,21,0,0,11,0,0,20,21,100.0,Slovenian <lugos-slo@lugos.si>
kf5-kpimtextedit,343,15,14,151,2,10,354,372,92.20430107526882,Slovenian <lugos-slo@lugos.si>
kf5-kpty,15,0,0,4,0,0,27,15,100.0,Slovenian <lugos-slo@lugos.si>
kf5-kross,100,0,0,35,0,0,110,100,100.0,Slovenian <lugos-slo@lugos.si>
kf5-kservice,167,0,0,27,0,0,169,167,100.0,Slovenian <lugos-slo@lugos.si>
kf5-ksmtp,63,3,31,7,1,5,62,97,64.94845360824742,Slovenian <lugos-slo@lugos.si>
kf5-ktexteditor,8724,0,0,1263,0,0,8058,8724,100.0,Slovenian <lugos-slo@lugos.si>
kf5-ktextwidgets,473,0,0,130,0,0,476,473,100.0,Slovenian <lugos-slo@lugos.si>
kf5-ktnef,355,0,0,143,0,0,385,355,100.0,Slovenian <lugos-slo@lugos.si>
kf5-kunitconversion,5715,0,20,2462,0,11,8564,5735,99.6512641673932,Slovenian <lugos-slo@lugos.si>
kf5-kwallet,1462,0,0,112,0,0,1328,1462,100.0,Slovenian <lugos-slo@lugos.si>
kf5-kwidgetsaddons,1267,0,0,453,0,0,1229,1267,100.0,Slovenian <lugos-slo@lugos.si>
kf5-kwindowsystem,2,0,0,1,0,0,2,2,100.0,Slovenian <lugos-slo@lugos.si>
kf5-kxmlgui,1545,0,0,221,0,0,1528,1545,100.0,Slovenian <lugos-slo@lugos.si>
kf5-kxmlrpcclient,13,0,0,2,0,0,16,13,100.0,Slovenian <lugos-slo@lugos.si>
kf5-libgravatar,22,0,0,10,0,0,24,22,100.0,Slovenian <lugos-slo@lugos.si>
kf5-libkcddb,557,0,0,251,0,0,566,557,100.0,Slovenian <lugos-slo@lugos.si>
kf5-libkcompactdisc,15,0,0,10,0,0,16,15,100.0,Slovenian <lugos-slo@lugos.si>
kf5-libkdepim,445,20,0,126,1,0,454,465,95.6989247311828,Slovenian <lugos-slo@lugos.si>
kf5-libkgeomap,139,0,0,46,0,0,131,139,100.0,Slovenian <lugos-slo@lugos.si>
kf5-libkleo,838,70,300,197,36,76,853,1208,69.37086092715232,Slovenian <lugos-slo@lugos.si>
kf5-libksane,272,0,0,83,0,0,321,272,100.0,Slovenian <lugos-slo@lugos.si>
kf5-libksieve,3269,17,13,548,5,4,3118,3299,99.09063352531071,Slovenian <lugos-slo@lugos.si>
kf5-libktorrent,471,0,0,106,0,0,543,471,100.0,Slovenian <lugos-slo@lugos.si>
kf5-mailcommon,2640,42,149,451,6,14,2551,2831,93.25326739667962,Slovenian <lugos-slo@lugos.si>
kf5-mailimporter,1408,0,0,127,0,0,1481,1408,100.0,Slovenian <lugos-slo@lugos.si>
kf5-messagelib,7384,160,73,1150,20,18,7896,7617,96.94105290796901,Slovenian <lugos-slo@lugos.si>
kf5-pimcommon,1011,2,19,243,2,3,968,1032,97.96511627906976,Slovenian <lugos-slo@lugos.si>
kf5-plasma,506,0,0,148,0,0,523,506,100.0,Slovenian <lugos-slo@lugos.si>
kf5-purpose,257,0,0,68,0,0,250,257,100.0,Slovenian <lugos-slo@lugos.si>
kf5-solid,682,0,0,223,0,0,637,682,100.0,Slovenian <lugos-slo@lugos.si>
kf5-sonnet,667,0,0,73,0,0,586,667,100.0,Slovenian <lugos-slo@lugos.si>
kf5-syntax-highlighting,542,0,0,334,0,0,566,542,100.0,Slovenian <lugos-slo@lugos.si>
kfind,501,3,0,116,1,0,527,504,99.40476190476191,Slovenian <lugos-slo@lugos.si>
kflickr,190,0,142,53,0,34,187,332,57.22891566265061,Slovenian <sl@li.org>
kfloppy,641,0,0,100,0,0,665,641,100.0,Slovenian <lugos-slo@lugos.si>
kfourinline,392,0,0,157,0,0,393,392,100.0,Slovenian <lugos-slo@lugos.si>
kgamma,130,0,0,16,0,0,112,130,100.0,Slovenian <lugos-slo@lugos.si>
kgeography,9627,56,10,7079,40,10,9519,9693,99.31909625502941,Slovenian <lugos-slo@lugos.si>
kget,2929,15,2,787,5,1,3059,2946,99.42294636795656,Slovenian <lugos-slo@lugos.si>
kgoldrunner,23427,129,0,907,1,0,19382,23556,99.45236882322975,Slovenian <lugos-slo@lugos.si>
kgpg,5282,0,0,698,0,0,5362,5282,100.0,Slovenian <lugos-slo@lugos.si>
khangman,473,0,2,119,0,2,448,475,99.57894736842105,Slovenian <lugos-slo@lugos.si>
khelpcenter,250,6,9,85,2,3,275,265,94.33962264150944,Slovenian <lugos-slo@lugos.si>
khotkeys,422,16,0,128,1,0,428,438,96.34703196347031,Slovenian <lugos-slo@lugos.si>
kicad,544,7616,16997,292,2591,2770,545,25157,2.162420002385022,kicad team <bojerko@gmail.com>
kiconedit,682,11,33,135,5,15,599,726,93.93939393939394,Slovenian <sl@li.org>
kig,7715,160,2,1281,20,1,6501,7877,97.94337945918497,Slovenian <lugos-slo@lugos.si>
kigo,500,0,0,129,0,0,504,500,100.0,Slovenian <lugos-slo@lugos.si>
kile,2986,193,9815,1070,46,1067,2833,12994,22.979836847775896,Slovenian <lugos-slo@lugos.si>
killbots,641,0,0,128,0,0,618,641,100.0,Slovenian <lugos-slo@lugos.si>
kinfocenter,2354,83,175,934,34,47,2552,2612,90.12251148545177,Slovenian <lugos-slo@lugos.si>
kio-extras,892,157,20,124,7,2,866,1069,83.44246959775491,Slovenian <lugos-slo@lugos.si>
kio-gdrive,30,0,0,5,0,0,26,30,100.0,Slovenian <lugos-slo@lugos.si>
kio_gopher,17,0,0,5,0,0,18,17,100.0,Slovenian <lugos-slo@lugos.si>
kiriki,144,0,0,50,0,0,145,144,100.0,Slovenian <lugos-slo@lugos.si>
kiten,641,0,0,179,0,0,672,641,100.0,Slovenian <lugos-slo@lugos.si>
kjots,360,9,30,96,4,6,360,399,90.22556390977444,Slovenian <lugos-slo@lugos.si>
kjumpingcube,412,0,0,95,0,0,380,412,100.0,Slovenian <lugos-slo@lugos.si>
klavaro,1879,40,78,227,6,5,1668,1997,94.0911367050576,Slovenian <translation-team-sl@lists.sourceforge.net>
kleopatra,7058,743,961,1053,174,118,7111,8762,80.55238530015978,Slovenian <lugos-slo@lugos.si>
klettres,435,0,3,82,0,2,442,438,99.31506849315068,Slovenian <lugos-slo@lugos.si>
klickety,178,0,0,62,0,0,177,178,100.0,Slovenian <lugos-slo@lugos.si>
klines,99,0,0,28,0,0,101,99,100.0,Slovenian <lugos-slo@lugos.si>
kmag,432,0,0,98,0,0,389,432,100.0,Slovenian <lugos-slo@lugos.si>
kmahjongg,340,0,0,98,0,0,351,340,100.0,Slovenian <lugos-slo@lugos.si>
kmail,8366,264,109,1295,34,13,8165,8739,95.73177709120037,Slovenian <lugos-slo@lugos.si>
kmail-account-wizard,794,5,0,127,1,0,750,799,99.37421777221527,Slovenian <lugos-slo@lugos.si>
kmenuedit,263,0,10,60,0,3,236,273,96.33699633699634,Slovenian <lugos-slo@lugos.si>
kmines,108,0,11,38,0,4,117,119,90.75630252100841,Slovenian <lugos-slo@lugos.si>
kmix,770,116,50,180,21,8,760,936,82.26495726495726,Slovenian <lugos-slo@lugos.si>
kmousetool,147,0,0,32,0,0,133,147,100.0,Slovenian <lugos-slo@lugos.si>
kmouth,1515,0,0,204,0,0,1323,1515,100.0,Slovenian <lugos-slo@lugos.si>
kmplot,2435,30,26,464,8,8,2090,2491,97.75190686471296,Slovenian <lugos-slo@lugos.si>
knavalbattle,399,0,0,102,0,0,414,399,100.0,Slovenian <lugos-slo@lugos.si>
knetwalk,230,0,0,54,0,0,255,230,100.0,Slovenian <lugos-slo@lugos.si>
knotes,774,15,0,236,3,0,773,789,98.09885931558935,Slovenian <lugos-slo@lugos.si>
koffice-kivio,6314,668,1435,1862,213,286,6159,8417,75.01485089699418,Slovenian <sl@li.org>
kolf,382,19,0,144,4,0,402,401,95.26184538653366,Slovenian <lugos-slo@lugos.si>
kollision,109,0,0,30,0,0,139,109,100.0,Slovenian <lugos-slo@lugos.si>
kolourpaint,2585,0,0,449,0,0,2421,2585,100.0,Slovenian <lugos-slo@lugos.si>
kompare,1430,0,0,196,0,0,1393,1430,100.0,Slovenian <lugos-slo@lugos.si>
konqueror,8284,9,43,1146,3,5,7770,8336,99.37619961612285,Slovenian <lugos-slo@lugos.si>
konquest,246,0,0,98,0,0,281,246,100.0,Slovenian <lugos-slo@lugos.si>
konsole5,2060,454,364,422,102,65,2000,2878,71.57748436414177,Slovenian <lugos-slo@lugos.si>
kontact,580,19,0,96,2,0,608,599,96.8280467445743,Slovenian <lugos-slo@lugos.si>
konversation,10204,51,39,1617,11,10,9628,10294,99.12570429376336,Slovenian <lugos-slo@lugos.si>
kopete,18427,0,0,3457,0,0,17436,18427,100.0,Slovenian <sl@li.org>
korganizer,6515,123,158,872,23,19,6133,6796,95.86521483225427,Slovenian <lugos-slo@lugos.si>
kpat,436,0,37,132,0,8,484,473,92.17758985200845,Slovenian <lugos-slo@lugos.si>
kpilot,2383,1799,2974,511,179,171,2341,7156,33.300726662940185,Slovenian <lugos-slo@lugos.si>
kpmcore,2955,62,23,451,11,11,3034,3040,97.20394736842105,Slovenian <lugos-slo@lugos.si>
krb5-auth-dialog,1783,0,1029,372,0,59,1865,2812,63.4068278805121,Slovenian GNOME Translation Team <gnome-si@googlegroups.com>
krdc,1246,24,57,283,5,9,1224,1327,93.89600602863602,Slovenian <lugos-slo@lugos.si>
krecipes,3646,0,0,765,0,0,3715,3646,100.0,Slovenian <lugos-slo@lugos.si>
kreport,0,318,196,0,178,56,0,514,0.0,Slovenian <lugos-slo@lugos.si>
kreversi,428,0,0,141,0,0,469,428,100.0,Slovenian <lugos-slo@lugos.si>
krfb,644,7,25,88,1,2,627,676,95.26627218934911,Slovenian <lugos-slo@lugos.si>
krita,2326,9056,14737,1184,3549,1427,2395,26119,8.905394540372908,Slovenian <lugos-slo@lugos.si>
kruler,184,0,0,47,0,0,177,184,100.0,Slovenian <lugos-slo@lugos.si>
krusader,7803,43,92,1719,13,10,7729,7938,98.29931972789116,Slovenian <lugos-slo@lugos.si>
kscreen,23,42,115,14,8,26,29,180,12.777777777777777,Slovenian <lugos-slo@lugos.si>
kscreenlocker,164,70,9,25,6,2,156,243,67.48971193415639,Slovenian <lugos-slo@lugos.si>
kshisen,568,0,0,70,0,0,526,568,100.0,Slovenian <lugos-slo@lugos.si>
ksig,71,2,12,17,1,8,58,85,83.52941176470588,Slovenian <sl@li.org>
ksirk,5763,0,0,762,0,0,5391,5763,100.0,Slovenian <lugos-slo@lugos.si>
ksnakeduel,231,0,0,53,0,0,254,231,100.0,Slovenian <lugos-slo@lugos.si>
kspaceduel,165,0,0,81,0,0,192,165,100.0,Slovenian <lugos-slo@lugos.si>
ksquares,257,0,0,76,0,0,205,257,100.0,Slovenian <lugos-slo@lugos.si>
ksshaskpass,43,0,0,12,0,0,41,43,100.0,Slovenian <lugos-slo@lugos.si>
kstars,31573,7352,20871,9195,1565,5607,30478,59796,52.801190715098,Slovenian <lugos-slo@lugos.si>
ksudoku,1567,154,25,156,6,1,1449,1746,89.74799541809851,Slovenian <lugos-slo@lugos.si>
ksysguard,1052,15,26,226,6,5,959,1093,96.24885635864592,Slovenian <lugos-slo@lugos.si>
ksystemlog,3034,0,0,479,0,0,2777,3034,100.0,Slovenian <lugos-slo@lugos.si>
kteatime,201,0,2,65,0,2,256,203,99.01477832512316,Slovenian <lugos-slo@lugos.si>
ktimer,241,15,2,51,1,1,205,258,93.4108527131783,Slovenian <lugos-slo@lugos.si>
ktorrent,7574,0,0,1390,0,0,7133,7574,100.0,Slovenian <lugos-slo@lugos.si>
ktouch,859,46,43,237,12,4,804,948,90.61181434599156,Slovenian <lugos-slo@lugos.si>
ktp-accounts-kcm,1100,0,0,309,0,0,1126,1100,100.0,Slovenian <lugos-slo@lugos.si>
ktp-approver,71,0,0,18,0,0,72,71,100.0,Slovenian <lugos-slo@lugos.si>
ktp-auth-handler,83,0,0,24,0,0,83,83,100.0,Slovenian <lugos-slo@lugos.si>
ktp-common-internals,989,0,0,206,0,0,1013,989,100.0,Slovenian <lugos-slo@lugos.si>
ktp-contact-list,528,0,152,120,0,7,550,680,77.64705882352942,Slovenian <lugos-slo@lugos.si>
ktp-contact-runner,208,0,0,43,0,0,233,208,100.0,Slovenian <lugos-slo@lugos.si>
ktp-desktop-applets,75,0,0,22,0,0,62,75,100.0,Slovenian <lugos-slo@lugos.si>
ktp-filetransfer-handler,141,0,0,39,0,0,171,141,100.0,Slovenian <lugos-slo@lugos.si>
ktp-kded-integration-module,338,0,152,52,0,7,352,490,68.9795918367347,Slovenian <lugos-slo@lugos.si>
ktp-send-file,60,0,0,18,0,0,71,60,100.0,Slovenian <lugos-slo@lugos.si>
ktp-text-ui,1441,0,0,321,0,0,1416,1441,100.0,Slovenian <lugos-slo@lugos.si>
ktuberling,158,0,0,38,0,0,127,158,100.0,Slovenian <lugos-slo@lugos.si>
kturtle,1527,0,4,346,0,1,1430,1531,99.73873285434357,Slovenian <lugos-slo@lugos.si>
kubrick,1203,0,0,165,0,0,1141,1203,100.0,Slovenian <lugos-slo@lugos.si>
kwalletmanager5,800,0,0,165,0,0,773,800,100.0,Slovenian <lugos-slo@lugos.si>
kwebkitpart,669,0,0,165,0,0,653,669,100.0,Slovenian <lugos-slo@lugos.si>
kwin,4672,964,344,979,152,87,4449,5980,78.12709030100335,Slovenian <lugos-slo@lugos.si>
kwordquiz,2019,7,0,410,4,0,1833,2026,99.65449160908193,Slovenian <lugos-slo@lugos.si>
l3afpad,113,0,17,61,0,3,130,130,86.92307692307692,Slovenian <translation-team-sl@lists.sourceforge.net>
lasem,29,0,0,10,0,0,32,29,100.0,Slovenian GNOME Translation Team <gnome-si@googlegroups.com>
leafpad,125,0,0,68,0,0,139,125,100.0,Slovenian <translation-team-sl@lists.sourceforge.net>
libappstream-glib,197,0,0,44,0,0,178,197,100.0,Slovenian (http://www.transifex.com/freedesktop/appstream-glib/language/sl/)
libbonobo,543,0,0,107,0,0,521,543,100.0,Slovenian GNOME Translation Team <gnome-si@googlegroups.com>
libbonoboui,368,0,0,115,0,0,370,368,100.0,Slovenian GNOME Translation Team <gnome-si@gmail.com>
libcryptui,752,0,0,192,0,0,697,752,100.0,Slovenian GNOME Translation Team <gnome-si@googlegroups.com>
libepc,147,0,0,26,0,0,159,147,100.0,Slovenian GNOME Translation Team <gnome-si@googlegroups.com>
libfilezilla,402,0,0,76,0,0,395,402,100.0,Martin Srebotnjak <miles@filmsi.net>
libfm,1558,13,4,389,4,1,1443,1575,98.92063492063492,Slovenian <lugos-slo@lugos.si>
libgda,11890,62,5232,2182,2,229,11454,17184,69.19227188081936,Slovenian GNOME Translation Team <gnome-si@googlegroups.com>
libgdata,694,0,0,86,0,0,651,694,100.0,Slovenian <gnome-si@googlegroups.com>
libgdl,659,0,0,96,0,0,544,659,100.0,Slovenian GNOME Translation Team <gnome-si@googlegroups.com>
libgnome,1773,0,0,273,0,0,1651,1773,100.0,Slovenian GNOME Translation Team <gnome-si@googlegroups.com>
libgnome-games-support,43,0,0,14,0,0,50,43,100.0,Slovenščina <gnome-si@googlegroups.com>
libgnome-keyring,44,0,0,9,0,0,45,44,100.0,Slovenian GNOME Translation Team <gnome-si@googlegroups.com>
libgnomecanvas,378,0,0,95,0,0,354,378,100.0,Slovenian GNOME Translation Team <gnome-si@googlegroups.com>
libgnomekbd,188,0,0,40,0,0,173,188,100.0,Slovenian GNOME Translation Team <gnome-si@googlegroups.com>
libgnomeui,1309,0,0,334,0,0,1184,1309,100.0,Slovenian GNOME Translation Team <gnome-si@googlegroups.com>
libgovirt,102,0,0,23,0,0,107,102,100.0,Slovenian <gnome-si@googlegroups.com>
libgsf,720,0,0,150,0,0,700,720,100.0,Slovenian GNOME Translation Team <gnome-si@googlegroups.com>
libgtop2,126,0,0,40,0,0,145,126,100.0,Slovenian <sl@li.org>
libgweather,6366,0,0,4674,0,0,6511,6366,100.0,Slovenian GNOME Translation Team <gnome-si@googlegroups.com>
libgxim,0,0,124,0,0,24,0,124,0.0,LANGUAGE <LL@li.org>
libhandy1,375,0,589,96,0,100,354,964,38.90041493775934,Slovenian GNOME Translation Team <gnome-si@googlegroups.com>
libkdegames,370,0,0,132,0,0,338,370,100.0,Slovenian <lugos-slo@lugos.si>
libkeduvocdocument,171,0,0,81,0,0,178,171,100.0,Slovenian <lugos-slo@lugos.si>
libkfbapi,42,0,0,6,0,0,43,42,100.0,Slovenian <lugos-slo@lugos.si>
libkgapi,300,22,22,67,6,4,311,344,87.20930232558139,Slovenian <lugos-slo@lugos.si>
libkmahjongg,7,0,0,7,0,0,7,7,100.0,Slovenian <lugos-slo@lugos.si>
libkomparediff2,143,0,0,19,0,0,138,143,100.0,Slovenian <lugos-slo@lugos.si>
libksysguard,3016,175,245,389,17,67,2960,3436,87.77648428405122,Slovenian <lugos-slo@lugos.si>
libktorrent,261,207,51,68,39,8,286,519,50.28901734104046,Slovenian <lugos-slo@lugos.si>
libmatekbd,257,0,51,55,0,36,238,308,83.44155844155844,Slovenian (https://www.transifex.com/mate/teams/13566/sl/)
libmatemixer,242,0,0,126,0,0,259,242,100.0,Slovenian (https://www.transifex.com/mate/teams/13566/sl/)
libmateweather,6113,0,29,4549,0,25,6242,6142,99.52784109410615,Slovenian (https://www.transifex.com/mate/teams/13566/sl/)
libmypaint,102,150,1285,44,12,50,113,1537,6.636304489264802,Ubuntu Slovenia <ubuntu-l10n-slv@lists.ubuntu.com>
libmypaint2,102,150,1285,44,12,50,113,1537,6.636304489264802,Ubuntu Slovenia <ubuntu-l10n-slv@lists.ubuntu.com>
libosinfo,0,0,777,0,0,167,0,777,0.0,Slovenian
libpeas,103,0,0,29,0,0,105,103,100.0,Slovenian GNOME Translation Team <gnome-si@googlegroups.com>
libreoffice,577206,0,0,78913,0,0,517065,577206,100.0,sl.libreoffice.org
libsoup,179,0,0,40,0,0,204,179,100.0,Slovenian <gnome-si@googlegroups.com>
libuser,904,25,508,197,5,99,968,1437,62.908837856645796,Slovenian (http://www.transifex.com/projects/p/fedora/language/sl/)
libvirt,0,0,64581,0,0,9968,0,64581,0.0,Slovenian (http://www.transifex.com/projects/p/fedora/language/sl/)
libvirt-glib,0,0,153,0,0,30,0,153,0.0,Slovenian (http://www.transifex.com/projects/p/libvirt-glib/language/sl/)
libvirt-sandbox,0,0,617,0,0,111,0,617,0.0,Slovenian (http://www.transifex.com/projects/p/fedora/language/sl/)
libwnck,1124,0,0,241,0,0,1070,1124,100.0,Slovenian GNOME Translation Team <gnome-si@googlegroups.com>
libwnck3,1086,0,0,231,0,0,1032,1086,100.0,Slovenian GNOME Translation Team <gnome-si@googlegroups.com>
libxfce4ui,754,0,158,169,0,8,728,912,82.67543859649122,Slovenian (http://www.transifex.com/xfce/libxfce4ui/language/sl/)
libzypp,447,545,1366,335,322,287,441,2358,18.956743002544528,Slovenian
light-locker,7,0,253,2,0,35,5,260,2.6923076923076925,Slovenian (http://www.transifex.com/the_cavalry/light-locker/language/sl/)
lightdm,163,0,0,21,0,0,158,163,100.0,Slovenian <sl@li.org>
lightdm-gtk,68,0,19,22,0,3,66,87,78.16091954022988,Slovenian <sl@li.org>
lightdm-settings,77,0,228,32,0,30,67,305,25.245901639344265,Slovenian <sl@li.org>
lightsoff,107,0,0,19,0,0,102,107,100.0,Slovenian GNOME Translation Team <gnome-si@googlegroups.com>
lokalize,3500,77,328,587,13,36,3337,3905,89.62868117797696,Slovenian <lugos-slo@lugos.si>
lskat,254,0,0,83,0,0,249,254,100.0,Slovenian <lugos-slo@lugos.si>
lxappearance,234,0,0,80,0,0,211,234,100.0,Slovenian <lugos-slo@lugos.si>
lxappearance-obconf,196,0,0,27,0,0,172,196,100.0,Slovenian <lugos-slo@lugos.si>
lxde-common,6,0,8,2,0,3,7,14,42.857142857142854,LANGUAGE <LL@li.org>
lxdm,47,0,0,25,0,0,45,47,100.0,Slovenian <lugos-slo@lugos.si>
lxinput,83,0,0,26,0,0,75,83,100.0,Slovenian <lugos-slo@lugos.si>
lxlauncher,58,0,0,17,0,0,50,58,100.0,Slovenian <lugos-slo@lugos.si>
lxmenu-data,97,0,0,37,0,0,98,97,100.0,Slovenian <lugos-slo@lugos.si>
lxmusic,203,0,0,89,0,0,213,203,100.0,Slovenian <lugos-slo@lugos.si>
lxrandr,94,50,23,25,8,8,88,167,56.287425149700596,Slovenian <lugos-slo@lugos.si>
lxsession,131,22,659,47,11,144,126,812,16.133004926108374,Slovenian <lugos-slo@lugos.si>
lxshortcut,43,0,0,19,0,0,42,43,100.0,Slovenian <paxmanpwnz@gmail.com>
lxtask,129,0,1,50,0,1,128,130,99.23076923076923,Slovenian <lugos-slo@lugos.si>
lynx,2512,338,5328,505,74,652,2483,8178,30.716556615309365,Slovenian <sl@li.org>
mailman,17726,3732,2993,1224,126,131,16112,24451,72.49601243302932,Slovenščina <sl@li.org>
man-db,163,40,0,42,7,0,164,203,80.29556650246306,Slovenian <translation-team-sl@lists.sourceforge.net>
marble,10368,456,631,2957,168,197,10057,11455,90.51069402007856,Slovenian <lugos-slo@lugos.si>
marco,3652,0,687,404,0,27,3393,4339,84.16685872320812,Slovenian (https://www.transifex.com/mate/teams/13566/sl/)
mate-applets,2673,9,13171,688,3,911,2567,15853,16.861161925187663,Slovenian (https://www.transifex.com/mate/teams/13566/sl/)
mate-backgrounds,51,0,14,28,0,3,47,65,78.46153846153847,Slovenian (https://www.transifex.com/mate/teams/13566/sl/)
mate-calc,1387,0,1791,489,0,230,1352,3178,43.64380113278792,Slovenian (https://www.transifex.com/mate/teams/13566/sl/)
mate-control-center,3223,0,5379,1082,0,430,3041,8602,37.468030690537084,Slovenian (https://www.transifex.com/mate/teams/13566/sl/)
mate-desktop,2224,0,0,285,0,0,2079,2224,100.0,Slovenian (https://www.transifex.com/mate/teams/13566/sl/)
mate-icon-theme,4,0,0,2,0,0,4,4,100.0,Slovenian (https://www.transifex.com/mate/teams/13566/sl/)
mate-media,226,0,13,94,0,5,238,239,94.56066945606695,Slovenian (https://www.transifex.com/mate/teams/13566/sl/)
mate-menu,308,0,0,110,0,0,303,308,100.0,Slovenian (http://www.transifex.com/mate/MATE/language/sl/)
mate-menus,97,0,0,37,0,0,102,97,100.0,Slovenian (https://www.transifex.com/mate/teams/13566/sl/)
mate-notification-daemon,151,0,1,40,0,1,144,152,99.3421052631579,Slovenian (https://www.transifex.com/mate/teams/13566/sl/)
mate-panel,4485,18,2224,641,4,157,3937,6727,66.67162182250632,Slovenian (https://www.transifex.com/mate/teams/13566/sl/)
mate-polkit,119,0,4,20,0,1,97,123,96.7479674796748,Slovenian (https://www.transifex.com/mate/teams/13566/sl/)
mate-power-manager,2479,143,2514,394,8,151,2499,5136,48.267133956386296,Slovenian (https://www.transifex.com/mate/teams/13566/sl/)
mate-screensaver,984,9,27,155,2,12,868,1020,96.47058823529412,Slovenian (https://www.transifex.com/mate/teams/13566/sl/)
mate-sensors-applet,321,0,1839,117,0,109,325,2160,14.86111111111111,Slovenian (https://www.transifex.com/mate/teams/13566/sl/)
mate-session-manager,608,0,104,124,0,7,570,712,85.39325842696628,Slovenian (https://www.transifex.com/mate/teams/13566/sl/)
mate-settings-daemon,1772,0,425,276,0,42,1605,2197,80.6554392353209,Slovenian (https://www.transifex.com/mate/teams/13566/sl/)
mate-system-monitor,1134,0,3778,308,0,351,1119,4912,23.08631921824104,Slovenian (https://www.transifex.com/mate/teams/13566/sl/)
mate-terminal,4277,0,4095,534,0,264,3706,8372,51.08695652173913,Slovenian (https://www.transifex.com/mate/teams/13566/sl/)
mate-themes,58,0,12,12,0,9,56,70,82.85714285714286,Slovenian (http://www.transifex.com/mate/MATE/language/sl/)
mate-user-admin,20,0,550,16,0,113,20,570,3.508771929824561,Slovenian (https://www.transifex.com/mate/teams/13566/sl/)
mate-user-guide,159,0,42811,93,0,3136,163,42970,0.3700255992552944,Slovenian (https://www.transifex.com/mate/teams/13566/sl/)
mate-utils,3476,0,6828,699,0,430,3253,10304,33.73447204968944,Slovenian (https://www.transifex.com/mate/teams/13566/sl/)
mbox-importer,36,4,0,12,1,0,37,40,90.0,Slovenian <lugos-slo@lugos.si>
mc,1133,0,3071,372,0,865,1200,4204,26.950523311132258,Slovenian (http://www.transifex.com/mc/mc/language/sl/)
meld,1567,270,908,443,48,62,1588,2745,57.0856102003643,Slovenian GNOME Translation Team <gnome-si@googlegroups.com>
menulibre,96,0,753,67,0,97,101,849,11.307420494699647,Slovenian <sl@li.org>
metacity,2042,0,0,311,0,0,2029,2042,100.0,Slovenian GNOME Translation Team <gnome-si@googlegroups.com>
midori,533,0,3008,201,0,595,518,3541,15.052245128494777,Slovenian <sl@li.org>
minetest,361,0,6045,114,0,910,339,6406,5.635341866999688,Slovenian <https://hosted.weblate.org/projects/minetest/minetest/sl/>
mingw-GConf2,4088,0,0,497,0,0,4084,4088,100.0,Slovenian GNOME Translation Team <gnome-si@googlegroups.com>
mingw-atk,440,0,0,169,0,0,393,440,100.0,Slovenian GNOME Translation Team <gnome-si@googlegroups.com>
mingw-colord,522,0,1363,127,0,76,496,1885,27.692307692307693,Slovenian (http://www.transifex.com/projects/p/colord/language/sl/)
mingw-gdk-pixbuf,1420,0,0,213,0,0,1491,1420,100.0,Slovenian GNOME Translation Team <gnome-si@googlegroups.com>
mingw-gettext,7783,0,0,827,0,0,7445,7783,100.0,Slovenian <translation-team-sl@lists.sourceforge.net>
mingw-glib-networking,269,0,0,41,0,0,324,269,100.0,Slovenian GNOME Translation Team <gnome-si@googlegroups.com>
mingw-glib2,7157,0,0,1150,0,0,7302,7157,100.0,Slovenian GNOME Translation Team <gnome-si@googlegroups.com>
mingw-gstreamer,1914,3,0,347,1,0,1899,1917,99.8435054773083,Slovenian <translation-team-sl@lists.sourceforge.net>
mingw-gstreamer-plugins-bad-free,96,0,0,14,0,0,86,96,100.0,Slovenian <translation-team-sl@lists.sourceforge.net>
mingw-gstreamer-plugins-base,902,0,6,176,0,2,848,908,99.33920704845815,Slovenian <translation-team-sl@lists.sourceforge.net>
mingw-gstreamer-plugins-good,814,0,0,190,0,0,770,814,100.0,Slovenian <translation-team-sl@lists.sourceforge.net>
mingw-gstreamer1,1951,47,80,351,6,18,1918,2078,93.88835418671799,Slovenian <translation-team-sl@lists.sourceforge.net>
mingw-gstreamer1-plugins-bad-free,73,22,102,10,3,16,63,197,37.055837563451774,Slovenian <translation-team-sl@lists.sourceforge.net>
mingw-gstreamer1-plugins-base,677,55,236,136,11,55,628,968,69.93801652892562,Slovenian <translation-team-sl@lists.sourceforge.net>
mingw-gstreamer1-plugins-good,582,134,78,68,18,11,540,794,73.29974811083123,Slovenian <translation-team-sl@lists.sourceforge.net>
mingw-gtk-vnc,81,0,0,22,0,0,83,81,100.0,Slovenian GNOME Translation Team <gnome-si@googlegroups.com>
mingw-gtk2,12381,0,0,2582,0,0,11342,12381,100.0,Slovenian GNOME Translation Team <gnome-si@googlegroups.com>
mingw-gtk3,16056,0,0,3601,0,0,15010,16056,100.0,Slovenian GNOME Translation Team <gnome-si@googlegroups.com>
mingw-gtksourceview3,1084,69,3,614,13,3,1103,1156,93.77162629757785,Slovenian GNOME Translation Team <gnome-si@googlegroups.com>
mingw-gtkspell3,15,0,0,6,0,0,15,15,100.0,Slovenian <translation-team-sl@lists.sourceforge.net>
mingw-json-glib,303,0,0,44,0,0,275,303,100.0,Slovenian GNOME Translation Team <gnome-si@googlegroups.com>
mingw-libcharset,303,33,0,45,1,0,320,336,90.17857142857143,Slovenian <translation-team-sl@lists.sourceforge.net>
mingw-libgovirt,102,0,0,23,0,0,107,102,100.0,Slovenian <gnome-si@googlegroups.com>
mingw-libgsf,720,0,0,150,0,0,700,720,100.0,Slovenian GNOME Translation Team <gnome-si@googlegroups.com>
mingw-libosinfo,0,0,777,0,0,167,0,777,0.0,Slovenian
mingw-libsoup,179,0,0,40,0,0,204,179,100.0,Slovenian <gnome-si@googlegroups.com>
mingw-libvirt,0,0,64090,0,0,9884,0,64090,0.0,Slovenian (http://www.transifex.com/projects/p/fedora/language/sl/)
mingw-libvirt-glib,0,0,153,0,0,30,0,153,0.0,Slovenian (http://www.transifex.com/projects/p/libvirt-glib/language/sl/)
mingw-osinfo-db-tools,0,0,222,0,0,43,0,222,0.0,Slovenian
mingw-p11-kit,476,0,0,81,0,0,404,476,100.0,Slovenian (http://www.transifex.com/freedesktop/p11-kit/language/sl/)
mingw-qt5-qtwebkit,1835,379,475,449,70,60,1720,2689,68.2409817776125,Slovenian GNOME Translation Team <gnome-si@googlegroups.com>
mingw-wxWidgets,6679,0,0,1523,0,0,6589,6679,100.0,Martin Srebotnjak <miles@filmsi.net>
mingw-wxWidgets3,6880,372,443,1614,132,107,6753,7695,89.4087069525666,Martin Srebotnjak <miles@filmsi.net>
moin,5034,20,0,932,4,0,5026,5054,99.60427384250099,
monodevelop,1606,8545,13147,510,2628,2160,1584,23298,6.8932955618508025,Slovene
moodle,36,8,8,10,2,2,42,52,69.23076923076923,i18n@lists.horde.org
moserial,553,0,1871,129,0,78,508,2424,22.813531353135314,Slovenian GNOME Translation Team <gnome-si@googlegroups.com>
mousepad,1069,0,31,301,0,7,976,1100,97.18181818181819,Slovenian (http://www.transifex.com/xfce/xfce-apps/language/sl/)
mousetweaks,114,0,0,30,0,0,110,114,100.0,Slovenian GNOME Translation Team <gnome-si@googlegroups.com>
mozo,42,0,2,16,0,2,45,44,95.45454545454545,Slovenian (https://www.transifex.com/mate/teams/13566/sl/)
msitools,72,0,0,26,0,0,79,72,100.0,Slovenian <gnome-si@googlegroups.com>
muffin,2071,0,0,283,0,0,2034,2071,100.0,Slovenian GNOME Translation Team <gnome-si@googlegroups.com>
mutter,1187,0,0,142,0,0,1110,1187,100.0,Slovenian GNOME Translation Team <gnome-si@googlegroups.com>
mutter328,1085,0,0,135,0,0,1009,1085,100.0,Slovenian GNOME Translation Team <gnome-si@googlegroups.com>
mypaint,390,1067,3863,142,324,614,369,5320,7.330827067669173,Slovenian <https://hosted.weblate.org/projects/mypaint/mypaint/sl/>
nano,1685,0,1599,277,0,301,1505,3284,51.30937880633374,Slovenian <translation-team-sl@lists.sourceforge.net>
nautilus,5625,0,0,1126,0,0,6292,5625,100.0,Slovenian GNOME Translation Team <gnome-si@googlegroups.com>
nautilus-sendto,56,0,0,10,0,0,64,56,100.0,Slovenian GNOME Translation Team <gnome-si@googlegroups.com>
nemiver,1408,0,2791,364,0,155,1313,4199,33.53179328411527,Slovenian GNOME Translation Team <gnome-si@googlegroups.com>
nemo-extensions,251,0,7,48,0,1,260,258,97.28682170542635,Slovenian <sl@li.org>
network-manager-applet,1817,1396,1653,469,287,246,1818,4866,37.34073160706946,Slovenian GNOME Translation Team <gnome-si@googlegroups.com>
newt,4,0,0,4,0,0,5,4,100.0,Slovenian <sl@li.org>
notification-daemon,17,0,0,7,0,0,21,17,100.0,Slovenian <gnome-si@googlegroups.com>
nutty,0,0,608,0,0,152,0,608,0.0,
office-runner,125,0,0,21,0,0,101,125,100.0,Slovenian GNOME Translation Team <gnome-si@googlegroups.com>
okteta,2478,39,10,587,17,9,2370,2527,98.06094182825484,Slovenian <lugos-slo@lugos.si>
okular,4358,297,403,847,76,121,4166,5058,86.16053776196125,Slovenian <lugos-slo@lugos.si>
olpc-switch-desktop,158,0,0,14,0,0,134,158,100.0,LANGUAGE <LL@li.org>
onboard,1987,0,331,468,0,42,2009,2318,85.72044866264021,Slovenian <sl@li.org>
openconnect,2464,0,4263,446,0,711,2800,6727,36.62851196670135,Slovenian GNOME Translation Team <gnome-si@googlegroups.com>
optimizer,0,0,282,0,0,75,0,282,0.0,none
orca,17505,134,300,2825,8,9,16664,17939,97.58069011650593,Slovenian GNOME Translation Team <gnome-si@googlegroups.com>
osinfo-db-tools,0,0,222,0,0,43,0,222,0.0,Slovenian
p11-kit,476,0,0,81,0,0,404,476,100.0,Slovenian (http://www.transifex.com/freedesktop/p11-kit/language/sl/)
pacman,3893,0,1306,696,0,203,3963,5199,74.87978457395653,Slovenian (http://www.transifex.com/toofishes/archlinux-pacman/language/sl/)
palapeli,1512,0,0,180,0,0,1306,1512,100.0,Slovenian <lugos-slo@lugos.si>
pam,0,0,597,0,0,120,0,597,0.0,Slovenian (http://www.transifex.com/projects/p/fedora/language/sl/)
pan,3398,0,0,796,0,0,3561,3398,100.0,Slovenian GNOME Translation Team <gnome-si@googlegroups.com>
pantheon-agent-geoclue2,101,0,0,18,0,0,86,101,100.0,Slovenian <https://l10n.elementary.io/projects/desktop/pantheon-agent-geoclue2/sl/>
pantheon-agent-polkit,20,5,23,10,2,3,24,48,41.66666666666667,LANGUAGE <LL@li.org>
parley,3840,2,8,750,2,1,3605,3850,99.74025974025975,Slovenian <lugos-slo@lugos.si>
parole,246,0,842,153,0,148,285,1088,22.610294117647058,Slovenian (http://www.transifex.com/xfce/xfce-apps/language/sl/)
parted,3866,472,336,493,48,29,3642,4674,82.71287976037655,Slovenian <translation-team-sl@lists.sourceforge.net>
passwd,306,0,30,54,0,3,319,336,91.07142857142857,Slovenian (http://www.transifex.com/projects/p/fedora/language/sl/)
pastebinit,195,0,0,29,0,0,186,195,100.0,Slovenian <sl@li.org>
pdfmod,322,0,542,95,0,41,413,864,37.26851851851852,Slovenian GNOME Translation Team <gnome-si@googlegroups.com>
pgadmin3,4501,8882,3515,1417,2317,668,4386,16898,26.636288318144157,pgAdmin Developers <pgadmin-hackers@postgresql.org>
phodav,63,0,0,17,0,0,77,63,100.0,Slovenian GNOME Translation Team <gnome-si@googlegroups.com>
php-horde-Horde-Alarm,1,4,8,1,2,2,2,13,7.6923076923076925,i18n@lists.horde.org
php-horde-Horde-Argv,1,3,56,1,3,9,1,60,1.6666666666666667,i18n@lists.horde.org
php-horde-Horde-Browser,52,0,14,5,0,1,49,66,78.78787878787878,i18n@lists.horde.org
php-horde-Horde-Cli,11,0,0,3,0,0,9,11,100.0,i18n@lists.horde.org
php-horde-Horde-Compress,10,15,0,3,3,0,10,25,40.0,i18n@lists.horde.org
php-horde-Horde-Core,446,148,177,154,32,25,407,771,57.84695201037614,i18n@lists.horde.org
php-horde-Horde-Crypt,348,34,14,89,5,3,340,396,87.87878787878788,i18n@lists.horde.org
php-horde-Horde-Data,7,0,0,2,0,0,7,7,100.0,i18n@lists.horde.org
php-horde-Horde-Date,4,12,20,4,3,4,4,36,11.11111111111111,i18n@lists.horde.org
php-horde-Horde-Exception,2,2,0,1,1,0,3,4,50.0,i18n@lists.horde.org
php-horde-Horde-Form,396,110,47,111,27,8,359,553,71.60940325497288,i18n@lists.horde.org
php-horde-Horde-Icalendar,0,3,0,0,1,0,0,3,0.0,i18n@lists.horde.org
php-horde-Horde-Image,23,132,426,22,74,189,23,581,3.9586919104991396,i18n@lists.horde.org
php-horde-Horde-Imsp,14,0,0,2,0,0,10,14,100.0,i18n@lists.horde.org
php-horde-Horde-Itip,0,3,53,0,1,9,0,56,0.0,i18n@lists.horde.org
php-horde-Horde-Kolab-Storage,32,22,66,1,3,5,24,120,26.666666666666668,i18n@lists.horde.org
php-horde-Horde-LoginTasks,6,0,0,5,0,0,6,6,100.0,i18n@lists.horde.org
php-horde-Horde-Mime,34,6,8,9,1,2,39,48,70.83333333333334,i18n@lists.horde.org
php-horde-Horde-Mime-Viewer,1,4,42,1,3,16,1,47,2.127659574468085,i18n@lists.horde.org
php-horde-Horde-Nls,395,26,9,248,10,5,372,430,91.86046511627907,i18n@lists.horde.org
php-horde-Horde-Perms,6,0,0,5,0,0,6,6,100.0,i18n@lists.horde.org
php-horde-Horde-Prefs,22,10,0,7,1,0,19,32,68.75,i18n@lists.horde.org
php-horde-Horde-Rpc,15,13,20,3,2,2,15,48,31.25,i18n@lists.horde.org
php-horde-Horde-Share,13,17,18,6,3,3,10,48,27.083333333333332,i18n@lists.horde.org
php-horde-Horde-SyncMl,0,3,0,0,1,0,0,3,0.0,i18n@lists.horde.org
php-horde-Horde-Text-Filter,1,0,0,1,0,0,1,1,100.0,i18n@lists.horde.org
php-horde-Horde-Token,0,0,35,0,0,2,0,35,0.0,i18n@lists.horde.org
php-horde-Horde-Vfs,10,0,0,3,0,0,11,10,100.0,i18n@lists.horde.org
php-horde-horde,2068,738,668,652,180,102,1980,3474,59.527921704087504,sl_SI <duck@obala.net>
php-horde-imp,5683,0,0,1148,0,0,5188,5683,100.0,sl_SI <duck@obala.net>
php-horde-ingo,863,0,0,231,0,0,836,863,100.0,Slovene <sl@li.org>
php-horde-kronolith,1720,0,0,450,0,0,1587,1720,100.0,sl_SI <duck@obala.net>
php-horde-mnemo,386,0,0,122,0,0,377,386,100.0,sl_SI <duck@obala.net>
php-horde-nag,814,0,0,236,0,0,774,814,100.0,sl_SI <duck@obala.net>
php-horde-passwd,403,0,0,64,0,0,339,403,100.0,sl_SI <duck@obala.net>
php-horde-turba,1471,0,0,345,0,0,1310,1471,100.0,Slovene <sl@li.org>
php-horde-wicked,489,143,39,119,42,14,453,671,72.87630402384501,Slovene <sl@li.org>
php-phpmyadmin-sql-parser,227,0,0,44,0,0,205,227,100.0,Slovenian <https://hosted.weblate.org/projects/phpmyadmin/sql-parser/sl/>
php-phpmyadmin-sql-parser5,268,0,0,50,0,0,240,268,100.0,Slovenian <https://hosted.weblate.org/projects/phpmyadmin/sql-parser/sl/>
picard,1026,0,5293,586,0,955,1035,6319,16.23674632062035,Slovenian (http://www.transifex.com/musicbrainz/musicbrainz/language/sl/)
picmi,197,0,0,114,0,0,200,197,100.0,Slovenian <lugos-slo@lugos.si>
pidgin,15746,10,0,3432,1,0,15555,15756,99.93653211474994,Slovenian (http://www.transifex.com/pidgin/pidgin/language/sl/)
pidgin-libnotify,31,5,0,11,1,0,35,36,86.11111111111111,Slovenian <LL@li.org>
pidgin-musictracker,65,0,268,30,0,30,67,333,19.51951951951952,Slovenian <sl@li.org>
pim-data-exporter,715,8,2,179,2,1,737,725,98.62068965517241,Slovenian <lugos-slo@lugos.si>
pim-sieve-editor,411,21,0,112,3,0,409,432,95.13888888888889,Slovenian <lugos-slo@lugos.si>
pinta,1686,0,0,532,0,0,1665,1686,100.0,Slovenian <sl@li.org>
pitivi,7195,10,114,739,2,8,6241,7319,98.30577947807078,Slovenian GNOME translation team <gnome-si@googlegroups.com>
plank,56,0,133,31,0,19,73,189,29.629629629629626,Slovenian <sl@li.org>
planner,1844,0,0,535,0,0,1815,1844,100.0,Slovenian GNOME Translation Team <gnome-si@googlegroups.com>
plasma-breeze,250,12,4,94,3,4,275,266,93.98496240601504,Slovenian <lugos-slo@lugos.si>
plasma-browser-integration,11,0,0,3,0,0,14,11,100.0,Slovenian <lugos-slo@lugos.si>
plasma-desktop,9505,896,1003,1846,250,216,9327,11404,83.34794808839004,Slovenian <lugos-slo@lugos.si>
plasma-discover,913,227,366,294,58,89,907,1506,60.62416998671979,Slovenian <lugos-slo@lugos.si>
plasma-drkonqi,3683,179,104,328,17,7,3431,3966,92.86434694906707,Slovenian <lugos-slo@lugos.si>
plasma-integration,58,0,0,21,0,0,54,58,100.0,Slovenian <lugos-slo@lugos.si>
plasma-mediacenter,172,0,0,87,0,0,186,172,100.0,Slovenian <lugos-slo@lugos.si>
plasma-milou,41,1,0,16,1,0,37,42,97.61904761904762,Slovenian <lugos-slo@lugos.si>
plasma-nm,4240,130,537,1087,32,69,4271,4907,86.40717342571837,Slovenian <lugos-slo@lugos.si>
plasma-oxygen,805,2,0,292,2,0,851,807,99.75216852540272,Slovenian <lugos-slo@lugos.si>
plasma-pa,123,39,70,46,14,25,129,232,53.01724137931034,Slovenian <lugos-slo@lugos.si>
plasma-sdk,821,17,45,237,7,15,876,883,92.97848244620612,Slovenian <lugos-slo@lugos.si>
plasma-systemsettings,185,8,6,46,3,3,191,199,92.96482412060301,Slovenian <lugos-slo@lugos.si>
plasma-user-manager,134,6,1,35,3,1,123,141,95.0354609929078,Slovenian <lugos-slo@lugos.si>
plasma-vault,370,200,120,53,18,12,327,690,53.62318840579711,Slovenian <lugos-slo@lugos.si>
plasma-workspace,6468,508,467,2117,111,144,6644,7443,86.90044336960902,Slovenian <lugos-slo@lugos.si>
pluma,4697,5,8424,1135,1,942,4361,13126,35.78394027121743,Slovenian (https://www.transifex.com/mate/teams/13566/sl/)
plymouth-kcm,89,25,3,20,4,1,91,117,76.06837606837607,Slovenian <lugos-slo@lugos.si>
po4a,1703,103,152,179,10,32,1613,1958,86.97650663942798,Slovenian <ubuntu-l10n-slv@lists.ubuntu.com>
poedit,2813,0,0,623,0,0,2829,2813,100.0,Slovenian
pogo,19,0,557,8,0,93,22,576,3.298611111111111,Slovenian <sl@li.org>
polari,833,0,0,189,0,0,966,833,100.0,Slovenian GNOME Translation Team <gnome-si@googlegroups.com>
policycoreutils,18,0,4475,18,0,680,18,4493,0.4006231916314267,Slovenian
polkit-gnome,285,0,0,46,0,0,238,285,100.0,Slovenian GNOME Translation Team <gnome-si@googlegroups.com>
polkit-kde,89,2,4,26,1,3,94,95,93.6842105263158,Slovenian <lugos-slo@lugos.si>
popt,8,5,71,2,1,28,10,84,9.523809523809524,Slovenian <sl@li.org>
powerdevil,393,177,39,94,24,9,444,609,64.5320197044335,Slovenian <lugos-slo@lugos.si>
pspp,9225,602,629,1823,149,80,9438,10456,88.22685539403213,Slovenian <translation-team-sl@lists.sourceforge.net>
pychess,1776,0,2679,457,0,422,1697,4455,39.86531986531986,Slovenian (http://www.transifex.com/gbtami/pychess/language/sl/)
pyhoca-gui,0,0,1865,0,0,402,0,1865,0.0,none
pykickstart,123,43,1439,12,1,166,104,1605,7.663551401869159,Slovenian (http://www.transifex.com/projects/p/pykickstart/language/sl/)
python-SecretStorage,59,0,0,9,0,0,59,59,100.0,Slovenian GNOME Translation Team <gnome-si@googlegroups.com>
python-blivet,37,0,521,3,0,73,29,558,6.630824372759856,Slovenian (http://www.transifex.com/projects/p/blivet/language/sl/)
python-caja,6,0,1,2,0,1,5,7,85.71428571428571,Slovenian (https://www.transifex.com/mate/teams/13566/sl/)
python-django,3657,0,0,825,0,0,3942,3657,100.0,Slovenian (http://www.transifex.com/django/django/language/sl/)
python-django-contrib-comments,250,0,0,61,0,0,282,250,100.0,Slovenian (http://www.transifex.com/django/django-contrib-comments/language/sl/)
python-django-formtools,5,0,27,3,0,8,5,32,15.625,Slovenian (http://www.transifex.com/projects/p/django-formtools/language/sl/)
python-django-registration,84,0,0,17,0,0,71,84,100.0,Slovenian <domen@dev.si>
python-django-rest-framework,582,0,0,101,0,0,521,582,100.0,Slovenian (http://www.transifex.com/django-rest-framework-1/django-rest-framework/language/sl/)
python-fedora,0,0,214,0,0,29,0,214,0.0,Slovenian
python-formencode,699,73,41,103,8,4,560,813,85.97785977859779,
python-meh,0,0,109,0,0,23,0,109,0.0,Slovenian
python-nikola,70,0,24,30,0,14,74,94,74.46808510638297,Slovenian (http://www.transifex.com/ralsina/nikola/language/sl/)
python-simpleline,0,0,42,0,0,16,0,42,0.0,Slovenian
python-sphinx,312,0,4120,116,0,572,308,4432,7.039711191335741,Slovenian (http://www.transifex.com/sphinx-doc/sphinx-1/language/sl/)
python-sphinxcontrib-applehelp,0,0,89,0,0,14,0,89,0.0,Slovenian (https://www.transifex.com/sphinx-doc/teams/36659/sl/)
python-sphinxcontrib-devhelp,0,0,18,0,0,2,0,18,0.0,Slovenian (https://www.transifex.com/sphinx-doc/teams/36659/sl/)
python-sphinxcontrib-htmlhelp,0,0,25,0,0,5,0,25,0.0,Slovenian (https://www.transifex.com/sphinx-doc/teams/36659/sl/)
python-sphinxcontrib-qthelp,0,0,33,0,0,3,0,33,0.0,Slovenian (https://www.transifex.com/sphinx-doc/teams/36659/sl/)
python-sphinxcontrib-serializinghtml,0,0,18,0,0,2,0,18,0.0,Slovenian (https://www.transifex.com/sphinx-doc/teams/36659/sl/)
python-wxpython4,6880,372,443,1614,132,107,6753,7695,89.4087069525666,Martin Srebotnjak <miles@filmsi.net>
python2-django1.11,3600,0,0,816,0,0,3896,3600,100.0,Slovenian (http://www.transifex.com/django/django/language/sl/)
qtwebkit,1472,0,0,343,0,0,1361,1472,100.0,Slovenian GNOME Translation Team <gnome-si@googlegroups.com>
quadrapassel,431,0,0,79,0,0,398,431,100.0,Slovenian <lugos-slo@lugos.si>
quassel,4610,0,3168,1102,0,548,4616,7778,59.269735150424275,Slovenian (http://www.transifex.com/quassel/quassel/language/sl/)
rabbitvcs,139,0,1385,69,0,403,143,1524,9.120734908136482,Slovenian <sl@li.org>
radiotray,117,0,13,43,0,3,112,130,90.0,Slovenian (http://www.transifex.com/projects/p/radiotray/language/sl/)
realmd,778,0,11,125,0,2,775,789,98.60583016476554,Slovenian (http://www.transifex.com/freedesktop/realmd/language/sl/)
recode,672,115,42,62,7,10,678,829,81.0615199034982,Slovenian <sl@li.org>
redhat-menus,240,11,10,76,5,5,247,261,91.95402298850574,Slovenian <sl@li.org>
rednotebook,1125,0,22,236,0,4,1038,1147,98.0819529206626,Slovenian <sl@li.org>
regexxer,467,0,0,100,0,0,439,467,100.0,Slovenian GNOME Translation Team <gnome-si@googlegroups.com>
rekonq,2202,0,0,593,0,0,2221,2202,100.0,Slovenian <lugos-slo@lugos.si>
remmina,450,656,2052,165,123,410,466,3158,14.249525015832806,Slovenian <https://hosted.weblate.org/projects/remmina/remmina/sl/>
renameutils,133,107,25,35,14,5,121,265,50.18867924528302,Slovenian <translation-team-sl@lists.sourceforge.net>
rhythmbox,8130,319,342,1348,22,45,7601,8791,92.48094642247754,Slovenian GNOME Translation Team <gnome-si@googlegroups.com>
rhythmbox-alternative-toolbar,294,0,0,60,0,0,306,294,100.0,Slovenian <sl@li.org>
ristretto,240,0,519,115,0,81,245,759,31.620553359683797,Slovenian (http://www.transifex.com/xfce/xfce-apps/language/sl/)
rocs,1376,16,31,283,8,4,1240,1423,96.69711876317639,Slovenian <lugos-slo@lugos.si>
rpm,682,18,3833,137,4,731,712,4533,15.045223913523053,Slovenian (http://www.transifex.com/rpm-team/rpm/language/sl/)
rsibreak,1175,0,0,158,0,0,1015,1175,100.0,Slovenian <lugos-slo@lugos.si>
rt,9012,0,2684,2187,0,455,8739,11696,77.05198358413132,Slovenian <sl@li.org>
rygel,1624,0,0,303,0,0,1791,1624,100.0,Slovenian GNOME Translation Team <gnome-si@googlegroups.com>
sawfish,6419,124,0,1026,10,0,6383,6543,98.1048448723827,Slovenian GNOME Translation Team <gnome-si@googlegroups.com>
scratch,1187,0,283,509,0,117,1218,1470,80.74829931972789,
sddm-kcm,62,26,55,22,10,8,64,143,43.35664335664335,Slovenian <lugos-slo@lugos.si>
seahorse,2612,0,0,594,0,0,2509,2612,100.0,Slovenian GNOME Translation Team <gnome-si@googlegroups.com>
seahorse-caja,487,0,0,121,0,0,542,487,100.0,Slovenian GNOME Translation Team <gnome-si@googlegroups.com>
seahorse-nautilus,487,0,0,121,0,0,542,487,100.0,Slovenian GNOME Translation Team <gnome-si@googlegroups.com>
seahorse-sharing,97,0,0,22,0,0,101,97,100.0,Slovenian <gnome-si@googlegroups.com>
sed,443,94,251,77,12,48,443,788,56.21827411167513,Slovenian <translation-team-sl@lists.sourceforge.net>
setroubleshoot,0,0,660,0,0,181,0,660,0.0,Slovenian (http://www.transifex.com/projects/p/fedora/language/sl/)
setroubleshoot-plugins,0,0,6208,0,0,221,0,6208,0.0,Slovenian (http://www.transifex.com/projects/p/fedora/language/sl/)
setuptool,47,0,8,13,0,1,46,55,85.45454545454545,Slovenian <translation-team-sl@lists.sourceforge.net>
shared-mime-info,1613,0,378,641,0,132,2037,1991,81.01456554495229,Slovenian (http://www.transifex.com/freedesktop/shared-mime-info/language/sl/)
shotwell,4170,35,348,887,6,53,4908,4553,91.58796397979354,Slovenian (http://www.transifex.com/projects/p/shotwell/language/sl/)
shutter,3093,0,0,606,0,0,3221,3093,100.0,Slovenian <sl@li.org>
simple-scan,878,0,1314,194,0,100,916,2192,40.05474452554745,Slovenian <sl@li.org>
skanlite,186,0,0,63,0,0,184,186,100.0,Slovenian <lugos-slo@lugos.si>
slick-greeter,211,0,0,47,0,0,187,211,100.0,Slovenian <sl@li.org>
snapper,3,119,705,3,35,162,3,827,0.36275695284159615,Slovenščina <sl@li.org>
snownews,560,0,0,111,0,0,569,560,100.0,
sos,0,0,122,0,0,30,0,122,0.0,none
sound-juicer,914,0,2654,231,0,111,883,3568,25.61659192825112,Slovenian GNOME Translation Team <gnome-si@googlegroups.com>
soundconverter,246,4,127,98,2,19,258,377,65.25198938992042,Slovenian GNOME translation group <gnome-si@googlegroups.com>
soundkonverter,4002,0,60,558,0,12,3646,4062,98.52289512555392,Slovenian (http://www.transifex.com/hessijames/soundkonverter/language/sl/)
soundtracker,1140,136,372,340,54,75,1110,1648,69.1747572815534,slovenian <sl@li.org>
spacefm,450,8,8264,170,3,1395,408,8722,5.15936711763357,Slovenian (http://www.transifex.com/projects/p/spacefm/language/sl/)
sparkleshare,197,0,205,45,0,42,175,402,49.004975124378106,
spectacle,359,129,163,69,32,48,368,651,55.14592933947773,Slovenian <lugos-slo@lugos.si>
speedcrunch,0,0,93,0,0,10,0,93,0.0,Slovenian (Slovenia) (http://www.transifex.com/heldercorreia/speedcrunch/language/sl_SI/)
squirrelmail,3255,1579,2044,893,251,207,3220,6878,47.32480372201221,slovenščina <C@li.org>
sscg,78,0,16,29,0,5,76,94,82.97872340425532,Slovenian <translation-team-sl@lists.sourceforge.net>
stellarium,7867,0,119220,3039,0,32417,7484,127087,6.190247625642276,Slovenian (https://www.transifex.com/stellarium/teams/80998/sl/)
step,1883,11,13,672,2,4,1778,1907,98.74147876245412,Slovenian <lugos-slo@lugos.si>
subdownloader,968,0,0,272,0,0,848,968,100.0,Slovenian <sl@li.org>
sudo,3207,0,0,498,0,0,3211,3207,100.0,Slovenian <translation-team-sl@lists.sourceforge.net>
sugar,787,73,1445,258,8,263,761,2305,34.143167028199564,LANGUAGE <LL@li.org>
sugar-abacus,23,0,5,18,0,5,23,28,82.14285714285714,LANGUAGE <LL@li.org>
sugar-base,5,0,0,5,0,0,5,5,100.0,LANGUAGE <LL@li.org>
sugar-browse,73,1,260,32,1,38,100,334,21.856287425149702,LANGUAGE <LL@li.org>
sugar-calculator,163,0,708,96,0,68,161,871,18.714121699196326,LANGUAGE <LL@li.org>
sugar-chat,54,3,80,33,1,47,55,137,39.416058394160586,LANGUAGE <LL@li.org>
sugar-clock,0,0,66,0,0,21,0,66,0.0,LANGUAGE <LL@li.org>
sugar-connect,36,0,0,9,0,0,34,36,100.0,LANGUAGE <LL@li.org>
sugar-deducto,0,0,109,0,0,23,0,109,0.0,LANGUAGE <LL@li.org>
sugar-distance,72,4,23,14,1,11,70,99,72.72727272727273,LANGUAGE <LL@li.org>
sugar-finance,44,90,124,20,4,39,39,258,17.05426356589147,LANGUAGE <LL@li.org>
sugar-fototoon,83,3,35,36,3,7,98,121,68.59504132231406,LANGUAGE <LL@li.org>
sugar-fractionbounce,0,0,68,0,0,23,0,68,0.0,LANGUAGE <LL@li.org>
sugar-getiabooks,0,0,150,0,0,34,0,150,0.0,LANGUAGE <LL@li.org>
sugar-imageviewer,16,0,42,8,0,8,21,58,27.586206896551722,LANGUAGE <LL@li.org>
sugar-implode,0,3,74,0,3,17,0,77,0.0,LANGUAGE <LL@li.org>
sugar-infoslicer,0,2,234,0,2,60,0,236,0.0,LANGUAGE <LL@li.org>
sugar-jukebox,69,0,0,22,0,0,79,69,100.0,LANGUAGE <LL@li.org>
sugar-labyrinth,0,0,281,0,0,94,0,281,0.0,LANGUAGE <LL@li.org>
sugar-log,77,0,21,19,0,2,75,98,78.57142857142857,LANGUAGE <LL@li.org>
sugar-maze,1,0,6,1,0,3,1,7,14.285714285714285,LANGUAGE <LL@li.org>
sugar-measure,0,0,155,0,0,73,0,155,0.0,LANGUAGE <LL@li.org>
sugar-memorize,51,10,81,40,9,25,51,142,35.91549295774648,LANGUAGE <LL@li.org>
sugar-paint,37,0,69,34,0,27,39,106,34.90566037735849,LANGUAGE <LL@li.org>
sugar-physics,0,4,44,0,4,24,0,48,0.0,LANGUAGE <LL@li.org>
sugar-pippy,91,0,183,25,0,41,84,274,33.21167883211679,LANGUAGE <LL@li.org>
sugar-playgo,0,0,85,0,0,30,0,85,0.0,LANGUAGE <LL@li.org>
sugar-read,137,0,0,50,0,0,134,137,100.0,LANGUAGE <LL@li.org>
sugar-record,12,8,42,10,2,12,14,62,19.35483870967742,LANGUAGE <LL@li.org>
sugar-ruler,0,0,29,0,0,8,0,29,0.0,LANGUAGE <LL@li.org>
sugar-speak,23,0,204,23,0,51,23,227,10.13215859030837,LANGUAGE <LL@li.org>
sugar-stopwatch,5,0,0,5,0,0,5,5,100.0,LANGUAGE <LL@li.org>
sugar-story,24,0,0,11,0,0,25,24,100.0,LANGUAGE <LL@li.org>
sugar-terminal,6,0,115,4,0,22,5,121,4.958677685950414,LANGUAGE <LL@li.org>
sugar-toolkit,72,1,0,36,1,0,90,73,98.63013698630137,LANGUAGE <LL@li.org>
sugar-toolkit-gtk3,142,13,58,104,4,15,156,213,66.66666666666666,LANGUAGE <LL@li.org>
sugar-turtleart,6,3,1450,5,3,427,5,1459,0.411240575736806,LANGUAGE <walter@sugarlabs.org>
sugar-typing-turtle,0,2,597,0,2,125,0,599,0.0,LANGUAGE <LL@li.org>
sugar-view-slides,0,0,7,0,0,5,0,7,0.0,LANGUAGE <LL@li.org>
sugar-visualmatch,0,0,158,0,0,78,0,158,0.0,LANGUAGE <LL@li.org>
sugar-words,3,0,0,3,0,0,3,3,100.0,LANGUAGE <LL@li.org>
sugar-write,121,0,0,55,0,0,121,121,100.0,LANGUAGE <LL@li.org>
sugar-xoeditor,0,0,29,0,0,7,0,29,0.0,LANGUAGE <LL@li.org>
supertux,3223,0,0,985,0,0,3098,3223,100.0,Slovenian (http://www.transifex.com/arctic-games/supertux/language/sl/)
supertuxkart,2750,0,2591,730,0,297,2752,5341,51.48848530237783,Slovenian (http://www.transifex.com/supertuxkart/supertuxkart/language/sl/)
sushi,33,0,0,13,0,0,36,33,100.0,Slovenian GNOME Translation Team <gnome-si@googlegroups.com>
svgpart,22,0,0,7,0,0,27,22,100.0,Slovenian <lugos-slo@lugos.si>
sweeper,229,0,0,50,0,0,210,229,100.0,Slovenian <lugos-slo@lugos.si>
swell-foop,316,0,1301,83,0,51,286,1617,19.542362399505254,Slovenian GNOME Translation Team <gnome-si@googlegroups.com>
switchboard,59,0,65,16,0,10,56,124,47.58064516129033,Slovenian <https://l10n.elementary.io/projects/switchboard/switchboard/sl/>
switchboard-plug-a11y,93,14,18,28,5,5,83,125,74.4,Slovenian <https://weblate.elementary.io/projects/switchboard/switchboard-plug-a11y/sl/>
switchboard-plug-about,96,0,0,29,0,0,102,96,100.0,Slovenian <https://l10n.elementary.io/projects/switchboard/switchboard-plug-about/sl/>
switchboard-plug-applications,95,0,0,34,0,0,91,95,100.0,Slovenian <https://l10n.elementary.io/projects/switchboard/switchboard-plug-applications/sl/>
switchboard-plug-bluetooth,143,5,0,36,2,0,147,148,96.62162162162163,Slovenian <https://l10n.elementary.io/projects/switchboard/switchboard-plug-bluetooth/sl/>
switchboard-plug-display,113,0,26,47,0,5,118,139,81.29496402877699,Slovenian <https://l10n.elementary.io/projects/switchboard/switchboard-plug-display/sl/>
switchboard-plug-keyboard,379,41,110,149,15,29,406,530,71.50943396226414,Slovenian <https://l10n.elementary.io/projects/switchboard/switchboard-plug-keyboard/sl/>
switchboard-plug-mouse-touchpad,168,11,53,63,1,9,171,232,72.41379310344827,Slovenian <https://l10n.elementary.io/projects/switchboard/switchboard-plug-mouse-touchpad/sl/>
switchboard-plug-networking,320,86,68,102,18,17,298,474,67.51054852320675,Slovenian <https://l10n.elementary.io/projects/switchboard/switchboard-plug-networking/sl/>
switchboard-plug-notifications,133,0,9,19,0,2,104,142,93.66197183098592,Slovenian <https://l10n.elementary.io/projects/switchboard/switchboard-plug-notifications/sl/>
switchboard-plug-onlineaccounts,141,9,10,44,3,9,139,160,88.125,Slovenian <https://weblate.elementary.io/projects/switchboard/switchboard-plug-onlineaccounts/sl/>
switchboard-plug-pantheon-shell,141,4,36,55,2,8,150,181,77.90055248618785,Slovenian <https://l10n.elementary.io/projects/switchboard/switchboard-plug-pantheon-shell/sl/>
switchboard-plug-printers,349,2,11,141,1,2,334,362,96.40883977900553,Slovenian <https://l10n.elementary.io/projects/switchboard/switchboard-plug-printers/sl/>
switchboard-plug-sharing,130,2,8,28,1,3,128,140,92.85714285714286,Slovenian <https://l10n.elementary.io/projects/switchboard/switchboard-plug-sharing/sl/>
switchboard-plug-sound,134,0,18,46,0,5,119,152,88.1578947368421,Slovenian <https://l10n.elementary.io/projects/switchboard/switchboard-plug-sound/sl/>
switchdesk,17,85,20,4,9,6,19,122,13.934426229508196,slovenščina <translation-team-sl@lists.sourceforge.net>
sylpheed,3518,2308,1388,1016,582,199,3656,7214,48.76628777377322,Slovenian <translator-team-sl@lists.sourceforge.net>
synapse,746,0,110,208,0,26,758,856,87.14953271028037,Slovenian <sl@li.org>
synfig,1631,6,3059,490,2,686,1476,4696,34.73168654173765,Slovenian (http://www.transifex.com/morevnaproject/synfig/language/sl/)
synfigstudio,352,0,6212,68,0,1499,328,6564,5.362583790371724,Slovenian (http://www.transifex.com/morevnaproject/synfig/language/sl/)
sysprof,57,76,157,38,26,19,64,290,19.655172413793103,Slovenian GNOME Translation Team <gnome-si@googlegroups.com>
system-config-httpd,858,0,0,223,0,0,806,858,100.0,Slovenian <sl@li.org>
system-config-keyboard,169,18,0,71,10,0,153,187,90.37433155080214,Slovenian <translation-team-sl@lists.sourceforge.net>
system-config-printer,3039,9,402,727,6,166,3027,3450,88.08695652173914,Slovenian (http://www.transifex.com/projects/p/system-config-printer/language/sl/)
system-config-rootpassword,15,26,75,3,5,11,13,116,12.931034482758621,Slovenian <translation-team-sl@lists.sourceforge.net>
system-config-users-docs,0,0,1061,0,0,82,0,1061,0.0,LANGUAGE <LL@li.org>
system-switch-mail,9,88,4,6,8,3,9,101,8.91089108910891,slovenščina <translation-team-sl@lists.sourceforge.net>
tali,461,0,0,109,0,0,438,461,100.0,Slovenian GNOME Translation Team <gnome-si@googlegroups.com>
tar,3392,133,131,557,18,18,3664,3656,92.77899343544857,Slovenian <translation-team-sl@lists.sourceforge.net>
taxi,23,0,39,11,0,4,27,62,37.096774193548384,LANGUAGE <LL@li.org>
tellico,5588,157,40,1183,38,13,5037,5785,96.59464131374243,Slovenian <lugos-slo@lugos.si>
template-glib,23,0,0,4,0,0,22,23,100.0,Slovenian GNOME Translation Team <gnome-si@googlegroups.com>
tepl,44,54,119,28,8,40,40,217,20.276497695852534,Slovenian GNOME Translation Team <gnome-si@googlegroups.com>
terminology,804,49,137,203,12,30,815,990,81.21212121212122,Slovenian <sl@li.org>
texinfo,1638,2420,1312,252,224,168,1556,5370,30.502793296089386,Slovenian <translation-team-sl@lists.sourceforge.net>
texlive,0,0,0,0,0,0,0,0,0.0,
thunar-archive-plugin,86,0,0,13,0,0,105,86,100.0,Slovenian (http://www.transifex.com/xfce/thunar-plugins/language/sl/)
thunar-media-tags-plugin,156,0,0,58,0,0,122,156,100.0,Slovenian (http://www.transifex.com/xfce/thunar-plugins/language/sl/)
thunar-vcs-plugin,571,0,24,311,0,9,734,595,95.96638655462185,Slovenian (http://www.transifex.com/xfce/thunar-plugins/language/sl/)
thunar-volman,482,0,17,116,0,4,418,499,96.59318637274549,Slovenian (http://www.transifex.com/xfce/thunar-volman/language/sl/)
tilda,53,19,595,26,10,150,55,667,7.946026986506746,Slovenian <sl@li.org>
tomboy,6653,0,0,671,0,0,6110,6653,100.0,Slovenian GNOME Translation Team <gnome-si@googlegroups.com>
totem,1445,0,1743,417,0,120,1467,3188,45.326223337515685,Slovenian GNOME Translation Team <gnome-si@googlegroups.com>
totem-pl-parser,29,0,0,8,0,0,25,29,100.0,Slovenian GNOME Translation Team <gnome-si@googlegroups.com>
trac,5005,660,7476,1060,116,295,4902,13141,38.08690358420211,sl_SI <trac-dev@googlegroups.com>
tracker,2217,0,0,369,0,0,2367,2217,100.0,Slovenian GNOME Translation Team <gnome-si@googlegroups.com>
tracker-miners,801,0,0,112,0,0,768,801,100.0,Slovenian GNOME Translation Team <gnome-si@googlegroups.com>
transmageddon,250,0,0,72,0,0,275,250,100.0,Slovenian GNOME Translation Team <gnome-si@googlegroups.com>
transmission,1809,0,0,494,0,0,2174,1809,100.0,Slovenian <sl@li.org>
tryton,1574,0,0,421,0,0,1495,1574,100.0,
trytond,2646,0,0,1206,0,0,2271,2646,100.0,
trytond-account,2743,0,0,1220,0,0,2385,2743,100.0,
trytond-account-invoice,1028,0,0,372,0,0,920,1028,100.0,
trytond-account-invoice-history,2,0,0,1,0,0,2,2,100.0,
trytond-account-invoice-line-standalone,10,0,0,4,0,0,10,10,100.0,
trytond-account-product,296,0,5,95,0,1,257,301,98.33887043189368,
trytond-account-statement,231,0,0,127,0,0,205,231,100.0,
trytond-account-stock-anglo-saxon,74,0,0,12,0,0,62,74,100.0,
trytond-account-stock-continental,325,0,0,69,0,0,293,325,100.0,
trytond-analytic-account,184,0,0,95,0,0,162,184,100.0,
trytond-analytic-invoice,13,0,0,3,0,0,11,13,100.0,
trytond-analytic-purchase,22,0,0,4,0,0,20,22,100.0,
trytond-analytic-sale,13,0,0,3,0,0,11,13,100.0,
trytond-company,118,0,0,77,0,0,103,118,100.0,
trytond-company-work-time,18,0,0,5,0,0,18,18,100.0,
trytond-country,7539,0,0,5243,0,0,7483,7539,100.0,
trytond-currency,469,0,0,233,0,0,448,469,100.0,
trytond-dashboard,35,0,0,22,0,0,41,35,100.0,
trytond-google-maps,2,0,0,1,0,0,2,2,100.0,
trytond-ldap-authentication,10,0,0,1,0,0,8,10,100.0,
trytond-party,268,0,0,152,0,0,235,268,100.0,
trytond-party-siret,18,0,0,5,0,0,18,18,100.0,
trytond-product,375,0,0,210,0,0,318,375,100.0,
trytond-product-cost-fifo,24,0,0,4,0,0,24,24,100.0,
trytond-product-cost-history,27,0,0,14,0,0,22,27,100.0,
trytond-product-price-list,74,0,0,32,0,0,52,74,100.0,
trytond-project,143,0,0,62,0,0,130,143,100.0,
trytond-project-plan,83,0,0,46,0,0,75,83,100.0,
trytond-project-revenue,12,0,0,8,0,0,12,12,100.0,
trytond-purchase,571,0,0,291,0,0,538,571,100.0,
trytond-purchase-invoice-line-standalone,51,0,0,22,0,0,46,51,100.0,
trytond-sale,536,0,0,266,0,0,515,536,100.0,
trytond-sale-opportunity,320,0,0,174,0,0,295,320,100.0,
trytond-sale-price-list,5,0,0,2,0,0,3,5,100.0,
trytond-stock,1203,0,0,563,0,0,1059,1203,100.0,
trytond-stock-forecast,174,0,0,81,0,0,155,174,100.0,
trytond-stock-inventory-location,17,0,0,11,0,0,15,17,100.0,
trytond-stock-location-sequence,1,0,0,1,0,0,2,1,100.0,
trytond-stock-product-location,23,0,0,14,0,0,19,23,100.0,
trytond-stock-supply,147,0,0,58,0,0,139,147,100.0,
trytond-stock-supply-day,27,0,0,18,0,0,25,27,100.0,
trytond-timesheet,278,0,0,131,0,0,245,278,100.0,
tumbler,241,0,0,39,0,0,241,241,100.0,Slovenian (http://www.transifex.com/xfce/tumbler/language/sl/)
tuxmath,228,115,1112,67,13,169,227,1455,15.670103092783505,Slovenian <sl@li.org>
tuxpaint,1591,0,0,291,0,0,1472,1591,100.0,Slovenian GNOME Translation Team <gnome-si@googlegroups.com>
tuxpaint-stamps,1904,701,666,533,200,80,1267,3271,58.208498929990824,Slovenian GNOME Translation Team <gnome-si@googlegroups.com>
udisks2,1498,207,453,406,28,78,1491,2158,69.41612604263206,Slovenian
ufw,874,0,5,180,0,1,933,879,99.43117178612059,Slovenian <sl@li.org>
umbrello,5350,69,37,1458,24,6,5127,5456,98.05718475073314,Slovenian <lugos-slo@lugos.si>
usermode,442,0,131,74,0,22,421,573,77.13787085514834,LANGUAGE <LL@li.org>
util-linux,1668,12711,9402,481,2467,1338,1744,23781,7.014002775324839,Slovenian <translation-team-sl@lists.sourceforge.net>
vinagre,2515,0,0,365,0,0,2322,2515,100.0,Slovenian GNOME Translation Team <gnome-si@googlegroups.com>
vino,1228,0,0,134,0,0,1080,1228,100.0,Slovenian GNOME Translation Team <gnome-si@googlegroups.com>
virt-viewer,0,0,835,0,0,183,0,835,0.0,Slovenian
vocal,123,0,711,34,0,138,120,834,14.748201438848922,Slovenian (http://www.transifex.com/needle-and-thread/vocal/language/sl/)
vte,80,0,0,13,0,0,89,80,100.0,Slovenian GNOME Translation Team <gnome-si@googlegroups.com>
vte291,31,0,0,5,0,0,37,31,100.0,Slovenian GNOME Translation Team <gnome-si@googlegroups.com>
warmux,1718,333,693,307,62,103,2093,2744,62.609329446064145,<sl@li.org>
warzone2100,13429,0,32,2889,0,6,13581,13461,99.76227620533393,Slovenian <sl@li.org>
wdiff,993,0,0,150,0,0,1042,993,100.0,Slovenian <translation-team-sl@lists.sourceforge.net>
webkit2gtk3,1889,355,466,469,62,60,1777,2710,69.70479704797047,Slovenian GNOME Translation Team <gnome-si@googlegroups.com>
wesnoth,11685,23580,258576,2107,2426,13585,10198,293841,3.976640427986564,Slovenian
wget,1253,1421,1322,254,206,184,1351,3996,31.356356356356358,Slovenian <translation-team-sl@lists.sourceforge.net>
widelands,964,0,57975,331,0,4894,915,58939,1.6355893381292521,Slovenian (http://www.transifex.com/widelands/widelands/language/sl/)
wine,12528,2355,2332,3056,417,421,12217,17215,72.77374382805692,Slovenian
wingpanel,6,0,13,1,0,3,4,19,31.57894736842105,Slovenian <https://l10n.elementary.io/projects/wingpanel/wingpanel/sl/>
wingpanel-applications-menu,215,0,79,71,0,15,204,294,73.12925170068027,Slovenian <https://l10n.elementary.io/projects/wingpanel/applications-menu/sl/>
wingpanel-indicator-bluetooth,11,0,16,7,0,5,16,27,40.74074074074074,Slovenian <https://l10n.elementary.io/projects/wingpanel/wingpanel-indicator-bluetooth/sl/>
wingpanel-indicator-datetime,44,0,84,10,0,15,43,128,34.375,Slovenian <https://l10n.elementary.io/projects/wingpanel/wingpanel-indicator-datetime/sl/>
wingpanel-indicator-keyboard,10,0,14,4,0,5,11,24,41.66666666666667,Slovenian <https://weblate.elementary.io/projects/wingpanel/wingpanel-indicator-keyboard/sl/>
wingpanel-indicator-network,76,0,21,22,0,5,83,97,78.35051546391753,Slovenian <https://weblate.elementary.io/projects/wingpanel/wingpanel-indicator-network/sl/>
wingpanel-indicator-nightlight,12,0,19,4,0,4,14,31,38.70967741935484,Slovenian <https://weblate.elementary.io/projects/wingpanel/indicator-nightlight/sl/>
wingpanel-indicator-notifications,16,0,22,7,0,6,15,38,42.10526315789473,Slovenian <https://l10n.elementary.io/projects/wingpanel/wingpanel-indicator-notifications/sl/>
wingpanel-indicator-power,90,0,27,25,0,7,159,117,76.92307692307693,Slovenian <https://weblate.elementary.io/projects/wingpanel/wingpanel-indicator-power/sl/>
wingpanel-indicator-session,57,0,24,18,0,7,50,81,70.37037037037037,Slovenian <https://weblate.elementary.io/projects/wingpanel/wingpanel-indicator-session/sl/>
wingpanel-indicator-sound,9,0,36,4,0,7,9,45,20.0,Slovenian <https://l10n.elementary.io/projects/wingpanel/wingpanel-indicator-sound/sl/>
workrave,2169,222,251,410,66,48,1983,2642,82.09689629068887,Slovenian <sl@li.org>
wxGTK3,6880,372,443,1614,132,107,6753,7695,89.4087069525666,Martin Srebotnjak <miles@filmsi.net>
wxPython,8813,356,970,2283,108,191,8627,10139,86.92178715849688,Martin Srebotnjak <miles@filmsi.net>
xapps,62,0,7,32,0,2,61,69,89.85507246376811,Slovenian <sl@li.org>
xdg-desktop-portal-kde,7,4,71,5,2,24,8,82,8.536585365853659,Slovenian <lugos-slo@lugos.si>
xdg-user-dirs,28,0,0,28,0,0,28,28,100.0,Slovenian <translation-team-sl@lists.sourceforge.net>
xdg-user-dirs-gtk,81,0,0,11,0,0,75,81,100.0,Slovenian GNOME Translation Team <gnome-si@googlegroups.com>
xed,3295,0,1330,787,0,211,3301,4625,71.24324324324324,Slovenian (http://www.transifex.com/projects/p/MATE/language/sl/)
xfburn,1572,0,0,323,0,0,1442,1572,100.0,Slovenian (http://www.transifex.com/xfce/xfce-apps/language/sl/)
xfce4-appfinder,325,0,81,73,0,8,300,406,80.04926108374384,Slovenian (http://www.transifex.com/xfce/xfce4-appfinder/language/sl/)
xfce4-battery-plugin,144,0,3,41,0,1,146,147,97.95918367346938,Slovenian (http://www.transifex.com/xfce/xfce-panel-plugins/language/sl/)
xfce4-clipman-plugin,413,0,65,64,0,8,359,478,86.40167364016736,Slovenian (http://www.transifex.com/xfce/xfce-panel-plugins/language/sl/)
xfce4-datetime-plugin,52,0,0,19,0,0,54,52,100.0,Slovenian (http://www.transifex.com/xfce/xfce-panel-plugins/language/sl/)
xfce4-dict,175,0,352,70,0,49,176,527,33.206831119544596,Slovenian (http://www.transifex.com/xfce/xfce-apps/language/sl/)
xfce4-embed-plugin,219,0,0,33,0,0,185,219,100.0,Slovenian <lugos-slo@lugos.si>
xfce4-eyes-plugin,15,0,0,4,0,0,14,15,100.0,Slovenian (http://www.transifex.com/projects/p/xfce/language/sl/)
xfce4-fsguard-plugin,71,0,0,19,0,0,73,71,100.0,Slovenian (http://www.transifex.com/xfce/xfce-panel-plugins/language/sl/)
xfce4-genmon-plugin,25,0,31,11,0,3,24,56,44.642857142857146,Slovenian (http://www.transifex.com/xfce/xfce-panel-plugins/language/sl/)
xfce4-hardware-monitor-plugin,356,0,0,129,0,0,327,356,100.0,Slovenian GNOME Translation Team <gnome-si@googlegroups.com>
xfce4-notes-plugin,163,0,0,57,0,0,154,163,100.0,Slovenian (http://www.transifex.com/projects/p/xfce-panel-plugins/language/sl/)
xfce4-notifyd,98,0,0,29,0,0,104,98,100.0,Slovenian (http://www.transifex.com/projects/p/xfce-apps/language/sl/)
xfce4-panel,1691,0,0,413,0,0,1569,1691,100.0,Slovenian (https://www.transifex.com/xfce/teams/16840/sl/)
xfce4-panel-profiles,99,0,0,26,0,0,96,99,100.0,Slovenian (https://www.transifex.com/xfce/teams/16840/sl/)
xfce4-places-plugin,160,0,2,45,0,2,144,162,98.76543209876543,Slovenian (http://www.transifex.com/xfce/xfce-panel-plugins/language/sl/)
xfce4-power-manager,736,0,310,191,0,19,768,1046,70.36328871892925,Slovenian (http://www.transifex.com/xfce/xfce4-power-manager/language/sl/)
xfce4-pulseaudio-plugin,109,0,39,24,0,11,108,148,73.64864864864865,Slovenian (http://www.transifex.com/xfce/xfce-panel-plugins/language/sl/)
xfce4-screensaver,697,0,0,152,0,0,661,697,100.0,Slovenian (https://www.transifex.com/xfce/teams/16840/sl/)
xfce4-screenshooter,258,0,198,51,0,25,221,456,56.57894736842105,Slovenian (http://www.transifex.com/xfce/xfce-apps/language/sl/)
xfce4-session,798,0,0,163,0,0,755,798,100.0,Slovenian (https://www.transifex.com/xfce/teams/16840/sl/)
xfce4-settings,1940,0,0,453,0,0,1791,1940,100.0,Slovenian (https://www.transifex.com/xfce/teams/16840/sl/)
xfce4-statusnotifier-plugin,116,0,13,24,0,1,103,129,89.92248062015504,Slovenian (https://www.transifex.com/xfce/teams/16840/sl/)
xfce4-systemload-plugin,63,0,24,19,0,4,88,87,72.41379310344827,Slovenian (http://www.transifex.com/xfce/xfce-panel-plugins/language/sl/)
xfce4-taskmanager,223,0,0,75,0,0,214,223,100.0,Slovenian (http://www.transifex.com/projects/p/xfce-apps/language/sl/)
xfce4-terminal,1116,0,606,316,0,86,1057,1722,64.80836236933798,Slovenian (http://www.transifex.com/xfce/xfce-apps/language/sl/)
xfce4-weather-plugin,3676,0,0,337,0,0,2981,3676,100.0,Slovenian (http://www.transifex.com/xfce/xfce-panel-plugins/language/sl/)
xfce4-whiskermenu-plugin,373,9,4,119,3,1,381,386,96.6321243523316,Slovenian (http://www.transifex.com/gottcode/xfce4-whiskermenu-plugin/language/sl/)
xfce4-xkb-plugin,48,0,0,21,0,0,50,48,100.0,Slovenian (http://www.transifex.com/xfce/xfce-panel-plugins/language/sl/)
xfdesktop,1037,0,0,246,0,0,984,1037,100.0,Slovenian (https://www.transifex.com/xfce/teams/16840/sl/)
xfmpc,173,0,2,76,0,2,195,175,98.85714285714286,Slovenian (http://www.transifex.com/xfce/xfce-apps/language/sl/)
xfpanel-switch,62,0,39,24,0,2,60,101,61.386138613861384,Slovenian <sl@li.org>
xfwm4,632,0,0,169,0,0,608,632,100.0,Slovenian (https://www.transifex.com/xfce/teams/16840/sl/)
xiphos,3942,861,178,907,216,17,3820,4981,79.1407347922104,Slovenščina (Slovene) <xiphos-devel@crosswire.org>
xkeyboard-config,1416,2103,428,606,468,103,1517,3947,35.87534836584748,Slovenian <translation-team-sl@lists.sourceforge.net>
xmms,3269,44,130,1018,13,14,3233,3443,94.94626778971826,Slovenian <sl@li.org>
xpad,191,0,222,50,0,77,197,413,46.246973365617436,Slovenian <translation-team-sl@lists.sourceforge.net>
xreader,3030,0,558,543,0,51,2676,3588,84.44816053511705,Slovenian MATE Translation Team <mate-si@googlegroups.com>
xsane,2358,764,102,588,113,27,2394,3224,73.13895781637717,slovenščina <sl@li.org>
yelp,351,0,0,74,0,0,322,351,100.0,Slovenian GNOME Translation Team <gnome-si@googlegroups.com>
yelp-xsl,85,0,0,62,0,0,91,85,100.0,Slovenian <gnome-si@googlegroups.com>
zanshin,19,225,649,12,62,171,20,893,2.127659574468085,Slovenian <lugos-slo@lugos.si>
zenity,966,0,2309,234,0,224,955,3275,29.496183206106867,Slovenian GNOME Translation Team <gnome-si@googlegroups.com>
zypper,19,1492,7718,18,300,930,19,9229,0.20587279228518798,Slovenščina <sl@li.org>
